{
  "title": "ភាគ ៧០",
  "imageSrc": "photos/Book_70.jpg",
  "href": "http://ti-kh.org/books?book=70",
  "contents": [
    {
      "header": "សុត្តន្តបិដក\nខុទ្ទកនិកាយ  បដិសម្ភិទាមគ្គ\nទុតិយភាគ",
      "href": "http://ti-kh.org/books?book=70&page=1",
      "text": "មហាវគ្គ \tទិដ្ឋិកថា",
      "detail": "<div style=\"text-align: center\">សុត្តន្ត​បិដក​\n<br>ខុទ្ទកនិកាយ បដិសម្ភិទា​មគ្គ​\n<br>ទុតិយភាគ​\n<br>មហាវគ្គ ទិ​ដិ្ឋ​កថា​</div><span class=\"IncreaseIndent\">&nbsp;</span>[១] ហេតុ​នៃ​ទិដ្ឋិ​<sup>(១)</sup> ប៉ុន្មាន​យ៉ាង ការ​រួបរឹត​គឺ​ទិដ្ឋិ ប៉ុន្មាន​យ៉ាង ទិដ្ឋិ​ប៉ុន្មាន​យ៉ាង ការ​ប្រកាន់​ស្អិត​គឺ​ទិដ្ឋិ​ ប៉ុន្មាន​យ៉ាង ធម៌​ជា​គ្រឿង​ដក​ឡើង​នូវ​ហេតុ​នៃ​ទិដ្ឋិ តើ​ដូចម្ដេច ទិដ្ឋិ​គឺ​ការ​ប្រកាន់​ស្អិត​ និង​ការ​ស្ទាបអង្អែល តើ​ដូចម្ដេច។\n<br><span class=\"IncreaseIndent\">&nbsp;</span>ត្រង់​សំនួរ​ថា ហេតុ​នៃ​ទិដ្ឋិ ប៉ុន្មាន​យ៉ាង ចម្លើយ​ថា​ ហេតុ​នៃ​ទិដ្ឋិ ៨ យ៉ាង។ សំនួរ​ថា ការ​រួបរឹត​គឺ​ទិដ្ឋិ ប៉ុន្មាន​យ៉ាង ការ​រួបរឹត គឺ​ទិដ្ឋិ​ ១៨ យ៉ាង។ សំនួរ​ថា ទិដ្ឋិ ប៉ុន្មាន​យ៉ាង ទិដ្ឋិ ១៦ យ៉ាង។ សំនួរ​ថា ការ​ប្រកាន់​ស្អិត​គឺ​ទិដ្ឋិ​ ប៉ុន្មាន​យ៉ាង ការ​ប្រកាន់​ស្អិត​គឺ​ទិដ្ឋិ ១៣០ យ៉ាង។ សំនួរ​ថា ធម៌​ជា​គ្រឿង​ដក​ឡើង​នូវ​ហេតុ​នៃ​ទិដ្ឋិ​ តើ​ដូចម្ដេច សោតាបត្តិ​មគ្គ ជា​គ្រឿង​ដក​ឡើង​នូវ​ហេតុ​នៃ​ទិដ្ឋិ។<hr><div style=\"font-size: 14px\">(១) ហេតុ​នាំឲ្យកើត​ទិដ្ឋិ។</div>"
    },
    {
      "header": "សុត្តន្តបិដក\nខុទ្ទកនិកាយ  បដិសម្ភិទាមគ្គ\nទុតិយភាគ",
      "href": "http://ti-kh.org/books?book=70&page=83",
      "text": "អានាបានកថា",
      "detail": "<p class=\"BCenter\">មហាវគ្គ អានាបា​នក​ថា​</p>\n<br><span class=\"IncreaseIndent\">&nbsp;</span>[៦៩​] កាល​ភិក្ខុ​ចម្រើន​អា​នា​បាន​ស្ស​តិ​សមាធិ​ មាន​វត្ថុ ១៦ ញាណ​ចំនួន ២២០ ក៏​កើតឡើង គឺ​បរិ​បន្ថ​ញ្ញាណ ៨ ឧបការ​ញ្ញាណ ៨ ឧបក្កិលេស​ញ្ញាណ ១៨ វោទាន​ញ្ញាណ ១៣ សតោ​កា​រិញ្ញាណ ៣២ សមាធិ​ញ្ញាណ ២៤ វិបស្សនាញាណ ៧២​ និ​ព្វិ​ទា​ញាណ ៨ និ​ព្វិ​ទានុ​លោម​ញាណ ៨ និ​ព្វិ​ទាប​ដិ​ប្ប​ស្ស​ទ្ធិ​ញ្ញាណ ៨ វិមុត្តិសុខ​ញ្ញាណ​ ២១។\n<br><span class=\"IncreaseIndent\">&nbsp;</span>[៧០​] បរិ​បន្ថ​ញ្ញាណ ៨  ​;និង​ឧបការ​ញ្ញាណ ៨ តើ​ដូចម្ដេច។ កាម​ឆន្ទៈ ជាស​ត្រូវ​ដល់​សមាធិ​ នេក្ខម្មៈ ជា​ឧបការៈ​ដល់​សមាធិ ព្យាបាទ ជាស​ត្រូវ​ដល់​សមាធិ អព្យាបាទ ជា​ឧបការៈ​ដល់​សមាធិ​ ថីនមិទ្ធៈ ជាស​ត្រូវ​ដល់​សមាធិ អាលោក​សញ្ញា ជា​ឧបការៈ​ដល់​សមាធិ ឧទ្ធច្ចៈ ជាស​ត្រូវ​ដល់​សមាធិ​ អវិ​ក្ខេ​បៈ ជា​ឧបការៈ​ដល់​សមាធិ វិចិកិច្ឆា​"
    },
    {
      "header": "សុត្តន្តបិដក\nខុទ្ទកនិកាយ  បដិសម្ភិទាមគ្គ\nទុតិយភាគ",
      "href": "http://ti-kh.org/books?book=70&page=190",
      "text": "ឥន្រ្ទិយកថា",
      "detail": "<p class=\"BCenter\">មហាវគ្គ ឥន្ទ្រិយ​កថា​</p>\n<br><span class=\"IncreaseIndent\">&nbsp;</span>[១៣១​] ខ្ញុំ​បាន​ស្ដាប់​មក យ៉ាងនេះ។ សម័យមួយ ព្រះមានព្រះភាគ ទ្រង់​គង់នៅ​ក្នុង​វត្ត​ជេតពន របស់​អនាថបិណ្ឌិក​សេដ្ឋី​ ជិត​ក្រុង​សាវត្ថី។ ក្នុង​ទីនោះ ព្រះមានព្រះភាគ ទ្រង់​ត្រាស់​ហៅ​ភិក្ខុ​ទាំងឡាយ​ថា​ ម្នាល​ភិក្ខុ​ទាំងឡាយ។ ភិក្ខុ​ទាំងនោះ ទទួល​ព្រះបន្ទូល​ព្រះមានព្រះភាគ​ថា​ ព្រះករុណា​ព្រះអង្គ។ ព្រះមានព្រះភាគ ទ្រង់​ត្រាស់​ដូច្នេះ​ថា ម្នាល​ភិក្ខុ​ទាំងឡាយ​ ឥន្ទ្រិយ​នេះ មាន ៥។ ឥន្ទ្រិយ​ទាំង ៥ តើ​អ្វីខ្លះ។ សទ្ធិន្ទ្រិយ ១ វីរិយិ​ន្ទ្រិយ ១ សតិ​ន្ទ្រិយ ១ សមា​ធិន្ទ្រិយ ១ បញ្ញិ​ន្ទ្រិយ ១។ ម្នាល​ភិក្ខុ​ទាំងឡាយ នេះ ឥន្ទ្រិយ ៥ យ៉ាង។\n<br><span class=\"IncreaseIndent\">&nbsp;</span>[១៣២​] ឥន្ទ្រិយ​ទាំង ៥ នេះ បរិសុទ្ធ​ ដោយ​អាការ​ប៉ុន្មាន។ ឥន្ទ្រិយ​ទាំង ៥ នេះ បរិសុទ្ធ ដោយ​អាការ ១៥ ដូច្នេះ​ សទ្ធិន្ទ្រិយ​បរិសុទ្ធ ដោយ​អាការ ៣ នេះ គឺ​បុគ្គល​វៀរ​បុគ្គល​ដែល​ឥត​សទ្ធា ១ សេពគប់​ គប់​រក ចូល​ទៅ​អង្គុយ​ជិត​បុគ្គល​ដែល​មាន​សទ្ធា ១ ពិចារណា​ព្រះ​សូត្រ​ដែល​ជាទី​ជ្រះថ្លា ១"
    },
    {
      "header": "សុត្តន្តបិដក\nខុទ្ទកនិកាយ  បដិសម្ភិទាមគ្គ\nទុតិយភាគ",
      "href": "http://ti-kh.org/books?book=70&page=280",
      "text": "វិមោក្ខកថា",
      "detail": "<p class=\"BCenter\">មហាវគ្គ វិមោក្ខ​កថា​\n<br>បរិបុណ្ណ​និទាន</p>\n<br><span class=\"IncreaseIndent\">&nbsp;</span>[១៧៧​] ម្នាល​ភិក្ខុ​ទាំងឡាយ វិមោក្ខ​នេះ​ មាន ៣ យ៉ាង វិមោក្ខ ៣ យ៉ាង តើ​ដូចម្ដេច គឺ​សុញ្ញ​តវិមោក្ខ ១ អនិមិត្ត​វិមោក្ខ ១ អប្ប​ណិ​ហិត​វិមោក្ខ ១ ម្នាល​ភិក្ខុ​ទាំងឡាយ នេះ​វិមោក្ខ ៣ យ៉ាង។\n<br><span class=\"IncreaseIndent\">&nbsp;</span>ម៉្យាងទៀត វិមោក្ខ មាន​ ៦៨<sup>​(១)</sup> យ៉ាង គឺ​សុញ្ញ​តវិមោក្ខ​ ១ អនិមិត្ត​វិមោក្ខ ១ អប្ប​ណិ​ហិត​វិមោក្ខ ១ អជ្ឈ​ត្ត​វុ​ដ្ឋាន​វិមោក្ខ ១ ពហិ​ទ្ធាវុ​ដ្ឋាន​វិមោក្ខ ១ ទុ​ភតោ​វុ​ដ្ឋាន​វិមោក្ខ ១ អជ្ឈ​ត្ត​វុ​ដ្ឋាន​វិមោក្ខ ៤ ពហិ​ទ្ធាវុ​ដ្ឋាន​វិមោក្ខ ៤ ទុ​ភតោ​វុ​ដ្ឋាន​វិមោក្ខ ៤ អជ្ឈ​ត្ត​វុ​ដ្ឋានា​នុ​លោម​វិមោក្ខ ៤ ពហិ​ទ្ធាវុ​ដ្ឋានា​នុ​លោម​វិមោក្ខ ៤ ទុ​ភតោ​វុ​ដ្ឋានា​នុ​លោម​វិមោក្ខ ៤ អជ្ឈ​ត្ត​វុ​ដ្ឋាន​ប្ប​ដិ​ប្ប​ស្ស​ទ្ធិ​វិមោក្ខ ៤ ពហិ​ទ្ធាវុ​ដ្ឋាន​ប្ប​ដិ​ប្ប​ស្ស​ទ្ធិ​វិមោក្ខ ៤ ទុ​ភតោ​វុ​ដ្ឋាន​ប្ប​ដិ​ប្ប​ស្ស​ទ្ធិ​វិមោក្ខ ៤<hr><div style=\"font-size: 14px\">(១) តាម​ចំនួន​សំខ្យា​ថា ៦៨​ តែ​រាប់​ទៅ​ឃើញ​លើស​កំណត់​ចំនួន ៧ មិនដឹង​ថា​ហេតុអ្វី។</div>"
    },
    {
      "header": "សុត្តន្តបិដក\nខុទ្ទកនិកាយ  បដិសម្ភិទាមគ្គ\nទុតិយភាគ",
      "href": "http://ti-kh.org/books?book=70&page=379",
      "text": "គតិកថា",
      "detail": "<p class=\"BCenter\">មហាវគ្គ គតិ​កថា​</p>\n<br><span class=\"IncreaseIndent\">&nbsp;</span>[២២៥​] ការ​កើតឡើង​នៃ​គតិ​សម្បត្តិ​ ក្នុង​ញាណសម្បយុត្ត តើ​ព្រោះ​បច្ច័យ​នៃ​ហេតុ ប៉ុន្មាន ការ​កើតឡើង​នៃ​ពួក​ខត្តិយ​មហាសាល​ ព្រាហ្មណ​មហាសាល គហបតិ​មហាសាល កាមាវចរ​ទេវតា ក្នុង​ញាណសម្បយុត្ត តើ​ព្រោះ​បច្ច័យ​នៃ​ហេតុ​ប៉ុន្មាន​ ការ​កើតឡើង​នៃ​ពួក​រូបាវចរ​ទេវតា តើ​ព្រោះ​បច្ច័យ​នៃ​ហេតុ​ប៉ុន្មាន​ ការ​កើតឡើង​នៃ​ពួក​អរូបាវចរ​ទេវតា តើ​ព្រោះ​បច្ច័យ​នៃ​ហេតុ​ប៉ុន្មាន។ ការ​កើតឡើង​នៃ​គតិ​សម្បត្តិ ក្នុង​ញាណសម្បយុត្ត ព្រោះ​បច្ច័យ​នៃ​ហេតុ ៨ ការ​កើតឡើង​នៃ​ពួក​ខត្តិយ​មហាសាល ព្រាហ្មណ​មហាសាល គហបតិ​មហាសាល កាមាវចរ​ទេវតា​ ក្នុង​ញាណសម្បយុត្ត ព្រោះ​បច្ច័យ​នៃ​ហេតុ ៨ ការ​កើតឡើង​នៃ​ពួក​រូបាវចរ​ទេវតា ព្រោះ​បច្ច័យ​នៃ​ហេតុ​ ៨ ការ​កើតឡើង​នៃ​ពួក​អរូបាវចរ​ទេវតា ព្រោះ​បច្ច័យ​នៃ​ហេតុ ៨។"
    },
    {
      "header": "សុត្តន្តបិដក\nខុទ្ទកនិកាយ  បដិសម្ភិទាមគ្គ\nទុតិយភាគ",
      "href": "http://ti-kh.org/books?book=70&page=393",
      "text": "កម្មកថា",
      "detail": "<p class=\"BCenter\">មហាវគ្គ កម្មក​ថា​</p>\n<br><span class=\"IncreaseIndent\">&nbsp;</span>[២៣១​] កម្ម​មាន​រួចហើយ វិបាក (ផល​) របស់​កម្ម​មាន​រួចហើយ​ កម្ម​មាន​រួចហើយ (តែ​) វិបាក​របស់​កម្ម​មិនទាន់​មាន​ហើយ កម្ម​មាន​រួចហើយ វិបាក​របស់​កម្ម​កំពុង​មាន​ កម្ម​មាន​រួចហើយ វិបាក​របស់​កម្ម​មិន​មាន កម្ម​មាន​រួចហើយ វិបាក​របស់​កម្ម​នឹង​មាន​ កម្ម​មាន​រួចហើយ វិបាក​របស់​កម្ម​នឹង​មិន​មាន កម្ម​កំពុង​មាន វិបាក​របស់​កម្ម​ក៏​កំពុង​មាន​ កម្ម​កំពុង​មាន វិបាក​របស់​កម្ម​មិន​មាន កម្ម​កំពុង​មាន វិបាក​របស់​កម្ម​នឹង​មាន​ កម្ម​កំពុង​មាន វិបាក​របស់​កម្ម​នឹង​មិន​មាន កម្ម​នឹង​មាន វិបាក​របស់​កម្ម​នឹង​មាន កម្ម​នឹង​មាន​ វិបាក​របស់​កម្ម​នឹង​មិន​មាន កម្ម​ជាកុសល​មាន​រួចហើយ វិបាក​របស់​កម្ម​ជាកុសល​មាន​រួចហើយ​ កម្ម​ជាកុសល​មាន​រួចហើយ វិបាក​របស់​កម្ម​ជាកុសល​មិនទាន់​មាន កម្ម​ជាកុសល​មាន​រួចហើយ វិបាក​របស់​កម្ម​ជាកុសល​កំពុង​មាន​ កម្ម​ជាកុសល​មាន​រួចហើយ វិបាក​របស់​កម្ម​ជាកុសល​មិន​មាន កម្ម​ជាកុសល​មាន​រួចហើយ វិបាក​របស់​កម្ម​ជាកុសល​នឹង​មាន​ កម្ម​ជាកុសល​មាន​រួចហើយ វិបាក​របស់​កម្ម​ជាកុសល​នឹង​មិន​មាន កម្ម​ជាកុសល​កំពុង​មាន វិបាក​របស់​កម្ម​ជាកុសល​កំពុង​មាន​ កម្ម​ជាកុសល​កំពុង​មាន វិបាក​របស់​កម្ម​ជាកុសល​មិន​មាន កម្ម​ជាកុសល​កំពុង​មាន វិបាក​របស់​កម្ម​ជាកុសល​នឹង​មាន​"
    },
    {
      "header": "សុត្តន្តបិដក\nខុទ្ទកនិកាយ  បដិសម្ភិទាមគ្គ\nទុតិយភាគ",
      "href": "http://ti-kh.org/books?book=70&page=398",
      "text": "វិបល្លាសកថា",
      "detail": "<p class=\"BCenter\">មហាវគ្គ វិបល្លាស​កថា​\n<br>បរិបុណ្ណ​និទាន​</p>\n<br><span class=\"IncreaseIndent\">&nbsp;</span>[២៣៣​] ម្នាល​ភិក្ខុ​ទាំងឡាយ​ សញ្ញា​វិបល្លាស (សេចក្ដីសម្គាល់​ខុស​) ចិត្ត​វិបល្លាស (គំនិត​ខុស​) ទិដ្ឋិ​វិបល្លាស (ការយល់​ខុស​) នេះ​មាន ៤ យ៉ាង ចុះ​វិបល្លាស ៤ យ៉ាង តើ​ដូចម្ដេច​ខ្លះ ម្នាល​ភិក្ខុ​ទាំងឡាយ​ សញ្ញា​វិបល្លាស ចិត្ត​វិបល្លាស ទិដ្ឋិ​វិបល្លាស​ថា​ទៀង​ក្នុង​វត្ថុ​មិន​ទៀង ១ ម្នាល​ភិក្ខុ​ទាំងឡាយ សញ្ញា​វិបល្លាស ចិត្ត​វិបល្លាស ទិដ្ឋិ​វិបល្លាស​ ថា​ជា​សុខ​ក្នុង​វត្ថុជា​ទុក្ខ ១ ម្នាល​ភិក្ខុ​ទាំងឡាយ សញ្ញា​វិបល្លាស ចិត្ត​វិបល្លាស​ ទិដ្ឋិ​វិបល្លាស ថា​ខ្លួន​ក្នុង​វត្ថុ​មិនមែន​ខ្លួន ១ ម្នាល​ភិក្ខុ​ទាំងឡាយ​ សញ្ញា​វិបល្លាស ចិត្ត​វិបល្លាស ទិដ្ឋិ​វិបល្លាស ថា​ល្អ​ក្នុង​វត្ថុ​មិនល្អ ១ ម្នាល​ភិក្ខុ​ទាំងឡាយ នេះឯង សញ្ញា​វិបល្លាស ចិត្ត​វិបល្លាស ទិដ្ឋិ​វិបល្លាស ៤ យ៉ាង។"
    },
    {
      "header": "សុត្តន្តបិដក\nខុទ្ទកនិកាយ  បដិសម្ភិទាមគ្គ\nទុតិយភាគ",
      "href": "http://ti-kh.org/books?book=70&page=402",
      "text": "មគ្គកថា",
      "detail": "<p class=\"BCenter\">មហាវគ្គ មគ្គ​កថា​</p>\n<br><span class=\"IncreaseIndent\">&nbsp;</span>[២៣៥​] ពាក្យ​ថា មគ្គ តើ​មគ្គ​ ដោយ​អត្ថ​ដូចម្ដេច។ ក្នុង​ខណៈ​នៃ​សោតាបត្តិ​មគ្គ សម្មាទិដ្ឋិ ដោយ​អត្ថ​ថា​យល់ឃើញ ជាម​គ្គ​ផង​ ជាហេតុ​ផង ដើម្បី​លះ​មិច្ឆាទិដ្ឋិ ជាម​គ្គ​ផង ជាហេតុ​ផង ដើម្បី​ឧបត្ថម្ភ​នូវ​ពួក​សហជាត​ធម៌​ ជាម​គ្គ​ផង ជាហេតុ​ផង ដើម្បី​គ្រប​សង្កត់ នូវ​ពួក​កិលេស ជាម​គ្គ​ផង ជាហេតុ​ផង ដើម្បី​ជម្រះ​នូវ​គុណវិសេស​ មាន​បដិវេធ​ជាដើម ជាម​គ្គ​ផង ជាហេតុ​ផង ដើម្បី​អធិដ្ឋាន​នៃ​ចិត្ត ជាម​គ្គ​ផង ជាហេតុ​ផង​ ដើម្បី​ផូរផង់​នៃ​ចិត្ត ជាម​គ្គ​ផង ជាហេតុ​ផង ដើម្បី​បាន​នូវ​គុណវិសេស ជាម​គ្គ​ផង ជាហេតុ​ផង​ ដើម្បី​ចាក់ធ្លុះ​តទៅទៀត ជាម​គ្គ​ផង ជាហេតុ​ផង ដើម្បី​ត្រាស់​ដឹង​នូវ​សច្ចៈ ជាម​គ្គ​ផង​ ជាហេតុ​ផង ដើម្បី​ញ៉ាំង​សត្វ​ឲ្យ​ឋិតនៅ​ស៊ប់​ក្នុង​និរោធ។ សម្មាសង្កប្បៈ ដោយ​អត្ថ​ថា លើក​ចិត្ត​ឡើង​កាន់​អារម្មណ៍​ ជាម​គ្គ​ផង ជាហេតុ​ផង ដើម្បី​លះ​មិច្ឆាសង្កប្បៈ ជាម​គ្គ​ផង ជាហេតុ​ផង ដើម្បី​ឧបត្ថម្ភ​នូវ​ពួក​សហជាត​ធម៌​ ជាម​គ្គ​ផង ជាហេតុ​ផង ដើម្បី​គ្រប​សង្កត់​នូវ​ពួក​កិលេស ជាម​គ្គ​ផង ជាហេតុ​ផង ដើម្បី​ជម្រះ​នូវ​គុណវិសេស​ មាន​បដិវេធ​ជាដើម"
    }
  ]
}