{
  "title": "ភាគ ៦៣",
  "imageSrc": "photos/Book_63.jpg",
  "href": "http://ti-kh.org/books?book=63",
  "contents": [
    {
      "header": "សុត្តន្តបិដក\nខុទ្ទកនិកាយ  ជាតក\nទ្វាទសមភាគ\n\nមហានិបាតជាតក",
      "href": "http://ti-kh.org/books?book=63&page=1",
      "text": "មហានិបាត \t\tមហានារទកស្សបជាតក\tទី ៨",
      "detail": "<div style=\"text-align: center\">សុត្តន្ត​បិដក​\n<br>ខុទ្ទកនិកាយ​ ជាតក​\n<br>ទ្វា​ទសម​ភាគ​\n<br>មហា​និបាតជាតក​\n<br>មហា​នារទ​កស្សប​ជាតក ទី៨​</div><span class=\"IncreaseIndent\">&nbsp;</span>[១] (អភិ​សម្ពុទ្ធ​គាថា​) ព្រះរាជា​របស់​ពួក​ជន​អ្នក​នៅក្នុង​ដែន​វិទេហៈ​ជា​ក្សត្រ​ ទ្រង់ព្រះ​នាម​អង្គ​តិ មាន​យាន​ច្រើន មានទ្រព្យ​ច្រើន មាន​ពួក​ពល​មិន​មាន​ទីបំផុត។ នៅពេល​បឋមយាម​ដែល​មិនទាន់​កន្លង​នៃ​រាត្រី​ជា​គំរប់ ១៥ ជាទីបំផុត​នៃ​ខែភ្លៀង ៤ ខែ ជាទី​រីក​នៃ​ផ្កា​កុមុទ​ ព្រះអង្គ​ទ្រង់​ប្រជុំ​អាមាត្យ​ទាំងឡាយ​ជា​បណ្ឌិត បរិបូណ៌​ដោយ​ការ​ស្តាប់ ជា​អ្នក​ញញឹម​មុន​និយាយ​ ជា​អ្នកមាន​ប្រាជ្ញា ឈ្មោះ​វិ​ជយៈ ១ ឈ្មោះ​សុ​នា​មៈ ១ និង​សេនាបតី​ឈ្មោះ​អលា​តៈ ១។ ព្រះបាទ​វិទេហៈ ទ្រង់​សួរ​អាមាត្យ​នោះ​ជាលំដាប់​ថា អ្នក​ទាំងឡាយ​ចូរ​ពោល​តាម​សេចក្តី​ពេញ​ចិ​ត្ត​ផេ្សង​ៗគ្នា​ ថៃ្ង​នេះ​ជា​រាត្រី​ជាទីបំផុត​នៃ​ខែភ្លៀង ៤ ខែ ជា​ទី​រីក​នៃ​ផ្កា​កុមុទ​ មណ្ឌល​ព្រះ​ចន្ទ​ដ៏ស កំចាត់​បង់​ងងឹត ថ្ងៃនេះ​យើង​ទាំងឡាយ នឹង​នៅ​ដោយ​សេចក្តី​ត្រេកអរ​ដូ​ចមេ្តច​ ក្នុង​រាត្រី​រដូវ​នេះ។"
    },
    {
      "header": "សុត្តន្តបិដក\nខុទ្ទកនិកាយ  ជាតក\nទ្វាទសមភាគ\n\nមហានិបាតជាតក",
      "href": "http://ti-kh.org/books?book=63&page=33",
      "text": "វិធុរជាតក ទី៩       ទោហឡកណ្ឌ",
      "detail": "<span class=\"IncreaseIndent\">&nbsp;</span>[៥៩​] អលាត​សេនាបតី​ គឺ​ទេវទត្ត សុ​នាម​អា​មា​ត្យ​ គឺ​ភទ្ទ​ជិ វិជយ​អា​មា​ត្យ​ គឺ​សារីបុត្ត វីជ​កទាសៈ គឺ​មោគ្គល្លាន។ អចេលកៈ​ឈ្មោះ​គុណៈ​ គឺ​សុ​នក្ខត្ត​លិ​ច្ឆ​វី​បុត្ត នាង​រុ​ចា​ណា បាន​ញ៉ាំង​ព្រះរាជា​ឲ្យ​ជ្រះថ្លា​ នាង​រុ​ចា​នោះ គឺ​អានន្ទ។ ព្រះរាជា​ (អង្គ​តិ​) ដែល​មាន​ទិដ្ឋិ​អាក្រក់​ក្នុង​កាលនោះ​ គឺ​ឧរុ​វេល​កស្សប មហាព្រហ្ម គឺ​ពោធិសត្វ អ្នក​ទាំង​ឡាយ​ ចូរ​ចាំទុក​នូវ​ជាតក ដូច​សំដែង​មកនេះ។\n<br><p class=\"PCenter\">ចប់ មហា​នារទ​កស្សប​ជាត​ក ទី​៨។</p>\n<br><p class=\"BCenter\">វិធុរ​ជាតក ទី៩​</p>\n<br><span class=\"IncreaseIndent\">&nbsp;</span>[៦០​] (វរុណ​នាគរាជ​សួរ​ថា​) នាង​មាន​សម្បុរ​លឿង​ ស្គាំងស្គម មាន​កំឡាំង​តិច ពីដើម​រូប​សម្បុរ​របស់​នាង មិន​មែ​នបែ​បនេះ​ទេ​ ម្នាលនាង​វិមលា ខ្ញុំ​សួរ​ហើយ នាង​ចូរ​ប្រាប់ តើ​វេទនា​ក្នុង​សរីរៈ​របស់​នាង​ដូចម្តេច។\n<br><span class=\"IncreaseIndent\">&nbsp;</span>[៦១​] (នាង​វិមលា​ទូល​ថា​) បពិត្រ​ព្រះអង្គ​ជាធំ​ជាង​នាគ​ជន​ ទំនៀម​របស់​ស្រ្តី​ទាំង​ឡាយ​ក្នុង​ពួក​មនុស្ស (ដែល​មានគភ៌​) គេ​ហៅថា​ ចំណង់​ប្លែក បពិត្រ​ព្រះអង្គ​ជា​កុញ្ជរ​របស់​នាគ ខ្ញុំម្ចាស់​ចង់​បាន​ដួង​ហ្ឫទ័យ​របស់​វិធុរបណ្ឌិត​ ដែល​ត្រូវ​នាំ​យក​មក​ដោយ​ធម៌។"
    },
    {
      "header": "សុត្តន្តបិដក\nខុទ្ទកនិកាយ  ជាតក\nទ្វាទសមភាគ\n\nមហានិបាតជាតក",
      "href": "http://ti-kh.org/books?book=63&page=35",
      "text": "មណិកណ្ឌ",
      "detail": "<span class=\"IncreaseIndent\">&nbsp;</span>[៦៦​] (នាង​ឥរន្ទ​តី​…) នរណា​ទោះជា​គន្ធព្វ​ក្តី​ នរណា​ទោះជា​អារក្សទឹក ឬជានា​គក្តី នរណា​ទោះជា​កិន្នរ ឬជា​មនុស្ស​ក្តី នរណា​ទោះជា​បណ្ឌិត​ ដែល​ឲ្យ​សេចក្តី​ប្រាថ្នា​ទាំង​ពួង​ក្តី អ្នកនោះ​នឹងជា​ភស្តា​របស់ខ្ញុំ អស់​កាល​មាន​រាត្រី​ដ៏​វែង។\n<br><span class=\"IncreaseIndent\">&nbsp;</span>[៦៧​] (បុណ្ណ​កយក្ស​…) ម្នាលនាង​ មាន​ភ្នែក​គេ​តិះដៀល​មិនបាន នាង​ចូរ​ដកដង្ហើម​ស្រួល (ត្រេកអរ​) ចុះ​ ខ្ញុំ​នឹងជា​ប្តី​របស់​នាង នឹងជា​ភស្តា​របស់​នាង ដោយសារ​បញ្ញា​របស់ខ្ញុំ​មាន​សភាព​ដូច្នោះ​ នាង​ចូរ​ដកដង្ហើម​ស្រួល​ចុះ នាង​នឹងជា​ភរិយា​របស់ខ្ញុំ។\n<br><span class=\"IncreaseIndent\">&nbsp;</span>[៦៨​] នាង​ឥរន្ទ​តី​ ក៏​មានចិត្ត​កួច​កាន់​តាម​គន្លង​ដែល​ធ្លាប់​ជា​ប្តី​ក្នុង​ជាតិមុន បាន​និយាយ​នឹង​បុណ្ណ​កយក្ស​ថា​ អ្នក​ចូរ​មក យើង​នឹង​នាំគ្នា​ទៅ​ឯសំណាក់​បិតា​ខ្ញុំ បិតា​នោះ​នឹង​ប្រាប់​សេចក្តី​នុ៎ះ​ដល់​អ្នក។\n<br><span class=\"IncreaseIndent\">&nbsp;</span>[៦៩​] (អភិ​សម្ពុទ្ធ​គាថា​) នាង​ឥរន្ទ​តី​ តាក់តែងខ្លួន ស្លៀកដណ្តប់​ល្អ ទ្រង់​កម្រងផ្កា ប្រោះ​ព្រំ​ដោយ​ខ្លឹមចន្ទន៍​ ចាប់ដៃ​បុណ្ណ​កយក្ស នាំចូល​ទៅកាន់​សំណាក់​បិតា។\n<br><span class=\"IncreaseIndent\">&nbsp;</span>[៧០​] (បុណ្ណ​កយក្ស​…) បពិត្រ​ព្រះអង្គ​ប្រសើរ​ជាង​ពួក​នាគ​ សូម​ព្រះអង្គ​ទ្រង់​ព្រះ​សណ្តាប់​ពាក្យ​របស់ខ្ញុំ​ព្រះអង្គ​ សូម​ព្រះអង្គ​ទ្រង់​ទទួល​សួយ​ដ៏​សមគួរ​ (ដល់​ត្រកូល និង​ប្រទេស​របស់​ព្រះអង្គ​)"
    },
    {
      "header": "សុត្តន្តបិដក\nខុទ្ទកនិកាយ  ជាតក\nទ្វាទសមភាគ\n\nមហានិបាតជាតក",
      "href": "http://ti-kh.org/books?book=63&page=49",
      "text": "អក្ខកណ្ឌ",
      "detail": "ឆ្នូតខ្មៅ ១៦​ ឆ្នូត​ហង្សបាទ ២៥ ឆ្នូត​លាយ​ដោយ​ផ្កា​ច្បា វិចិត្រ​ដោយ​ផ្កា​ឧប្បល​ខៀវ មាន​ក្នុង​កែវមណី​នេះ។ បពិត្រមហារាជ​ប្រសើរ​ជាង​សត្វ​ជើង​ពីរ សូម​ព្រះអង្គ​ទ្រង់ទត (កែវមណី​) មាន​រស្មី​ជាទី​ផ្សាយ​ចេញ​នៃ​ពន្លឺ​ ដ៏​ប្រកបដោយ​អង្គ​ទាំងពួង​យ៉ាង​នេះ (អ្នកណា​លេង​ឈ្នះ​ខ្ញុំ​) ចំណែក​នៃ​សួយ​ (ចូរ​បាន​ទៅ​អ្នកនោះ​ចុះ​)។\n<br><p class=\"PCenter\">ចប់ មណិ​កណ្ឌ។</p>\n<br><span class=\"IncreaseIndent\">&nbsp;</span>[១០២​] (បុណ្ណ​កយក្ស​…) បពិត្រ​ព្រះរាជា​ (ការរៀបចំ​រោង​ល្បែង​) សម្រេច​ហើយ​ សូម​ព្រះអង្គ ស្តេច​ចូល​មកកាន់​ទី​ជាទី​ក្រសាល​ល្បែង កែវមណី​ប្រាកដ​ដូច្នេះ របស់​ព្រះអង្គ​ មិន​មាន​ទេ យើង​គប្បី​ឈ្នះ​គ្នា​ដោយ​ធម៌ មិនបាច់​កំ​ហែង​ទេ​ មួយទៀត ព្រះអង្គ​បើ​ខ្ញុំ​ឈ្នះហើយ សូម​សង​ឲ្យឆាប់។\n<br><span class=\"IncreaseIndent\">&nbsp;</span>[១០៣​] បពិត្រ​ព្រះបាទ​បញ្ចាល​ដ៏​ល្បីល្បាញ សូម​ព្រះបាទ​សុរសេន ព្រះបាទ​មច្ឆៈ ព្រះបាទ​មទ្ទៈ​ ព្រមទាំង​ព្រះបាទ​កេក​កៈ​ទាំងនោះ ទ្រង់ទត​ចម្បាំង​ល្បែង ដោយ​ការ​មិន​អួតអាង​របស់​យើង​ចុះ​ ក្សត្រ​ទាំងឡាយ​សុទ្ធតែ​ធ្វើ (ជា​សាក្សី​) របស់​យើង​ក្នុង​រោង។\n<br><span class=\"IncreaseIndent\">&nbsp;</span>[១០៤​] (អភិ​សម្ពុទ្ធ​គាថា​) ព្រះរាជា​របស់​អ្នក​ដែន​កុរុ​ និង​បុណ្ណ​កយក្ស​នោះ ជា​អ្នក​ស្រវឹង​ជ្រុលជ្រប់​ក្នុង​ល្បែងភ្នាល់ ចូល​មក​ (កាន់​រោង​ល្បែង​)"
    },
    {
      "header": "សុត្តន្តបិដក\nខុទ្ទកនិកាយ  ជាតក\nទ្វាទសមភាគ\n\nមហានិបាតជាតក",
      "href": "http://ti-kh.org/books?book=63&page=53",
      "text": "ឃរាវាសប្បញ្ហា",
      "detail": "គួរ​មានការ​មិន​មានទុក្ខ ដោយ​ប្រការ​ដូចម្តេច មាណព​ឈ្មោះថា​ ពោល​ពាក្យពិត តើ​ដោយ​ប្រការ​ដូចម្តេច បុគ្គល​ជា​គ្រហស្ថ ចេញ​ចាកលោក​នេះ​ ទៅកាន់​លោកខាងមុខ លុះ​ទៅកាន់​លោកខាងមុខ​ហើយ រមែង​មិន​សោក​ស្តាយ​ តើ​ដោយ​ប្រការ​ដូចម្តេច។\n<br><span class=\"IncreaseIndent\">&nbsp;</span>[១១៦​] (អភិ​សម្ពុទ្ធ​គាថា​) វិធុរបណ្ឌិត​អ្នកមាន​ញាណ​គតិ​ មាន​ព្យាយាម មាន​ប្រាជ្ញា​យល់​អត្ថ យល់​ធម៌​ទាំងពួង​ បាន​ឆ្លើយ​ប្រស្នា​នុ៎ះ នឹង​ព្រះរាជា​នោះ ក្នុង​រោង​ធម្មសភា​នោះ​ថា គ្រហស្ថ​មិន​គប្បី​ជា​អ្នកមាន​ប្រពន្ធ​សាធារណៈ​ មិន​គួរ​បរិភោគ​អាហារ​មាន​រស​ឆ្ងាញ់​តែម្នាក់ឯង មិន​គួរ​គប់​រករឿង​ផ្តេសផ្តាស ដែល​ទាក់ទង​នឹង​លោក​ (ព្រោះ​) រឿង​បែប​នុ៎ះ មិនមែន​ជា​គ្រឿង​ចំរើន​ប្រាជ្ញា​ទេ។ គ្រហស្ថ​ គួរ​ជា​អ្នកមានសីល បរិបូណ៌​ដោយ​វត្ត មិន​ប្រហែស មាន​ប្រាជ្ញាវាងវៃ ជា​អ្នក​ប្រព្រឹត្ត​ឱនលំទោន​ មិន​រឹងត្អឹង ជា​អ្នក​ស្លូតបូត មាន​ពាក្យទន់​ពីរោះ មាន​អាការ​ដ៏​ទន់ភ្លន់។ ជា​អ្នក​សង្រ្គោះ​មិត្រ​ទាំងឡាយ​ ជា​អ្នក​ចែក​រលែក​ទាន មានការ​ចាត់ចែង​ដ៏​ល្អ ញ៉ាំង​សមណព្រាហ្មណ៍​ឲ្យ​ឆ្អែត​ស្កប់ស្កល់​ដោយ​បាយ​ និង​ទឹក ក្នុង​កាល​ទាំងពួង។ ជា​អ្នក​ប្រាថ្នា​សុចរិតធម៌ ទ្រទ្រង់​ការចេះដឹង ជា​អ្នក​សាកសួរ​ ឧស្សាហ៍​ចូល​ទៅ​រក​អ្នកមានសីល ជា​ពហុស្សូត ដោយ​គោរព។"
    },
    {
      "header": "សុត្តន្តបិដក\nខុទ្ទកនិកាយ  ជាតក\nទ្វាទសមភាគ\n\nមហានិបាតជាតក",
      "href": "http://ti-kh.org/books?book=63&page=54",
      "text": "លក្ខកណ្ឌ",
      "detail": "កាល​បុគ្គល​ជា​គ្រហស្ថ​នៅ​គ្រប់គ្រង​ផ្ទះ​របស់​ខ្លួន គួរ​មាន​កា​រប្រ​ព្រឹ​ត្តិ​ដ៏​ក្សេមក្សាន្ត​យ៉ាងនេះ គួរ​មានការ​សង្រ្គោះ​យ៉ាងនេះ។ គ្រហស្ថ​គួរ​ជា​អ្នក​មិន​មានទុក្ខ​យ៉ាងនេះ មាណព​ឈ្មោះថា ពោល​ពាក្យពិត​យ៉ាងនេះ គ្រហស្ថ​ចេញ​ចា​កលោក​នេះ ទៅកាន់​លោកខាងមុខ លុះ​ទៅកាន់​លោកខាងមុខ​ហើយ​ រមែង​មិន​សោក​ស្តាយ​យ៉ាងនេះ។\n<br><p class=\"PCenter\">ចប់ ឃរា​វា​សប្ប​ញ្ហា​។</p>\n<br><span class=\"IncreaseIndent\">&nbsp;</span>[១១៧​] (បុណ្ណ​កយក្ស​…) លោក​ចូរ​មក​ យើង​នឹង​ទៅ​ឥឡូវនេះ លោក​ (ដែល​ព្រះបាទ​ធនញ្ជ័យ​) ជា​ឥស្សរៈ បាន​ព្រះរាជទាន​ដល់​ខ្ញុំ​ហើយ​ ចូរ​ប្រតិបត្តិ​ឲ្យ​ជា​ប្រយោជន៍​ដល់​ខ្ញុំ នេះ​ជា​ទំនៀម​របស់​អ្នកប្រាជ្ញ​ក្នុង​កាលមុន។\n<br><span class=\"IncreaseIndent\">&nbsp;</span>[១១៨​] (វិធុរបណ្ឌិត​…) ម្នាល​មាណព​ ខ្ញុំ​ដឹង​ថា ខ្លួនខ្ញុំ​នៅក្នុង​កណ្តាប់​ដៃ​អ្នក​ហើយ​ (ព្រោះ​) ខ្ញុំ​ត្រូវ​ព្រះបាទ​ធនញ្ជ័យ​ជា​ឥស្សរៈ​ ព្រះរាជទាន​ដល់​អ្នក​ហើយ តែ​យើង​សូមឲ្យ​អ្នក​នៅក្នុង​ផ្ទះ​យើង​អស់ ៣ ថ្ងៃ ទំ​រាំ​យើង​ប្រៀនប្រដៅ​កូន និង​ប្រពន្ធ​សិន។\n<br><span class=\"IncreaseIndent\">&nbsp;</span>[១១៩​] (បុណ្ណ​កយក្ស​…) លោក​ពោល​ពាក្យ​ណា​ ពាក្យ​នោះ​ចូរ​មានដល់​ខ្ញុំ ដោយ​ប្រការ​ដូច្នោះ យើង​គប្បី​នៅ​អស់​ ៣ ថ្ងៃ លោក​ដ៏​ចំរើន ចូរ​ធ្វើ​កិច្ច​ក្នុង​ផ្ទះ (របស់​លោក​) ក្នុងថ្ងៃនេះ​ចុះ"
    },
    {
      "header": "សុត្តន្តបិដក\nខុទ្ទកនិកាយ  ជាតក\nទ្វាទសមភាគ\n\nមហានិបាតជាតក",
      "href": "http://ti-kh.org/books?book=63&page=57",
      "text": "រាជវសតីកណ្ឌ",
      "detail": "បើ​ព្រះរាជា​នៅក្នុង​ដែន​កុរុ ជា​អ្នក​ភ្ជាប់​មិត្ត​ជន មាន​ភោគៈ​ជាទី​ប្រាថ្នា​ច្រើន​ សួរ​កូន​ឯង​ទាំងឡាយ​ថា អ្នក​ទាំងឡាយ ដឹង​ច្បាស់​នូវ​ដំណើរ​បូរាណ​ក្នុង​កាលមុន​ដែរ​ឬ បិតា​របស់​អ្នក​ទាំងឡាយ​បាន​ប្រៀនប្រដៅ​ក្នុង​កាលមុន​ដូចម្តេច​ខ្លះ មួយទៀត ពួក​អ្នក​ទាំងអស់គ្នា​ ចូរ​មាន​អាសនៈ​ស្មើនឹង​យើង​ចុះ (ព្រោះ​) ក្នុង​រាជត្រកូល​នេះ​ រក​មនុស្ស​ណា​របស់​ព្រះរាជា ជា​អ្នក​ខ្ពង់ខ្ពស់​ (ឲ្យ​ស្មើនឹង​ពួក​អ្នក​) មិន​មាន​ទេ​ ​ពួក​កូន​ឯង​គប្បី​ធ្វើ​អញ្ជលី ទូល​ព្រះរាជា​យ៉ាងនេះ​ថា បពិត្រ​ព្រះ​សម្មតិទេព សូម​ព្រះអង្គ​កុំ​ត្រាស់​យ៉ាងនេះ​ ព្រោះថា នេះ​មិនមែន​ជា​បវេណី​ធម៌​ទេ បពិត្រ​ព្រះ​សម្មតិទេព សត្វ​ចចក​មាន​ជាតិ​ថោកទាប​ គប្បី​មាន​អាសនៈ​ស្មើនឹង​កេសរសីហៈ ដូចម្តេច​បាន។\n<br><p class=\"PCenter\">ចប់ លក្ខ​កណ្ឌ។</p>\n<br><span class=\"IncreaseIndent\">&nbsp;</span>[១២៤​] (អភិ​សម្ពុទ្ធ​គាថា​) វិធុរបណ្ឌិត​នោះ​ មាន​សេចក្តី​ត្រិះរិះ​ដោយចិត្ត​មិន​រួញរា បាន​ពោល​ពាក្យ​នេះ​នឹង​បុត្រ អាមាត្យ ញាតិ សំឡាញ់​ថា​ ម្នាលកូន​សំឡាញ់​ទាំងឡាយ ចូរ​អ្នក​ទាំងឡាយ​មក​អង្គុយ​ស្តាប់​រា​ជវ​សតិ​ធម៌​ (ច្បាប់​សម្រាប់​នៅ​ក្នុង​រាជត្រកូល​) របស់​អញ​ ដែល​ជា​ច្បាប់​សម្រាប់​បុរស​ចូល​ទៅកាន់​រាជត្រកូល រមែង​បាន​នូវ​យស។"
    },
    {
      "header": "សុត្តន្តបិដក\nខុទ្ទកនិកាយ  ជាតក\nទ្វាទសមភាគ\n\nមហានិបាតជាតក",
      "href": "http://ti-kh.org/books?book=63&page=65",
      "text": "អន្តរបេយ្យាលៈ",
      "detail": "<span class=\"IncreaseIndent\">&nbsp;</span>[១៣៩​] ប៉ុនអម្បាល​បុរស​ប្រាថ្នា​សេចក្តី​ចំរើន​ គង់​ធ្វើ​អញ្ជលី​ចំពោះ​ក្អម​ទឹក ឬធ្វើ​បទ​ក្សិ​ណចំពោះ​បក្សី​ក្អែក​ បុគ្គល​មិន​នមស្ការ​ចំពោះ​ព្រះរាជា​ជា​បណ្ឌិត​ខ្ពង់ខ្ពស់ ព្រះអង្គ​ប្រទាន​សេចក្តី​ប្រាថ្នា​គ្រប់យ៉ាង​ ដូចម្តេច​បាន ព្រោះ​ព្រះអង្គ​ប្រទាន​ទីដេក សំពត់ យាន និង​ផ្ទះ​សំរាប់​សំណាក់​អាស្រ័យ​ ទ្រង់​បង្អុរ​ភោគសម្ប័ទ ដូច​មេឃ​បង្អុរ​ភ្លៀង​ដល់​ពួក​សត្ត។ ម្នាលកូន​សំឡាញ់​ទាំងឡាយ​ នេះ​ជា​រា​ជវ​សតិ​ធម៌​ ដែល​នរជន​ប្រព្រឹត្ត​តាម រមែង​ញ៉ាំង​ព្រះរាជា​ឲ្យ​ប្រោសប្រាណ រមែង​បានការ​បូជា​អំពី​ចៅហ្វាយនាយ​ទាំងឡាយ។\n<br><p class=\"PCenter\">ចប់ រា​ជវ​សតី​កណ្ឌ។</p>\n<br><span class=\"IncreaseIndent\">&nbsp;</span>[១៤០​] (អភិ​សម្ពុទ្ធ​គាថា​) វិធុរបណ្ឌិត​មាន​ប្រាជ្ញាវាងវៃ​ ប្រៀនប្រដៅ​ពួក​ញាតិ​យ៉ាងនេះ​ហើយ ក៏​ចូល​ទៅ​គាល់​ព្រះរាជា ដោយមាន​ពួក​ញាតិ​ចោមរោម​ វិធុរបណ្ឌិត​ថ្វាយបង្គំ​ព្រះ​បាទា​ដោយ​ត្បូង ធ្វើ​ប្រទក្សិណ​ព្រះអង្គ​ ផ្គង​អញ្ជលី ក្រាបបង្គំទូល​ព្រះរាជា​ថា បពិត្រ​ព្រះអង្គ​ជា​អ្នក​បង្រ្កាប​សត្រូវ មាណព​នេះ​ មានប្រាថ្នា​នឹង​ធ្វើតាម​អធ្យាស្រ័យ នឹង​នាំ​ខ្ញុំ​ព្រះអង្គ​ទៅ ខ្ញុំ​ព្រះអង្គ​នឹង​និយាយ​ពាក្យ​ជា​ប្រយោជន៍​ដល់​​ពួក​ញាតិ​ សូម​ព្រះអង្គ​ទ្រង់ព្រះ​សណ្តាប់​នូវ​ពាក្យ​នោះ។"
    },
    {
      "header": "សុត្តន្តបិដក\nខុទ្ទកនិកាយ  ជាតក\nទ្វាទសមភាគ\n\nមហានិបាតជាតក",
      "href": "http://ti-kh.org/books?book=63&page=71",
      "text": "សាធុនរធម្មកណ្ឌ",
      "detail": "អញ​មិនមែន​មាន​កិច្ច​តិចតួច ដោយ​ជីវិត​របស់​វិធុរបណ្ឌិត​នេះ​ (ក្នុង​ភព​នាគ​នោះ​ទេ​) អញ​នឹង​សំឡាប់​វិធុរបណ្ឌិត​នេះ​ ហើយ​នាំ​យក​តែ​ដួង​ហ្ឫ​ទ័យ​ទៅ។\n<br><span class=\"IncreaseIndent\">&nbsp;</span>[១៥៣​] មាណព​កច្ចាយន​គោត្រ​នោះ​ មានចិត្ត​ប្រទូស្ត បាន​ទៅ​ក្នុង​ចន្លោះភ្នំ​នោះ ហើយ​ចូល​ទៅ​ខាងក្នុង​ភ្នំ​ ចាប់​ព្រះ​មហាសត្វ យក​ក្បាល​ចុះក្រោម​ (គ្រវែង​ទៅ​) ក្នុង​ប្រទេស​នៃ​ផែនដី​ដែល​មិន​មាន​អ្វី​ប៉ះពាល់​ឡើយ។\n<br><span class=\"IncreaseIndent\">&nbsp;</span>[១៥៤​] វិធុរបណ្ឌិត​នោះ ជា​អាមាត្យ​ដ៏​ប្រសើរ​របស់​អ្នក​ដែន​កុរុ កាល​សំយុង​ចុះ ទៅ​ក្នុង​រណ្តៅ​ជ្រោះ​ ជាទី​មាន​ភ័យ​ដ៏​ធំ គួរ​ព្រួច​ព្រឺរោម ដែល​លំបាក​នឹង​ទៅ​ក្រៃលែង​ តែ​មិន​តក់ស្លុត ហើយ​ពោល​នឹង​បុណ្ណ​កយក្ស​យ៉ាងនេះ​ថា អ្នកជា​មនុស្ស​មិន​ប្រសើរ​ តែ​ធ្វើដូចជា​ប្រសើរ​ ជា​អ្នក​មិន​សង្រួម តែ​មាន​អា​ការ​ហាក់ដូចជា​អ្នក​សង្រួម​ អ្នកធ្វើ​អំពើអាក្រក់​ឥតប្រយោជន៍ ចំណែក​កុសល​តិចតួច ឥតមាន​ក្នុងចិត្ត​នៃ​អ្នក​ទេ។ អ្នក​ចង់​ទំលាក់​ខ្ញុំ​ទៅ​ក្នុង​រណ្តៅ​ជ្រោះ ដោយហេតុ​ណា ប្រយោជន៍​ដូចម្តេច​ដោយ​ការ​សំឡាប់​ខ្ញុំ​នឹង​មានដល់​អ្នក​ ដោយហេតុ​នោះ ក្នុងថ្ងៃនេះ អ្នកមាន​ភេទ​ដូចជា​មិនមែន​ភេទ​នៃ​មនុស្ស​ទេ​ ចូរ​អ្នក​ប្រាប់​ខ្ញុំ អ្នកជា​ទេវតា ឬជា​អ្វី។"
    },
    {
      "header": "សុត្តន្តបិដក\nខុទ្ទកនិកាយ  ជាតក\nទ្វាទសមភាគ\n\nមហានិបាតជាតក",
      "href": "http://ti-kh.org/books?book=63&page=76",
      "text": "កាលាគិរិកណ្ឌ",
      "detail": "ស្រី​នោះ​ឈ្មោះថា​ ប្រកបដោយ​អសទ្ធម្ម បុរស​នោះ​ ឈ្មោះថា ជា​អ្នក​ប្រទូស្ត​មិត្រ អ្នក​ចូរ​ជា​អ្នក​ប្រកបដោយ​ធម៌ ចូរ​លះបង់​អំពើ​មិនមែន​ធម៌​ចេញ។\n<br><p class=\"PCenter\">ចប់ សា​ធុ​នរ​ធម្ម​កណ្ឌ។</p>\n<br><span class=\"IncreaseIndent\">&nbsp;</span>[១៦៤​] (បុណ្ណ​កយក្ស​…) ខ្ញុំ​បាន​នៅ​អាស្រ័យ​ក្នុង​ផ្ទះ​របស់​អ្នក​អស់​ ៣ ថ្ងៃ ដែល​អ្នក​បាន​ទំនុក​បំរុង​ខ្ញុំ ដោយ​បាយ និង​ទឹក អ្នក​សូម​ជា​មិត្រ​របស់ខ្ញុំ ទាំង​ខ្ញុំ​ក៏​លែង​អ្នក​ដែរ​ ម្នាល​បណ្ឌិត​មាន​ប្រាជ្ញា​ខ្ពង់ខ្ពស់ ចូរ​អ្នក​អញ្ជើញ​ទៅកាន់​ផ្ទះ​របស់​អ្នក​តាមប្រាថ្នា​ចុះ។ ទាំង​សេចក្តី​ត្រូវការ​របស់​ត្រកូល​នាគ ក៏​សាប​សូ​ន្យ​ទៅចុះ​ អំពើ​ព្រោះ​ហេតុ​នៃ​នាងនាគ​កញ្ញា​ ក៏​ល្មម​ដល់​ខ្ញុំ​ហើយ​ ម្នាល​អ្នកមាន​ប្រាជ្ញា អ្នក​បាន​រួចចាក​ការ​សំឡាប់​របស់ខ្ញុំ​ក្នុងថ្ងៃនេះ​ ព្រោះ​សុភាសិត​ជា​របស់​ខ្លួន។\n<br><span class=\"IncreaseIndent\">&nbsp;</span>[១៦៥​] (ព្រះ​មហាសត្វ​…) ម្នាល​យក្ស​ ណ្ហើយ អ្នក​ចូរ​នាំ​ខ្ញុំ​ទៅកាន់​សំណាក់​ឪពុកក្មេក​របស់​អ្នក​ចុះ អ្នក​ចូរ​ប្រព្រឹត្ត​ឲ្យ​ជា​ប្រយោជន៍​ចំពោះ​ខ្ញុំ​ ដ្បិត​ខ្ញុំ​ចង់​ឃើញ​នាគរាជ​ជា​អធិបតី និង​វិមាន​របស់​នាគរាជ​ដែល​ខ្ញុំ​មិនធ្លាប់​ឃើញ។\n<br><span class=\"IncreaseIndent\">&nbsp;</span>[១៦៦​] (បុណ្ណ​កយក្ស​…) របស់​ណា​ ដែល​ប្រព្រឹត្ត​ទៅ​មិនជា​ប្រយោជន៍​ដល់​នរជន ជន​មាន​ប្រាជ្ញា​មិន​គួរ​ឃើញ​របស់​នោះ​ទេ​"
    },
    {
      "header": "សុត្តន្តបិដក\nខុទ្ទកនិកាយ  ជាតក\nទ្វាទសមភាគ\n\nមហានិបាតជាតក",
      "href": "http://ti-kh.org/books?book=63&page=94",
      "text": "វេស្សន្តរជាតក ទី១០        ទសវរគាថា",
      "detail": "ស្រីពេស្យា​ទាំងឡាយ​ (អាស្រ័យ​) ផ្លូវ​ធំ ចូរ​ហៅរក​បុរស​អ្នក​ត្រូវការ អស់​កាល​ជានិច្ច​ចុះ មួយទៀត​ រាជបុរស​ទាំងឡាយ ចូរ​ចាត់ចែង​ការ​រក្សា​ឲ្យ​មាំមួន​ក្នុង​ដែន កុំ​ឲ្យ​ពួក​មនុស្ស​បៀតបៀន​គា្ន​នឹង​គា្ន​ អ្នក​ទាំងឡាយ​ ចូរ​ធើ្វ​សេចក្តី​កោត​ក្រែង​ចំពោះ​ដើមឈើ​នេះ។\n<br><span class=\"IncreaseIndent\">&nbsp;</span>[២១១​] ​ពួក​ស្នំ ពួក​រាជកុមារ ពួ​កអ្នកជំនួញ​ និ​ង​ពួក​ព្រាហ្មណ៍ នាំ​យក​បាយ​ និ​ងទឹក​ដ៏​ច្រើន មក​ជូន​វិធុរបណ្ឌិត។ ពលដំរី (ពលសេះ​) ពល​រថ​ ពល​ថើ្មរ​ជើង នាំ​យក​បាយ និ​ងទឹក​ដ៏​ច្រើន មក​ជូន​វិធុរបណ្ឌិត។ ​ពួក​អ្នកជនបទ​មក​ជួបជុំគ្នា ពួក​អ្នក​និគម​ មក​ជួបជុំគ្នា នាំ​យក​បាយ និ​ងទឹក​ដ៏​ច្រើន មក​ជូន​វិធុរបណ្ឌិត។ ប្រជាជន​ជាច្រើន​ ជា​អ្នកមាន​ចិត្ត​ជ្រះ​ថា្ល​ ព្រោះ​ឃើញ​បណ្ឌិត​មកដល់​ហើយ កាល​បណ្ឌិត​មកដល់ ការ​លើក​ទង់​ក៏​ប្រព្រឹត្តទៅ។\n<br><p class=\"PCenter\">ចប់ វិធុរ​ជាតក ទី៩ ។</p>\n<br><p class=\"BCenter\">វេស្សន្តរ​ជាតក ទី១០</p>​\n<br><span class=\"IncreaseIndent\">&nbsp;</span>[២១២​] (ព្រះ​ឥន្រ្ទាធិរាជ ទ្រង់​ត្រាស់​ថា​) មា្ន​លនាង​ផុស្សតី​ដ៏​មាន​ពន្លឺ​នៃ​សម្បុរ​ដ៏​ប្រសើរ​ មាន​អវយវៈ​ខាងដើម​ដ៏​ល្អ​ នាង​ចូរ​ទទួលពរ​ ១០ ប្រការ​លើ​ផែនដី ដែល​ជា​ពរ​ពេញចិត្ត​របស់​នាង។"
    },
    {
      "header": "សុត្តន្តបិដក\nខុទ្ទកនិកាយ  ជាតក\nទ្វាទសមភាគ\n\nមហានិបាតជាតក",
      "href": "http://ti-kh.org/books?book=63&page=97",
      "text": "ហិមវន្តកណ្ឌ",
      "detail": "<span class=\"IncreaseIndent\">&nbsp;</span>[២១៨​] (អភិ​សម្ពុទ្ធ​គាថា​) នាង​ផុស្សតី​ទេវធីតា​នោះ ច្យុត​ចាក​ទេវលោក​នោះ​មក​ហើយ ក៏​ទៅ​កើត​ក្នុង​ខត្តិយ​ត្រកូល​ បាន​នៅ​រួម​នឹង​ព្រះបាទ​សញ្ជ័យ​ក្នុង​នគរ​ជេតុត្តរ។ ព្រះនាង​ទេវី ទ្រង់ព្រះ​នាម​ផុស្សតី​ទ្រង់គភ៌​អស់​ ១០​ ខែ ក៏​ធើ្វ​ប្រទក្សិណ​ព្រះរាជ​បុរី រួច​ប្រសូត​តថា​គត​ត្រង់​កណ្តាលផ្លូវ​នៃ​ពួក​ឈ្មួញ។ នាម​តថាគត​មិន​មែន​ជា​របស់​មាតា ទាំង​មិនមែន​កើតមក​ពី​បិតា​ទេ​ តថាគត​កើត​ត្រង់​ (កណ្តាល​) ផ្លូវ​នៃ​ពួក​ឈ្មួញ​ ព្រោះហេតុនោះ បាន​ជាត​ថា​គត​ឈ្មោះ​វេស្សន្តរ។ កាល​ដែល​តថាគត​នៅ​កេ្មង​តូច​ ទើបនឹង​មាន​អាយុ ៨ ឆ្នាំ​អំពី​កំណើត តថាគត​បាន​អង្គុយ​លើ​ប្រាសាទ​ រិះគិត​នឹង​ឲ្យ​ទាន​ថា បើ​មាន​ស្មូម​ណាមួយ មក​បន្លឺ​វាចា​សុំ​អាត្មាអញ ៗ គួរឲ្យ​បេះដូង​ គួរឲ្យ​ភ្នែក គួរឲ្យ​សាច់ គួរឲ្យ​ឈាម គួរឲ្យ​រាងកាយ​ (ដល់​ស្មូម​នោះ​ឯង)។ កាល​តថាគត​នោះ កំពុង​គិត​សភាវធម៌​ដែល​មិន​កម្រើក​ មិន​តាំង​នៅក្នុង​កាលនោះ​ ប្រឹថពី​មាន​ភ្នំ​សិនេរុ​ និង​ព្រៃ​ជា​គ្រឿងប្រដាប់​ពី​ខាងលើ​ ក៏​ញាប់​ញ័​រ។\n<br><span class=\"IncreaseIndent\">&nbsp;</span>[២១៩​] (ព្រះបាទ​វេស្សន្តរ​…) ​ពួក​ព្រាហ្មណ៍​មាន​រោមក្លៀក និង​ក្រចក​ដុះ​វែង មាន​ធេ្ម​ញប្រ​កប​ដោ​យម​ន្ទិ​ល មាន​ក្បាល​ប្រឡាក់​ដោយ​ធូលី ផ្គង​ដើម​ដៃ​ខាងស្តាំ​ តើ​សុំ​អ្វី​នឹង​អញ។"
    },
    {
      "header": "សុត្តន្តបិដក\nខុទ្ទកនិកាយ  ជាតក\nទ្វាទសមភាគ\n\nមហានិបាតជាតក",
      "href": "http://ti-kh.org/books?book=63&page=109",
      "text": "ទានកណ្ឌ",
      "detail": "កាលណា​ព្រះអង្គ​ទត​ឃើញ​ដើមឈើ​ទាំងឡាយ​ ដែល​មាន​ផ្ការីក​ស្គុះ​ស្គា​យ ក្នុង​ហេមន្តរដូវ​ផង ដើម​ខែ្លង​គង់ និ​ងឈើ​ដែល​មាន​ត្រួយ មាន​ស្លឹក​ក្រហម​ផង​ ដើម​លោទ និ​ងដើម​ឈូក​មាន​ផ្ការីក​ ផ្សព្វផ្សាយ​ក្លិនក្រអូប​ផង នឹង​មិន​រលឹក​រាជសម្បត្តិ។ កាល​ណា​ព្រះអង្គ​ទត​ឃើញ​ព្រៃ​ មាន​ផ្ការីក​ក្នុង​ខែ​ខាងក្នុង​ហេមន្តរដូវ​ផង ឈូក​ទាំងឡាយ​មាន​ផ្កា​ជ្រុះ​ហើយ​ផង​ នឹង​មិន​រលឹក​រាជសម្បត្តិ។\n<br><p class=\"PCenter\">ចប់ ហិមវន្ត។</p>\n<br><span class=\"IncreaseIndent\">&nbsp;</span>[២៤៥​] (អភិ​សម្ពុទ្ធ​គាថា​) ព្រះនាង​ផុស្សតី ជា​រាជបុត្រី មានយស បាន​ទ្រង់​ព្រះ​សណ្តាប់​ការចរចា​នៃ​ព្រះរាជបុត្រ​ និ​ងព្រះរាជ​សុណិសា​ទាំងនោះ​ហើយ​ ទ្រង់​ព្រះ​កនែ្សង​ មុខគួរ​អណោច​អធម្ម​ថា ឱ អាត្មាអញ​គួរតែ​បរិភោគ​ថ្នាំពិស​ ឬអាត្មាអញ​លោត​ទំលាក់​ខ្លួន​ក្នុង​ជ្រោះ​... ពុំ​នោះ ចង (ក) នឹង​ខែ្ស​ (ឲ្យ​ស្លាប់​) ប្រសើរ​ជាង។ ម្តេច​ទ្បើ​យក៏​ពួក​អ្នក​សិវិ​រា​ស្រ្តបណេ្ត​ញបា​វេស្សន្តរ​ ជា​កូន​អញ​ដែល​ជា​អ្នក​មិន​ប្រទូស្ត។ ម្តេច​ទ្បើ​យក៏​ពួក​អ្នក​សិវិ​រាស្រ្ត​បណ្តេញ​បា​វេស្សន្តរ​ ជា​កូន​អញ​ដែល​ជា​អ្នកចេះ​ចប់​ត្រៃវេទ​ ជា​ម្ចា​ស់​ទាន​ ជា​អ្នក​គួរ​ដល់​ស្មូម ឥតមាន​សេចក្តី​កំណាញ់​ ជា​អ្នក​មិន​ប្រទូស្ត។"
    },
    {
      "header": "សុត្តន្តបិដក\nខុទ្ទកនិកាយ  ជាតក\nទ្វាទសមភាគ\n\nមហានិបាតជាតក",
      "href": "http://ti-kh.org/books?book=63&page=129",
      "text": "វនប្បវេសន៍",
      "detail": "<span class=\"IncreaseIndent\">&nbsp;</span>[២៧១​] លំដាប់នោះ ព្រាហ្មណ៍​ទី​ ៥ ក៏​មក​ក្នុង​ព្រៃ​នោះ​ ព្រាហ្មណ៍​នោះ បាន​សុំ​រថ​អំពី​ព្រះបាទ​វេស្សន្តរ​នោះ​ ព្រះបាទ​វេស្សន្តរ​ ក៏​ប្រទាន​រថ​ដល់​ព្រាហ្មណ៍​នោះ​ ព្រះ​ហ្ឫ​ទ័យ​របស់​ព្រះបាទ​វេស្សន្តរ មិនបាន​រួញរា​ឡើយ។\n<br><span class=\"IncreaseIndent\">&nbsp;</span>[២៧២​] ព្រះបាទ​វេស្សន្តរ​ទ្រង់​ឲ្យ​ជន គឺ​ព្រះ​ទេវី បុត្រា​បុត្រី​របស់​ព្រះអង្គ​ (ចុះពី​រថ​នោះ​) រួច​ប្រទាន​អស្សរថ ដល់​ព្រាហ្មណ៍​អ្ន​កសែ្វង​ទ្រព្យ។\n<br><span class=\"IncreaseIndent\">&nbsp;</span>[២៧៣​] (ព្រះបាទ​វេស្សន្តរ​…) នែ​មទ្រី នាង​ចូរ​ពកណ្ហា​ចុះ​ ដ្បិត​កណ្ហា​នុ៎ះ​ជា​ប្អូន​នៅ​តូច​ស្រាល​ ខ្ញុំ​នឹង​ពជាលី ដ្បិត​ជាលី​នោះ​ជា​បង​ដ៏​ធ្ងន់។\n<br><span class=\"IncreaseIndent\">&nbsp;</span>[២៧៤​] ព្រះ​រា​ជា​ទ្រង់​ពជាលី​កុមារ ចំណែក​ព្រះរាជ​បុត្រី ទ្រង់​ពនាង​កណ្ហាជិនា ទ្រង់​យាង​ទៅ មា​នព្រះ​បន្ទូល​ព្រះ​វាចា​ជាទីស្រឡាញ់​ សំណេះសំណាល​ទៅ​វិញ​ទៅ​មក។\n<br><p class=\"PCenter\">ចប់ ទានកណ្ឌ។</p>\n<br><span class=\"IncreaseIndent\">&nbsp;</span>[២៧៥​] (អភិ​សម្ពុទ្ធ​គាថា​) (ក្សត្រ​ទាំងនោះ មាន​ព្រះបន្ទូល​សំណេះសំណាល​ថា​) ប្រសិនបើ​ពួក​មនុស្ស​ណាមួយ​ មក​ចួ​បក្នុង​ផ្លូវ​ជាលំដាប់​ យើង​នឹង​សួររក​ផ្លូវ​នឹង​មនុស្ស​ទាំងនោះ​ថា​ វង្កតបព៌ត​នៅ​ក្នុង​ទីណា។ មនុស្ស​ទាំងនោះ បានឃើញ​យើង​ក្នុង​ទីនោះ​ហើយ សមជា​ទួញ​យំ​ មុខគួរ​ឲ្យ​អណោច​អធម្ម មនុស្ស​ទាំងនោះ ក៏​ប្រាប់​សេចក្តី​ទុក្ខ​ថា វង្កតបព៌ត​នៅ​ក្នុង​ទី​ឆ្ងា​យ។"
    },
    {
      "header": "សុត្តន្តបិដក\nខុទ្ទកនិកាយ  ជាតក\nទ្វាទសមភាគ\n\nមហានិបាតជាតក",
      "href": "http://ti-kh.org/books?book=63&page=136",
      "text": "ជូជកបព្វៈ",
      "detail": "ព្រះអង្គ​ចូល​ទៅ​កាន់​ព្រៃ​ដូច​ផ្ទៃមេឃ មាន​ស្មៅ​ចិញ្ចៀន​ខៀវស្រស់​ជានិច្ច​ ចូល​ទៅកាន់​ដងព្រៃ ដេរដាស​ដោយ​ឈើ​មាន​ផ្កា និ​ងឈើ​មាន​ផ្លែ​ទាំងពីរ ដូច​សីហៈ​ប្រាថ្នា​ចំណី។ ក្នុង​ព្រៃ​នោះ មាន​បក្សី​ជាច្រើន​មាន​សម្បុរ​ប្លែក​ ៗ គ្នា មាន​សំឡេង​មូល មាន​សំឡេង​ពី​រោះ​ ស្រែកយំ​ឆ្លងឆ្លើយ​គ្នា​ទៅមក លើ​ដើមឈើ​មាន​ផ្ការីក​តាម​រដូវ។ ព្រះអង្គ​ទ្រង់​សេ្តច​ទៅកាន់​ជង្ហុក​ភ្នំ​ និ​ងកន្លែង​កកើត​នៃ​ស្ទឹង​ទាំងឡាយ​ នឹង​បាន​ទត​ឃើញ​ស្រះ​បោក្ខរណី​ ដេរដាស​ដោយ​ដើម​កញ្ជើបាយដាច​ និ​ងដើម​ថ្ងា​ន់។ ជា​ស្រះ​ដេរដាស​ដោយ​ហ្វូង​ត្រី​ដ៏​ច្រើន​ មាន​កំពង់រាប​ស្មើ​ល្អ​ មាន​ទឹក​ច្រើន មាន​សណ្ឋាន​ ៤ ជ្រុង​សើ្ម មាន​ទឹក​មាន​រស​ឆ្ងា​ញ់ មាន​ក្លិន​មិន​គួរ​ខើ្ពម។ សូម​ព្រះអង្គ​ទ្រង់​សាង​បណ្ណសាលា​ត្រង់​ទិស​ខាងជើង​ ឆៀង​ខាងកើត​នៃ​ស្រះ​បោក្ខរណី​នោះ​ លុះ​ទ្រង់​បាន​សាង​បណ្ណសាលា​ហើយ​ សូម​ទ្រង់​ព្យាយាម​ ត្រាច់​សែ្វ​ងរ​កផលាផល​ចិញ្ចឹម​ព្រះអង្គ​ចុះ។\n<br><p class=\"PCenter\">ចប់ វនប្បវេស​ន៍។</p>\n<br><span class=\"IncreaseIndent\">&nbsp;</span>[២៩០​] (អភិ​សម្ពុទ្ធ​គាថា​) មាន​ព្រាហ្មណ៍​មា្នក់​ឈ្មោះ​ជូជក នៅក្នុង​ដែន​កលិង្គៈ ឯភរិយា​របស់​គាត់​នៅក្មេង​ ឈ្មោះ​នាង​អមិត្តតាបនា។ ពួក​ស្រី​ជា​អ្នក​ដងទឹក​ស្ទឹង​ក្នុង​ស្រុក​នោះ បាន​ទៅ​ស្តីថា​នាង​អមិត្តតាបនា​នោះ​ ផ្អើល​ជ្រួលជ្រើម​ចោមរោម ជេរប្រទេច​នាង​អមិត្តតាបនា​នោះ​"
    },
    {
      "header": "សុត្តន្តបិដក\nខុទ្ទកនិកាយ  ជាតក\nទ្វាទសមភាគ\n\nមហានិបាតជាតក",
      "href": "http://ti-kh.org/books?book=63&page=146",
      "text": "ចុល្លវនវណ្ណនា",
      "detail": "<span class=\"IncreaseIndent\">&nbsp;</span>[៣០៦​] (ចេត​បុត្ត​…) នែ​មហា​ព្រាហ្មណ៍ នោះ​ហ្ន៎ ភំ្ន​គន្ធមាទន៍ ជា​វិការៈ​នៃ​ថ្ម ដែល​ព្រះបាទ​វេស្សន្តរ​សេ្តច​គង់នៅ​ជាមួយនឹង​ព្រះរាជបុត្រ​ និ​ងព្រះទេពី។ ព្រះរាជា​ទ្រ​ទ្រង់​ភេទ​អ្នក​បួ​សដ៏​ប្រសើរ​ផង មាន​ទំពក់ និង​វែ​កសម្រា​ប់​បូ​ជា​ភើ្លង និ​ងជ​ដា​ផង ទ្រង់​ស្លៀកដណ្តប់​ស្បែ​កខា្ល ផ្ទំ​លើ​ផែនដី​ នម​សា្ក​រនូវ​ភើ្លង។ ឈើ​ទាំងឡាយ​នុ៎ះ​ដ៏​ខៀវ ទ្រទ្រង់​ផែ្ល​ផេ្សង​ៗ ដ៏​ខ្ពស់ មាន​កំពូល​ទើសមេឃ​ ដ៏​ខៀវ​ដូច​ភ្នំ​ផ្កា​អញ្ជ័ន។ មាន​ដើម​ត្របែកព្រៃ​ ដើមត្រចៀកប្រើស​ ដើម​គគីរ ដើម​រាំង​ ដើម​ពង្រ និ​ងដើម​ជ្រៃ ទោរទន់​ទៅមក​ដោយ​ខ្យល់​ ដូចជា​មាណព ទើប​ផឹក​ (ស្រា​) ម្តង។ នៅ​ខាងលើ​មែក​ឈើ​ទាំងឡាយ ឮសូរ​ស័​ព្ទ​ដូចជា​ចម្រៀង​ទិព្វ (ព្រោះ​) មាន​ហ្វូង​ប៉ោលតោក​ និង​តា​វ៉ៅ ចុះ​ទំ​ពី​ឈើ​មួយ​ទៅ​ឈើ​មួយ។ មែកឈើ និ​ងស្លឹកឈើ​ទាំងឡាយ​ ដែល​ខ្យល់បក់​ត្រូវហើយ ឮដូចជា​ហៅរក​ជន​កំពុង​ដើរ ដូចជា​រីករាយ​នឹង​ជន​ដែល​មកដល់ ត្រេកត្រអាល​នឹង​ជន​ដែល​នៅ​អាស្រ័យ។ អ្នក​នឹង​ចូល​ទៅ​ក្នុង​អាស្រម ដែល​ជា​កនែ្លង​ព្រះបាទ​វេស្សន្តរ​ សេ្តច​គង់នៅ​ជាមួយនឹង​ព្រះរាជបុត្រា​បុត្រី​ទាំងឡាយ សេ្តច​ទ្រទ្រង់​ភេទ​ជា​អ្នកបួស​ដ៏​ប្រសើរ មាន​ទំពក់​ និង​វែ​កស​ម្រាក់​បូជា និ​ងព្រះ​ជដា​ ទ្រង់​ស្លៀក​ស្បែ​កខា្ល​ ផ្ទំ​លើ​ផែនដី នមស្ការ​ភើ្លង។"
    },
    {
      "header": "សុត្តន្តបិដក\nខុទ្ទកនិកាយ  ជាតក\nទ្វាទសមភាគ\n\nមហានិបាតជាតក",
      "href": "http://ti-kh.org/books?book=63&page=161",
      "text": "ទារកបព្វៈ",
      "detail": "ផ្លូវ​ដើរ​នេះ​ចុះ​តែ​ជើង​មួយ បុគ្គល​ដើរទៅ​ត្រង់​អាស្រម ដល់ទៅ​ទីនោះ​ហើយ​ ក៏​មិនបាន​សម្រេ​ក គំលាន និង​សេចក្តី​អផ្សុក​ឡើ​យ។ ជា​អាស្រម​ដែល​ព្រះបាទ​វេស្សន្តរ​គង់នៅ ព្រមទាំង​ព្រះរាជបុត្រ​ និង​ព្រះរាជ​ទេពី ព្រះអង្គ​ទ្រទ្រង់​ភេទ​បុព្វជិត​ដ៏​ប្រសើរ មាន​ទំ​ពក់ និង​វែក​សម្រាប់​បូជា​ភ្លើង និង​សក់កណ្តាញ់​ ទ្រង់​ស្បែក​ខ្លា ផ្ទំ​ផ្ទាល់​ផែនដី នម​ស្កា​រភ្លើង។\n<br><span class=\"IncreaseIndent\">&nbsp;</span>[៣២៤​] (អភិ​សម្ពុទ្ធ​គាថា​) ជូជក​ជា​ផៅពង្ស​នៃ​ព្រហ្ម​ ឮពាក្យ​នេះ​ហើយ ក៏​ធ្វើ​ប្រទក្សិណ​ឥសី មានចិត្ត​ត្រេកអរ ក៏​ដើរចេញ​ទៅ​សំដៅ​ទៅ​អាស្រម​ដែល​ព្រះបាទ​វេស្សន្តរ​គង់នៅ។\n<br><p class=\"PCenter\">ចប់ មហា​វន​វណ្ណនា។</p>\n<br><span class=\"IncreaseIndent\">&nbsp;</span>[៣២៥​] (ព្រះ​វេស្សន្តរ​…) ហៃ​បាជាលី​ អ្នក​ចូរ​ក្រោកឈរ​ឡើង​ (ដំណើរ​មក​របស់​ស្មូម​) ប្រាកដ​ដូចជា​ដំណើរ​មក​អំពី​មុន​ ៗ បិតា​មើលទៅ​ឃើញ​ដូចជា​ព្រាហ្មណ៍ សេចក្តី​រីករាយ​ក៏​មក​ស្រោចស្រព​លើ​បិតា។\n<br><span class=\"IncreaseIndent\">&nbsp;</span>[៣២៦​] (ជាលី​កុមារ​…) បពិត្រ​ព្រះវរបិតា​ ខ្ញុំ​រមិលមើល​ទៅ​ឃើញប្រាកដ​ដូចជា​ព្រាហ្មណ៍ ដូចជា​មាន​អ្នកដំណើរ​មក និង​ជា​ភ្ញៀវ​របស់​យើង។\n<br><span class=\"IncreaseIndent\">&nbsp;</span>[៣២៧​] (ជូជក​…) ព្រះអង្គ​បាន​សេចក្តី​សុខសប្បាយ​ទេ​ឬ ព្រះអង្គ​មិន​មាន​រោគាពាធ​ទេ​ឬ ព្រះអង្គ​ចិញ្ចឹមជីវិត​ដោយ​ការស្វែងរក​ (ស្រួល​) ទេឬ​ មើម​ឈើ និង​ផ្លែឈើ​មាន​ច្រើន​ឬ។"
    },
    {
      "header": "សុត្តន្តបិដក\nខុទ្ទកនិកាយ  ជាតក\nទ្វាទសមភាគ\n\nមហានិបាតជាតក",
      "href": "http://ti-kh.org/books?book=63&page=176",
      "text": "មទ្ទីបព្វៈ",
      "detail": "<span class=\"IncreaseIndent\">&nbsp;</span>[៣៥០​] (អភិ​សម្ពុទ្ធ​គាថា​) ​ពួក​ទេវតា​បានឮ​ពិលាប​នៃ​កុមារ​ទាំងពីរ​នោះ​ហើយ​ បាន​ពោល​ពាក្យ​នេះ​ថា អ្នក​ទាំងឡាយ ចូរ​ធ្វើជា​ម្រឹគ​សាហាវ​បី​ក្នុង​ព្រៃ គឺ​សីហៈ ១ ខ្លាធំ​ ១ ខ្លាដំបង ១។ កុំ​ឲ្យ​ព្រះរាជ​បុត្រី​មក​អំពី​ការស្វែងរក​ផ្លែឈើ​ក្នុង​វេលា​រសៀល​ឡើយ​ កុំ​ឲ្យ​ពួក​ម្រឹគ​ក្នុង​ព្រៃ​ជា​ដែន​របស់​យើង​បៀតបៀន​ឡើយ។ ប្រសិនបើ​សីហៈ​ក្តី ខ្លាធំ​ក្តី​ ខ្លាដំបង​ក្តី បៀតបៀន​នាង​មទ្រី ដែល​ប្រកបដោយ​លក្ខណា​នោះ​ហើយ ជា​លិ​កុមារ និង​នាង​កណ្ហាជិនា​ នឹង​រស់នៅ​ដូចម្តេច​បាន នាង​មទ្រី​ដែល​ប្រកបដោយ​លក្ខណា នឹង​ព្រាត់ប្រាស​ចាក​ចំណែក​ទាំងពីរ​ គឺ​ភស្ដា និង​បុត្រ​ទាំងពីរ។\n<br><span class=\"IncreaseIndent\">&nbsp;</span>[៣៥១​] (ព្រះនាងមទ្រី​…) ជ្រនីក​ធ្លាក់ចុះ​ (អំពី​ដៃ​) របស់​អញ​ ភ្នែក​ស្តាំ​ក៏​កម្រើក ទាំង​ដើមឈើ​មាន​ផ្លែ ក៏​ប្រែជា​មិន​មាន​ផ្លែ អញ​វង្វេងទិស​ទាំងអស់។ កាលដែល​អញ​នោះ​មកកាន់​អាស្រម​ក្នុង​វេលា​ល្ងាច ក្នុង​ពេល​ដែល​ព្រះអាទិត្យ​អស្តង្គត​ហើយ​ ក៏​មាន​ពួក​ម្រឹគ​សាហាវ​មក​ឈរ​រាំង​ក្នុង​ផ្លូវ កាលបើ​ព្រះអាទិត្យ​ទៀប​អស្តង្គត​ហើយ​ អាស្រម​ក៏​នៅ​ឆ្ងាយណាស់ អញ​នឹង​នាំ​យក​មើម​ឈើ និង​ផ្លែឈើ​ណា​អំពី​ទី​នេះ ដើម្បី​ជន​ទាំងនោះ ជន​ទាំងនោះ គប្បី​នាំគ្នា​បរិភោគ​មើម​ឈើ​ និង​ផ្លែ​ឈើ​នោះ​ជា​ភោជន។"
    },
    {
      "header": "សុត្តន្តបិដក\nខុទ្ទកនិកាយ  ជាតក\nទ្វាទសមភាគ\n\nមហានិបាតជាតក",
      "href": "http://ti-kh.org/books?book=63&page=189",
      "text": "សក្កបព្វៈ",
      "detail": "<span class=\"IncreaseIndent\">&nbsp;</span>[៣៦៩​] (អភិ​សម្ពុទ្ធ​គាថា​) លំដាប់នោះ​ ក្នុង​កាលដែល​រាត្រី​កន្លងទៅ​ហើយ ព្រះអាទិត្យ​ក៏​រះ​ឡើង សក្កទេវរាជ​មាន​ភេទ​ជា​ព្រាហ្មណ៍​ ប្រាកដ​ដល់​ក្សត្រ​ទាំងពីរ​នោះ​ក្នុង​ពេលព្រឹក។\n<br><span class=\"IncreaseIndent\">&nbsp;</span>[៣៧០​] (សក្កទេវរាជ​…) ព្រះអង្គ​សុខសប្បាយ​ទេ​ឬ ព្រះអង្គ​មិន​មាន​រោគាពាធ​ទេ​ឬ ព្រះអង្គ​ញ៉ាំង​អត្តភាព​ឲ្យ​ប្រព្រឹត្ត​ទៅ​ដោយ​ការស្វែងរក​ស្រួល​ទេ​ឬ មើម​ឈើ និង​ផ្លែឈើ​មាន​ច្រើន​ដែរ​ឬ។ ពួក​របោម មូស និង​ពស់ មាន​តិច​ទេ​ឬ ក្នុង​ព្រៃ​ដ៏​កុះករ​ដោយ​ម្រឹគ​យង់ឃ្នង​ មិន​មានការ​បៀតបៀន​ទេ​ឬ។\n<br><span class=\"IncreaseIndent\">&nbsp;</span>[៣៧១​] (ព្រះ​មហាសត្វ​…) ម្នាល​ព្រាហ្មណ៍​ ​ពួក​យើង​សុខសប្បាយ​ទេ ម្នាល​ព្រាហ្មណ៍ មិន​មាន​រោគាពាធ​អ្វី​ទេ មួយទៀត យើង​ញ៉ាំង​អត្តភាព​ឲ្យ​ប្រព្រឹត្តទៅ​ ដោយ​ការស្វែងរក​ស្រួល​ទេ មើម​ឈើ និង​ផ្លែឈើ​ទាំងឡាយ​ដ៏​បរិបូណ៌​ដែរ​ទេ។ ទាំង​ពួក​របោម​ មូស និង​ពស់ មាន​តិច​ទេ​ ក្នុង​ព្រៃ​ដ៏​កុះករ​ដោយ​ម្រឹគ​យង់ឃ្នង​ មិន​មានការ​បៀតបៀន​យើង​ទេ។ យើង​នៅក្នុង​ព្រៃ​អស់ ៧ ខែ រស់នៅ​ទាំង​សំ​ណោក​ ទើប​ឃើញ​ព្រាហ្មណ៍​ជា​គំរប់​ពីរ​នេះ មាន​ភេទ​ដ៏​ប្រសើរ កាន់​ឈើច្រត់​មាន​ពណ៌​ដូចជា​ផ្លែ​ព្នៅ​ទុំ​ ទ្រទ្រង់​ស្បែក​ខ្លា​ទាំង​ក្រចក។ នែ​មហា​ព្រាហ្មណ៍ អ្នក​មក​ល្អ​ហើយ មួយទៀត អ្នក​មិនមែន​មក​អាក្រក់​ទេ"
    },
    {
      "header": "សុត្តន្តបិដក\nខុទ្ទកនិកាយ  ជាតក\nទ្វាទសមភាគ\n\nមហានិបាតជាតក",
      "href": "http://ti-kh.org/books?book=63&page=194",
      "text": "មហារាបព្វៈ",
      "detail": "បពិត្រ​សក្កៈ បុត្រ​របស់ខ្ញុំ​កើត​ហើយ សូមឲ្យ​បុត្រ​នោះ​មាន​អាយុវែង​ សូមឲ្យ​បាន​ត្រួតត្រា​ផែនដី​ដោយ​ធម៌ ខ្ញុំ​សូមពរ​ទី ៥ នេះ។ តអំពី​នោះ​មក នាកាល​រាត្រី​កន្លងទៅ​ ព្រះអាទិត្យ​រះ​ឡើង សូម​ចំណី​ជា​ទិព្វ​ទាំងឡាយ មាន​ប្រាកដ ខ្ញុំ​សូម​ពរ​ទី ៦ នេះ។ កាលបើ​ខ្ញុំ​កំពុង​ឲ្យ សូម​ (ទេយ្យធម៌​) កុំបី​អស់​ទៅ​ លុះ​ខ្ញុំ​ឲ្យហើយ សូមកុំ​ឲ្យ​ក្តៅក្រហាយ​ស្តាយក្រោយ ខ្ញុំ​កំពុង​ឲ្យ​ សូមឲ្យ​ចិត្តជ្រះថ្លា ខ្ញុំ​សូម​ពរ​ទី ៧ នេះ។ កាលបើ​ខ្ញុំ​ច្យុត​ចាក​អត្តភាព​នេះ​ សូមឲ្យ​បាន​ទៅកាន់​ឋានសួគ៌ ដល់​នូវ​ឋាន​ដ៏​វិសេស គឺ​កើត​ក្នុង​តុសិត​បុរី​ (កាលបើ​ខ្ញុំ​ច្យុត​ចាក​តុសិត​ភព​នោះ​មក​) សូមកុំ​ឲ្យ​កើត​ (ក្នុង​ភព​ថ្មីទៀត​) ខ្ញុំ​សូម​ពរ​ទី​ ៨ នេះ។\n<br><span class=\"IncreaseIndent\">&nbsp;</span>[៣៨១​] (អភិ​សម្ពុទ្ធ​គាថា​) ព្រះ​ឥន្រ្ទ​ជាធំ​ជាង​ទេវតា​ បាន​ទ្រង់ព្រះ​សណ្តាប់​ព្រះបន្ទូល​ព្រះបាទ​វេស្សន្តរ​នោះ​ហើយ ក៏​ពោល​ពាក្យ​យ៉ាងនេះ​ថា ព្រះបិតា​បង្កើត​របស់​ព្រះអង្គ​ មិនយូរ​ទេ នឹង​មក​ចួប​ព្រះអង្គ។ មឃ​ទេវរាជ ជា​ប្តី​នៃ​នាង​សុជាតា លុះ​ត្រាស់​ព្រះតម្រាស់​នេះ​ហើ​យ ប្រទាន​ពរ​ដល់​ព្រះបាទ​វេស្សន្តរ​ហើយ ក៏​ចៀសចេញ​ទៅកាន់​ពួក​ទេវតា​ក្នុង​ឋានសួគ៌។\n<br><p class=\"PCenter\">ចប់ សក្ក​បព្វៈ។</p>\n<br><span class=\"IncreaseIndent\">&nbsp;</span>[៣៨២​] (ព្រះបាទ​សញ្ជ័យ​…) មុខ​អ្នកណា​នោះ​ ភ្លឺ​ដូច​មាស​ដែលគេ​រំលាយ​ដោយ​ភ្លើង ឬដូច​មាស​ឆ្តោ​រភ្លឺ​ចិញ្ចែង​ចិញ្ចាច​ក្នុង​មាត់​បាវ។"
    },
    {
      "header": "សុត្តន្តបិដក\nខុទ្ទកនិកាយ  ជាតក\nទ្វាទសមភាគ\n\nមហានិបាតជាតក",
      "href": "http://ti-kh.org/books?book=63&page=205",
      "text": "ឆក្ខត្តិយបព្វៈ",
      "detail": "ដំរី​ដ៏​ប្រសើរ មាន​អាយុ ៦០ ខួប បន្លឺ​កោ​ពា្ច​នាទ ដំរី​កាលបើ​មាន​ខ្សែ​ដង្គន់​ជាប់​នៅ​ហើយ​ ក៏​បន្លឺ​កោ​ពា្ច​នាទ។ សេះ​អាជានីយ​ទាំងឡាយ​ស្រែក​កងរំពង សំឡេង​គឹកកង​នៃ​ខ្នងកង់​ ក៏​កើតមាន ក្នុង​កាលនោះ ធូលី​ក៏​ហុយ​បាំង​ដូច​ពពក​ កងទ័ព​ក្នុង​ដែន​សិវិ បាន​លើក​ចេញទៅ។ សេនា​ដ៏​ច្រើន​នោះ អាច​នាំ​យក​របស់​ដែល​គួរ​នាំ​យក​ទៅ​បាន លើក​ចេញទៅ មាន​ជាលី​កុមារ​ជាម​គ្គ​នាយក​ បាន​ដើរ​សំដៅ​ទៅ​កាន់​វង្គ​តបព៌ត។ កងទ័ព​ទាំងនោះ បាន​ចូល​ទៅកាន់​ព្រៃធំ​ មាន​មែកឈើ​ច្រើន មាន​ទឹក​ច្រើន ដេរដាស​ដោយ​ឈើ​មាន​ផ្កា និង​ឈើ​មាន​ផ្លែ​ទាំងសងខាង​ផ្លូវ។ ពួក​សត្វស្លាប​ដ៏​ច្រើន​ក្នុង​ព្រៃធំ​នោះ​ មាន​សំឡេង​មូល មាន​សំឡេង​ពីរោះ មានត្រកូល​ផ្សេង ៗ ស្រែកហៅ​សត្វស្លាប ដែល​កំពុង​ស្រែក​លើ​ដើមឈើ​ដែល​ផ្កា​តាម​រដូវ។ កងទ័ព​ទាំងនោះ ទៅកាន់​ផ្លូវ​ឆ្ងាយ​ដាច់ស្រយាល ក្នុង​កាល​អំណឹះ​ទៅ​នៃ​ថ្ងៃ​ និង​យប់​ បាន​ចូល​ទៅដល់​ប្រទេស ដែល​ព្រះបាទ​វេស្សន្តរ​ទ្រង់​គង់នៅ។\n<br><p class=\"PCenter\">ចប់ មហា​រា​ជប​ព្វៈ​។</p>\n<br><span class=\"IncreaseIndent\">&nbsp;</span>[៤០៩​] (អភិ​សម្ពុទ្ធ​គាថា​) ព្រះបាទ​វេស្សន្តរ​ ទ្រង់​ឮសំឡេង​គឹកកង​នៃ​កងទ័ព​ទាំងនោះ​ហើយ ក៏​ភិតភ័យ ទ្រង់​ឡើង​ទៅលើ​ភ្នំ ហើយ​ទ្រង់​ទតមើល​នូវ​ពួក​សេនា​ទាំង​ភិតភ័យ​ មាន​បន្ទូល​ថា​"
    },
    {
      "header": "សុត្តន្តបិដក\nខុទ្ទកនិកាយ  ជាតក\nទ្វាទសមភាគ\n\nមហានិបាតជាតក",
      "href": "http://ti-kh.org/books?book=63&page=211",
      "text": "នគរកណ្ឌ",
      "detail": "<span class=\"IncreaseIndent\">&nbsp;</span>[៤២៥​] (ព្រះ​មហាសត្វ​…) ព្រះអង្គ​ និង​ពួក​អ្នកជនបទ អ្នក​និគម បាន​ព្រមព្រៀង​គ្នា​និរទេស​ខ្ញុំ​ព្រះអង្គ ដែល​កំពុង​សោយរាជ្យ​តាម​ធម៌​ ចាក​ដែន​ហើយ។\n<br><span class=\"IncreaseIndent\">&nbsp;</span>[៤២៦​] (ព្រះរាជា​…) ម្នាល​បុត្រ​ (នេះ​) ពិតជា​កំហុស​របស់​យើង​ យើង​បាន​ធ្វើអំពើ​បំផ្លិច​បំផ្លាញ​សេចក្តី​ចំរើន បាន​និរទេស​បា​ ដែល​មិន​មាន​កំហុស ព្រោះ​តាម​ពាក្យ​ពួក​អ្នក​សិវិ​រាស្ត្រ។\n<br><span class=\"IncreaseIndent\">&nbsp;</span>[៤២៧​] (កូន​) គួរ​ដោះទុក្ខ​របស់​បិតា​មាតា​ ឬរបស់​បងប្អូន​ស្រី ដោយហេតុ​ណា​នីមួយ សូម្បី​ដោយ​ជីវិត​របស់​ខ្លួន។ (​ពួក​អាមាត្យ​បាន​ពោល​ថា​ បពិត្រមហារាជ កាល​នេះ ជា​កាលគួរ​ស្រង់ទឹក សូម​ទ្រង់​ដុស​ជម្រះ​ព្រះ​រជោ​ជលៈ​)។\n<br><span class=\"IncreaseIndent\">&nbsp;</span>[៤២៨​] (អភិ​សម្ពុទ្ធ​គាថា​) គ្រានោះ​ ព្រះបាទ​វេស្សន្តរ ក៏​ដុស​ជម្រះ​ក្អែល លុះ​ដុស​ជម្រះ​ក្អែល​ហើយ បាន​ទ្រទ្រង់​ព្រះ​ពស្រ្ត​មាន​ពណ៌​ដូច​ស័ង្ខ។\n<br><span class=\"IncreaseIndent\">&nbsp;</span>[៤២៩​] ព្រះបាទ​វេស្សន្តរ ទ្រង់​កក់​ព្រះ​សិរ្ស៍ មាន​ព្រះ​ពស្រ្ត​ដ៏​ស្អាត ស្អិតស្អាង​ដោយ​អា​ភរណៈ​គ្រប់យ៉ាង ទ្រង់​សៀត​ព្រះ​ខាន់​ដែល​ដុត​កំ​ដៅ​សត្រូវ ហើយ​ទ្រង់​ឡើង​គង់​លើ​ដំរី​ដ៏​ប្រសើរ​ ឈ្មោះ​បច្ច័យ។ កាលនោះ ពួក​ទាហាន ៦០.០០០ នាក់ កើត​ក្នុង​ថ្ងៃជា​មួយ​គ្នា គួរ​រមិលមើល ញ៉ាំង​ព្រះរាជា​ជា​ធំ​ក្នុង​រថ​ឲ្យ​រីក​រាយ​ ចោមរោម។"
    }
  ]
}