{
  "title": "ភាគ ៨៤",
  "imageSrc": "photos/Book_84.jpg",
  "href": "http://ti-kh.org/books?book=84",
  "contents": [
    {
      "header": "អភិធម្មបិដក\nកថាវត្ថុ  បឋមភាគ\nមហាបណ្ណាសកៈ\n\nមហាវគ្គ",
      "href": "http://ti-kh.org/books?book=84&page=1",
      "text": "បុគ្គលកថា",
      "detail": "<div style=\"text-align: center\">អភិធម្មបិដក\n<br>កថាវត្ថុ បឋម​ភាគ\n<br>សូម​នមស្ការ ចំពោះ​ព្រះមានព្រះភាគ ជា​អរហន្ត​សម្មាសម្ពុទ្ធ​អង្គ​នោះ។\n<br>បុគ្គល​កថា</div><span class=\"IncreaseIndent\">&nbsp;</span>[១] (សកវាទី សួរ​ថា) បុគ្គល គេ​ដឹង​បាន​ដោយ​អត្ថ​ដ៏​ពិត និង​អត្ថ​ដ៏​ឧត្តម​ឬ។ (បរវាទី ឆ្លើយ​ថា) អើ។ (សកវាទី សួរ​ថា) បុគ្គល​ណា មាន​អត្ថ​ដ៏​ពិត មាន​អត្ថ​ដ៏​ឧត្តម ព្រោះហេតុនោះ បុគ្គល​នោះ គេ​ដឹង​បាន​ដោយ​អត្ថ​ដ៏​ពិត និង​អត្ថ​ដ៏​ឧត្តម​ឬ។ (បរវាទី ឆ្លើយ​ថា) អ្នក​មិន​គួរ​ពោល​យ៉ាងនេះ​ទេ។ (សកវាទី ពោល​ថា) អ្នក​ចូរ​ដឹង​នូវ​កំហុស​ចុះ ប្រសិនបើ​បុគ្គល គេ​ដឹង​បាន​ដោយ​អត្ថ​ដ៏​ពិត និង​អត្ថ​ដ៏​ឧត្តម ម្នាល​អ្នក​ដ៏​ចំរើន ព្រោះហេតុនោះ អ្នក​គួរ​ពោល​ថា បុគ្គល​ណា មាន​អត្ថ​ដ៏​ពិត និង​អត្ថ​ដ៏​ឧត្តម ព្រោះហេតុនោះ បុគ្គល​នោះ គេ​ដឹង​បាន​ដោយ​អត្ថ​ដ៏​ពិត និង​អត្ថ​ដ៏​ឧត្តម​ដូច្នេះ​ដែរ បណ្តា​ពាក្យ​ទាំងពីរ​នោះ អ្នកពោល​នូវ​ពាក្យ​ណា គួរ​ពោល​តែ​ពាក្យ​នោះ​ថា បុគ្គល គេ​ដឹង​បាន​ដោយ​អត្ថ​ដ៏​ពិត និង​អត្ថ​ដ៏​ឧត្តម តែ​អ្នក​មិន​គួរ​ពោល​ថា បុគ្គល​ណា មាន​អត្ថ​ដ៏​ពិត មាន​អត្ថ​ដ៏​ឧត្តម ព្រោះហេតុនោះ បុគ្គល​នោះ"
    },
    {
      "header": "អភិធម្មបិដក\nកថាវត្ថុ  បឋមភាគ\nមហាបណ្ណាសកៈ\n\nមហាវគ្គ",
      "href": "http://ti-kh.org/books?book=84&page=137",
      "text": "បរិហានិកថា",
      "detail": "<p class=\"PCenter\">និយាយ​អំពី​ការសង្កត់សង្កិន ៨ លើក អំពី​សេចក្តី​បំប្រួញ អំពី​បុគ្គល​អន្ទោល​ទៅ អំពី​បញ្ញត្តិ​បុគ្គល ព្រោះ​អាស្រ័យ​រូប អំពី​ចិត្ត អំពី​អំពើល្អ​ជាគម្រប់ ៥ អំពី​ការ​ប្លែង​ឫទ្ធិ អំពី​ការសំដែង​អាង ដោយ​ការ​នាំមក​នូវ​ព្រះ​សូត្រ ជាគម្រប់ ៨។</p>\n<br><p class=\"BCenter\">បរិ​ហា​និក​ថា</p>\n<br><span class=\"IncreaseIndent\">&nbsp;</span>[១៩១] ព្រះអរហន្ត សាបសូន្យ​ចាក​អរហត្ត​ឬ។ អើ។ ព្រះអរហន្ត សាបសូន្យ​ចាក​អរហត្ត ក្នុង​ទី​ទាំងពួង​ឬ។ អ្នក​មិន​គួរ​ពោល​យ៉ាងនេះ​ទេ។បេ។ ព្រះអរហន្ត សាបសូន្យ​ចាក​អរហត្ត ក្នុង​ទី​ទាំងពួង​ឬ។ អើ។ សេចក្តី​សាបសូន្យ​របស់​ព្រះអរហន្ត​ក្នុង​ទី​ទាំងពួង​ឬ។ អ្នក​មិន​គួរ​ពោល​យ៉ាងនេះ​ទេ។បេ។ ព្រះអរហន្ត សាបសូន្យ​ចាក​អរហត្ត​ឬ។ អើ។ ព្រះអរហន្ត សាបសូន្យ​ចាក​អរហត្ត ក្នុង​កាល​ទាំងពួង​ឬ។ អ្នក​មិន​គួរ​ពោល​យ៉ាងនេះ​ទេ។បេ។ ព្រះអរហន្ត សាបសូន្យ​ចាក​អរហត្ត​ក្នុង​កាល​ទាំងពួង​ឬ។ អើ។"
    },
    {
      "header": "អភិធម្មបិដក\nកថាវត្ថុ  បឋមភាគ\nមហាបណ្ណាសកៈ\n\nមហាវគ្គ",
      "href": "http://ti-kh.org/books?book=84&page=180",
      "text": "ព្រហ្មចរិយកថា",
      "detail": "<p class=\"BCenter\">ព្រហ្មចរិយ​កថា</p>\n<br><span class=\"IncreaseIndent\">&nbsp;</span>[២៥៥] ការប្រព្រឹត្តិ​ព្រហ្មចរិយ​ធម៌<sup>(១)</sup> ក្នុង​ពួក​ទេវតា មិន​មាន​ទេ​ឬ។ អើ។ ពួក​ទេវតា​ទាំងអស់ សុទ្ធតែ​ល្ងង់ខ្លៅ មិន​ចេះដឹង ប្រកបដោយ​ការ​ពោល​ដោយដៃ (ដូច​មនុស្សគ) មិន​អង់អាច ដើម្បី​ដឹង​នូវ​សេចក្តី​នៃ​សុភាសិត និង​ទុព្ភាសិត​បាន ពួក​ទេវតា​ទាំងអស់ មិន​ជ្រះថ្លា​ក្នុង​ព្រះពុទ្ធ មិន​ជ្រះថ្លា​ក្នុង​ព្រះធម៌ មិន​ជ្រះថ្លា​ក្នុង​ព្រះសង្ឃ មិន​ចូល​ទៅ​អង្គុយ​ជិត​ព្រះពុទ្ធ​មាន​ព្រះ​ភាគ មិន​សួរ​នូវ​ប្រស្នា​នឹង​ព្រះពុទ្ធ​មាន​ព្រះ​ភាគ កាលបើ​ប្រស្នា​ដែល​ព្រះពុទ្ធ​មាន​ព្រះ​ភាគ​ដោះស្រាយ​ហើយ មិន​រីករាយ ពួក​ទេវតា​ទាំងអស់ ប្រកបដោយ​កម្ម​ជារ​នាំង ប្រកបដោយ​កិលេស​ជារ​នាំង ប្រកបដោយ​វិបាក​ជារ​នាំង មិន​មាន​សទ្ធា មិន​មាន​ឆន្ទៈ មិន​មាន​ប្រាជ្ញា មិន​គួរ​ចុះ​កាន់​សម្មត្តនិយាម ក្នុង​កុសលធម៌​ទាំងឡាយ ពួក​ទេវតា​ទាំងអស់ ជា​អ្នកសម្លាប់​មាតា សម្លាប់​បិតា សម្លាប់​ព្រះអរហន្ត ជា​អ្នកធ្វើ​ព្រះ​លោហិត​របស់​ព្រះពុទ្ធ ឲ្យ​កើតឡើង ជា​អ្នក​បំបែក​សង្ឃ ពួក​ទេវតា​ទាំងអស់ ជា​អ្នកសម្លាប់​សត្វ ជា​អ្នក​កាន់​យក​ទ្រព្យ​ដែលគេ​មិនបាន​ឲ្យ ជា​អ្នកប្រព្រឹត្តខុស​ក្នុង​កាម​ទាំងឡាយ ជា​អ្នកពោល​ពាក្យ​កុហក ជា​អ្នកមាន​វាចា​ស៊កសៀត ជា​អ្នកមាន​វាចា​អាក្រក់ ជា​អ្នកពោល​ពាក្យ​រោយរាយ​ឥតប្រយោជន៍ ជា​អ្នកមាន​អភិជ្ឈា​ជាប្រក្រតី<hr><div style=\"font-size: 14px\">(១) មាន ២ គឺ​ចំរើន​មគ្គ ១ បព្វជ្ជា ១។ អដ្ឋកថា។</div>"
    },
    {
      "header": "អភិធម្មបិដក\nកថាវត្ថុ  បឋមភាគ\nមហាបណ្ណាសកៈ\n\nមហាវគ្គ",
      "href": "http://ti-kh.org/books?book=84&page=197",
      "text": "ឱធិសោកថា",
      "detail": "សត្វ​ម្រឹគ ដែល​ត្រូវ​សរ​មុត បោល​ទៅកាន់​ទី​ឆ្ងាយ ហើយ​ស្លាប់​ទៅ​យ៉ាងណា អនាគាមិ​បុគ្គល មាន​មគ្គ​ចំរើន​ហើយ ក្នុង​មនុស្សលោក​នេះ ធ្វើឲ្យ​ជាក់ច្បាស់​នូវ​ផល ក្នុង​ជាន់​សុទ្ធាវាស​នោះ ក៏​យ៉ាងនេះ​ដែរ។ សត្វ​ម្រឹគ​ដែល​ត្រូវ​សរ​មុត បោល​ទៅកាន់​ទី​ឆ្ងាយ​ហើយ ស្លាប់​ទាំង​សរ យ៉ាងណា អនាគាមិ​បុគ្គល មាន​មគ្គ​ចំរើន​ហើយ ក្នុង​លោក​នេះ ហើយ​បរិនិព្វាន​ក្នុង​ជាន់​សុទ្ធាវាស ដូចជា​ម្រឹគ​ស្លាប់​ទាំង​សរ យ៉ាងនោះ​ដែរ​ឬ។ អ្នក​មិន​គួរ​ពោល​យ៉ាងនេះ​ទេ។បេ។\n<br><p class=\"PCenter\">ចប់ ព្រហ្មចរិយ​កថា។</p>\n<br><p class=\"BCenter\">ឱធិ​សោក​ថា</p>\n<br><span class=\"IncreaseIndent\">&nbsp;</span>[២៧៩] បុគ្គល​លះកិលេស​ដោយ​ចំ​ណែ​កៗឬ។ អើ។ បុគ្គល ប្រតិបត្តិ​ដើម្បី​ធ្វើឲ្យ​ជាក់ច្បាស់​នូវ​សោតាបត្តិផល តើ​លះ​អ្វី​ដោយ​ការ​ឃើញ​នូវ​ទុក្ខ។ លះ​សក្កា​យទិដ្ឋិ វិចិកិច្ឆា សីលព្វត​បរា​មា​សៈ និង​កិលេស ដែល​ជា​ចំណែក​មួយ តាំងនៅ​ក្នុង​ទី​ជាមួយ​នឹង​សក្កា​យទិដ្ឋិ វិចិកិច្ឆា និង​សីលព្វត​បរា​មា​សៈ​នោះ។ សោតាបន្ន​បុគ្គល ចំណែក​មួយ មិនមែន​សោតាបន្ន​បុគ្គល ចំណែក​មួយ បុគ្គល​ដល់​នូវ​សោតាបត្តិផល ដែល​បាន​ចំពោះ បាន​ត្រាស់​ដឹង បាន​ធ្វើឲ្យ​ជាក់ច្បាស់ សម្រេច ពាល់ត្រូវ​ដោយ​នាមកាយ ចំណែក​មួយ"
    },
    {
      "header": "អភិធម្មបិដក\nកថាវត្ថុ  បឋមភាគ\nមហាបណ្ណាសកៈ\n\nមហាវគ្គ",
      "href": "http://ti-kh.org/books?book=84&page=208",
      "text": "ជហតិកថា",
      "detail": "អើ។ ក្រែង​ព្រះមានព្រះភាគ ទ្រង់​ត្រាស់​ថា ម្នាល​ភិក្ខុ​ទាំងឡាយ ក្នុង​សម័យ​ណា អរិយសាវ័ក មាន​ធម្មចក្ខុ​ប្រាសចាក​ធូលី ប្រាសចាក​មន្ទិល កើតឡើង ក្នុង​សម័យ​នោះ ធម្មជាត​ណាមួយ ដែល​មានការ​កើតឡើង​ជា​ធម្មតា ធម្មជាត​ទាំងអស់​នោះ តែង​រលត់​ទៅវិញ​ជា​ធម្មតា ម្នាល​ភិក្ខុ​ទាំងឡាយ សំយោជនៈ ៣ យ៉ាងគឺ សក្កា​យទិដ្ឋិ វិចិកិច្ឆា និង​សីលព្វត​បរា​មា​សៈ ព្រះ​អរិយសាវ័ក បាន​លះបង់​ហើយ ជាមួយនឹង​ការ​កើតឡើង​នៃ​ទស្សន​សម្បត្តិ គឺ​សោតាបត្តិ​មគ្គ ពាក្យ​ដូច្នេះ មាន​ក្នុង​ព្រះ​សូត្រ​ឬ។ អើ។ បើ​ដូច្នោះ អ្នក​មិន​គួរ​ពោល​ថា បុគ្គល​លះ​ពួក​កិលេស​ជា​ចំ​ណែ​កៗ ដូច្នេះ​ឡើយ។\n<br><p class=\"PCenter\">ចប់ ឱធិ​សោក​ថា។</p>\n<br><p class=\"BCenter\">ជហតិ​កថា</p>\n<br><span class=\"IncreaseIndent\">&nbsp;</span>[២៨៦] បុថុជ្ជន លះ​កាមរាគ និង​ព្យាបាទ​ឬ។ អើ។ ចុះ​លះ​ជ្រះស្រឡះ លះ​មិន​ឲ្យ​មាន​សេសសល់ លះ​មិន​ឲ្យ​មាន​បដិ​សនិ្ធ លះ​ព្រមទាំង​ឫស លះ​ព្រមទាំង​តណ្ហា លះ​ព្រមទាំង​អនុស័យ លះ​ដោយ​អរិយ​ញ្ញាណ លះ​ដោយ​អរិយមគ្គ កាល​ត្រាស់​ដឹង​នូវ​អកុប្បធម៌ ទើប​លះ កាល​ធ្វើឲ្យ​ជាក់ច្បាស់​នូវ​អនាគាមិផល ទើប​លះ​ឬ។ អ្នក​មិន​គួរ​ពោល​យ៉ាងនេះ​ទេ។បេ។"
    },
    {
      "header": "អភិធម្មបិដក\nកថាវត្ថុ  បឋមភាគ\nមហាបណ្ណាសកៈ\n\nមហាវគ្គ",
      "href": "http://ti-kh.org/books?book=84&page=218",
      "text": "សព្វមត្ថីតិកថា",
      "detail": "<div class=\"ContentTab\">ធម៌​ទាំងនេះ គឺ សីល ១ សមាធិ ១ បញ្ញា ១ វិមុត្តិ ១ ជា​ធម៌​ដ៏​ប្រសើរ ព្រះ​គោតម ព្រះអង្គ​មានយស បាន​ត្រាស់​ដឹង​ហើយ ព្រោះហេតុនោះ ព្រះពុទ្ធ​ទ្រង់​ជ្រាប​ច្បាស់ ទើប​ទ្រង់​ត្រាស់​ប្រាប់​ធម៌​នោះ ដល់​ភិក្ខុ​ទាំងឡាយ​ថា ព្រះ​សាស្តា ទ្រង់​អ្នកធ្វើ​នូវ​ទីបំផុត​នៃ​ទុក្ខ មាន​បញ្ញាចក្ខុ បរិនិព្វាន​ហើយ</div>\n<br>ពាក្យ​ដូច្នេះ មាន​ក្នុង​ព្រះ​សូត្រ​ឬ។ អើ។ បើ​ដូច្នោះ អ្នក​មិន​គួរ​ពោល​ថា បុថុជ្ជន លះ​កាមរាគ និង​ព្យាបាទ​បាន ដូច្នេះ​ឡើយ។\n<br><p class=\"PCenter\">ចប់ ជហតិ​កថា។</p>\n<br><p class=\"BCenter\">សព្វ​មត្ថី​តិក​ថា</p>\n<br><span class=\"IncreaseIndent\">&nbsp;</span>[៣០១] ធម្មជាត​ទាំងពួង (មាន​រូបក្ខន្ធ​ជាដើម) មាន​ឬ។ អើ។ ធម្មជាត​ទាំងពួង មាន​ក្នុង​សរីរៈ​ទាំងពួង​ឬ។ អ្នក​មិន​គួរ​ពោល​យ៉ាងនេះ​ទេ។ ធម្មជាត​ទាំងពួង មាន​ឬ។ អើ។ ធម្មជាត​ទាំងពួង មាន​សព្វកាល​ឬ។ អ្នក​មិន​គួរ​ពោល​យ៉ាងនេះ​ទេ។ ធម្មជាត​ទាំងពួង មាន​ឬ។ អើ។ ធម្មជាត​ទាំងពួង មាន​ដោយ​អាការ​ទាំងពួង​ឬ។ អ្នក​មិន​គួរ​ពោល​យ៉ាងនេះ​ទេ។ ធម្មជាត​ទាំងពួង មាន​ឬ។ អើ។ ធម្មជាត​ទាំងពួង មាន​ក្នុង​ធម៌​ទាំងពួង​ឬ។ អ្នក​មិន​គួរ​ពោល​យ៉ាងនេះ​ទេ។ ធម្មជាត​ទាំងពួង មាន​ឬ។ អើ។"
    },
    {
      "header": "អភិធម្មបិដក\nកថាវត្ថុ  បឋមភាគ\nមហាបណ្ណាសកៈ\n\nមហាវគ្គ",
      "href": "http://ti-kh.org/books?book=84&page=266",
      "text": "អតីត ខន្ធាតិកថា",
      "detail": "<p class=\"BCenter\">អតីត ខន្ធា​តិក​ថា</p>\n<br><span class=\"IncreaseIndent\">&nbsp;</span>[៣៨៩] ខន្ធ​ទាំងឡាយ​ជា​អតីត​ឬ។ អើ។ អតីត​មាន​ឬ។ អ្នក​មិន​គួរ​ពោល​យ៉ាងនេះ​ទេ។បេ។ អាយតនៈ​ជា​អតីត​ឬ។ អើ។ អតីត​មាន​ឬ។ អ្នក​មិន​គួរ​ពោល​យ៉ាងនេះ​ទេ។បេ។ ធាតុ​ជា​អតីត​ឬ។ អើ។ អតីត​មាន​ឬ។ អ្នក​មិន​គួរ​ពោល​យ៉ាងនេះ​ទេ។បេ។ ខន្ធ ធាតុ អាយតនៈ ជា​អតីត​ឬ។ អើ។ អតីត​មាន​ឬ។ អ្នក​មិន​គួរ​ពោល​យ៉ាងនេះ​ទេ។បេ។\n<br><span class=\"IncreaseIndent\">&nbsp;</span>[៣៩០] ខន្ធ​ទាំងឡាយ​ជា​អនាគត​ឬ។ អើ។ អនាគត​មាន​ឬ។ អ្នក​មិន​គួរ​ពោល​យ៉ាងនេះ​ទេ។បេ។ អាយតនៈ​ជា​អនាគត​ឬ។ អើ។ អនាគត​មាន​ឬ។ អ្នក​មិន​គួរ​ពោល​យ៉ាងនេះ​ទេ។បេ។ ធាតុ​ជា​អនាគត​ឬ។ អើ។ អនាគត​មាន​ឬ។ អ្នក​មិន​គួរ​ពោល​យ៉ាងនេះ​ទេ។បេ។ ខន្ធ ធាតុ អាយតនៈ ជា​អនាគត​ឬ។ អើ។ អនាគត​មាន​ឬ។ អ្នក​មិន​គួរ​ពោល​យ៉ាងនេះ​ទេ។បេ។\n<br><span class=\"IncreaseIndent\">&nbsp;</span>[៣៩១] ខន្ធ​ទាំងឡាយ​ជា​បច្ចុប្បន្ន បច្ចុប្បន្ន​មាន​ឬ។"
    },
    {
      "header": "អភិធម្មបិដក\nកថាវត្ថុ  បឋមភាគ\nមហាបណ្ណាសកៈ\n\nមហាវគ្គ",
      "href": "http://ti-kh.org/books?book=84&page=275",
      "text": "ឯកច្ចមត្ថីតិកថា",
      "detail": "នេះ​ហៅថា រូបក្ខន្ធ វេទនា​ណាមួយ។បេ។ សញ្ញា​ណាមួយ។បេ។ សង្ខារ​ទាំងឡាយ​ណាមួយ។បេ។ វិញ្ញាណ​ណាមួយ ជា​អតីត អនាគត និង​បច្ចុប្បន្ន។បេ។ នេះ​ហៅថា វិញ្ញាណក្ខន្ធ ពាក្យ​ដូច្នេះ មាន​ក្នុង​ព្រះ​សូត្រ​ឬ។ អើ។ ញ្រោះ​ហេតុ​នោះ អ្នក​មិន​គួរ​ពោល​ថា ខន្ធ ធាតុ អាយតនៈ​ទាំងនេះ ជា​អតីត អនាគត មិន​មាន ដូច្នេះ​ឡើយ។\n<br><p class=\"PCenter\">ចប់ អតីត ខន្ធា​តិក​ថា។</p>\n<br><p class=\"BCenter\">ឯក​ច្ច​មត្ថី​តិក​ថា</p>\n<br><span class=\"IncreaseIndent\">&nbsp;</span>[៤០៨] អតីត​មាន​ឬ។ មាន​ខ្លះ មិន​មាន​ខ្លះ។ អតីត រលត់​ខ្លះ មិន​រលត់​ខ្លះ ទៅ​ប្រាស​ខ្លះ មិនទៅ​ប្រាស​ខ្លះ វិនាស​ខ្លះ មិន​វិនាស​ខ្លះ សូន្យ​ខ្លះ មិន​សូន្យ​ខ្លះ​ឬ។ អ្នក​មិន​គួរ​ពោល​យ៉ាងនេះ​ទេ។បេ។\n<br><span class=\"IncreaseIndent\">&nbsp;</span>[៤០៩] អតីត​មាន​ខ្លះ មិន​មាន​ខ្លះ​ឬ។ អើ។ ធម៌​ទាំងឡាយ មាន​វិបាក មិនទាន់​ចាស់ ជា​អតីត មាន​ខ្លះ មិន​មាន​ខ្លះ​ឬ។ អ្នក​មិន​គួរ​ពោល​យ៉ាងនេះ​ទេ។បេ។"
    },
    {
      "header": "អភិធម្មបិដក\nកថាវត្ថុ  បឋមភាគ\nមហាបណ្ណាសកៈ\n\nមហាវគ្គ",
      "href": "http://ti-kh.org/books?book=84&page=282",
      "text": "សតិប្បដ្ឋានកថា",
      "detail": "ធម៌​ទាំងនោះ មិន​មាន ព្រោះ​អាង​ថា ធម៌​ទាំងឡាយ ជា​បច្ចុប្បន្ន នឹង​រលត់​ឬ។ អ្នក​មិន​គួរ​ពោល​យ៉ាងនេះ​ទេ។បេ។\n<br><p class=\"PCenter\">ចប់ ឯក​ច្ច​មត្ថី​តិក​ថា។</p>\n<br><p class=\"BCenter\">សតិ​ប្ប​ដ្ឋាន​កថា</p>\n<br><span class=\"IncreaseIndent\">&nbsp;</span>[៤២៦] ធម៌​ទាំងអស់ ឈ្មោះថា សតិ​ប្ប​ដ្ឋាន​ឬ។ អើ។ ធម៌​ទាំងអស់ ឈ្មោះថា សតិ សតិន្រ្ទិយ សតិ​ពលៈ សម្មាសតិ សតិ​សម្ពោ​ជ្ឈង្គ ដែល​ជា​ផ្លូវ ជាទី​ទៅ​នៃ​បុគ្គល​ម្នាក់ ដល់​នូវ​ការ​អស់​ទៅ ដល់​នូវ​ការ​ត្រាស់​ដឹង ដល់​នូវ​ការ​មិន​សន្សំ​កពូន​ឡើង មិន​មាន​អាសវៈ មិនជា​ប្រយោជន៍​ដល់​សញ្ញោជនៈ ជា​ធម៌​ដែល​គន្ថៈ មិន​គប្បី​ដោត​ក្រង ដែល​ឱឃៈ​មិន​គប្បី​ប្រព្រឹត្ត​កន្លង ដែល​យោ​គៈ​មិន​គប្បី​ប្រព្រឹត្ត​កន្លង មិនជា​ប្រយោជន៍​ដល់​នី​វរ​ណៈ ជា​ធម៌​ដែល​បរា​មា​សៈ​មិន​ស្ទាបអង្អែល មិនជា​ប្រយោជន៍​ដល់​ឧបាទាន មិន​គួរ​ដល់​សេចក្តី​សៅហ្មង ធម៌​ទាំងអស់​ឈ្មោះថា ពុទ្ធានុស្សតិ ធម្មា​នុស្ស​តិ សង្ឃានុស្សតិ សីលានុស្សតិ ចា​គា​នុស្ស​តិ ទេ​វតានុស្ស​តិ អា​នា​បាន​ស្ស​តិ មរ​ណា​នុស្ស​តិ កាយគតាសតិ ឧប​សមានុ​ស្ស​តិ​ឬ។ អ្នក​មិន​គួរ​ពោល​យ៉ាងនេះ​ទេ។បេ។"
    },
    {
      "header": "អភិធម្មបិដក\nកថាវត្ថុ  បឋមភាគ\nមហាបណ្ណាសកៈ\n\nមហាវគ្គ",
      "href": "http://ti-kh.org/books?book=84&page=289",
      "text": "ហេវត្ថីតិកថា",
      "detail": "<p class=\"BCenter\">ហេ​វត្ថី​តិក​ថា</p>\n<br><span class=\"IncreaseIndent\">&nbsp;</span>[៤៣៧] អតីត​មាន​ឬ។ អតីត​មាន​យ៉ាងនេះ មិន​មាន​យ៉ាងនេះ។ អតីត​នោះ​មាន អតីត​នោះ​ឯង ឈ្មោះថា មិន​មាន​ឬ។ អ្នក​មិន​គួរ​ពោល​យ៉ាងនេះ​ទេ។បេ។ អតីត​នោះ​មាន អតីត​នោះ​ឯង ឈ្មោះថា មិន​មាន​ឬ។ អើ។ អត្ថ​ថា​មាន ឈ្មោះ​អត្ថ​ថា មិន​មាន អត្ថ​ថា​មិន​មាន ឈ្មោះ​អត្ថ​ថា​មាន ភាព​មាន ឈ្មោះថា ភាព​មិន​មាន ភាព​មិន​មាន ឈ្មោះថា ភាព​មាន ពាក្យ​ថា មាន​ក្តី ថា​មិន​មាន​ក្តី ឬថា​មិន​មាន​ក្តី ថា​មាន​ក្តី សភាវៈ​ទាំងនេះ មាន​អត្ថ​តែមួយ​ស្មើគ្នា មាន​ចំណែក​ស្មើគ្នា មានកំណើត​ជាមួយគ្នា​ឬ។ អ្នក​មិន​គួរ​ពោល​យ៉ាងនេះ​ទេ។បេ។\n<br><span class=\"IncreaseIndent\">&nbsp;</span>[៤៣៨] អនាគត​មាន​ឬ។ អនាគត​មាន​យ៉ាងនេះ មិន​មាន​យ៉ាងនេះ។ អនាគត​នោះ​មាន អនាគត​នោះ​ឯង ឈ្មោះថា មិន​មាន​ឬ។ អ្នក​មិន​គួរ​ពោល​យ៉ាងនេះ​ទេ។បេ។ អនាគត​នោះ​មាន អនាគត​នោះ​ឯង ឈ្មោះថា មិន​មាន​ឬ។ អើ។ អត្ថ​ថា​មាន ឈ្មោះ​អត្ថ​ថា​មិន​មាន អត្ថ​ថា​មិន​មាន ឈ្មោះ​អត្ថ​ថា​មាន ភាព​មាន ឈ្មោះថា​ភាព​មិន​មាន ភាព​មិន​មាន ឈ្មោះថា​ភាព​មាន ពាក្យ​ថា មាន​ក្តី ថា​មិន​មាន​ក្តី ឬថា​មិន​មាន​ក្តី ថា​មាន​ក្តី សភាវៈ​ទាំងនេះ មាន​អត្ថ​តែមួយ​ស្មើគ្នា មាន​ចំណែក​ស្មើគ្នា មានកំណើត​ជាមួយគ្នា​ឬ។ អ្នក​មិន​គួរ​ពោល​យ៉ាងនេះ​ទេ។បេ។"
    }
  ]
}