{
  "title": "ភាគ ៤១",
  "imageSrc": "photos/Book_41.jpg",
  "href": "http://ti-kh.org/books?book=41",
  "contents": [
    {
      "header": "អង្គុត្តរនិកាយ  តិកនិបាត\nទុតិយភាគ",
      "href": "http://ti-kh.org/books?book=41&page=1",
      "text": "បឋមបណ្ណាសក \tពាលវគ្គ",
      "detail": "<div style=\"text-align: center\"><p class=\"BCenter\">សុត្តន្ត​បិដក​ ​\n<br>​អង្គុត្តរ​និកាយ​ ​តិក​និបាត​ ​\n<br>​ទុតិយភាគ​</p>\n<br>​សូម​នមស្ការ​ព្រះមានព្រះភាគ​ ​អរហន្ត​សម្មាសម្ពុទ្ធ​ព្រះអង្គ​នោះ​។​\n<br><p class=\"BCenter\">​បឋម​បណ្ណា​សក​ ​ពាល​វគ្គ​</p></div><span class=\"IncreaseIndent\">&nbsp;</span>​[​១​]​ ​ខ្ញុំ​បាន​ស្ដាប់​មក​យ៉ាងនេះ​។​ ​សម័យមួយ​ ​ព្រះមានព្រះភាគ​ ​ទ្រង់​សម្រេច​ឥរិយាបថ​ ​ក្នុង​វត្ត​ជេតពន​ ​របស់​អនាថបិណ្ឌិក​គហបតី​ ​ជិត​ក្រុង​សាវត្ថី​។​ ​ព្រះមានព្រះភាគ​ ​ទ្រង់​ត្រាស់​ហៅ​ភិក្ខុ​ទាំងឡាយ​ ​ក្នុង​ទីនោះ​ថា​ ​ម្នាល​ភិក្ខុ​ទាំងឡាយ​។​ ​ពួក​ភិក្ខុ​ទាំងនោះ​ ​ទទួល​តប​ព្រះពុទ្ធដីកា​ ​របស់​ព្រះមានព្រះភាគ​ថា​ ​ព្រះករុណា​ ​ព្រះអង្គ​។​ ​ព្រះមានព្រះភាគ​ ​ទ្រង់​ត្រាស់​យ៉ាងនេះ​ថា​ ​ម្នាល​ភិក្ខុ​ទាំងឡាយ​ ​ភ័យ​ទាំងឡាយ​ណាមួយ​ ​កើតឡើង​ ​ភ័យ​ទាំងអស់​នោះ​ ​តែង​កើតអំពី​ជនពាល​ ​មិនមែន​កើតអំពី​បណ្ឌិត​ទេ​ ​ឧបទ្រព​ ​(​ចង្រៃ​)​ ​ទាំងឡាយ​ណាមួយ​កើតឡើង​ ​ឧបទ្រព​ទាំងអស់​នោះ​ ​តែង​កើតឡើង​អំពី​ជនពាល​ ​មិនមែន​កើតអំពី​បណ្ឌិត​ទេ​ ​ឧបស័គ្គ​ ​(​សេចក្ដី​ទើសទាក់​)​ ​ទាំងឡាយ​ណាមួយ​ ​កើតឡើង​ ​ឧបស័គ្គ​ទាំងអស់​នោះ​ ​តែង​កើតឡើង​អំពី​ជនពាល​ ​មិនមែន​កើតអំពី​បណ្ឌិត​ឡើយ​។​ ​"
    },
    {
      "header": "អង្គុត្តរនិកាយ  តិកនិបាត\nទុតិយភាគ",
      "href": "http://ti-kh.org/books?book=41&page=13",
      "text": "រថការវគ្គ",
      "detail": "<p class=\"BCenter\">​រថការ​វគ្គ​</p>\n<br>​<span class=\"IncreaseIndent\">&nbsp;</span>[​១១​]​ ​ម្នាល​ភិក្ខុ​ទាំងឡាយ​ ​ភិក្ខុ​មាន​កេរ្ដិ៍​ឈ្មោះ​ ​ប្រកបដោយ​ធម៌​ ​៣យ៉ាង​ជា​អ្នកប្រតិបត្តិ​ ​ដើម្បី​មិនជា​គុណ​ ​ដល់​ជន​ច្រើន​ ​ដើម្បី​មិនជា​សុខ​ ​ដល់​ជន​ច្រើន​ ​ដើម្បី​មិនជា​ប្រយោជន៍​ ​ដល់​ជន​ច្រើន​ ​ដើម្បី​មិនជា​គុណ​ ​ដើម្បី​ជា​ទុក្ខ​ ​ដល់​ទេវតា​ ​និង​មនុស្ស​ទាំងឡាយ​។​ ​ធម៌៣​ ​យ៉ាង​ ​តើ​ដូចម្ដេច​។​ ​គឺ​ភិក្ខុ​បបួល​អ្នកផង​ក្នុង​កាយ​កម្ម​ ​ដែល​មិន​សមគួរ​ ​១​ ​បបួល​ក្នុង​វចីកម្ម​ ​ដែល​មិន​សមគួរ​ ​១​ ​បបួល​ក្នុង​ធម៌​ទាំងឡាយ<sup>​(​១​)</sup>​ ​ដែល​មិន​សមគួរ១​។​ ​ម្នាល​ភិក្ខុ​ទាំងឡាយ​ ​ភិក្ខុ​មាន​កេរ្ដិ៍​ឈ្មោះ​ ​ប្រកបដោយ​ធម៌៣​ ​នេះឯង​ ​រមែង​ប្រតិបត្តិ​ ​ដើម្បី​មិនជា​គុណ​ ​ដល់​ជន​ច្រើន​ ​ដើម្បី​មិនជា​សុខ​ ​ដល់​ជន​ច្រើន​ ​ដើម្បី​មិនជា​ប្រយោជន៍​ ​ដល់​ជន​ច្រើន​ ​ដើម្បី​មិនជា​គុណ​ ​ដើម្បី​ជា​ទុក្ខ​ ​ដល់​ទេវតា​ ​និង​មនុស្ស​ទាំងឡាយ​។​ ​ម្នាល​ភិក្ខុ​ទាំងឡាយ​ ​ភិក្ខុ​មាន​កេរ្តិ៍ឈ្មោះ​ ​ប្រកបដោយ​ធម៌​ ​៣យ៉ាង​ ​ជា​អ្នកប្រតិបត្តិ​ ​ដើម្បី​ជា​គុណ​ ​ដល់​ជន​ច្រើន​ ​ដើម្បី​សេចក្ដីសុខ​ ​ដល់​ជន​ច្រើន​ ​ដើម្បី​ជា​ប្រយោជន៍​ ​ដល់​ជន​ច្រើន​ ​ដើម្បី​ជា​គុណ​ ​ដើម្បី​សេចក្ដីសុខ​ ​ដល់​ទេវតា​ ​និង​មនុស្ស​ទាំងឡាយ​។​ ​ធម៌៣យ៉ាង​ ​តើ​ដូចម្ដេច​។​ ​គឺ​ភិក្ខុ​បបួល​អ្នកផង​ ​ក្នុង​កាយ​កម្ម​ ​ដែល​សមគួរ​ ​១​ ​បបួល​ក្នុង​វចីកម្ម​ ​ដែល​សមគួរ​ ​១​ ​បបួល​ក្នុង​ធម៌​ទាំងឡាយ​ ​ដែល​សមគួរ​ ​១​។​ ​<hr><div style=\"font-size: 14px\">​(​១​)​ ​សំដៅយក​មនោ​កម្ម​។​ ​(​អដ្ឋកថា​)​។​</div>"
    },
    {
      "header": "អង្គុត្តរនិកាយ  តិកនិបាត\nទុតិយភាគ",
      "href": "http://ti-kh.org/books?book=41&page=41",
      "text": "បុគ្គលវគ្គ",
      "detail": "<p class=\"BCenter\">​បុគ្គល​វគ្គ​</p>\n<br>​<span class=\"IncreaseIndent\">&nbsp;</span>[​២១​]​ ​សម័យមួយ​ ​ព្រះមានព្រះភាគ​ ​ទ្រង់​គង់នៅ​ក្នុង​វត្ត​ជេតពន​ ​របស់​អនាថបិណ្ឌិក​សេដ្ឋី​ ​ទៀប​ក្រុង​សាវត្ថី​។​ ​គ្រានោះ​ឯង​ ​ព្រះ​សវិ​ដ្ឋៈ​ដ៏​មាន​អាយុ​ ​និង​ព្រះ​មហា​កោ​ដិ្ឋ​តៈ​ ​ដ៏​មាន​អាយុ​ ​ចូល​ទៅ​រក​ព្រះ​សារីបុត្ត​ដ៏​មាន​អាយុ​ ​លុះ​ចូល​ទៅដល់​ហើយ​ ​ក៏​ពោល​ពាក្យ​រាក់ទាក់​ ​ជាមួយនឹង​ព្រះ​សារីបុត្ត​ដ៏​មាន​អាយុ​ ​លុះ​បញ្ចប់​ពាក្យ​ ​ដែល​គួរ​រីករាយ​ ​និង​ពាក្យ​ដែល​គួរ​រលឹក​ហើយ​ ​ក៏​អង្គុយ​ក្នុង​ទី​ដ៏​សមគួរ​។​ ​លុះ​ព្រះ​សេ​វិ​ដ្ឋៈ​ដ៏​មាន​អាយុ​ ​អង្គុយ​ក្នុង​ទី​ដ៏​សមគួរ​រួចហើយ​ ​ព្រះ​សារីបុត្ត​ដ៏​មាន​អាយុ​ ​បាន​ពោល​ដូច្នេះ​ថា​ ​ម្នាល​អាវុសោ​ ​សវិ​ដ្ឋៈ​ ​បុគ្គល​ ​៣​ ​ពួក​នេះ​ ​រមែង​មាននៅ​ក្នុង​លោក​។​ ​បុគ្គល​ ​៣ពួក​ ​តើ​ដូចម្ដេច​។​ ​គឺ​កា​យស​ក្ខិ​ ​(​មាន​កាយ​ជា​បន្ទាល់​)​ ​១​ ​ទិដ្ឋិ​ប្ប​ត្ត​ ​(​ដល់​ដោយ​ទិដ្ឋិ​ ​គឺ​បញ្ញា​)​ ​១​ ​សទ្ធា​វិមុត្ត​ ​(​រួចចាក​កិលេស​ដោយ​សទ្ធា​)​ ​១​។​ ​ម្នាល​អាវុសោ​ ​បុគ្គល៣​ ​ពួក​នេះឯង​ ​រមែង​មាននៅ​ក្នុង​លោក​។​ ​ម្នាល​អាវុសោ​ ​បណ្ដា​បុគ្គល​ ​ទាំង៣​ ​ពួក​នេះ​ ​បុគ្គល​ដូចម្ដេច​ ​ដែល​ល្អ​ជាង​និង​ឧត្ដម​ជាង​ ​ដែល​គាប់ចិត្ត​លោក​។​ ​ម្នាល​អាវុសោ​សារីបុត្ត​ ​បុគ្គល៣​​ពួក​នេះ​ ​រមែង​មាននៅ​ក្នុង​លោក​។​ ​បុគ្គល៣ពួក​ ​តើ​ដូចម្ដេច​។​ ​"
    },
    {
      "header": "អង្គុត្តរនិកាយ  តិកនិបាត\nទុតិយភាគ",
      "href": "http://ti-kh.org/books?book=41&page=77",
      "text": "ទេវទូតវគ្គ",
      "detail": "<p class=\"BCenter\">​ទេវទូត​វគ្គ​</p>\n<br>​<span class=\"IncreaseIndent\">&nbsp;</span>[​៣១​]​ ​ម្នាល​ភិក្ខុ​ទាំងឡាយ​ ​កូន​របស់​ត្រកូល​ទាំងឡាយ​ណា​ ​បាន​បូជា​មាតាបិតា​ ​ក្នុង​ផ្ទះ​របស់​ខ្លួន​ ​ត្រកូល​ទាំងនោះ​ ​ឈ្មោះថា​ ​ប្រកបដោយ​ព្រហ្ម​ ​ម្នាល​ភិក្ខុ​ទាំងឡាយ​ ​កូន​របស់​ត្រកូល​ទាំងឡាយ​ណា​ ​បាន​បូជា​មាតាបិតា​ ​ក្នុង​ផ្ទះ​របស់​ខ្លួន​ ​ត្រកូល​ទាំងនោះ​ ​ឈ្មោះថា​ ​ប្រកបដោយ​បុព្វាចារ្យ​ ​(​អាចារ្យ​ដើម​)​ ​ម្នាល​ភិក្ខុ​ទាំងឡាយ​ ​កូន​របស់​ត្រកូល​ទាំងឡាយ​ណា​ ​បាន​បូជា​មាតាបិតា​ ​ក្នុង​ផ្ទះ​របស់​ខ្លួន​ ​ត្រកូល​ទាំងនោះ​ ​ឈ្មោះថា​ ​ប្រកបដោយ​អា​ហុនេ​យ្យ​ ​(​អ្នក​គួរ​ទទួល​របស់​ ​ដែល​កូនប្រុស​ស្រី​បូជា​)​។​ ​ម្នាល​ភិក្ខុ​ទាំងឡាយ​ ​ពាក្យ​ថា​ ​ព្រហ្ម​នុ៎ះ​ ​ជា​ឈ្មោះ​មាតាបិតា​ ​ម្នាល​ភិក្ខុ​ទាំងឡាយ​ ​ពាក្យ​ថា​ ​បុព្វាចារ្យ​នុ៎ះ​ ​ជា​ឈ្មោះ​មាតាបិតា​ ​ម្នាល​ភិក្ខុ​ទាំងឡាយ​ ​ពាក្យ​ថា​ ​អា​ហុនេ​យ្យ​នុ៎ះ​ ​ជា​ឈ្មោះ​មាតាបិតា​។​ ​ដំណើរ​នោះ​ ​ព្រោះ​ហេតុអ្វី​។​ ​ម្នាល​ភិក្ខុ​ទាំងឡាយ​ ​ព្រោះ​មាតាបិតា​ ​ជា​អ្នកមាន​ឧបការៈ​ច្រើន​ ​ជា​អ្នក​បីបាច់​ ​រក្សា​ចិញ្ចឹម​កូន​ ​ជា​អ្នកឲ្យ​កូន​បានឃើញ​លោក​នេះ​។​ ​\n<br><div class=\"ContentTab\">​មាតាបិតា​ ​លោក​ហៅថា​ ​ព្រហ្ម​ផង​ ​ថា​ ​បុព្វាចារ្យ​ផង​ ​ថា​ ​អា​ហុនេ​យ្យ​ផង​ ​របស់​កូន​ទាំងឡាយ​ ​ព្រោះ​ជា​អ្នក​អនុគ្រោះ​ ​នូវ​ពពួកសត្វ​។​</div>"
    },
    {
      "header": "អង្គុត្តរនិកាយ  តិកនិបាត\nទុតិយភាគ",
      "href": "http://ti-kh.org/books?book=41&page=120",
      "text": "ចូឡវគ្គ",
      "detail": "<p class=\"BCenter\">​ចូឡ​វគ្គ​</p>\n<br>​<span class=\"IncreaseIndent\">&nbsp;</span>[​៤២​]​ ​ម្នាល​ភិក្ខុ​ទាំងឡាយ​ ​កុលបុត្រ​មាន​សទ្ធា​ ​រមែង​បានបុណ្យ​ច្រើន​ ​ព្រោះ​មាន​របស់​ ​៣​ ​ក្នុង​ទី​ចំពោះមុខ​។​ ​របស់​ ​៣​ ​តើ​ដូចម្ដេច​។​ ​ម្នាល​ភិក្ខុ​ទាំងឡាយ​ ​កុលបុត្រ​មាន​សទ្ធា​ ​រមែង​បានបុណ្យ​ច្រើន​ ​ព្រោះ​មាន​សទ្ធា​ ​ក្នុង​ទី​ចំពោះមុខ​ ​១​។​ ​ម្នាល​ភិក្ខុ​ទាំងឡាយ​ ​កុលបុត្រ​មាន​សទ្ធា​ ​រមែង​បានបុណ្យ​ច្រើន​ ​ព្រោះ​មាន​ទេយ្យធម៌​ ​ក្នុង​ទី​ចំពោះមុខ​ ​១​។​ ​ម្នាល​ភិក្ខុ​ទាំងឡាយ​ ​កុលបុត្រ​មាន​សទ្ធា​ ​រមែង​បានបុណ្យ​ច្រើន​ ​ព្រោះ​មាន​ទក្ខិណេយ្យ​បុគ្គល​ ​ក្នុង​ទី​ចំពោះមុខ​ ​១​។​ ​ម្នាល​ភិក្ខុ​ទាំងឡាយ​ ​កុលបុត្រ​មាន​សទ្ធា​ ​តែង​បានបុណ្យ​ច្រើន​ ​ព្រោះ​មាន​របស់៣នេះឯង​ ​ក្នុង​ទី​ចំពោះមុខ​។​ ​\n<br>​<span class=\"IncreaseIndent\">&nbsp;</span>[​៤៣​]​ ​ម្នាល​ភិក្ខុ​ទាំងឡាយ​ ​បុគ្គល​មាន​សទ្ធា​ជ្រះថ្លា​ ​បណ្ឌិត​ត្រូវ​ដឹង​ដោយហេតុ៣យ៉ាង​។​ ​ហេតុ៣​ ​យ៉ាង​ ​គឺ​អ្វីខ្លះ​។​ ​គឺ​បុគ្គល​នោះ​ ​ចង់​ឃើញ​បុគ្គល​មាន​សីល​ ​១​ ​ចង់​ស្ដាប់​ព្រះ​សទ្ធម្ម​ ​១​ ​មានចិត្ត​ប្រាសចាក​សេចក្ដី​កំណាញ់​ជា​មន្ទិល​ ​នៅ​គ្រប់គ្រង​ផ្ទះ​ ​មានការ​លះ​រួចហើយ​ ​មានដៃ​លាង​ហើយ​ ​ត្រេកអរ​ ​ក្នុង​ការ​លះ​ ​ជា​អ្នក​គួរ​ដល់​ស្មូម​ ​ជា​អ្នក​ត្រេកអរ​ ​ក្នុង​ការ​ឲ្យ​ ​និង​ការចែក​រំលែក១​។​ ​ម្នាល​ភិក្ខុ​ទាំងឡាយ​ ​បុគ្គល​មាន​សទ្ធា​ជ្រះថ្លា​ ​បណ្ឌិត​ត្រូវ​ដឹង​ ​ដោយហេតុ៣​ ​យ៉ាងនេះ​។"
    },
    {
      "header": "អង្គុត្តរនិកាយ  តិកនិបាត\nទុតិយភាគ",
      "href": "http://ti-kh.org/books?book=41&page=132",
      "text": "ទុតិយបណ្ណាសក \tព្រាហ្មណវគ្គ",
      "detail": "<p class=\"BCenter\">​ទុ​តិ​យ​បណ្ណា​សក​\n<br>​ព្រាហ្មណ​វគ្គ​</p>\n<br>​<span class=\"IncreaseIndent\">&nbsp;</span>[​៥៣​]​ ​សម័យមួយ​ ​ព្រះ​ដ៏​មាន​ព្រះ​ភាគ​ ​ទ្រង់​គង់នៅ​វត្ត​ជេតពន​ ​របស់​អនាថបិណ្ឌិក​សេដ្ឋី​ ​ទៀប​ក្រុង​សាវត្ថី​។​ ​គ្រានោះ​ឯង​ ​មាន​ព្រាហ្មណ៍២​ ​នាក់​ ​ជរា​ ​មាន​វ័យ​ចំរើន​ ​ចាស់​ ​មាន​វ័យ​កន្លង​ ​ចូល​ដល់​បច្ឆិមវ័យ​ ​តាំងពី​កើតមក​បាន​ ​១២០​ ​ឆ្នាំ​ហើយ​ ​ចូល​ទៅ​គាល់​ព្រះ​ដ៏​មាន​ព្រះ​ភាគ​ ​លុះ​ចូល​ទៅដល់​ហើយ​ ​ក៏​ពោល​រាក់ទាក់​ ​ជាមួយនឹង​ព្រះ​ដ៏​មាន​ព្រះ​ភាគ​ ​លុះ​បញ្ចប់​ពាក្យ​ ​ដែល​គួរ​រាក់ទាក់​ ​និង​ពាក្យ​គួរ​ឭក​ហើយ​ ​ក៏​អង្គុយ​ក្នុង​ទី​ដ៏​សមគួរ​។​ ​លុះ​ព្រាហ្មណ៍​ទាំងនោះ​ ​អង្គុយ​ក្នុង​ទី​ដ៏​សមគួរ​ហើយ​ ​បាន​ទូល​ព្រះ​ដ៏​មាន​ព្រះ​ភាគ​ ​យ៉ាងនេះ​ថា​ ​បពិត្រ​ព្រះ​គោតម​ដ៏​ចំរើន​ ​យើងខ្ញុំ​ជា​ព្រាហ្មណ៍​ ​ជរា​ ​មាន​វ័យ​ចំរើន​ហើយ​ ​ចាស់​ ​កន្លង​វ័យ​ចូល​ដល់​បច្ឆិមវ័យ​តាំងពី​កើតមក​បាន​ ​១២០​ ​ឆ្នាំ​ហើយ​ ​តែ​យើងខ្ញុំ​ទាំងនោះ​ ​មិនបាន​ធ្វើ​សេចក្ដីល្អ​ ​មិនបាន​ធ្វើកុសល​ ​មិនបាន​ធ្វើ​ទីពឹង​ ​ដើម្បី​ការពារ​ភ័យ​ ​សូម​ព្រះ​គោតម​ដ៏​ចំរើន​ ​ទូន្មាន​យើងខ្ញុំ​ ​សូម​ព្រះ​គោតម​ដ៏​ចំរើន​ ​ប្រៀនប្រដៅ​ពួក​យើងខ្ញុំ​ ​ដើម្បី​ប្រយោជន៍​ ​ដើម្បី​សុខ​ ​ដល់​យើងខ្ញុំ​ ​អស់​កាលយូរ​។​ ​"
    },
    {
      "header": "អង្គុត្តរនិកាយ  តិកនិបាត\nទុតិយភាគ",
      "href": "http://ti-kh.org/books?book=41&page=179",
      "text": "មហាវគ្គ",
      "detail": "<p class=\"BCenter\">​មហាវគ្គ​</p>\n<br>​<span class=\"IncreaseIndent\">&nbsp;</span>[​៦៣​]​ ​ម្នាល​ភិក្ខុ​ទាំងឡាយ​ ​លទ្ធិ​នៃ​តិរ្ថិយ​ ​មាន៣​ ​យ៉ាងដែល​ពួក​បណ្ឌិត​សាក​សួរ​រឿយ​ៗ​ ​ដេញ​ដោល​រឿយ​ៗ​ ​ប្រដៅ​រឿយ​ៗ​ ​ប្រព្រឹត្តទៅ​តាម​នូវ​បរម្បរា​ចារ្យ​ ​ហើយ​តាំងនៅ​ក្នុង​អកិរិយ​មតិ​។​ ​លទ្ធិ​នៃ​តិរ្ថិយ​ ​៣យ៉ាង​ ​តើ​ដូចម្ដេច​។​ ​ម្នាល​ភិក្ខុ​ទាំងឡាយ​ ​សមណព្រាហ្មណ៍​មួយ​ពួក​ ​មាន​វាទៈ​យ៉ាងនេះ​ ​មាន​ទិដ្ឋិ​យ៉ាងនេះ​ថា​ ​បុរស​បុគ្គល​នេះ​ ​ទទួល​នូវ​អារម្មណ៍​ណាមួយ​ ​ជា​សុខ​ ​ឬ​ជា​ទុក្ខ​ ​ឬមិន​មែន​ទុក្ខ​ ​មិនមែន​សុខ​ ​អារម្មណ៍​ទាំងអស់​នោះ​ ​(​ដែល​បុគ្គល​បាន​ទទួល​ហើយ​ ​)​ ​ព្រោះហេតុតែ​អំពើ​ដែលគេ​បាន​ធ្វើ​ហើយ​ ​ក្នុង​កាលមុន​។​ ​ម្នាល​ភិក្ខុ​ទាំងឡាយ​ ​សមណព្រាហ្មណ៍​មួយ​ពួក​ ​មាន​វាទៈ​យ៉ាងនេះ​ ​មាន​ទិដ្ឋិ​ ​យ៉ាងនេះ​ ​ថា​ ​បុរស​បុគ្គល​នេះ​ ​ទទួល​នូវ​អារម្មណ៍​ណាមួយ​ ​ជា​សុខ​ ​ឬ​ជា​ទុក្ខ​ ​ឬមិន​មែន​ទុក្ខ​ ​មិនមែន​សុខ​ ​អារម្មណ៍​ទាំងអស់​នោះ​ ​(​ដែល​បុគ្គល​ទទួល​ហើយ​ ​)​ ​ព្រោះហេតុតែ​ព្រះឥសូរ​បាន​តាក់តែង​មក​ ​ម្នាល​ភិក្ខុ​ទាំងឡាយ​ ​សមណព្រាហ្មណ៍​មួយ​ពួក​ ​មាន​វាទៈ​យ៉ាងនេះ​ ​មាន​ទិដ្ឋិ​យ៉ាងនេះ​ថា​ ​បុរស​បុគ្គល​នេះ​ ​ទទួល​នូវ​អារម្មណ៍​ណាមួយ​ ​ជា​សុខ​ ​ឬ​ជា​ទុក្ខ​ ​ឬមិន​មែន​ទុក្ខ​ ​មិនមែន​សុខ​ ​អារម្មណ៍​ទាំងអស់​នោះ​ ​(​ដែល​បុគ្គល​បាន​ទទួល​ហើយ​)​ ​ព្រោះ​មិន​មានហេតុ​ ​មិន​មាន​បច្ច័យ​។​ ​"
    },
    {
      "header": "អង្គុត្តរនិកាយ  តិកនិបាត\nទុតិយភាគ",
      "href": "http://ti-kh.org/books?book=41&page=285",
      "text": "អានន្ទវគ្គ",
      "detail": "<p class=\"BCenter\">​អានន្ទ​វគ្គ​</p>\n<br>​<span class=\"IncreaseIndent\">&nbsp;</span>[​៧៣​]​ ​សម័យមួយ​ ​ព្រះ​ដ៏​មាន​ព្រះ​ភាគ​ ​ទ្រង់​គង់នៅ​ក្នុង​វត្ត​ជេតពន​ ​របស់​អនាថបិណ្ឌិក​សេដ្ឋី​ ​ជិត​ក្រុង​សាវត្ថី​។​ ​គ្រានោះ​ ​ឆ​ន្ន​បរិ​ព្វា​ជ​ក​ ​ចូល​ទៅ​រក​ព្រះ​អានន្ទ​ដ៏​មាន​អាយុ​ ​លុះ​ចូល​ទៅដល់​ហើយ​ ​ក៏​ពោល​រាក់ទាក់​ ​ជាមួយនឹង​ព្រះ​ ​អានន្ទ​ដ៏​មាន​អាយុ​ ​លុះ​បញ្ចប់​ពាក្យ​ ​ដែល​គួរ​រាក់ទាក់​ ​និង​ពាក្យ​គួរ​រលឹក​ហើយ​ ​ក៏​អង្គុយ​ក្នុង​ទីសម​គួរ​។​ ​លុះ​ឆ​ន្ន​បរិ​ព្វា​ជ​ក​ ​អង្គុយ​ក្នុង​ទីសម​គួរ​ហើយ​ ​ក៏​និយាយ​នឹង​ព្រះ​អានន្ទ​ដ៏​មាន​អាយុ​ ​ដូច្នេះ​ថា​ ​នែ​អាវុសោ​អានន្ទ​ ​លោក​បញ្ញត្ត​ការ​លះបង់​រាគៈ​ ​បញ្ញត្ត​ការ​លះបង់​ទោសៈ​ ​បញ្ញត្ត​ការ​លះបង់​មោហៈ​។​ ​ម្នាល​អាវុសោ​ ​យើង​សោត​ ​ក៏​បញ្ញត្ត​ការ​លះបង់​រាគៈ​ ​បញ្ញត្ត​ការ​លះបង់​ទោសៈ​ ​បញ្ញត្ត​ការ​លះបង់​មោហៈ​ដែរ​។​ ​ម្នាល​អាវុសោ​ ​តែថា​លោក​ឃើញ​ទោស​ ​ក្នុង​រាគៈ​ដូចម្ដេច​ ​បាន​ជា​បញ្ញត្ត​ការ​លះបង់​រាគៈ​ ​ឃើញ​ទោស​ ​ក្នុង​មោហៈ​ដូចម្ដេច​ ​បាន​ជា​បញ្ញត្ត​ការ​លះបង់​ទោសៈ​ ​ឃើញ​ទោស​ ​ក្នុង​មោហៈ​ដូចម្ដេច​ ​បាន​ជា​បញ្ញត្ត​ការ​លះបង់​មោហៈ​។​ ​ម្នាល​អាវុសោ​ ​បុគ្គល​អ្នក​ត្រេកត្រអាល​ ​"
    },
    {
      "header": "អង្គុត្តរនិកាយ  តិកនិបាត\nទុតិយភាគ",
      "href": "http://ti-kh.org/books?book=41&page=318",
      "text": "សមណវគ្គ",
      "detail": "<p class=\"BCenter\">​សមណ​វគ្គ​</p>\n<br>​<span class=\"IncreaseIndent\">&nbsp;</span>[​៨៣​]​ ​ម្នាល​ភិក្ខុ​ទាំងឡាយ​ ​សមណកិច្ច​របស់​សមណៈ​នេះ​ ​មាន៣យ៉ាង​។​ ​កិច្ច​ ​៣យ៉ាង​ ​តើ​ដូចម្ដេច​។​ ​គឺ​ការ​សមាទាន​ ​នូវ​អធិសីល​សិក្ខា​ ​១​ ​ការ​សមាទាន​ ​នូវ​អធិចិត្ត​សិក្ខា​ ​១​ ​ការ​សមាទាន​ ​នូវ​អធិប្បញ្ញា​សិក្ខា​ ​១​។​ ​ម្នាល​ភិក្ខុ​ទាំងឡាយ​ ​នេះឯង​ ​ជាស​មណ​កិច្ច​ ​របស់​សមណៈ​ ​៣​ ​យ៉ាង​។​ ​ម្នាល​ភិក្ខុ​ទាំងឡាយ​ ​ព្រោះហេតុនោះ​ ​ក្នុង​សាសនា​នេះ​ ​អ្នក​ទាំងឡាយ​ ​គប្បី​សិក្សា​យ៉ាងនេះ​ថា​ ​យើង​នឹង​មាន​សេចក្ដី​ប៉ុនប៉ង​ឲ្យ​ណាស់​ ​ក្នុង​ការ​សមាទាន​ ​នូវ​អធិសីល​សិក្ខា​ ​យើង​នឹង​មាន​សេចក្ដី​ប៉ុនប៉ង​ឲ្យ​ណាស់​ ​ក្នុង​ការ​សមាទាន​ ​នូវ​អធិចិត្ត​សិក្ខា​ ​យើង​នឹង​មាន​សេចក្តី​ប៉ុនប៉ង​ឲ្យ​ណាស់​ ​ក្នុង​ការ​សមាទាន​ ​នូវ​អធិប្បញ្ញា​សិក្ខា​ ​ម្នាល​ភិក្ខុ​ទាំងឡាយ​ ​អ្នក​ទាំងឡាយ​ ​គប្បី​សិក្សា​យ៉ាងនេះ​ចុះ​។​\n<br><span class=\"IncreaseIndent\">&nbsp;</span>​[​៨៤​]​ ​ម្នាល​ភិក្ខុ​ទាំងឡាយ​ ​ប្រៀប​ដូច​លា​ ​ជាប់​តាម​ហ្វូងគោ​ ​អំ​ពី​ក្រោយ​ៗ​ថា​ ​អញ​ជា​គោ​ដែរ​ ​អញ​ជា​គោ​ដែរ​។​ ​តែ​សម្បុរ​លា​នោះ​ ​មិនមែន​ដូចជា​សម្បុរ​របស់​ពួក​គោ​ទេ​ ​សម្រែក​បែប​លា​នោះ​ ​ក៏​មិន​ដូច​ពួក​គោ​ទេ​ ​ស្នាមជើង​បែប​លា​នោះ​ ​ក៏​មិន​ដូច​ពួក​គោ​ទេ​។​ ​"
    },
    {
      "header": "អង្គុត្តរនិកាយ  តិកនិបាត\nទុតិយភាគ",
      "href": "http://ti-kh.org/books?book=41&page=346",
      "text": "លោណផលវគ្គ",
      "detail": "<p class=\"BCenter\">​លោណ​ផល​វគ្គ​</p>\n<br>​<span class=\"IncreaseIndent\">&nbsp;</span>[​៩៤​]​ ​ម្នាល​ភិក្ខុ​ទាំងឡាយ​ ​ករណីយកិច្ច​ ​ប្រព្រឹត្តទៅ​យ៉ាង​រួសរាន់​ ​របស់​កស្ស​ក​គហបតី​ ​(​គហបតី​អ្នក​ភ្ជួរ​រាស់​)​ ​នេះ​ ​មាន​ ​៣យ៉ាង​។​ ​ករណីយកិច្ច​ ​៣​ ​យ៉ាង​តើ​ដូចម្ដេច​។​ ​ម្នាល​ភិក្ខុ​ទាំងឡាយ​ ​កស្ស​ក​គហបតី​ ​ក្នុង​លោក​នេះ​ ​ភ្ជួរ​រាស់ស្រែ​ឲ្យ​រាប​ ​ឲ្យ​ល្អិតល្អ​ ​យ៉ាង​ប្រញាប់​ ​១​ ​លុះ​ភ្ជួរ​រាស់ស្រែ​ ​រាប​ល្អិតល្អ​ ​យ៉ាង​ប្រញាប់​ហើយ​ ​ក៏​ព្រោះ​ពូជ​យ៉ាង​ប្រញាប់​ ​១​ ​លុះ​ព្រោះ​ពូជ​ ​យ៉ាង​ប្រញាប់​ហើយ​ ​ក៏​បញ្ចូល​ទឹក​ខ្លះ​ ​បញ្ចេញ​ទឹក​ខ្លះ​ ​យ៉ាង​ប្រញាប់​ ​១​។​ ​ម្នាល​ភិក្ខុ​ទាំងឡាយ​ ​ករណីយកិច្ច​ ​យ៉ាង​រួសរាន់​ ​របស់​កស្ស​ក​គហបតី​ ​មាន៣​ ​យ៉ាងនេះ​ឯង​។​ ​ម្នាល​ភិក្ខុ​ទាំងឡាយ​ ​កស្ស​ក​គហបតី​នោះ​ ​មិន​មាន​ឫទ្ធិ​ ​មិន​មាន​អានុភាព​ ​(​បង្គាប់បញ្ជា​)​ ​ស្រូវ​នោះ​ថា​ ​សូមឲ្យ​ស្រូវ​ទាំងឡាយ​ ​របស់​អាត្មាអញ​ ​លូតលាស់​ក្នុងថ្ងៃនេះ​ ​មាន​បង្ហើម​ក្នុង​ថ្ងៃស្អែក​ ​ទុំ​ក្នុង​ថ្ងៃខានស្អែក​ ​ដូច្នេះ​បាន​ឡើយ​ ​ម្នាល​ភិក្ខុ​ទាំងឡាយ​ ​លុះតែ​ដល់​វេលា​ ​ទើប​ស្រូវ​ទាំងនោះ​"
    },
    {
      "header": "អង្គុត្តរនិកាយ  តិកនិបាត\nទុតិយភាគ",
      "href": "http://ti-kh.org/books?book=41&page=390",
      "text": "តតិយបណ្ណាសក \tសម្ពោធិវគ្គ",
      "detail": "<p class=\"BCenter\">​សម្ពោធិ​វគ្គ​</p>\n<br>​<span class=\"IncreaseIndent\">&nbsp;</span>[​១០៥​]​ ​ម្នាល​ភិក្ខុ​ទាំងឡាយ​ ​កាលមុន​នឹង​ត្រាស់​ដឹង​ ​តថាគត​នៅជា​ពោធិសត្វ​ ​មិនទាន់​ត្រាស់​ដឹង​នៅឡើយ​ ​មាន​សេចក្ដី​ត្រិះរិះ​ ​ដូច្នេះ​ថា​ ​អានិសង្ស​ដូចម្ដេច​ ​ទោស​ដូចម្ដេច​ ​ការ​រលាស់ខ្លួន​ចេញ​ ​ដូចម្ដេច​ ​ក្នុង​លោក​។​ ​ម្នាល​ភិក្ខុ​ទាំងឡាយ​ ​តថាគត​នោះ​ ​មាន​សេចក្ដី​ត្រិះរិះ​ ​ដូច្នេះ​ថា​ ​សភាវៈ​ណា​ ​កើតឡើង​ព្រោះ​អាស្រ័យ​សេចក្ដីសុខ​ ​សោមនស្ស​ ​ក្នុង​លោក​ ​សភាវៈ​នេះ​ឈ្មោះថា​ ​ជា​អានិសង្ស​ក្នុង​លោក​ ​សភាវៈ​ណា​ ​មិន​ទៀង​ ​ជា​ទុក្ខ​ ​មាន​សេចក្ដីប្រែ​ប្រួល​ទៅ​ ​ជា​ធម្មតា​ ​សភាវៈ​នេះ​ឈ្មោះថា​ ​ជា​ទោស​ក្នុង​លោក​ ​សភាវៈ​ណា​ ​ជា​គ្រឿង​បន្ទោបង់​ ​នូវ​ឆន្ទ​រាគ​ ​ជា​គ្រឿង​លះបង់​ ​នូវ​ឆន្ទ​រាគ​ ​ក្នុង​លោក​ ​សភាវៈ​នេះ​ឈ្មោះថា​ ​ជា​ការ​រលាស់ខ្លួន​ចេញ​ ​ក្នុង​លោក​។​ ​ម្នាល​ភិក្ខុ​ទាំងឡាយ​ ​តថាគត​ ​នៅ​មិនទាន់​ត្រាស់​ដឹង​ ​តាមពិត​ ​នូវ​អានិសង្ស​ ​ថា​ជា​អានិសង្ស​ផង​ ​នូវ​ទោស​ ​ថា​ជា​ទោស​ផង​ ​នូវ​ការ​រលាស់ខ្លួន​ចេញ​ចាកលោក​ ​ថា​ជា​ការ​រលាស់ខ្លួន​ចេញ​ផង​ ​យ៉ាងនេះ​ ​ត្រឹមណា​"
    },
    {
      "header": "អង្គុត្តរនិកាយ  តិកនិបាត\nទុតិយភាគ",
      "href": "http://ti-kh.org/books?book=41&page=408",
      "text": "អាបាយិកវគ្គ",
      "detail": "<p class=\"BCenter\">​អាបាយិក​វគ្គ​</p>\n<br>​<span class=\"IncreaseIndent\">&nbsp;</span>[​១១៥​]​ ​ម្នាល​ភិក្ខុ​ទាំងឡាយ​ ​បុគ្គល​ ​៣​ ​ពួក​នេះ​ ​តែង​ទៅកាន់​អបាយ​ ​ទៅកាន់​នរក​ ​ព្រោះ​មិន​លះបង់​អំពើអាក្រក់​នេះ​។​ ​បុគ្គល​ ​៣​ ​ពួក​ ​ដូចម្ដេច​ខ្លះ​។​ ​គឺ​បុគ្គល​ណា​ ​មិនមែន​ជា​ព្រហ្មចារ្យ​ ​តែ​ប្ដេជ្ញា​ថា​ ​ខ្លួន​ជា​ព្រហ្មចារ្យ​ ​១​ ​បុគ្គល​ណា​ ​ចោទ​បុគ្គល​ជា​ព្រហ្មចារ្យ​ ​បរិសុទ្ធ​ ​ជា​អ្នក​ប្រព្រឹត្ត​ព្រហ្មចរិយ​ធម៌​ ​ដ៏​បរិសុទ្ធ​ ​ដោយ​អព្រហ្មចរិយ​ធម៌​ ​មិន​មាន​មូល​ ​១​ ​បុគ្គល​ណា​ ​មាន​វាទៈ​យ៉ាងនេះ​ ​មាន​ទិដ្ឋិ​យ៉ាងនេះ​ថា​ ​ទោស​ក្នុង​កាម​ទាំងឡាយ​ ​មិន​មាន​ ​បុគ្គល​នោះ​ ​ក៏​ដល់​នូវ​សេចក្ដីស្រេកឃ្លាន​ ​ក្នុង​កាម​ទាំងឡាយ​ ​១​។​ ​ម្នាល​ភិក្ខុ​ទាំងឡាយ​ ​បុគ្គល​ទាំង៣​ ​ពួក​នេះ​ ​តែង​ទៅកាន់​អបាយ​ ​ទៅកាន់​នរក​ ​ព្រោះ​មិន​លះបង់​អំពើអាក្រក់​នេះ​។​\n<br>​<span class=\"IncreaseIndent\">&nbsp;</span>[​១១៦​]​ ​ម្នាល​ភិក្ខុ​ទាំងឡាយ​ ​សេចក្ដី​កើត​ប្រាកដ​ ​នៃ​បុគ្គល៣​ ​ពួក​ ​រកបាន​ដោយ​ក្រ​ក្នុង​លោក​។​ ​បុគ្គល៣​ ​ពួក​ ​ដូចម្ដេច​ខ្លះ​។​ ​ម្នាល​ភិក្ខុ​ទាំងឡាយ​ ​សេចក្ដី​កើត​ប្រាកដ​ ​នៃ​ព្រះ​តថាគត​ ​អរហន្ត​សម្មា​សម្ពុទ​ ​រកបាន​ដោយ​ក្រ​ក្នុង​លោក​ ​១​ ​បុគ្គល​អ្នក​សំដែង​ធម្មវិន័យ​ ​ដែល​ព្រះ​តថាគត​សំដែង​ហើយ​ ​រកបាន​ដោយ​ក្រ​ក្នុង​លោក​ ​១​ ​បុគ្គល​ជា​កតញ្ញូ​កតវេទី​ ​រកបាន​ដោយ​ក្រ​ក្នុង​លោក​ ​១​។​ ​ម្នាល​ភិក្ខុ​ទាំងឡាយ​ ​ការ​កើត​ប្រាកដ​នៃ​បុគ្គល៣​ ​ពួក​នេះ​ ​រកបាន​ដោយ​ក្រ​ក្នុង​លោក​។​"
    },
    {
      "header": "អង្គុត្តរនិកាយ  តិកនិបាត\nទុតិយភាគ",
      "href": "http://ti-kh.org/books?book=41&page=429",
      "text": "កុសិនារវគ្គ",
      "detail": "<p class=\"BCenter\">កុសិ​នារ​វគ្គ​</p>\n<br>​<span class=\"IncreaseIndent\">&nbsp;</span>[​១២៥​]​ ​សម័យមួយ​ ​ព្រះ​ដ៏​មាន​ព្រះ​ភាគ​ ​ទ្រង់​គង់នៅ​ក្នុង​ដងព្រៃ​ឈ្មោះ​ពលិ​ហរ​ណៈ​<sup>(​១​)</sup>​ ​ជិត​ក្រុង​កុសិនារា​។​ ​ក្នុង​ទីនោះ​ឯង​ ​ព្រះ​ដ៏​មាន​ព្រះ​ភាគ​ ​ទ្រង់​ត្រាស់​ហៅ​ភិក្ខុ​ទាំងឡាយ​ថា​ ​ម្នាល​ភិក្ខុ​ទាំងឡាយ​។​ ​ភិក្ខុ​ទាំងនោះ​ ​ទទួល​ព្រះពុទ្ធដីកា​ ​នៃ​ព្រះ​ដ៏​មាន​ព្រះ​ភាគ​ថា​ ​ព្រះករុណា​ ​ព្រះអង្គ​។​ ​ទើប​ព្រះ​ដ៏​មាន​ព្រះ​ភាគ​ ​ទ្រង់​ត្រាស់​ដូច្នេះ​ថា​ ​ម្នាល​ភិក្ខុ​ទាំងឡាយ​ ​ភិក្ខុ​ក្នុង​សាសនា​នេះ​ ​ចូល​ទៅ​នៅ​អាស្រ័យ​នឹង​ស្រុក​ ​ឬ​និគម​ណាមួយ​។​ ​ឯ​គហបតិ​ ​ឬ​គហបតិ​បុត្រ​ ​ចូល​ទៅ​រក​ភិក្ខុ​នោះ​ ​និមន្ត​ដោយ​ភត្ត​ ​ដើម្បី​ឆាន់​ក្នុង​ថ្ងៃស្អែក​ ​ម្នាល​ភិក្ខុ​ទាំងឡាយ​ ​ភិក្ខុ​ដែល​ចង់​ឆាន់​ ​ក៏​ទទួល​និមន្ត​។​ ​លុះ​កន្លង​រាត្រី​នោះ​ទៅ​ ​ភិក្ខុ​នោះ​ ​ស្លៀក​ស្បង់​ ​ប្រដាប់​បាត្រ​ ​និង​ចីវរ​ ​ក្នុង​វេលា​ព្រឹក​ ​រួច​ចូល​ទៅកាន់​លំនៅ​គហបតី​ ​ឬ​គហបតិ​បុត្រ​នោះ​ ​លុះ​ចូល​ទៅដល់​ហើយ​ ​អង្គុយ​លើ​អាសនៈ​ ​ដែលគេ​ក្រាល​បម្រុងទុក​។​ ​គហបតិ​ ​ឬ​គហបតិ​បុត្រ​នោះ​ ​ក៏​និមន្ត​ភិក្ខុ​នោះ​ ​ឲ្យ​ឆាន់​ឆ្អែត​ស្កប់ស្កល់​ ​ដោយ​ខាទនីយ​ ​ភោជនីយាហារ​ ​ដ៏​ផ្ចិតផ្ចង់​ដោយដៃ​ខ្លួនឯង​។​ ​ភិក្ខុ​នោះ​ ​មាន​សេចក្ដី​ត្រិះរិះ​ ​យ៉ាងនេះ​ថា​ ​ប្រពៃ​ណាស់​ហ្ន៎​ ​<hr><div style=\"font-size: 14px\">​(​១​)​ ​ព្រៃ​ជា​កន្លែង​ដែល​មហាជន​នាំ​គ្រឿងបូជា​ ​ទៅ​បូជា​ពួកភូត​បិសាច​។​ ​អដ្ឋកថា​។​</div>"
    },
    {
      "header": "អង្គុត្តរនិកាយ  តិកនិបាត\nទុតិយភាគ",
      "href": "http://ti-kh.org/books?book=41&page=453",
      "text": "យោធាជីវវគ្គ",
      "detail": "<p class=\"BCenter\">យោធា​ជីវ​វគ្គ​</p>\n<br>​<span class=\"IncreaseIndent\">&nbsp;</span>[​១៣៥​]​ ​ម្នាល​ភិក្ខុ​ទាំងឡាយ​ ​យោធា​ជីវៈ​ ​(​ ​អ្នក​រស់នៅ​ដោយ​ឋានៈ​ជា​ទាហាន​ ​)​ ​ប្រកបដោយ​អង្គ​ ​៣​ ​ទើប​គួរ​ជា​យោធា​ជីវៈ​ ​របស់​ព្រះរាជា​ ​អ្នកបម្រើ​របស់​ព្រះរាជា​ ​ដល់​នូវ​ការរាប់​ថា​ ​ជា​អង្គ<sup>​(​១​)</sup>​ ​របស់​ព្រះរាជា​។​ ​ប្រកបដោយ​អង្គ​ ​៣​ ​តើ​ដូចម្តេច​ខ្លះ​។​ ​ម្នាល​ភិក្ខុ​ទាំងឡាយ​ ​យោធា​ជីវៈ​ ​ក្នុង​លោក​នេះ​ ​ជា​អ្នក​បាញ់​បាន​ឆ្ងាយ​ ​១​ ​ជា​អ្នក​បាញ់​មិន​ខុស​ ​១​ ​ជា​អ្នក​ទំ​លាយ​គំ​នរ​ធំៗ​<sup>(​២​)</sup>​ ​បាន​ ​១​។​ ​ម្នាល​ភិក្ខុ​ទាំងឡាយ​ ​យោធា​ជីវៈ​ ​ប្រកបដោយ​អង្គ​ ​៣​ ​នេះឯង​ ​ទើប​គួរ​ជា​របស់​ព្រះរាជា​ ​ជា​អ្ន​ក​បម្រី​នៃ​ព្រះរាជា​ ​ដល់​នូវ​ការរាប់​ថា​ ​ជា​អង្គ​របស់​ព្រះរាជា​។​ ​ម្នាល​ភិក្ខុ​ទាំងឡាយ​ ​ចំណែក​ភិក្ខុ​ ​ប្រកបដោយ​ធម៌៣​ ​យ៉ាង​ ​ទើប​ជា​អ្នក​គួរ​ទទួល​នូវ​ទាន​ ​ដែលគេ​នាំមក​បូជា​។​ ​បេ​។​ ​ជា​ស្រែបុណ្យ​ដ៏​ប្រសើរ​ ​របស់​សត្វលោក​ ​ក៏​យ៉ាងនោះ​ដែរ​។​ ​ប្រកបដោយ​ធម៌​​៣​ ​យ៉ាង​ ​តើ​ដូចម្តេច​ខ្លះ​។​ ​ម្នាល​ភិក្ខុ​ទាំងឡាយ​ ​ភិក្ខុ​ក្នុង​សាសនា​នេះ​ ​ជា​អ្នក​បាញ់​បាន​ឆ្ងាយ​ ​១​ ​ជា​អ្នក​បាញ់​មិន​ខុស​ ​១​ ​ជា​អ្នក​ទំ​លាយ​គំ​នរ​ធំៗ​បាន១​។​ ​ម្នាល​ភិក្ខុ​ទាំងឡាយ​ ​ចុះ​ភិក្ខុ​ ​ជា​អ្នក​បាញ់​បាន​ឆ្ងាយ​ ​តើ​ដូចម្តេច​។​ ​<hr><div style=\"font-size: 14px\">​(​១​)​ ​ទុកដូចជា​អវយវៈ​ ​គឺ​ព្រះ​ហស្ថ​ ​ទាំង២​ ​ព្រះបាទ​ ​ទាំង២​ ​របស់​ស្តេច​។​ ​(​២​)​ ​ទំ​លាយ​នូវ​កងទ័ព​ ​មាន​អាវុធយុទ្ធភណ្ឌ​ ​ច្រើន​សង្កាត់​ ​ច្រើន​ស្រទាប់​។​ ​អដ្ឋកថា​។​</div>"
    },
    {
      "header": "អង្គុត្តរនិកាយ  តិកនិបាត\nទុតិយភាគ",
      "href": "http://ti-kh.org/books?book=41&page=472",
      "text": "មង្គលវគ្គ",
      "detail": "<p class=\"BCenter\">​មង្គល​វគ្គ​</p>\n<br>​<span class=\"IncreaseIndent\">&nbsp;</span>​[​១៤៨​]​ ​ម្នាល​ភិក្ខុ​ទាំងឡាយ​ ​បុគ្គល​ប្រកបដោយ​ធម៌​ ​៣​ ​យ៉ាង​ ​រមែង​ទៅ​កើត​ក្នុង​នរក​ ​ដូចជា​គេ​នាំ​យក​ទៅ​ទំលាក់​។​ ​ប្រកបដោយ​ធម៌៣​ ​យ៉ាង​ ​គឺ​អ្វីខ្លះ​។​ ​គឺ​ប្រកបដោយ​កាយ​កម្ម​ ​ជាអកុសល​ ​១​ ​វចីកម្ម​ ​ជាអកុសល​ ​១​ ​មនោ​កម្ម​ ​ជាអកុសល១​។​ ​ម្នាល​ភិក្ខុ​ទាំងឡាយ​ ​បុគ្គល​ប្រកបដោយ​ធម៌​ ​៣​ ​យ៉ាងនេះ​ឯង​ ​រមែង​ទៅ​កើត​ក្នុង​នរក​ ​ដូចជា​គេ​នាំ​យក​ទៅ​ទំលាក់​។​ ​ម្នាល​ភិ​ក្ខុ​ទំាង​ឡាយ​ ​បុគ្គល​ប្រកបដោយ​ធម៌​ ​៣​ ​យ៉ាង​ ​រមែង​ទៅ​កើត​ក្នុង​ស្ថានសួគ៌​ ​ដូចជា​គេ​នាំ​យក​ទៅ​ដំ​កល់​ទុក​។​ ​ប្រកបដោយ​ធម៌​ ​៣​ ​យ៉ាង​ ​គឺ​អ្វីខ្លះ​។​ ​គឺ​ប្រកបដោយ​កាយ​កម្ម​ ​ជាកុសល​ ​១​ ​វចីកម្ម​ ​ជាកុសល​ ​១​ ​មនោ​កម្ម​ ​ជាកុសល​ ​១​។​ ​ម្នាល​ភិក្ខុ​ទាំងឡាយ​ ​បុគ្គល​ប្រកបដោយ​ធម៌​ ​៣​ ​យ៉ាងនេះ​ឯង​ ​រមែង​ទៅ​កើត​ក្នុង​ស្ថានសួគ៌​ ​ដូចជា​គេ​នាំ​យក​ទៅ​ដំ​កល់​ទុក​។​\n<br>​<span class=\"IncreaseIndent\">&nbsp;</span>​[​១៤៩​]​ ​ម្នាល​ភិក្ខុ​ទាំងឡាយ​ ​បុគ្គល​ប្រកបដោយ​ធម៌៣​ ​យ៉ាង​។​ ​បេ​។​ ​គឺ​កាយ​កម្ម​ ​ប្រកបដោយ​ទោស​ ​១​ ​វចីកម្ម​ ​ប្រកបដោយ​ទោស​ ​១​ ​មនោ​កម្ម​ ​ប្រកបដោយ​ទោស​ ​១​។​ ​បេ​។​ ​គឺ​ ​កាយ​កម្ម​ ​មិន​មានទោស​ ​១​ ​វចីកម្ម​ ​មិន​មានទោស​ ​១​ ​មនោ​កម្ម​ ​មិន​មានទោស​ ​១​។​បេ​។​"
    },
    {
      "header": "អង្គុត្តរនិកាយ  តិកនិបាត\nទុតិយភាគ",
      "href": "http://ti-kh.org/books?book=41&page=478",
      "text": "ពួកសូត្រមិនសង្រ្គោះចូលក្នុងបណ្ណាសក",
      "detail": "<p class=\"BCenter\">​សូត្រ​មិន​សង្រ្គោះ​ចូល​ក្នុង​បណ្ណា​សក​</p>\n<br>​<span class=\"IncreaseIndent\">&nbsp;</span>​[​១៥៨​]​ ​ម្នាល​ភិក្ខុ​ទាំងឡាយ​ ​បដិបទា​នេះ​ ​មាន​ ​៣​ ​យ៉ាង​។​ ​បដិបទា​ ​៣​ ​យ៉ាង​ ​គឺ​អ្វីខ្លះ​។​ ​គឺ​ ​អា​គា​ឡ្ហ​ប្ប​ដិ​បទា​ ​(​ប្រតិប័ទ​គ្រោតគ្រាត​)​ ​១​ ​និ​ជ្ឈាម​ប្ប​ដិ​បទា​ ​(​ប្រតិប័ទ​ដុត​កំ​ដៅ​ខ្លួន​ហួសហេតុ​)​ ​១​ ​មជ្ឈិមប្បដិបទា​ ​(​ប្រតិប័ទ​យ៉ាង​កណ្តាល​)​ ​១​។​ ​ម្នាល​ភិក្ខុ​ទាំងឡាយ​ ​ចុះ​អា​គា​ឡ្ហ​ប្ប​ដិ​បទា​ ​តើ​ដូចម្តេច​។​ ​ម្នាល​ភិក្ខុ​ទាំងឡាយ​ ​បុគ្គល​ខ្លះ​ ​ក្នុង​លោក​នេះ​ ​ជា​អ្នកមាន​សេចក្តី​ប្រកាន់​យ៉ាងនេះ​ ​មាន​សេចក្តី​យល់ឃើញ​ ​យ៉ាងនេះ​ថា​ ​ទោស​ក្នុង​កាម​ទាំងឡាយ​មិន​មាន​ ​ដូច្នេះ​ ​បុគ្គល​នោះ​ ​រមែង​ដល់​នូវ​សភាព​ជា​អ្នក​ធ្លាក់ចុះ​ ​ក្នុង​កាម​ទាំងឡាយ​។​ ​ម្នាល​ភិក្ខុ​ទាំងឡាយ​ ​នេះ​ហៅថា​ ​អា​គា​ឡ្ហ​ប្ប​ដិ​បទា​។​ ​ម្នាល​ភិក្ខុ​ទាំងឡាយ​ ​ចុះ​និ​ជ្ឈាម​ប្ប​ដិ​បទា​ ​តើ​ដូចម្តេច​។​ ​ម្នាល​ភិក្ខុ​ទាំងឡាយ​ ​បុគ្គល​ខ្លះ​ ​ក្នុង​លោក​នេះ​ ​គ្មាន​សំពត់​ ​(​អាក្រាត​)​ ​លះបង់​ ​មារយាទ​ល្អ​ ​ស៊ី​លិទ្ធ​ដៃ​ ​ឬ​ជំរះ​ឧច្ចារៈ​ ​ដោយ​ម្រាមដៃ​ ​បើ​គេ​អញ្ជើញ​ថា​ ​ចូល​មក​ ​ក៏​មិន​មក​ ​គេ​ឃាត់​ថា​ឈប់​ ​ក៏​មិនឈប់​ ​មិន​ត្រេកអរ​នឹង​ភត្ត​ ​ដែលគេ​នាំមក​មុន​ ​មិន​ត្រេកអរ​នឹង​ភត្ត​ ​ដែលគេ​នាំមក​ចំពោះខ្លួន​ ​មិន​ត្រេកអរ​នឹង​ការ​និមន្តន៍​ ​បុគ្គល​នោះ​ ​មិន​ទទួល​ភត្ត​ ​អំពី​មាត់ឆ្នាំង​ ​មិន​ទទួល​ភត្ត​ ​អំពី​មាត់​កញ្ជើ​ ​មិន​ទទួល​ភត្ត​ ​ដែលគេ​នាំមក​កន្លង​ធរណីទ្វារ​ ​"
    }
  ]
}