{
  "title": "ភាគ ១០៩",
  "imageSrc": "photos/Book_109.jpg",
  "href": "http://ti-kh.org/books?book=109",
  "contents": [
    {
      "header": "អភិធម្មបិដក\nបដ្ឋាន  សោឡមភាគ\n\nអនុលោមប្បច្ចនីយប្បដ្ឋាន",
      "href": "http://ti-kh.org/books?book=109&page=1",
      "text": "អនុលោមប្បច្ចនីយត្តិកប្បដ្ឋាន",
      "detail": "<p class=\"BCenter\">អភិធម្មបិដក\n<br>បដ្ឋាន សោ​ឡសមភាគ\n<br>អនុលោម​ប្ប​ច្ច​នី​យប្ប​ដ្ឋាន</p>\n<br><p class=\"PCenter\">សូម​នមស្ការ ចំពោះ​ព្រះមានព្រះភាគ អរហន្ត​សម្មា​សម្ពុទ្ឋ អង្គ​នោះ។</p>\n<br><p class=\"BCenter\">អនុលោម​ប្ប​ច្ច​នី​យត្តិ​កប្ប​ដ្ឋាន\n<br>កុសល​ត្តិ​កៈ នកុ​សល​ត្តិ​កៈ</p>\n<br><span class=\"IncreaseIndent\">&nbsp;</span>[១] ធម៌​មិនមែន​ជាកុសល អាស្រ័យ​នូវ​ធម៌​ជាកុសល ទើប​កើតឡើង ព្រោះ​ហេតុ​ប្ប​ច្ច័​យ គឺ​ចិត្តសមុដ្ឋាន​រូប អាស្រ័យ​នូវ​ពួក​ខន្ធ​ជាកុសល។ ធម៌​មិនមែន​ជាអកុសល អាស្រ័យ​នូវ​ធម៌​ជាកុសល ទើប​កើតឡើង ព្រោះ​ហេតុ​ប្ប​ច្ច័​យ គឺ​ខន្ធ៣ផង ចិត្តសមុដ្ឋាន​រូប​ផង អាស្រ័យ​នូវ​ខន្ធ១ ជាកុសល។ ធម៌​មិនមែន​ជា​អព្យាកតៈ អាស្រ័យ​នូវ​ធម៌​ជាកុសល ទើប​កើតឡើង ព្រោះ​ហេតុ​ប្ប​ច្ច័​យ គឺ​ខន្ធ៣ អាស្រ័យ​នូវ​ខន្ធ១ ជាកុសល។ ធម៌​មិនមែន​ជាអកុសល​ក្តី មិនមែន​ជា​អព្យាកតៈ​ក្តី អាស្រ័យ​នូវ​ធម៌​ជាកុសល ទើប​កើតឡើង ព្រោះ​ហេតុ​ប្ប​ច្ច័​យ គឺ​ខន្ធ៣ អាស្រ័យ​នូវ​ខន្ធ១ ជាកុសល។"
    },
    {
      "header": "អភិធម្មបិដក\nបដ្ឋាន  សោឡមភាគ\n\nអនុលោមប្បច្ចនីយប្បដ្ឋាន",
      "href": "http://ti-kh.org/books?book=109&page=53",
      "text": "អនុលោមប្បច្ចនីយទុកប្បដ្ឋាន",
      "detail": "ធម៌​មិន​ប្រកបដោយ​ការ​ឃើញ ទាំង​មិន​ប្រកបដោយ​ការ​ប៉ះពាល់ ជា​បច្ច័យ​នៃ​ធម៌​មិនមែន​ជា​មិន​ប្រកបដោយ​ការ​ឃើញ តែ​ប្រកបដោយ​ប៉ះពាល់​ផង មិនមែន​ជា​មិន​ប្រកបដោយ​ការ​ឃើញ ទាំង​មិន​ប្រកបដោយ​ការ​ប៉ះពាល់​ផង ដោយហេតុ​ប្ប​ច្ច័​យ ធម៌​មិន​ប្រកបដោយ​ការ​ឃើញ ទាំង​មិន​ប្រកបដោយ​ការ​ប៉ះពាល់ ជា​បច្ច័យ​នៃ​ធម៌​មិនមែន​ប្រកបដោយ​ការ​ឃើញ តែ​ប្រកបដោយ​ការ​ប៉ះពាល់​ផង មិន​ប្រកបដោយ​ការ​ឃើញ តែ​ប្រកបដោយ​ការ​ប៉ះពាល់​ផង ដោយហេតុ​ប្ប​ច្ច័​យ មាន​វារៈ៦។\n<br><span class=\"IncreaseIndent\">&nbsp;</span>[១២៤] ធម៌​ប្រកបដោយ​ការ​ឃើញ ទាំង​ប្រកបដោយ​ការ​ប៉ះពាល់ ជា​បច្ច័យ​នៃ​ធម៌​មិនមែន​ប្រកបដោយ​ការ​ឃើញ តែ​ប្រកបដោយ​ការ​ប៉ះពាល់ ដោយ​អារម្មណ​ប្ប​ច្ច័​យ មាន​វារៈ៣។បេ។\n<br><span class=\"IncreaseIndent\">&nbsp;</span>[១២៥] ក្នុង​ហេតុ​ប្ប​ច្ច័​យ មាន​វារៈ៦ ក្នុង​អារម្មណ​ប្ប​ច្ច័​យ មាន​វារៈ៩។\n<br>បញ្ហា​វារៈ បណ្ឌិត​គប្បី​ឲ្យ​ពិស្តារ​ផង​ចុះ។\n<br><p class=\"PCenter\">ចប់ អនុលោម​ប្ប​ច្ច​នី​យត្តិ​កប្ប​ដ្ឋាន។</p>"
    },
    {
      "header": "អភិធម្មបិដក\nបដ្ឋាន  សោឡមភាគ\n\nអនុលោមប្បច្ចនីយប្បដ្ឋាន",
      "href": "http://ti-kh.org/books?book=109&page=84",
      "text": "អនុលោមប្បច្ចនីយទុកត្តិកប្បដ្ឋាន",
      "detail": "<p class=\"BCenter\">អនុលោម​ប្ប​ច្ច​នីយ​ទុក​ត្តិ​កប្ប​ដ្ឋាន\n<br>ហេតុ​ទុក​កុសល​ត្តិ​កៈ នហេតុ​ទុ​កន​កុសល​ត្តិ​កៈ</p>\n<br><span class=\"IncreaseIndent\">&nbsp;</span>[២២១] ធម៌​មិនមែន​ជាហេតុ មិនមែន​ជាកុសល អាស្រ័យ​នូវ​ធម៌​ជាហេតុ ជាកុសល ទើប​កើតឡើង ព្រោះ​ហេតុ​ប្ប​ច្ច័​យ ធម៌​មិនមែន​ជាហេតុ មិនមែន​ជាកុសល អាស្រ័យ​នូវ​ធម៌​មិនមែន​ជាហេតុ ជាកុសល ទើប​កើតឡើង ព្រោះ​ហេតុ​ប្ប​ច្ច័​យ ធម៌​មិនមែន​ជាហេតុ មិនមែន​ជាកុសល អាស្រ័យ​នូវ​ធម៌​ជាហេតុ ជាកុសល​ផង មិនមែន​ជាហេតុ ជាកុសល​ផង ទើប​កើតឡើង ព្រោះ​ហេតុ​ប្ប​ច្ច័​យ មាន​វារៈ៣។ អារម្មណ៍ មិន​មានចិត្តជា​សមុដ្ឋាន​ទេ។\n<br><span class=\"IncreaseIndent\">&nbsp;</span>[២២២] ក្នុង​ហេតុ​ប្ប​ច្ច័​យ មាន​វារៈ៣ ក្នុង​អធិបតិ​ប្ប​ច្ច័​យ មាន​វារៈ៣ ក្នុង​អវិ​គត​ប្ប​ច្ច័​យ មាន​វារៈ៣។\n<br>សហជាត​វារៈ​ក្តី និស្សយ​វារៈ​ក្តី ប្រហែលគ្នា​នឹង​បដិ​ច្ច​វារៈ​ដែរ។\n<br><span class=\"IncreaseIndent\">&nbsp;</span>[២២៣] ធម៌​ជាហេតុ ជាកុសល ជា​បច្ច័យ​នៃ​ធម៌​មិនមែន​ជាហេតុ មិនមែន​ជាកុសល ដោយហេតុ​ប្ប​ច្ច័​យ។\n<br><span class=\"IncreaseIndent\">&nbsp;</span>[២២៤] ធម៌​ជាហេតុ ជាកុសល ជា​បច្ច័យ​នៃ​ធម៌​មិនមែន​ជាហេតុ មិនមែន​ជាកុសល ដោយ​អារម្មណ​ប្ប​ច្ច័​យ មាន​វារៈ៣។ ធម៌​មិនមែន​ជាហេតុ ជាកុសល ជា​បច្ច័យ​នៃ​ធម៌​មិនមែន​ជា​មិនមែន​ជាហេតុ មិនមែន​ជាកុសល ដោយ​អារម្មណ​ប្ប​ច្ច័​យ"
    },
    {
      "header": "អភិធម្មបិដក\nបដ្ឋាន  សោឡមភាគ\n\nអនុលោមប្បច្ចនីយប្បដ្ឋាន",
      "href": "http://ti-kh.org/books?book=109&page=141",
      "text": "អនុលោមប្បច្ចនីយត្តិកទុកប្បដ្ឋាន",
      "detail": "<p class=\"BCenter\">អនុលោម​ប្ប​ច្ច​នី​យត្តិ​កទុក​ប្ប​ដ្ឋាន\n<br>កុសល​ត្តិ​កហេតុ​ទុ​កៈ នកុ​សល​ត្តិ​កន​ហេតុ​ទុ​កៈ</p>\n<br><span class=\"IncreaseIndent\">&nbsp;</span>[៣៤៨] ធម៌​មិនមែន​ជាកុសល មិនមែន​ជាហេតុ អាស្រ័យ​នូវ​ធម៌​ជាកុសល ជាហេតុ ទើប​កើតឡើង ព្រោះ​ហេតុ​ប្ប​ច្ច័​យ ធម៌​មិនមែន​ជាអកុសល មិនមែន​ជាហេតុ អាស្រ័យ​នូវ​ធម៌​ជាកុសល ជាហេតុ ទើប​កើតឡើង ព្រោះ​ហេតុ​ប្ប​ច្ច័​យ ធម៌​មិនមែន​ជា​អព្យាកតៈ មិនមែន​ជាហេតុ អាស្រ័យ​នូវ​ធម៌​ជាកុសល ជាហេតុ ទើប​កើតឡើង ព្រោះ​ហេតុ​ប្ប​ច្ច័​យ ធម៌​មិនមែន​ជាអកុសល ទាំង​មិនមែន​ជាហេតុ​ក្តី មិនមែន​ជា​អព្យាកតៈ ទាំង​មិនមែន​ជាហេតុ​ក្តី អាស្រ័យ​នូវ​ធម៌​ជាកុសល ជាហេតុ ទើប​កើតឡើង ព្រោះ​ហេតុ​ប្ប​ច្ច័​យ ធម៌​មិនមែន​ជាកុសល ទាំង​មិនមែន​ជាហេតុ​ក្តី មិនមែន​ជាអកុសល ទាំង​មិនមែន​ជាហេតុ​ក្តី អាស្រ័យ​នូវ​ធម៌​ជាកុសល ជាហេតុ ទើប​កើតឡើង ព្រោះ​ហេតុ​ប្ប​ច្ច័​យ មាន​វារៈ៥។\n<br><span class=\"IncreaseIndent\">&nbsp;</span>[៣៤៩] ធម៌​មិនមែន​ជាអកុសល មិនមែន​ជាហេតុ អាស្រ័យ​នូវ​ធម៌​ជាអកុសល ជាហេតុ ទើប​កើតឡើង ព្រោះ​ហេតុ​ប្ប​ច្ច័​យ ធម៌​មិនមែន​ជាកុសល មិនមែន​ជាហេតុ អាស្រ័យ​នូវ​ធម៌​ជាអកុសល ជាហេតុ ទើប​កើតឡើង ព្រោះ​ហេតុ​ប្ប​ច្ច័​យ ធម៌​មិនមែន​ជា​អព្យាកតៈ មិនមែន​ជាហេតុ អាស្រ័យ​នូវ​ធម៌​ជាកុសល ជាហេតុ ទើប​កើតឡើង"
    },
    {
      "header": "អភិធម្មបិដក\nបដ្ឋាន  សោឡមភាគ\n\nអនុលោមប្បច្ចនីយប្បដ្ឋាន",
      "href": "http://ti-kh.org/books?book=109&page=148",
      "text": "អនុលោមប្បច្ចនីយត្តិកត្តិកប្បដ្ឋាន",
      "detail": "ព្រោះ​ហេតុ​ប្ប​ច្ច័​យ ធម៌​មិនមែន​ជាកុសល ទាំង​មិនមែន​ជា​មិន​មានហេតុ​ក្តី មិនមែន​ជាអកុសល ទាំង​មិនមែន​ជា​មិន​មានហេតុ​ក្តី អាស្រ័យ​នូវ​ធម៌​ជា​អព្យាកតៈ មិន​មានហេតុ ទើប​កើតឡើង ព្រោះ​ហេតុ​ប្ប​ច្ច័​យ មាន​វារៈ៣។\n<br><span class=\"IncreaseIndent\">&nbsp;</span>[៣៦៤] ក្នុង​ហេតុ​ប្ប​ច្ច័​យ មាន​វារៈ៦ ក្នុង​អារម្មណ​ប្ប​ច្ច័​យ មាន​វារៈ៦ ក្នុង​អវិ​គត​ប្ប​ច្ច័​យ មាន​វារៈ៦។\n<br><p class=\"BCenter\">កុសល​ត្តិ​កហេតុ​សម្បយុត្ត​ទុ​កៈ\n<br>នកុ​សល​ត្តិ​កន​ហេតុ​សម្បយុត្ត​ទុ​កៈ</p>\n<br><span class=\"IncreaseIndent\">&nbsp;</span>[៣៦៥] ធម៌​មិនមែន​ជាកុសល មិនមែន​ប្រកបដោយ​ហេតុ អាស្រ័យ​នូវ​ធម៌​ជាកុសល ប្រកបដោយ​ហេតុ ទើប​កើតឡើង ព្រោះ​ហេតុ​ប្ប​ច្ច័​យ ដូចជា​សហេតុក​ទុ​កៈ​ដែរ។\n<br><p class=\"BCenter\">កុសល​ត្តិ​កហេតុ​សហេតុក​ទុ​កៈ\n<br>នកុ​សល​ត្តិ​កន​ហេតុ​សហេតុក​ទុ​កៈ</p>\n<br><span class=\"IncreaseIndent\">&nbsp;</span>[៣៦៦] ធម៌​មិនមែន​ជាអកុសល មិនមែន​ជាហេតុ ទាំង​មិនមែន​ជា​មិន​មានហេតុ អាស្រ័យ​នូវ​ធម៌​ជាកុសល ជាហេតុ ទាំង​ប្រព្រឹត្តទៅ​ជាមួយនឹង​ហេតុ ទើប​កើតឡើង ព្រោះ​ហេតុ​ប្ប​ច្ច័​យ ធម៌​មិនមែន​ជា​អព្យាកតៈ មិនមែន​ជាហេតុ ទាំង​មិនមែន​ជា​មិន​មានហេតុ អាស្រ័យ​នូវ​ធម៌​ជាកុសល ជាហេតុ ទាំង​ប្រព្រឹត្តទៅ​ជាមួយនឹង​ហេតុ"
    },
    {
      "header": "អភិធម្មបិដក\nបដ្ឋាន  សោឡមភាគ\n\nអនុលោមប្បច្ចនីយប្បដ្ឋាន",
      "href": "http://ti-kh.org/books?book=109&page=187",
      "text": "អនុលោមប្បច្ចនីយទុកទុកប្បដ្ឋាន",
      "detail": "ជាហេតុ ទើប​កើតឡើង ព្រោះ​ហេតុ​ប្ប​ច្ច័​យ ធម៌​មិនមែន​ជា​មិនមែន​វិបាក ទាំង​មិនមែន​មាន​វិបាក​ធម៌​ជាប្រក្រតី មិនមែន​ជាហេតុ អាស្រ័យ​នូវ​ធម៌​ជា​វិបាក ជាហេតុ ទើប​កើតឡើង ព្រោះ​ហេតុ​ប្ប​ច្ច័​យ ធម៌​មិនមែន​មាន​វិបាក​ធម៌​ជាប្រក្រតី មិនមែន​ជាហេតុ​ក្តី មិនមែន​ជា​មិនមែន​វិបាក ទាំង​មិនមែន​មាន​វិបាក​ធម៌​ជាប្រក្រតី មិនមែន​ជាហេតុ​ក្តី អាស្រ័យ​នូវ​ធម៌​ជា​វិបាក ជាហេតុ ទើប​កើតឡើង ព្រោះ​ហេតុ​ប្ប​ច្ច័​យ ធម៌​មិនមែន​ជា​វិបាក មិនមែន​ជាហេតុ​ក្តី មិនមែន​មាន​វិបាក​ធម៌​ជាប្រក្រតី មិនមែន​ជាហេតុ​ក្តី អាស្រ័យ​នូវ​ធម៌​ជា​វិបាក ជាហេតុ ទើប​កើតឡើង ព្រោះ​ហេតុ​ប្ប​ច្ច័​យ មាន​វារៈ៥។ ធម៌​មិនមែន​មាន​វិបាក​ធម៌​ជាប្រក្រតី មិនមែន​ជាហេតុ អាស្រ័យ​នូវ​ធម៌​មាន​វិបាក​ធម៌​ជាប្រក្រតី ជាហេតុ ទើប​កើតឡើង ព្រោះ​ហេតុ​ប្ប​ច្ច័​យ ធម៌​មិនមែន​ជា​វិបាក មិនមែន​ជាហេតុ អាស្រ័យ​នូវ​ធម៌​មាន​វិបាក​ធម៌​ប្រក្រតី ជាហេតុ ទើប​កើតឡើង ព្រោះ​ហេតុ​ប្ប​ច្ច័​យ ធម៌​មិនមែន​ជា​មិនមែន​វិបាក ទាំង​មិនមែន​មាន​វិបាក​ធម៌​ជាប្រក្រតី មិនមែន​ជាហេតុ អាស្រ័យ​នូវ​ធម៌​មាន​វិបាក​ធម៌​ជាប្រក្រតី ជាហេតុ ទើប​កើតឡើង ព្រោះ​ហេតុ​ប្ប​ច្ច័​យ ធម៌​មិនមែន​ជា​វិបាក មិនមែន​ជាហេតុ​ក្តី មិនមែន​ជា​មិនមែន​ជា​វិបាក ទាំង​មិនមែន​មាន​វិបាក​ធម៌​ជាប្រក្រតី មិនមែន​ជាហេតុ​ក្តី អាស្រ័យ​នូវ​ធម៌​មាន​វិបាក​ធម៌​ជាប្រក្រតី ជាហេតុ ទើប​កើតឡើង ព្រោះ​ហេតុ​ប្ប​ច្ច័​យ"
    }
  ]
}