{
  "title": "ភាគ ៣៤",
  "imageSrc": "photos/Book_34.jpg",
  "href": "http://ti-kh.org/books?book=34",
  "contents": [
    {
      "header": "សុត្តន្តបិដក\nសំយុត្តនិកាយ  ខន្ធវារវគ្គ\nឆដ្ឋភាគ\nខន្ធសំយុត្ត\n\nអន្តវគ្គ",
      "href": "http://ti-kh.org/books?book=34&page=3",
      "text": "ខន្ធសំយុត្ត ចុល្លបណ្ណាសកៈ        អន្តវគ្គ ទី ១",
      "detail": "<span class=\"IncreaseIndent\">&nbsp;</span>​[​៦​]​ ​ក្រុង​សាវត្ថី​។​ ​ម្នាល​ភិក្ខុ​ទាំងឡាយ​ ​តថាគត​ ​នឹង​សម្តែង​នូវ​ទុក្ខ​ផង​ ​នូវ​ហេតុ​ឲ្យ​កើតឡើង​ ​នៃ​ទុក្ខ​ផង​ ​នូវ​សេចក្តី​រលត់​ ​នៃ​ទុក្ខ​ផង​ ​នូវ​បដិបទា​ ​ជា​ដំណើរ​ទៅកាន់​សេចក្តី​រលត់​ ​នៃ​ទុក្ខ​ផង​ ​ដល់​អ្នក​ទាំងឡាយ​ ​អ្នក​ទាំងឡាយ​ ​ចូរ​ស្តាប់​នូវ​សេចក្តី​នោះ​ចុះ​។​\n<br>​<span class=\"IncreaseIndent\">&nbsp;</span>[​៧​]​ ​ម្នាល​ភិក្ខុ​ទាំងឡាយ​ ​ចុះ​ទុក្ខ​ ​តើ​ដូចម្តេច​។​ ​គប្បី​ឆ្លើយ​ថា​ ​ឧបាទានក្ខន្ធ​ទាំង៥​។​ ​ចុះ​ឧបាទានក្ខន្ធ​ ​ទាំង៥​ ​តើ​ដូចម្តេច​។​ ​គឺ​រូ​បូ​បា​ទា​នក្ខន្ធ១​។​បេ​។​ ​វិ​ញ្ញាណូ​បា​ទា​នក្ខន្ធ១​។​ ​ម្នាល​ភិក្ខុ​ទាំងឡាយ​ ​នេះ​ហៅថា​ ​ទុក្ខ​។​\n<br>​<span class=\"IncreaseIndent\">&nbsp;</span>[​៨​]​ ​ម្នាល​ភិក្ខុ​ទាំងឡាយ​ ​ចុះ​ហេតុ​ឲ្យ​កើតឡើង​នៃ​ទុក្ខ​ ​តើ​ដូចម្តេច​។​ ​តណ្ហា​ណា​ ​ដែល​តាក់តែង​នូវ​ភព​ថ្មី​ ​ប្រកបដោយ​សេចក្តី​រីករាយ​ ​និង​សេចក្តី​ត្រេកអរ​ ​មាន​សេចក្តី​រីករាយ​ ​ក្នុង​អា​រម្ម​ណ៍​នោះ​ៗ​។​ ​តណ្ហា​ ​តើ​ដូចម្តេច​។​ ​គឺ​កាមតណ្ហា១​ ​ភវតណ្ហា១​ ​វិភវ​តណ្ហា១​។​ ​ម្នាល​ភិក្ខុ​ទាំងឡាយ​ ​នេះ​ហៅថា​ ​ហេតុ​ឲ្យ​កើតឡើង​នៃ​ទុក្ខ​។"
    },
    {
      "header": "សុត្តន្តបិដក\nសំយុត្តនិកាយ  ខន្ធវារវគ្គ\nឆដ្ឋភាគ\nខន្ធសំយុត្ត\n\nអន្តវគ្គ",
      "href": "http://ti-kh.org/books?book=34&page=13",
      "text": "ធម្មកថិកវគ្គ ទី ២",
      "detail": "<p class=\"BCenter\">​ធម្មកថិក​វគ្គ​</p>\n<br>​<span class=\"IncreaseIndent\">&nbsp;</span>[​២៧​]​ ​ក្រុង​សាវត្ថី​។​ ​គ្រានោះ​ឯង​ ​ភិក្ខុ​មួយ​រូប​ចូល​ទៅ​គាល់​ព្រះមានព្រះភាគ​។​បេ​។​ ​លុះ​ភិក្ខុ​នោះ​ ​អង្គុយ​ហើយ​ ​បាន​ក្រាបទូល​សួរ​ព្រះមានព្រះភាគ​ ​យ៉ាងនេះ​ថា​ ​បពិត្រ​ព្រះអង្គ​ដ៏​ចម្រើន​ ​ពាក្យ​ដែល​ហៅថា​ ​អវិជ្ជា​ ​អវិជ្ជា​ ​បពិត្រ​ព្រះអង្គ​ដ៏​ចម្រើន​ ​អវិជ្ជា​ ​តើ​ដូចម្តេច​ ​បុគ្គល​ប្រកបដោយ​អវិជ្ជា​ ​ដោយហេតុ​យ៉ាងណា​។​ ​ម្នាល​ភិក្ខុ​ ​បុថុជ្ជន​ ​ក្នុង​លោក​នេះ​ ​ជា​អ្នក​មិន​ចេះដឹង​ ​មិនដឹង​ច្បាស់​នូវ​រូប​ ​មិនដឹង​ច្បាស់​ ​នូវ​ហេតុ​នាំឲ្យកើត​រូប​ ​មិនដឹង​ច្បាស់​ ​នូវ​សេចក្តី​រំលត់​រូប​ ​មិនដឹង​ច្បាស់​ ​នូវ​បដិបទា​ ​ជា​ដំណើរ​ទៅកាន់​សេចក្តី​រំលត់​រូប​។​ ​មិនដឹង​ច្បាស់​ ​នូវ​វេទនា​។​ ​មិនដឹង​ច្បាស់​ ​នូវ​សញ្ញា​។​ ​មិនដឹង​ច្បាស់​ ​នូវ​សង្ខារ​ទាំងឡាយ​។​ ​មិនដឹង​ច្បាស់​ ​នូវ​វិញ្ញាណ​។​បេ​។​ ​មិនដឹង​ច្បាស់​ ​នូវ​បដិបទា​ ​ជា​ដំណើរ​ទៅកាន់​សេចក្តី​រំលត់​វិញ្ញាណ​។​ ​ម្នាល​ភិក្ខុ​ ​នេះ​ហៅថា​ ​អវិជ្ជា​ ​បុគ្គល​ប្រកបដោយ​អវិជ្ជា​ ​ដោយហេតុ​យ៉ាងនេះ​។​"
    },
    {
      "header": "សុត្តន្តបិដក\nសំយុត្តនិកាយ  ខន្ធវារវគ្គ\nឆដ្ឋភាគ\nខន្ធសំយុត្ត\n\nអន្តវគ្គ",
      "href": "http://ti-kh.org/books?book=34&page=32",
      "text": "អវិជ្ជាវគ្គ ទី ៣",
      "detail": "<p class=\"BCenter\">​អវិជ្ជា​វគ្គ​</p>\n<br>​<span class=\"IncreaseIndent\">&nbsp;</span>[​៤៧​]​ ​ក្រុង​សាវត្ថី​។​ ​គ្រានោះ​ឯង​ ​ភិក្ខុ​មួយ​រូប​ចូល​ទៅ​គាល់​ព្រះមានព្រះភាគ​ ​លុះ​ចូល​ទៅដល់​ហើយ​។​បេ​។​ ​លុះ​ភិក្ខុ​នោះ​ ​អង្គុយ​ក្នុង​ទីសម​គួរ​ហើយ​ ​ទើប​ក្រាបបង្គំទូល​ព្រះមានព្រះភាគ​ ​ដូច្នេះ​ថា​ ​បពិត្រ​ព្រះអង្គ​ដ៏​ចម្រើន​ ​ពាក្យ​ដែល​ហៅថា​ ​អវិជ្ជា​ ​អវិជ្ជា​ ​បពិត្រ​ព្រះអង្គ​ដ៏​ចម្រើន​ ​អវិជ្ជា​ ​តើ​ដូចម្តេច​។​ ​បុគ្គល​អ្នក​ប្រកបដោយ​អវិជ្ជា​ ​ដោយហេតុ​យ៉ាងណា​។​ ​ម្នា​ក​ភិក្ខុ​ ​បុថុជ្ជន​ក្នុង​លោក​នេះ​ ​ជា​អ្នក​មិន​ចេះដឹង​ ​មិនដឹង​ច្បាស់​តាមពិត​ ​នូវ​រូប​ដែល​កើតឡើង​ជា​ធម្មតា​ថា​ ​រូប​កើតឡើង​ជា​ធម្មតា​ ​មិនដឹង​ច្បាស់​តាមពិត​ ​នូវ​រូប​ដែល​សូន្យ​ទៅជាធម្មតា​ថា​ ​រូប​សូន្យ​ទៅជាធម្មតា​ ​មិនដឹង​ច្បាស់​តាមពិត​ ​នូវ​រូប​ដែល​កើតឡើង​ ​ហើយ​សូន្យ​ទៅជាធម្មតា​ថា​ ​រូប​កើតឡើង​ហើយ​សូន្យ​ទៅជាធម្មតា​ ​មិនដឹង​ច្បាស់​តាមពិត​ ​នូវ​វេទនា​ ​ដែល​កើតឡើង​ជា​ធម្មតា​ថា​ ​វេទនា​កើតឡើង​ជា​ធម្មតា​ ​មិនដឹង​ច្បាស់​តាមពិត​ ​នូវ​វេទនា​ ​ដែល​សូន្យ​ទៅជាធម្មតា​ថា​ ​វេទនា​សូន្យ​ទៅជាធម្មតា​។​បេ​។​ ​នូវ​សញ្ញា​ដែល​កើតឡើង​ជា​ធម្មតា​។​បេ​។​ ​"
    },
    {
      "header": "សុត្តន្តបិដក\nសំយុត្តនិកាយ  ខន្ធវារវគ្គ\nឆដ្ឋភាគ\nខន្ធសំយុត្ត\n\nអន្តវគ្គ",
      "href": "http://ti-kh.org/books?book=34&page=47",
      "text": "កុក្កុលវគ្គ ទី ៤",
      "detail": "<p class=\"BCenter\">​កុក្កុ​ឡ​វគ្គ​</p>\n<br><span class=\"IncreaseIndent\">&nbsp;</span>​[​៦១​]​ ​ក្រុង​សាវត្ថី​។​ ​ម្នាល​ភិក្ខុ​ទាំងឡាយ​ ​រូប​ក្តៅ​ ​វេទនា​ក៏​ក្តៅ​ ​សញ្ញា​ក៏​ក្តៅ​ ​សង្ខារ​ទាំងឡាយ​ ​ក៏​ក្តៅ​ ​វិញ្ញាណ​ក៏​ក្តៅ​។​ ​ម្នាល​ភិក្ខុ​ទាំងឡាយ​ ​កាលបើ​អរិយសាវ័ក​ ​អ្នកចេះដឹង​ ​បានឃើញ​ច្បាស់​ ​យ៉ាងនេះ​ ​ក៏​នឿយណាយ​ ​នឹង​រូប​ផង​ ​នឿយណាយ​នឹង​វេទនា​ផង​ ​នឿយណាយ​នឹង​សញ្ញា​ផង​ ​នឿយណាយ​នឹង​សង្ខារ​ទាំងឡាយ​ផង​ ​នឿយណាយ​នឹង​វិញ្ញាណ​ផង​ ​កាលបើ​នឿយណាយ​ ​រមែង​ប្រាសចាក​តម្រេក​ ​ព្រោះ​ប្រាសចាក​តម្រេក​ ​ទើប​រួច​ស្រឡះ​។​ ​កាលបើ​ចិត្ត​ផុត​ស្រឡះ​ហើយ​ ​ញាណ​ក៏​កើតឡើង​ថា​ ​ចិត្ត​ផុត​ស្រឡះ​ហើយ​។​ ​អរិយសាវ័ក​នោះ​ ​ក៏​ដឹង​ច្បាស់​ថា​ ​ជាតិ​អស់ហើយ​ ​ព្រហ្មចរិយ​ធម៌​ ​អាត្មាអញ​ ​បាន​ប្រព្រឹត្ត​គ្រប់គ្រាន់​ហើយ​ ​សោឡស​កិច្ច​ ​អាត្មាអញ​ ​បាន​ធ្វើរួចហើយ​ ​មគ្គ​ភាវនា​កិច្ច​ដទៃ​ ​ប្រព្រឹត្តទៅ​ ​ដើម្បី​សោឡស​កិច្ច​នេះ​ទៀត​ ​មិន​មាន​ឡើយ​។​"
    },
    {
      "header": "សុត្តន្តបិដក\nសំយុត្តនិកាយ  ខន្ធវារវគ្គ\nឆដ្ឋភាគ\nខន្ធសំយុត្ត\n\nអន្តវគ្គ",
      "href": "http://ti-kh.org/books?book=34&page=55",
      "text": "ទិដ្ឋិវគ្គ ទី ៥",
      "detail": "<p class=\"BCenter\">​ទិដ្ឋិ​វគ្គ​</p>\n<br>​<span class=\"IncreaseIndent\">&nbsp;</span>[​៧៣​]​ ​ក្រុង​សាវត្ថី​។​ ​ម្នាល​ភិក្ខុ​ទាំងឡាយ​ ​កាលបើ​របស់​អ្វី​មាន​ ​ទើប​សុខ​ ​និង​ទុក្ខ​ក្នុង​សន្តាន​កើតឡើង​បាន​ ​ព្រោះ​អាស្រ័យ​អ្វី​។​ ​បពិត្រ​ព្រះអង្គ​ដ៏​ចម្រើន​ ​ធម៌​ទាំងឡាយ​ ​របស់​យើង​ទាំងឡាយ​ ​មាន​ព្រះមានព្រះភាគ​ ​ជា​មូល​។​បេ​។​ ​ម្នាល​ភិក្ខុ​ទាំងឡាយ​ ​កាលបើ​រូប​មាន​ ​ទើប​សុខ​ ​និង​ទុក្ខ​ក្នុង​សន្តាន​កើតឡើង​បាន​ ​ព្រោះ​អាស្រ័យ​រូប​ ​កាលបើ​វេទនា​មាន​ ​។​បេ​។​ ​កាលបើ​សញ្ញា​មាន​។​ ​កាលបើ​សង្ខារ​ទាំងឡាយ​មាន​។​ ​កាលបើ​វិញ្ញាណ​មាន​ ​ទើប​សុខ​ ​និង​ទុក្ខ​ក្នុង​សន្តាន​កើតឡើង​បាន​ ​ព្រោះ​អាស្រ័យ​វិញ្ញាណ​។​\n<br>​<span class=\"IncreaseIndent\">&nbsp;</span>[​៧៤​]​ ​ម្នាល​ភិក្ខុ​ទាំងឡាយ​ ​អ្នក​ទាំងឡាយ​សម្គាល់​សេចក្តី​នោះ​ ​ដូចម្តេច​ ​រូប​ទៀង​ ​ឬមិន​ទៀង​។​ ​មិន​ទៀង​ទេ​ ​ព្រះអង្គ​។​ ​ចុះ​របស់​ណា​ ​មិន​ទៀង​ ​របស់​នោះ​ជា​ទុក្ខ​ ​ឬ​ជា​សុខ​។​ ​ជា​ទុក្ខ​ ​ព្រះអង្គ​។​ ​ចុះ​របស់​ណា​ ​មិន​ទៀង​ ​ជា​ទុក្ខ​ ​មាន​សេចក្តី​ប្រែប្រួល​ជា​ធម្មតា​ ​តើ​សុខ​ ​និង​ទុក្ខ​ក្នុង​សន្តាន​នឹង​កើតឡើង​ ​ព្រោះ​មិនបាន​អាស្រ័យ​របស់​នោះ​បាន​ដែរ​ឬ​។​ ​មិន​ដូច្នោះ​ទេ​ ​ព្រះអង្គ​។​ ​វេទនា​។​បេ​។​ ​សញ្ញា​។​ ​សង្ខារ​ទាំងឡាយ​។​ ​វិញ្ញាណ​ទៀង​ ​ឬមិន​ទៀង​។​ ​មិន​ទៀង​ទេ​ ​ព្រះអង្គ​។​ ​ចុះ​របស់​ណា​ ​មិន​ទៀង"
    },
    {
      "header": "រាធសំយុត្ត\nអន្តវគ្គ",
      "href": "http://ti-kh.org/books?book=34&page=71",
      "text": "រាធសំយុត្ត    មារវគ្គ ទី ១",
      "detail": "<p class=\"BCenter\">​រា​ធ​សំយុត្ត​\n<br>​មារ​វគ្គ​</p>\n<br>​<span class=\"IncreaseIndent\">&nbsp;</span>[​៩៣​]​ ​ក្រុង​សាវត្ថី​។​ ​គ្រានោះ​ឯង​ ​ព្រះ​រា​ធៈ​មាន​អាយុ​ ​ចូល​ទៅ​គាល់​ព្រះមានព្រះភាគ​ ​លុះ​ចូល​ទៅដល់​ ​ក៏​ថ្វាយបង្គំ​ព្រះមានព្រះភាគ​ ​ហើយ​អង្គុយ​ក្នុង​ទី​ដ៏​សមគួរ​។​ ​លុះ​ព្រះ​រា​ធៈ​មាន​អាយុ​ ​អង្គុយ​ក្នុង​ទី​ដ៏​សមគួរ​ហើយ​ ​បាន​ក្រាបទូល​សួរ​ព្រះមានព្រះភាគ​ ​ដូច្នេះ​ថា​ ​បពិត្រ​ព្រះអង្គ​ដ៏​ចម្រើន​ ​ពាក្យ​ដែល​ហៅថា​ ​មារ​ ​មារ​ ​ដូច្នេះ​ ​បពិត្រ​ព្រះអង្គ​ដ៏​ចម្រើន​ ​ដែល​ហៅថា​ ​មារ​ ​តើ​ដោយហេតុ​យ៉ាងណា​។​ ​ម្នាល​រា​ធៈ​ ​កាលបើ​រូប​មាន​ ​សេចក្តី​ស្លាប់​ក្តី​ ​សត្វ​ដែល​ត្រូវ​គេ​សម្លាប់​ក្តី​ ​ក៏មានដែរ​ ​ឬ​ ​សត្វ​ណា​តែង​ស្លាប់​ ​(​សត្វ​នោះ​ក៏មានដែរ​)​ ​ម្នាល​រា​ធៈ​ ​ហេតុដូច្នេះ​ ​អ្នក​ចូរ​ឃើញ​ ​នូវ​រូប​ ​ថា​ជា​មារ​ ​ឃើញថា​ជា​សត្វ​ ​ដែល​ត្រូវ​គេ​សម្លាប់​ ​ឃើញថា​ ​រមែង​ស្លាប់​ ​ឃើញថា​ជា​រោគ​ ​ឃើញថា​ជា​បូស​ ​ឃើញថា​ជា​សរ​ ​ឃើញថា​ជា​ទុក្ខ​ ​ឃើញថា​ជា​របស់​មានទុក្ខ​ ​ពួក​ជន​ណា​ ​ឃើញ​នូវ​រូប​នោះ​យ៉ាងនេះ​ ​ពួក​ជន​នោះ​ ​ឈ្មោះថា​ ​ឃើញ​ប្រពៃ​។​ ​កាលបើ​វេទនា​មាន​។​ ​កាលបើ​សញ្ញា​មាន​។​ ​កាលបើ​សង្ខារ​ទាំងឡាយ​មាន​។​ ​កាលបើ​វិញ្ញាណ​មាន​ ​សេចក្តី​ស្លាប់​ក្តី​ ​"
    },
    {
      "header": "រាធសំយុត្ត\nអន្តវគ្គ",
      "href": "http://ti-kh.org/books?book=34&page=86",
      "text": "មារធម្មវគ្គ ទី ២",
      "detail": "<p class=\"BCenter\">មារ​ធម្ម​វគ្គ​</p>\n<br>​<span class=\"IncreaseIndent\">&nbsp;</span>[​១០៤​]​ ​ក្រុង​សាវត្ថី​។​ ​គ្រានោះ​ឯង​ ​ព្រះ​រា​ធៈ​មាន​អាយុ​ ​ចូល​ទៅ​គាល់​ព្រះមានព្រះភាគ​ ​លុះ​ចូល​ទៅដល់​ ​ថ្វាយបង្គំ​ព្រះមានព្រះភាគ​ ​ហើយ​អង្គុយ​ក្នុង​ទី​ដ៏​សមគួរ​។​ ​លុះ​ព្រះ​រា​ធៈ​មាន​អាយុ​ ​អង្គុយ​ក្នុង​ទី​ដ៏​សមគួរ​ហើយ​ ​ក្រាបទូល​សួរ​ព្រះមានព្រះភាគ​ ​ដូច្នេះ​ថា​ ​បពិត្រ​ព្រះអង្គ​ដ៏​ចម្រើន​ ​ពាក្យ​ដែល​ហៅថា​ ​មារ​ ​មារ​<sup>(​១​)</sup>​ ​ដូច្នេះ​ ​បពិត្រ​ព្រះអង្គ​ដ៏​ចម្រើន​ ​អ្វី​ហ្ន៎​ជា​មារ​។​ ​ម្នាល​រា​ធ​ ​រូប​ជា​មារ​ ​វេទនា​ជា​មារ​ ​សញ្ញា​ជា​មារ​ ​សង្ខារ​ទាំងឡាយ​ជា​មារ​ ​វិញ្ញាណ​ជា​មារ​។​ ​ម្នាល​រា​ធៈ​ ​អរិយសាវ័ក​ ​ជា​អ្នកចេះដឹង​ ​កាលបើ​ឃើញ​យ៉ាងនេះ​ ​រមែង​នឿយណាយ​ ​នឹង​រូប​ផង​ ​នឿយណាយ​នឹង​វេទនា​ផង​ ​នឿយណាយ​នឹង​សញ្ញា​ផង​ ​នឿយណាយ​នឹង​សង្ខារ​ទាំងឡាយ​ផង​ ​នឿយណាយ​នឹង​វិញ្ញាណ​ផង<hr><div style=\"font-size: 14px\">​(​១​)​ ​សំដៅយក​សេចក្តី​ស្លាប់​។​</div>"
    },
    {
      "header": "រាធសំយុត្ត\nអន្តវគ្គ",
      "href": "http://ti-kh.org/books?book=34&page=94",
      "text": "អាយាចនវគ្គ ទី ៣",
      "detail": "<p class=\"BCenter\">​អាយាចន​វគ្គ​</p>\n<br>​<span class=\"IncreaseIndent\">&nbsp;</span>[​១១៦​]​ ​ក្រុង​សាវត្ថី​។​ ​គ្រានោះ​ឯង​ ​ព្រះ​រា​ធៈ​មាន​អាយុ​ ​ចូល​ទៅ​គាល់​ព្រះមានព្រះភាគ​ ​លុះ​ចូល​ទៅដល់​ ​ថ្វាយបង្គំ​ព្រះមានព្រះភាគ​ ​ហើយ​អង្គុយ​ក្នុង​ទី​ដ៏​សមគួរ​។​ ​លុះ​ព្រះ​រា​ធៈ​មាន​អាយុ​ ​អង្គុយ​ក្នុង​ទី​ដ៏​សមគួរ​ហើយ​ ​ក្រាបទូល​ព្រះមានព្រះភាគ​ ​ដូច្នេះ​ថា​ ​បពិត្រ​ព្រះអង្គ​ដ៏​ចម្រើន​ ​ខ្ញុំ​ព្រះអង្គ​ ​នឹង​ចៀសចេញ​ទៅ​តែម្នាក់ឯង​ ​ជា​អ្នក​មិន​ប្រមាទ​ ​មាន​ព្យាយាម​ ​ដុត​កំ​ដៅ​កិលេស​ ​មានចិត្ត​បញ្ជូន​ទៅកាន់​ព្រះនិព្វាន​ ​ព្រោះ​បាន​ស្តាប់ធម៌​ណា​ ​របស់​ព្រះមានព្រះភាគ​ ​សូម​ព្រះមានព្រះភាគ​ ​សម្តែង​ធម៌​នោះ​ ​ដល់​ខ្ញុំ​ព្រះអង្គ​ដោយសង្ខេប​។​ ​ម្នាល​រា​ធៈ​ ​មារ​ណា​ដែល​កើតមាន​ ​សេចក្តី​ពេញចិត្ត​ ​ក្នុង​មារ​នោះ​ ​អ្នក​គួរ​លះបង់​ចេញ​។​ ​ម្នាល​រា​ធៈ​ ​ចុះ​អ្វី​ជា​មារ​។​ ​ម្នាល​រា​ធៈ​ ​រូប​ជា​មារ​ ​សេចក្តី​ពេញចិត្ត​ ​ក្នុង​មារ​នោះ​ ​អ្នក​គួរ​លះបង់​ចេញ​ ​វេទនា​ជា​មារ​ ​សេចក្តី​ពេញចិត្ត​ក្នុង​មារ​នោះ​ ​អ្នក​គួរ​លះបង់​ចេញ​។​ ​សញ្ញា​។​ ​សង្ខារ​ទាំងឡាយ​ ​ជា​មារ​ ​សេចក្តី​ពេញចិត្ត​ ​ក្នុង​មារ​នោះ​ ​អ្នក​គួរ​លះបង់​ចេញ​។​ ​វិញ្ញាណ​ជា​មារ​ ​សេចក្តី​ពេញចិត្ត​ ​ក្នុង​មារ​នោះ​ ​អ្នក​គួរ​លះបង់​ចេញ​។​"
    },
    {
      "header": "រាធសំយុត្ត\nអន្តវគ្គ",
      "href": "http://ti-kh.org/books?book=34&page=98",
      "text": "ឧបនិសិន្នវគ្គ ទី ៤",
      "detail": "<p class=\"BCenter\">​ឧប​និសិន្ន​វគ្គ​</p>\n<br>​<span class=\"IncreaseIndent\">&nbsp;</span>[​១២៨​]​ ​ក្រុង​សាវត្ថី​។​ ​លុះ​ព្រះ​រា​ធៈ​មាន​អាយុ​ ​អង្គុយ​ក្នុង​ទី​ដ៏​សមគួរ​ហើយ​ ​ព្រះមានព្រះភាគ​ ​ទ្រង់​ត្រាស់​ដូច្នេះ​ថា​ ​ម្នាល​រា​ធៈ​ ​មារ​ណា​ ​ដែល​កើតមាន​ ​សេចក្តី​ពេញចិត្ត​ ​ក្នុង​មារ​នោះ​ ​អ្នក​គួរ​លះបង់​ចេញ​។​ ​ម្នាល​រា​ធៈ​ ​ចុះ​អ្វី​ ​ជា​មារ​។​ ​ម្នាល​រា​ធៈ​ ​រូប​ជា​មារ​ ​សេចក្តី​ពេញចិត្ត​ ​ក្នុង​មារ​នោះ​ ​អ្នក​គួរ​លះបង់​ចេញ​។​បេ​។​ ​វិញ្ញាណ​ជា​មារ​ ​សេចក្តី​ពេញចិត្ត​ ​ក្នុង​មារ​នោះ​ ​អ្នក​គួរ​លះបង់​ចេញ​។​ ​ម្នាល​រា​ធៈ​ ​មារ​ណា​ ​ដែល​កើតមាន​ ​សេចក្តី​ពេញចិត្ត​ ​ក្នុង​មារ​នោះ​ ​អ្នក​គួរ​លះបង់​ចេញ​។​\n<br>​<span class=\"IncreaseIndent\">&nbsp;</span>[​១២៩​]​ ​ក្រុង​សាវត្ថី​។​ ​ម្នាល​រា​ធៈ​ ​មារ​ណា​ដែល​កើតមាន​ ​សេចក្តី​ត្រេកអរ​ ​ក្នុង​មារ​នោះ​ ​អ្នក​គួរ​លះបង់​ចេញ​។​បេ​។​\n<br>​<span class=\"IncreaseIndent\">&nbsp;</span>[​១៣០​]​ ​ម្នាល​រា​ធៈ​ ​មារ​ណា​ដែល​កើតមាន​ ​សេចក្តី​ត្រេកត្រអាល​ ​ក្នុង​មារ​នោះ​ ​អ្នក​គួរ​លះបង់​ចេញ​។​\n<br>​<span class=\"IncreaseIndent\">&nbsp;</span>[​១៣១​]​ ​ម្នាល​រា​ធៈ​ ​មារ​ធម៌​ណា​ ​ដែល​កើតមាន​ ​សេចក្តី​ពេញចិត្ត​ ​ក្នុង​មារ​ធម៌​នោះ​ ​អ្នក​គួរ​លះបង់​ចេញ​។​"
    },
    {
      "header": "ទិដ្ឋិសំយុត្ត\nសោតាបត្តិវគ្គ",
      "href": "http://ti-kh.org/books?book=34&page=102",
      "text": "ខន្ធសំយុត្ត\tសោតាបត្តិវគ្គ ទី ១",
      "detail": "<p class=\"BCenter\">ទិដ្ឋិ​សំយុត្ត​\n<br>​សោតាបត្តិ​វគ្គ​</p>\n<br>​<span class=\"IncreaseIndent\">&nbsp;</span>[​១៤៤​]​ ​សម័យមួយ​ ​ព្រះមានព្រះភាគ​ ​ទ្រង់​គង់នៅ​ក្នុង​វត្ត​ជេតពន​ ​ទៀប​ក្រុង​សាវត្ថី​។​បេ​។​ ​ព្រះមានព្រះភាគ​ ​ទ្រង់​ត្រាស់​ដូច្នេះ​ថា​ ​ម្នាល​ភិក្ខុ​ទាំងឡាយ​ ​កាលបើ​មាន​អ្វី​ហ្ន៎​ ​ព្រោះ​អាស្រ័យ​អ្វី​ ​ប្រកាន់​អ្វី​ ​ទើប​ទិដ្ឋិ​កើតឡើង​ ​យ៉ាងនេះ​ថា​ ​ខ្យល់​មិន​បក់​<sup>(​១​)​</sup> ​ស្ទឹង​មិន​ហូរ​ ​ស្រី​មានគភ៌​មិន​សម្រាល​ ​ព្រះចន្ទ​ ​ព្រះអាទិត្យ​ ​មិន​រះ​ ​ឬមិន​លិច​ ​តាំងនៅ​នឹង​ដដែល​ ​ដូចជា​សសរខឿន​។​ ​បពិត្រ​ព្រះអង្គ​ដ៏​ចម្រើន​ ​ធម៌​ទាំងឡាយ​ ​របស់ខ្ញុំ​ព្រះអង្គ​ទាំងឡាយ​ ​មាន​ព្រះមានព្រះភាគ​ជា​មូល​ ​មាន​ព្រះមានព្រះភាគ​ជា​អ្នកណែនាំ​ ​មាន​ព្រះមានព្រះភាគ​ជាទី​ពឹង​ ​បពិត្រ​ព្រះអង្គ​ដ៏​ចម្រើន​ ​សូម​ព្រះមានព្រះភាគ​ ​សម្តែង​សេចក្តី​ ​នៃ​ភាសិត​នេះ​ ​ពួក​ភិក្ខុ​បាន​ស្តាប់ធម៌​ ​របស់​ព្រះមានព្រះភាគ​ហើយ​ ​នឹង​ចាំទុក​។​ ​ម្នាល​ភិក្ខុ​<hr><div style=\"font-size: 14px\">​(​១​)​ ​សេចក្តី​យល់ឃើញ​ឆ្វេង​ថា​ ​ខ្យល់​ដែល​បក់​បំបាក់​រំលើង​រុក្ខជាតិ​ ​ជាដើម​ ​មិនមែន​ជា​ខ្យល់​មែនទែន​ទេ​ ​ហៅថា​ ​វាត​លេស​ ​គឺ​គ្រាន់តែ​ជា​សំអាង​របស់​ខ្យល់​ ​ឯ​ខ្យល់​មែនទែន​នោះ​ ​ឋិតនៅ​នឹងថ្កល់​ ​ដូចជា​សសរ​គោល​ ​ឬ​កំពូលភ្នំ​។​ ​ស្ទឹង​ ​ស្រី​មានគភ៌​ ​និង​ព្រះចន្ទ​ព្រះអាទិត្យ​ ​ក៏​មានន័យ​ដូចគ្នា​ដែរ​។​</div>"
    },
    {
      "header": "ទិដ្ឋិសំយុត្ត\nសោតាបត្តិវគ្គ",
      "href": "http://ti-kh.org/books?book=34&page=137",
      "text": "ទុតិយបេយ្យាល",
      "detail": "<p class=\"BCenter\">​ទិដ្ឋិ​សំយុត្ត​ ​បេយ្យាលៈ​ ​ទី២​</p>\n<br>​<span class=\"IncreaseIndent\">&nbsp;</span>[​១៧២​]​ ​ក្រុង​សាវត្ថី​។​ ​ម្នាល​ភិក្ខុ​ទាំងឡាយ​ ​កាលបើ​មាន​អ្វី​ហ្ន៎​ ​ព្រោះតែ​អាស្រ័យ​អ្វី​ ​ប្រកាន់​អ្វី​ ​ទើប​ទិដ្ឋិ​កើតឡើង​ ​យ៉ាងនេះ​ថា​ ​ខ្យល់​មិន​បក់​ ​ទឹកស្ទឹង​មិន​ហូរ​ ​ស្រី​មាន​គ័ភ៌​មិន​សម្រាលកូន​ ​ព្រះចន្ទ​ ​និង​ព្រះអាទិត្យ​ ​មិន​រះ​ឡើង​ ​ឬមិន​លិចទៅ​ ​តាំងនៅ​នឹងថ្កល់​ ​ដូចជា​សសរ​គោល​។​ ​បពិត្រ​ព្រះអង្គ​ដ៏​ចម្រើន​ ​ធម៌​ទាំងឡាយ​ ​របស់​យើងខ្ញុំ​ ​មាន​ព្រះមានព្រះភាគ​ ​ជា​មូល​។​បេ​។​ ​ម្នាល​ភិក្ខុ​ទាំងឡាយ​ ​កាលបើ​មាន​រូប​ ​ព្រោះតែ​អាស្រ័យ​នូវ​រូប​ ​ប្រកាន់​រូប​ ​ទើប​ទិដ្ឋិ​កើតឡើង​ ​យ៉ាងនេះ​ថា​ ​ខ្យល់​មិន​បក់​។​បេ​។​ ​តាំងនៅ​នឹងថ្កល់​ ​ដូចជា​សសរ​គោល​។​ ​កាលបើ​មាន​វេទនា​។​បេ​។​ ​កាលបើ​មាន​សញ្ញា​។​ ​កាលបើ​មាន​សង្ខារ​ទាំងឡាយ​។​ ​កាលបើ​មានវិញ្ញាណ​ ​ព្រោះតែ​អាស្រ័យ​វិញ្ញាណ​ ​ប្រកាន់​វិញ្ញាណ​ ​ទើប​ទិដ្ឋិ​កើតឡើង​ ​យ៉ាងនេះ​ថា​ ​ខ្យល់​មិន​បក់​។​បេ​។​ ​តាំងនៅ​នឹងថ្កល់​ ​ដូចជា​សសរ​គោល​។​"
    },
    {
      "header": "ទិដ្ឋិសំយុត្ត\nសោតាបត្តិវគ្គ",
      "href": "http://ti-kh.org/books?book=34&page=145",
      "text": "តតិយបេយ្យាល",
      "detail": "​សញ្ញា​។​ ​សង្ខារ​ទាំងឡាយ​។​ ​វិញ្ញាណ​ ​ទៀង​ ​ឬមិន​ទៀង​។​ ​មិន​ទៀង​ទេ​ ​ព្រះអង្គ​។​បេ​។​ ​មាន​សេចក្តី​ប្រែប្រួល​ជា​ធម្មតា​ ​បើ​មិន​អាស្រ័យ​នូវ​របស់​នោះ​ទេ​ ​តើ​គួរ​មាន​ទិដ្ឋិ​កើតឡើង​ ​យ៉ាងនេះ​ថា​ ​បន្ទាប់​អំពី​សេចក្តី​ស្លាប់​ទៅ​ ​ខ្លួន​ ​នឹង​មិន​ទុក្ខ​ ​មិនសុខ​ ​ទាំង​មិន​មាន​រោគ​ដែរ​ឬ​។​ ​មិនមែន​ដូច្នោះ​ទេ​ ​ព្រះអង្គ​។​ ​ម្នាល​ភិក្ខុ​ទាំងឡាយ​ ​កាលបើ​មានទុក្ខ​ ​ព្រោះតែ​អាស្រ័យ​ទុក្ខ​ ​ប្រកាន់​ទុក្ខ​ ​ដូច្នេះ​ឯង​ ​ទើប​ទិដ្ឋិ​កើតឡើង​ ​យ៉ាងនេះ​ថា​ ​បន្ទាប់​អំពី​សេចក្តី​ស្លាប់​ទៅ​ ​ខ្លួន​ ​នឹង​មិន​ទុក្ខ​ ​មិនសុខ​ ​ទាំង​មិន​មាន​រោគ​ ​(​បេយ្យាល​ទី២​)​។​ ​\n<br>​<span class=\"IncreaseIndent\">&nbsp;</span>[​១៨៦​]​ ​ក្រុង​សាវត្ថី​។​ ​ក្នុង​ទីនោះ​ឯង​។​ ​ព្រះមានព្រះភាគ​ ​ត្រាស់​ថា​ ​ម្នាល​ភិក្ខុ​ទាំងឡាយ​ ​កាលបើ​មាន​អ្វី​ហ្ន៎​ ​ព្រោះតែ​អាស្រ័យ​អ្វី​ ​ប្រកាន់​អ្វី​ ​ទើប​ទិដ្ឋិ​កើតឡើង​ ​យ៉ាងនេះ​ថា​ ​ខ្យល់​មិន​បក់​ ​ទឹកស្ទឹង​មិន​ហូរ​"
    },
    {
      "header": "ទិដ្ឋិសំយុត្ត\nសោតាបត្តិវគ្គ",
      "href": "http://ti-kh.org/books?book=34&page=157",
      "text": "ឱក្កន្ថសំយុត្ត",
      "detail": "<p class=\"BCenter\">​ឱ​ក្ក​ន្ត​សំយុត្ត​</p>\n<br>​<span class=\"IncreaseIndent\">&nbsp;</span>[​១៩៦​]​ ​ក្រុង​សាវត្ថី​។​ ​ម្នាល​ភិក្ខុ​ទាំងឡាយ​ ​ភ្នែក​មិន​ទៀង​ ​មាន​សេចក្តី​ប្រែប្រួល​ទៅ​ ​ប្លែក​ទៅជា​ប្រក្រតី​ ​ត្រចៀក​មិន​ទៀង​ ​មាន​សេចក្តី​ប្រែប្រួល​ទៅ​ ​ប្លែក​ទៅជា​ប្រក្រតី​ ​ច្រមុះ​មិន​ទៀង​ ​មាន​សេចក្តី​ប្រែប្រួល​ទៅ​ ​ប្លែក​ទៅជា​ប្រក្រតី​ ​អណ្តាត​មិន​ទៀង​ ​មាន​សេចក្តី​ប្រែប្រួល​ទៅ​ ​ប្លែក​ទៅជា​ប្រក្រតី​ ​កាយ​មិន​ទៀង​ ​មាន​សេចក្តី​ប្រែប្រួល​ទៅ​ ​ប្លែក​ទៅជា​ប្រក្រតី​ ​ចិត្ត​មិន​ទៀង​ ​មាន​សេចក្តី​ប្រែប្រួល​ទៅ​ ​ប្លែក​ទៅជា​ប្រក្រតី​។​ ​ម្នាល​ភិក្ខុ​ទាំងឡាយ​ ​បុគ្គល​ណា​ ​ជឿ​ចុះចិត្តស៊ប់​ ​នូវ​ធម៌​ទាំងនេះ​យ៉ាងនេះ​។​ ​បុគ្គល​នេះ​ហៅថា​ ​សទ្ធា​នុ​សារី​ ​(​អ្នក​រឭក​ឃើ​ញរឿយៗ​ ​ដោយ​សទ្ធា​)​ ​ចុះ​ស៊ប់​កាន់​សម្មត្ត​និយាម​ ​ចុះ​ស៊ប់​កាន់​សប្បុរិស​ភូមិ​ ​កន្លង​បង់​ ​នូវ​បុថុជ្ជន​ភូមិ​ ​ជា​អ្នក​លែង​ធ្វើអំពើ​ ​ដែល​ធ្វើ​ហើយ​នាំឲ្យ​ទៅ​កើត​ក្នុង​នរក​ ​ឬ​កំណើត​សត្វតិរច្ឆាន​ ​ឬក៏​បិ​ត្តិ​វិស័យ​ ​ជា​បុគ្គល​ទៀង​ ​នឹង​មិន​ធ្វើ​មរណកាល​ ​ក្នុង​ពេល​ដែល​មិនទាន់​ធ្វើឲ្យ​ជាក់ច្បាស់​ ​នូវ​សោតាបត្តិផល​នៅឡើយ​។​ ​ម្នាល​ភិក្ខុ​ទាំងឡាយ​ ​បុគ្គល​ណា​ ​មួយ​បាន​ត្រាស់​ដឹង​ធម៌​ទាំងនេះ​ ​ដោយ​ប្រមាណ​ ​នៃ​ប្រាជ្ញា​យ៉ាងនេះ​។​ ​បុគ្គល​នេះ​ ​ហៅថា​ ​ធម្មា​នុ​សារី​ ​"
    },
    {
      "header": "ទិដ្ឋិសំយុត្ត\nសោតាបត្តិវគ្គ",
      "href": "http://ti-kh.org/books?book=34&page=164",
      "text": "ឧប្បាទសំយុត្ត",
      "detail": "​សទ្ធា​នុ​សារី​ ​បាន​ចុះ​ស៊ប់​ ​កាន់​សម្មត្ត​និយាម​ ​ចុះ​ស៊ប់​ ​កាន់​សប្បុរិស​ភូមិ​ ​កន្លង​បង់​ ​នូវ​បុថុជ្ជន​ភូមិ​ ​ជា​អ្នក​លែង​ធ្វើអំពើ​ ​ដែល​ធ្វើ​ហើយ​នាំឲ្យ​ទៅ​កើត​ក្នុង​នរក​ ​ឬ​កំណើត​សត្វតិរច្ឆាន​ ​ឬក៏​បិ​ត្តិ​វិស័យ​ ​ជា​បុគ្គល​ទៀង​ ​នឹង​មិន​ធ្វើ​មរណកាល​ ​ក្នុង​ពេល​ដែល​មិនទាន់​បាន​ធ្វើឲ្យ​ជាក់ច្បាស់​ ​នូវ​សោតាបត្តិផល​។​ ​ម្នាល​ភិក្ខុ​ទាំងឡាយ​ ​អ្នកណាមួយ​ ​ត្រាស់​ដឹង​ធម៌​ទាំងនេះ​ ​ដោយ​ប្រមាណ​ ​នៃ​ប្រាជ្ញា​យ៉ាងនេះ​។​ ​បុគ្គល​នេះ​ ​ហៅថា​ ​ធម្មា​នុ​សារី​ ​បាន​ចុះ​ស៊ប់​ ​កាន់​សម្មត្ត​និយាម​ ​ចុះ​ស៊ប់​ ​កាន់​សប្បុរិស​ភូមិ​ ​កន្លង​បង់​ ​នូវ​បុថុជ្ជន​ភូមិ​ ​ជា​អ្នក​លែង​ធ្វើអំពើ​ ​ដែល​ធ្វើ​ហើយ​នាំឲ្យ​ទៅ​កើត​ក្នុង​នរក​ ​ឬ​កំណើត​សត្វតិរច្ឆាន​ ​ឬក៏​បិ​ត្តិ​វិស័យ​ ​ជា​បុគ្គល​ទៀង​ ​នឹង​មិន​ធ្វើ​មរណកាល​ ​ក្នុង​ពេល​ដែល​មិនទាន់​បាន​ធ្វើឲ្យ​ជាក់ច្បាស់​ ​នូវ​សោតាបត្តិផល​។​ ​"
    },
    {
      "header": "ទិដ្ឋិសំយុត្ត\nសោតាបត្តិវគ្គ",
      "href": "http://ti-kh.org/books?book=34&page=174",
      "text": "កិលេសសំយុត្ត",
      "detail": "<span class=\"IncreaseIndent\">&nbsp;</span>​[​២២៥​]​ ​ម្នាល​ភិក្ខុ​ទាំងឡាយ​ ​មួយវិញទៀត​ ​ការ​រលត់​ ​ការ​ស្ងប់​រម្ងាប់​ ​ការ​អស់​ណា​ ​នៃ​រូប​ ​នុ៎ះ​ជា​ការ​រលត់​នៃ​ទុក្ខ​ ​ជា​ការ​ស្ងប់​រម្ងាប់​នៃ​រោគ​ ​ជា​ការ​អស់​នៃជ​រា​ ​និង​មរណៈ​ ​នៃ​វេទនា​។​បេ​។​ ​នៃ​សញ្ញា​។​ ​នៃ​សង្ខារ​ទាំងឡាយ​។​ ​ការ​រលត់​ ​ការ​ស្ងប់​រម្ងាប់​ ​ការ​អស់​ណា​ ​នៃ​វិញ្ញាណ​ ​នុ៎ះ​ជា​ការ​រលត់​នៃ​ទុក្ខ​ ​ជា​ការ​ស្ងប់​រម្ងាប់​នៃ​រោគ​ ​ជា​ការ​អស់​នៃជ​រា​ ​និង​មរណៈ​។​\n<br><p class=\"PCenter\">​ចប់​ ​ឱ​ប្បា​ទសំ​យុត្ត​ ​។​\n<br>​ឧទ្ទាន​នៃ​ឱ​ប្បា​ទសំ​យុត្ត​នោះ​គឺ​</p>\n<br><div class=\"ContentTab\">​និយាយ​អំពី​ចក្ខុ១​ ​រូប១​ ​វិញ្ញាណ១​ ​ផស្សៈ១​ ​វេទនា១​ ​សញ្ញា១​ ​ចេតនា១​ ​តណ្ហា១​ ​ធាតុ១​ ​ខន្ធ១​ ​ត្រូវជា១០​។​</div>"
    },
    {
      "header": "ទិដ្ឋិសំយុត្ត\nសោតាបត្តិវគ្គ",
      "href": "http://ti-kh.org/books?book=34&page=181",
      "text": "សារីបុត្តសំយុត្ត",
      "detail": "<p class=\"BCenter\">​សារីបុត្ត​សំយុត្ត​</p>\n<br>​<span class=\"IncreaseIndent\">&nbsp;</span>[​២៣៦​]​ ​សម័យមួយ​ ​ព្រះ​សារីបុត្ត​មាន​អាយុ​ ​គង់នៅ​ក្នុង​វត្ត​ជេតពន​ ​របស់​អនាថបិណ្ឌិក​សេដ្ឋី​ ​ជិត​ក្រុង​សាវត្ថី​។​ ​គ្រានោះ​ ​ព្រះ​សារីបុត្ត​មាន​អាយុ​ ​ស្លៀក​ស្បង់​ ​ប្រដាប់​បាត្រ​ ​និង​ចីវរ​ ​ក្នុង​បុព្វណ្ហសម័យ​ ​ចូល​ទៅកាន់​ក្រង់​សាវត្ថី​ ​ដើម្បី​បិណ្ឌបាត​ ​លុះ​ត្រាច់​ទៅ​ក្នុង​ក្រុង​សាវត្ថី​ ​ដើម្បី​បិណ្ឌបាត​ហើយ​ ​ត្រឡប់​អំពី​បិណ្ឌបាត​ ​ក្នុង​កាល​ជា​ខាងក្រោយ​ ​នៃ​ភត្ត​ហើយ​ ​សំដៅ​ទៅកាន់​អន្ធ​វ័ន​ ​ដើម្បី​សម្រាក​ក្នុង​វេលា​ថ្ងៃ​ ​លុះ​ចូលស៊ប់​ក្នុង​អន្ធ​វ័ន​ហើយ​ ​គង់​សម្រាក​ ​ក្នុង​វេលា​ថ្ងៃ​ ​ទៀប​គល់ឈើ​មួយ​។​ ​គ្រានោះ​ ​ព្រះ​សារីបុត្ត​មាន​អាយុ​ ​ចេញ​អំពី​ទី​ពួន​សម្ងំ​ ​ក្នុង​សាយណ្ហសម័យ​ហើយ​ ​ចូល​ទៅកាន់​វត្ត​ជេតពន​ ​របស់​អនាថបិណ្ឌិក​សេដ្ឋី​។​ ​ព្រះ​អានន្ទ​មាន​អាយុ​ ​បានឃើញ​ព្រះ​សារីបុត្ត​មាន​អាយុ​ ​កំពុង​និមន្ត​មក​អំពី​ចម្ងាយ​ ​លុះ​ឃើញ​ហើយ​ ​ក៏​ពោល​នឹង​ព្រះ​សារីបុត្ត​មាន​អាយុ​ ​ដូច្នេះ​ថា​ ​ម្នាល​អាវុសោ​សារីបុត្ត​ ​ឥន្ទ្រិយ​របស់​លោក​ជ្រះថ្លា​ ​សម្បុរ​មុខ​ក៏​ស្អាត​ផូរផង់​ ​ថ្ងៃនេះ​ ​តើ​ព្រះ​សារីបុត្ត​មាន​អាយុ​ ​នៅ​ដោយ​ធម៌​ជា​គ្រឿង​នៅ​ដូចម្តេច​។​ ​"
    },
    {
      "header": "ទិដ្ឋិសំយុត្ត\nសោតាបត្តិវគ្គ",
      "href": "http://ti-kh.org/books?book=34&page=193",
      "text": "នាគសំយុត្ត",
      "detail": "<p class=\"BCenter\">​នាគ​សំយុត្ត​</p>\n<br><span class=\"IncreaseIndent\">&nbsp;</span>​[​២៤៦​]​ ​ក្រុង​សាវត្ថី​។​ ​ក្នុង​ទីនោះ​ឯង​។​ ​ម្នាល​ភិក្ខុ​ទាំងឡាយ​ ​កំណើត​របស់​នាគ​នេះ​ ​មាន៤យ៉ាង​។​ ​ចុះ​កំណើត៤​ ​គឺ​អ្វីខ្លះ​។​ ​កំណើត៤​ ​គឺ​ ​ពួក​នាគ​ជា​អណ្ឌជៈកំណើត១​ ​ពួក​នាគ​ជា​ជលាពុជៈ​កំណើត១​ ​ពួក​នាគ​ជា​សំសេទជៈ​កំណើត១​ ​ពួក​នាគ​ជា​ឧបបាតិកៈ​កំណើត១​។​ ​ម្នាល​ភិក្ខុ​ទាំងឡាយ​ ​កំណើត​របស់​នាគ​ ​មាន៤យ៉ាងនេះ​ឯង​។​\n<br>​<span class=\"IncreaseIndent\">&nbsp;</span>[​២៤៧​]​ ​ក្រុង​សាវត្ថី​។​ ​ម្នាល​ភិក្ខុ​ទាំងឡាយ​ ​កំណើត​របស់​នាគ​នេះ​ ​មាន៤យ៉ាង​។​ ​ចុះ​កំណើត៤​ ​គឺ​អ្វីខ្លះ​។​ ​កំណើត៤​ ​គឺ​ ​ពួក​នាគ​ជា​អណ្ឌជៈកំណើត១​ ​ពួក​នាគ​ជា​ជលាពុជៈ​កំណើត១​ ​ពួក​នាគ​ជា​សំសេទជៈ​កំណើត១​ ​ពួក​នាគ​ជា​ឧបបាតិកៈ​កំណើត១​។​ ​ម្នាល​ភិក្ខុ​ទាំងឡាយ​ ​បណ្តា​នាគ​ទាំងនោះ​ ​ពួក​នាគ​ជា​ជលាពុជៈ​កំណើត​ក្តី​ ​ពួក​នាគ​ជា​សំសេទជៈ​កំណើត​ក្តី​ ​ពួក​នាគ​ជា​ឧបបាតិកៈ​កំណើត​ក្តី​ ​ប្រសើរ​ជាង​ពួក​នាគ​ជា​អណ្ឌជៈកំណើត​។​ ​ម្នាល​ភិក្ខុ​ទាំងឡាយ​ ​បណ្តា​នាគ​ទាំងនោះ​ ​ពួក​នាគ​ជា​សំសេទជៈ​កំណើត​ក្តី​ ​ពួក​នាគ​ជា​ឧបបាតិកៈ​កំណើត​ក្តី​ ​ប្រសើរ​ជាង​ពួក​នាគ​ជា​អណ្ឌជៈកំណើត​ ​និង​ពួក​នាគ​ជា​ជលាពុជៈ​កំណើត​។​ ​"
    },
    {
      "header": "ទិដ្ឋិសំយុត្ត\nសោតាបត្តិវគ្គ",
      "href": "http://ti-kh.org/books?book=34&page=204",
      "text": "សុបណ្ណសំយុត្ត",
      "detail": "<p class=\"BCenter\">​សុបណ្ណ​សំយុត្ត​</p>\n<br>​<span class=\"IncreaseIndent\">&nbsp;</span>[​២៥៨​]​ ​ក្រុង​សាវត្ថី​។​ ​ក្នុង​ទីនោះ​ឯង​។​ ​ម្នាល​ភិក្ខុ​ទាំងឡាយ​ ​កំណើត​គ្រុឌ​នេះ​ ​មាន៤​។​ ​ចុះ​កំណើត​គ្រុឌ​ ​ទាំង៤​ ​គឺ​អ្វីខ្លះ​។​ ​គឺ​ពួក​គ្រុឌ​ ​ជា​អណ្ឌជៈ​កំណើរ១​ ​ពួក​គ្រុឌ​ ​ជា​ជលាពុជៈ​កំណើត១​ ​ពួក​គ្រុឌ​ ​ជា​សំសេទជៈ​កំណើត១​ ​ពួក​គ្រុឌ​ ​ជា​ឧបបាតិកៈ​កំណើត១​។​ ​ម្នាល​ភិក្ខុ​ទាំងឡាយ​ ​កំណើត​គ្រុឌ​ ​មាន៤​ ​នេះឯង​។​\n<br>​<span class=\"IncreaseIndent\">&nbsp;</span>[​២៥៩​]​ ​ក្រុង​សាវត្ថី​។​ ​ម្នាល​ភិក្ខុ​ទាំងឡាយ​ ​កំណើត​គ្រុឌ​នេះ​ ​មាន៤​។​ ​ចុះ​កំណើត​គ្រុឌ​ ​ទាំង៤​ ​គឺ​អ្វីខ្លះ​។​ ​ពួក​គ្រុឌ​ជា​អណ្ឌជៈ​កំណើរ១​ ​ពួក​គ្រុឌ​ជា​ជលាពុជៈ​កំណើត១​ ​ពួក​គ្រុឌ​ ​ជា​សំសេទជៈ​កំណើត១​ ​ពួក​គ្រុឌ​ ​ជា​ឧបបាតិកៈ​កំណើត១​។​ ​ម្នាល​ភិក្ខុ​ទាំងឡាយ​ ​បណ្តា​គ្រុឌ​ទាំងនោះ​ ​គ្រុឌ​ជា​អណ្ឌជៈកំណើត​ ​ឆាប​បានតែ​ពួក​នាគ​ជា​អណ្ឌជៈកំណើត​ ​ឆាប​ពួក​នាគ​ជា​ជលាពុជៈ​កំណើត​មិនបាន​ ​ឆាប​ពួក​នាគ​ជា​សំសេទជៈ​កំណើត​មិនបាន​ ​ឆាប​ពួក​នាគ​ជា​ឧបបាតិកៈ​កំណើត​មិនបាន​ឡើយ​។​ ​ម្នាល​ភិក្ខុ​ទាំងឡាយ​ ​បណ្តា​គ្រុឌ​ទាំងនោះ​ ​ពួក​គ្រុឌ​ជា​ជលាពុជៈ​កំណើត​ ​ឆាប​នាគ​ជា​អណ្ឌជៈកំណើត​ ​និង​នាគ​ជា​ជលាពុជៈ​កំណើត​បាន​ ​ឆាប​ពួក​នាគ​ជា​សំសេទជៈ​កំណើត​មិនបាន​ ​ឆាប​ពួក​នាគ​ជា​ឧបបាតិកៈ​កំណើត​មិនបាន​ឡើយ​។​ ​ម្នាល​ភិក្ខុ​ទាំងឡាយ​ ​បណ្តា​គ្រុឌ​ទាំងនោះ​"
    },
    {
      "header": "ទិដ្ឋិសំយុត្ត\nសោតាបត្តិវគ្គ",
      "href": "http://ti-kh.org/books?book=34&page=210",
      "text": "គន្ធព្វកាយសំយុត្ត",
      "detail": "<p class=\"BCenter\">គន្ធព្វ​កាយ​សំយុត្ត​</p>\n<br>​<span class=\"IncreaseIndent\">&nbsp;</span>[​២៦៤​]​ ​សម័យមួយ​ ​ព្រះមានព្រះភាគ​ ​ទ្រង់​គង់នៅ​ក្នុង​វត្ត​ជេតពន​ ​របស់​អនាថបិណ្ឌិក​សេដ្ឋី​ ​ទៀប​ក្រុង​សាវត្ថី​។​បេ​។​ ​ព្រះមានព្រះភាគ​ ​ទ្រង់​ត្រាស់​ដូច្នេះ​ថា​ ​ម្នាល​ភិក្ខុ​ទាំងឡាយ​ ​តថាគត​ ​នឹង​សំដែង​នូវ​ទេវតា​ទាំងឡាយ​ ​ដែល​ជាពួក​គន្ធព្វ​<sup>(​១​)​</sup> ​ដល់​អ្នក​ទាំងឡាយ​ ​ចូរ​អ្នក​ទាំងឡាយ​ ​ស្តាប់​រឿង​នោះ​ចុះ​។​បេ​។​ ​ម្នាល​ភិក្ខុ​ទាំងឡាយ​ ​ចុះ​ទេវតា​ទាំងឡាយ​ ​ជាពួក​គន្ធព្វ​ ​តើ​ដូចម្តេច​។​ ​ម្នាល​ភិក្ខុ​ទាំងឡាយ​ ​ពួក​ទេវតា​ ​អាស្រ័យ​នៅ​លើ​ឈើ​ ​មាន​ឫស​ក្រអូប​ក៏​មាន​ ​ម្នាល​ភិក្ខុ​ទាំងឡាយ​ ​ពួក​ទេវតា​ ​អាស្រ័យ​នៅ​លើ​ឈើ​មាន​ខ្លឹម​ក្រអូប​ក៏​មាន​ ​ម្នាល​ភិក្ខុ​ទាំងឡាយ​ ​ពួក​ទេវតា​ ​អាស្រ័យ​នៅ​លើ​ឈើ​ ​មានសាច់​ស្រាយ​ក្រអូប​ក៏​មាន​ ​ម្នាល​ភិក្ខុ​ទាំងឡាយ​ ​ពួក​ទេវតា​ ​អាស្រ័យ​នៅ​លើ​ឈើ​ ​មាន​សំបក​ក្រអូប​ក៏​មាន​ ​ម្នាល​ភិក្ខុ​ទាំងឡាយ​ ​ពួក​ទេវតា​អាស្រ័យ​នៅ​លើ​ឈើ​ ​មាន​ក្រមរ​ក្រអូប​ក៏​មាន​ ​ម្នាល​ភិក្ខុ​ទាំងឡាយ​ ​ពួក​ទេវតា​ ​អាស្រ័យ​នៅ​លើ​ឈើ​ ​មាន​ស្លឹក​ក្រអូប​ក៏​មាន​ ​ម្នាល​ភិក្ខុ​ទាំងឡាយ​ ​ពួក​ទេវតា​ ​អាស្រ័យ​នៅ​លើ​ឈើ​ ​មាន​ផ្កា​ក្រអូប​ក៏​មាន​ ​ម្នាល​ភិក្ខុ​ទាំងឡាយ​ ​ពួក​ទេវតា​ ​អាស្រ័យ​នៅ​លើ​ឈើ​ ​មាន​ផ្លែ​ក្រអូប​ក៏​មាន​ ​ម្នាល​ភិក្ខុ​ទាំងឡាយ​ ​ពួក​ទេវតា​ ​អាស្រ័យ​នៅ​លើ​ឈើ​ ​មាន​រស​ក្រអូប​ក៏​មាន​ ​<hr><div style=\"font-size: 14px\">​(​១​)​ ​ទេវតា​ ​ដែល​ជា​អ្នកប្រើ​ប្រាស់​ ​នូវ​វត្ថុ​មាន​ក្លិនក្រអូប​។​</div>"
    },
    {
      "header": "ទិដ្ឋិសំយុត្ត\nសោតាបត្តិវគ្គ",
      "href": "http://ti-kh.org/books?book=34&page=220",
      "text": "វលាហកសំយុត្ត",
      "detail": "<p class=\"BCenter\">វលាហក​សំយុត្ត​</p>\n<br>​<span class=\"IncreaseIndent\">&nbsp;</span>​[​២៧០​]​ ​ក្រុង​សាវត្ថី​។​ ​ម្នាល​ភិក្ខុ​ទាំងឡាយ​ ​តថាគត​នឹង​សំដែង​នូវ​ទេវតា​ទាំងឡាយ​ ​ដែល​ជា​ពួ​ក​វលាហកៈ​<sup>(​១​)</sup>​ ​ដល់​អ្នក​ទាំងឡាយ​ ​ចូរ​អ្នក​ទាំងឡាយ​ ​ស្តាប់​រឿង​នោះ​ចុះ​។​បេ​។​ ​ម្នាល​ភិក្ខុ​ទាំងឡាយ​ ​ចុះ​ទេវតា​ទាំងឡាយ​ ​ដែល​ជា​ពួ​ក​វលាហកៈ​ ​តើ​ដូចម្តេច​។​ ​ម្នាល​ភិក្ខុ​ទាំងឡាយ​ ​ទេវតា​ទាំងឡាយ​ ​ដែល​ជា​សី​ត​វលាហកៈ​ ​(​អ្នក​បណ្តាល​ ​នូវ​ធាតុ​ត្រជាក់​)​ ​ក៏​មាន​ ​ម្នាល​ភិក្ខុ​ទាំងឡាយ​ ​ទេវតា​ទាំងឡាយ​ ​ជា​ឧណ្ហ​វលាហកៈ​ ​(​អ្នក​បណ្តាល​ ​នូវ​ធាតុ​ក្តៅ​)​ ​ក៏​មាន​ ​ម្នាល​ភិក្ខុ​ទាំងឡាយ​ ​ទេវតា​ទាំងឡាយ​ជា​អព្ភ​វលាហកៈ​ ​(​អ្នក​បណ្តាល​នូវ​អ័ព្ទ​)​ ​ក៏​មាន​ ​ម្នាល​ភិក្ខុ​ទាំងឡាយ​ ​ទេវតា​ទាំងឡាយ​ជាពួក​វា​ត​វលាហកៈ​ ​(​អ្នក​បណ្តាល​នូវ​ខ្យល់​)​ ​ក៏​មាន​ ​ម្នាល​ភិក្ខុ​ទាំងឡាយ​ ​ទេវតា​ទាំងឡាយ​ជាពួក​វស្សា​វលាហកៈ​ ​(​អ្នក​បណ្តាល​នូវ​ភ្លៀង​)​ ​ក៏​មាន​។​ ​ម្នាល​ភិក្ខុ​ទាំងឡាយ​ ​នេះ​ហៅថា​ ​ទេវតា​ទាំងឡាយ​ ​ជា​ពួ​ក​វលាហកៈ​។​<hr><div style=\"font-size: 14px\">​(​១​)​ ​ជា​អ្នក​បណ្តាល​នូវ​ការ​ត្រជាក់​ ​ជាដើម​។​</div>"
    },
    {
      "header": "ទិដ្ឋិសំយុត្ត\nសោតាបត្តិវគ្គ",
      "href": "http://ti-kh.org/books?book=34&page=228",
      "text": "វច្ឆគោត្តសំយុត្ត",
      "detail": "<p class=\"BCenter\">​វ​ច្ឆ​គោត្ត​សំយុត្ត​</p>\n<br>​<span class=\"IncreaseIndent\">&nbsp;</span>[​២៨២​]​ ​សម័យមួយ​ ​ព្រះមានព្រះភាគ​ ​ទ្រង់​គង់នៅ​ក្នុង​វត្ត​ជេតពន​ ​របស់​អនាថបិណ្ឌិក​សេដ្ឋី​ ​ទៀប​ក្រុង​សាវត្ថី​។​ ​គ្រានោះ​ឯង​ ​បរិ​ព្វា​ជ​ក​ឈ្មោះ​ ​វច្ច​គោត្ត​ ​បាន​ចូល​ទៅ​គាល់​ព្រះមានព្រះភាគ​ ​លុះ​ចូល​ទៅដល់​ហើយ​ ​ក៏​ធ្វើ​សេចក្តី​រីករាយ​ ​ជាមួយនឹង​ព្រះមានព្រះភាគ​ ​លុះ​បញ្ចប់​ពាក្យ​ ​ដែល​គួរ​រីករាយ​ ​និង​ពាក្យ​ដែល​គួរ​រឭក​ហើយ​ ​ទើប​អង្គុយ​ក្នុង​ទី​ដ៏​សមគួរ​។​ ​លុះ​វ​ច្ឆ​គោ​ត្ត​បរិ​ព្វា​ជ​ក​ ​អង្គុយ​ក្នុង​ទីសម​គួរ​ហើយ​ ​ក៏​ក្រាបបង្គំទូល​សួរ​ព្រះមានព្រះភាគ​ ​ដូច្នេះ​ថា​ ​បពិត្រ​ព្រះ​គោតម​ដ៏​ចម្រើន​ ​អ្វី​ជាហេតុ​ ​អ្វី​ជា​បច្ច័យ​ ​ដែល​មាន​ទិដ្ឋិ​ច្រើនប្រការ​នេះ​ ​កើតឡើង​ក្នុង​លោក​ ​ថា​ ​លោក​ទៀង​ក៏​មាន​ ​ថា​ ​លោក​មិន​ទៀង​ក៏​មាន​ ​ថា​ ​លោកមា​នទី​បំផុត​ក៏​មាន​ ​ថា​ ​លោក​មិន​មាន​ទីបំផុត​ក៏​មាន​ ​ថា​ ​ជីវិត​នោះ​ ​គឺ​សរីរៈ​នោះ​ក៏​មាន"
    },
    {
      "header": "ទិដ្ឋិសំយុត្ត\nសោតាបត្តិវគ្គ",
      "href": "http://ti-kh.org/books?book=34&page=241",
      "text": "សមាធិសំយុត្ត",
      "detail": "<p class=\"BCenter\">​សមាធិ​សំយុត្ត​</p>\n<br>​<span class=\"IncreaseIndent\">&nbsp;</span>[​៣១៣​]​ ​ក្រុង​សាវត្ថី​។​ ​ក្នុង​ទីនោះ​ឯង​។​បេ​។​ ​ម្នាល​ភិក្ខុ​ទាំងឡាយ​ ​បុគ្គល​មាន​ឈាន​នេះ​ ​មាន៤ពួក​។​ ​បុគ្គល​ទាំង៤ពួក​ ​ដូចម្តេច​ខ្លះ​។​ ​ម្នាល​ភិក្ខុ​ទាំងឡាយ​ ​បុគ្គល​មាន​ឈាន​ខ្លះ​ ​ក្នុង​លោក​នេះ​ ​ជា​អ្នក​ឈ្លាសវៃ​ ​ក្នុង​ការកំណត់​អង្គ​ ​(​ឈាន​)​ ​ក្នុង​សមាធិ​ ​តែ​មិន​ឈ្លាសវៃ​ ​ក្នុង​ការ​ចូល​សមាធិ​។​ ​ម្នាល​ភិក្ខុ​ទាំងឡាយ​ ​មួយទៀត​ ​បុគ្គល​មាន​ឈាន​ខ្លះ​ ​ក្នុង​លោក​នេះ​ ​ជា​អ្នក​ឈ្លាសវៃ​ ​ក្នុង​ការ​ចូល​សមាធិ​ ​តែ​មិន​ឈ្លាសវៃ​ ​ក្នុង​ការកំណត់​អង្គ​ ​(​ឈាន​)​ ​ក្នុង​សមាធិ​។​ ​ម្នាល​ភិក្ខុ​ទាំងឡាយ​ ​បុគ្គល​មាន​ឈាន​ខ្លះ​ ​ក្នុង​លោក​នេះ​ ​មិន​ឈ្លាសវៃ​ក្នុង​ការកំណត់​អង្គ​ ​(​ឈាន​)​ ​ក្នុង​សមាធិ​ ​ទាំង​មិន​ឈ្លាសវៃ​ ​ក្នុង​ការ​ចូល​សមាធិ​។​ ​ម្នាល​ភិក្ខុ​ទាំងឡាយ​ ​បុគ្គល​មាន​ឈាន​ខ្លះ​ ​ក្នុង​លោក​នេះ​ ​ជា​អ្នក​ឈ្លាសវៃ​ ​ក្នុង​ការកំណត់​អង្គ​ ​(​ឈាន​)​ ​ក្នុង​សមាធិ​ផង​ ​ឈ្លាសវៃ​ ​ក្នុង​ការ​ចូល​សមាធិ​ផង​។​ ​ម្នាល​ភិក្ខុ​ទាំងឡាយ​ ​បណ្តា​បុគ្គល​ទាំងនោះ​ ​បុគ្គល​មាន​ឈាន​ណា​ ​ជា​អ្នក​ឈ្លាសវៃ​ ​ក្នុង​ការកំណត់​អង្គ​ ​(​ឈាន​)​ ​ក្នុង​សមាធិ​ផង​ ​ឈ្លាសវៃ​ ​ក្នុង​ការ​ចូល​សមាធិ​ផង​។​ ​បណ្តា​បុគ្គល​អ្នកមាន​ឈាន​ ​ទាំង៤ពួក​នេះ​ ​បុគ្គល​នេះ​ ​ខ្ពង់ខ្ពស់​ផង​ ​ប្រសើរ​ផង​ ​ជា​ប្រធាន​ផង​ ​ឧត្តម​ផង​ ​"
    }
  ]
}