{
  "title": "ភាគ ៣៥",
  "imageSrc": "photos/Book_35.jpg",
  "href": "http://ti-kh.org/books?book=35",
  "contents": [
    {
      "header": "បឋមបណ្ណាសកៈ\nអនិច្ចវគ្គ",
      "href": "http://ti-kh.org/books?book=35&page=3",
      "text": "សឡាយតនវគ្គ បឋមបណ្ណាសកៈ \tអនិច្ចវគ្គ ទី ១",
      "detail": "​នឿយណាយ​នឹង​អ​ណា្ត​ត​ផង​ ​នឿយណាយ​នឹង​កាយ​ផង​ ​នឿយណាយ​នឹង​ចិត្ត​ផង​ ​កាលបើ​នឿយណាយ​ ​រមែង​ប្រាសចាក​តម្រេក​ ​ព្រោះតែ​ប្រាសចាក​តម្រេក​ ​ចិត្ត​ក៏​ផុត​ស្រឡះ​ ​(​ចាក​អាសវៈ​)​។​ ​កាលបើ​ចិត្ត​ផុត​ស្រឡះ​ហើយ​ ​ញាណ​ ​ក៏​កើតឡើង​ថា​ ​ចិត្ត​ផុត​ស្រឡះ​ហើយ​។​ ​(​អរិយសាវ័ក​នោះ​)​ ​ក៏​ដឹង​ច្បាស់​ថា​ ​ជាតិ​ ​(​របស់​អញ​)​ ​អស់ហើយ​ ​មគ្គ​ព្រហ្មចរិយ​ធម៌​ ​អាត្មាអញ​ ​បាន​ប្រព្រឹត្ត​គ្រប់គ្រាន់​ហើយ​ ​សោឡស​កិច្ច​ ​អាត្មាអញ​ ​ក៏បាន​ធើ្វ​រួចហើយ​ ​មគ្គ​ភាវនា​កិច្ច​ដទៃ​ ​ប្រព្រឹត្តទៅ​ ​ដើម្បី​សោឡស​កិច្ច​នេះ​ទៀត​ ​មិន​មាន​ឡើយ​។​ ​ចប់​សូត្រ​ ​ទី១​។​ ​\n<br>​<span class=\"IncreaseIndent\">&nbsp;</span>[​២​]​ ​ម្នាល​ភិក្ខុ​ទាំងឡាយ​ ​ភ្នែក​ជា​ទុក្ខ​ ​របស់​ណា​ជា​ទុក្ខ​ ​របស់​នោះ​ជា​អនត្តា​ ​របស់​ណា​ ​ជា​អនត្តា​ ​របស់​នោះ​ ​បុគ្គល​ត្រូវ​យល់​ដោយ​ប្រាជ្ញា​ដ៏​ប្រពៃ​ ​តាមពិត​ ​យ៉ាងនេះ​ថា​ ​នុ៎ះ​មិនមែន​របស់​អញ​ ​នុ៎ះ​មិនមែន​ជា​អញ​ ​នុ៎ះ​មិនមែន​ជា​ខ្លួន​របស់​អញ​ទេ​។​ ​ត្រចៀក​ជា​ទុក្ខ​ ​។​បេ​។​ ​ច្រមុះ​ជា​ទុក្ខ​។​ ​អណ្តាត​ជា​ទុក្ខ​។​ ​កាយ​ជា​ទុក្ខ​។​ ​ចិត្តជា​ទុក្ខ​ ​របស់​ណា​ជា​ទុក្ខ​ ​របស់​នោះ​ ​ជា​អនត្តា​ ​របស់​ណា​ជា​អនត្តា​ ​របស់​នោះ​ ​បុគ្គល​ត្រូវ​យល់​ដោយ​ប្រាជ្ញា​ដ៏​ប្រពៃ​ ​តាមពិត​ ​យ៉ាងនេះ​ថា​ ​នុ៎ះ​មិនមែន​របស់​អញ​ ​នុ៎ះ​មិនមែន​ជា​អញ​ ​នុ៎ះ​មិនមែន​ជា​ខ្លួន​របស់​អញ​ទេ​។​ ​"
    },
    {
      "header": "បឋមបណ្ណាសកៈ\nអនិច្ចវគ្គ",
      "href": "http://ti-kh.org/books?book=35&page=13",
      "text": "យមកវគ្គ ទី ២",
      "detail": "<p class=\"BCenter\">​យមក​វគ្គ​</p>\n<br>​<span class=\"IncreaseIndent\">&nbsp;</span>[​១៣​]​ ​ម្នាល​ភិក្ខុ​ទាំងឡាយ​ ​ក្នុង​កាលមុន​ ​តថាគត​ ​នៅជា​ពោធិសត្វ​ ​មិនទាន់​បាន​ត្រាស់​ដឹង​សម្ពោធិញ្ញាណ​នៅឡើយ​ ​មាន​សេចក្តី​ត្រិះរិះ​ ​យ៉ាងនេះ​ថា​ ​អ្វី​ហ្ន៎​ ​ជា​អានិសង្ស​ ​របស់​ភ្នែក​ ​អ្វី​ហ្ន៎​ ​ជា​ទោស​របស់​ភ្នែក​ ​អ្វី​ជា​គ្រឿងរ​លាស់​ចេញ​នូវ​ភ្នែក​ ​អ្វី​ជា​អានិសង្ស​របស់​ត្រចៀក​។​បេ​។​ ​អ្វី​ជា​អានិសង្ស​របស់​ច្រមុះ​។​ ​អ្វី​ជា​អានិសង្ស​របស់​អណ្តាត​។​ ​អ្វី​ជា​អានិសង្ស​របស់​កាយ​។​ ​អ្វី​ជា​អានិសង្ស​របស់​ចិត្ត​ ​អ្វី​ជា​ទោស​របស់​ចិត្ត​ ​អ្វី​ជា​គ្រឿងរ​លាស់​ចេញ​នូវ​ចិត្ត​។​ ​ម្នាល​ភិក្ខុ​ទាំងឡាយ​ ​តថាគត​ ​មាន​សេចក្តី​ត្រិះរិះ​ ​ដូច្នេះ​ថា​ ​សេចក្តី​សុខ​ ​និង​សោមនស្ស​ណា​ ​កើតឡើង​ ​ព្រោះ​អាស្រ័យ​ភ្នែក​ ​នេះ​ជា​អានិសង្ស​របស់​ភ្នែក​ ​ភ្នែក​ណា​ ​មិន​ទៀង​ ​ជា​ទុក្ខ​ ​មាន​សេចក្តី​ប្រែប្រួល​ជា​ធម្មតា​ ​នេះ​ជា​ទោស​របស់​ភ្នែក​ ​ការ​កំចាត់​បង់​ ​នូវ​ឆន្ទ​រាគៈ​ ​ការ​លះបង់​ ​នូវ​ឆន្ទ​រាគៈ​ ​ក្នុង​ភ្នែក​ណា​ ​នេះ​ជា​គ្រឿងរ​លាស់​ចេញ​ ​នូវ​ភ្នែក​។​បេ​។​ ​សេចក្តី​សុខ​ ​និង​សោមនស្ស​ណា​ ​កើតឡើង​ ​ព្រោះ​អាស្រ័យ​អណ្តាត​ ​នេះ​ជា​អានិសង្ស​របស់​អណ្តាត​ ​អណ្តាត​ណា​ ​"
    },
    {
      "header": "បឋមបណ្ណាសកៈ\nអនិច្ចវគ្គ",
      "href": "http://ti-kh.org/books?book=35&page=33",
      "text": "សព្វវគ្គ ទី ៣",
      "detail": "<p class=\"BCenter\">​សព្វ​វគ្គ​</p>\n<br>​<span class=\"IncreaseIndent\">&nbsp;</span>[​២៤​]​ ​ម្នាល​ភិក្ខុ​ទាំងឡាយ​ ​តថាគត​នឹង​សម្តែង​នូវ​អាយតនៈ​ទាំងពួង​ ​ដល់​អ្នក​ ​ទាំងឡាយ​ ​អ្នក​ទាំងឡាយ​ ​ចាំ​ស្តាប់​នូវ​អាយតនៈ​នោះ​ចុះ​។​ ​ម្នាល​ភិក្ខុ​ទាំងឡាយ​ ​អាយតនៈ​ទាំងពួង​ ​តើ​ដូចម្តេច​ ​គឺ​ភ្នែក​ ​១​ ​រូប​ ​១​ ​ត្រចៀក​ ​១​ ​សំឡេង​ ​១​ ​ច្រមុះ​ ​១​ ​ក្លិន​ ​១​ ​អណ្តាត​ ​១​ ​រស​ ​១​ ​កាយ​ ​១​ ​ផោ​ដ្ឋ​ឰៈ​ ​១​ ​ចិត្ត​ ​១​ ​ធម្មារម្មណ៍​ ​១​។​ ​ម្នាល​ភិក្ខុ​ទាំងឡាយ​ ​នេះ​ ​ហៅថា​ ​អាយតនៈ​ទាំងពួង​។​ ​ម្នាល​ភិក្ខុ​ទាំងឡាយ​ ​បុគ្គល​ណា​ ​និយាយ​យ៉ាងនេះ​ថា​ ​អញ​ឃាត់​នូវ​អាយតនៈ​ទាំងពួង​នុ៎ះ​ ​ហើយនឹង​បញ្ញត្ត​ ​នូវ​វត្ថុ​ដទៃ​។​ ​វាចា​របស់​បុគ្គល​នោះ​ ​គ្រាន់តែ​ឲ្យ​ ​កើតទៅជា​រឿង​ប៉ុណ្ណោះ​ឯង​។​ ​បុគ្គល​នោះ​ ​បើ​មាន​គេ​សួរ​មក​ ​ក៏​មិន​អាច​ញុំា​ងរឿ​ងនោះ​ ​ឲ្យ​សម្រេច​បាន​ ​នាំឲ្យ​លំបាកទៅ​ខាងមុខ​។​ ​ដំណើរ​នោះ​ ​ព្រោះ​ហេតុអ្វី​។​ ​ម្នាល​ភិក្ខុ​ទាំងឡាយ​ ​ព្រោះថា​ ​(​សត្វ​ទាំងឡាយ​ ​តែង​បាន​នូវ​សេចក្តី​ទុក្ខ​)​ ​ក្នុង​ទី​មិនមែន​ជា​វិស័យ​ ​ដោយពិត​។​ ​ចប់​ ​សូត្រ​ ​ទី​ ​១​។​"
    },
    {
      "header": "បឋមបណ្ណាសកៈ\nអនិច្ចវគ្គ",
      "href": "http://ti-kh.org/books?book=35&page=59",
      "text": "ជាតិធម្មវគ្គ ទី ៤",
      "detail": "<p class=\"BCenter\">​ជាតិធម្ម​វគ្គ​</p>\n<br>​<span class=\"IncreaseIndent\">&nbsp;</span>[​៣៦​]​ ​ក្នុង​ក្រុង​សាវត្ថី​។​ ​ក្នុង​ទីនោះ​ឯង​ ​(​ ​ព្រះមានព្រះភាគ​ ​ទ្រង់​ត្រាស់​ថា​ ​)​ ​ម្នាល​ ​ភិក្ខុ​ទាំងឡាយ​ ​វត្ថុ​ទាំងពួង​ ​មាន​ជាតិ​ ​គឺ​ការ​កើតជា​ធម្មតា​។​ ​ម្នាល​ភិក្ខុ​ទាំងឡាយ​ ​វត្ថុ​ទាំង​ ​ពួង​មាន​ជាតិ​ជា​ធម្មតា​ ​តើ​ដូចម្តេច​។​បេ​។​ ​ម្នាល​ភិក្ខុ​ទាំងឡាយ​ ​ចក្ខុ​មាន​ជាតិ​ជា​ធម្មតា​ ​រូប​ ​ចក្ខុវិញ្ញាណ​ ​ចក្ខុ​សម្ផ័​ស្ស​ ​មាន​ជាតិ​ជា​ធម្មតា​ ​ទោះបី​វេទនា​ណា​ ​ជា​សុខ​ក្តី​ ​ជា​ទុក្ខ​ក្តី​ ​មិន​ទុក្ខ​មិនសុខ​ក្តី​ ​ដែល​កើតឡើង​ ​ព្រោះ​ចក្ខុ​សម្ផ័​ស្ស​ជា​បច្ច័យ​ ​វេទនា​នោះ​ ​ក៏​មាន​ ​ជាតិ​ជា​ធម្មតា​។​ ​បេ​។​ ​ជិវ្ហា​ ​រស​ ​ជិវ្ហា​វិញ្ញាណ​ ​ជិវ្ហា​សម្ផ័​ស្ស​ ​មាន​ជាតិ​ជា​ធម្មតា​ ​ទោះបី​ ​វេទនា​ណា​ ​ជា​សុខ​ក្តី​ ​ជា​ទុក្ខ​ក្តី​ ​មិន​ទុក្ខ​មិនសុខ​ក្តី​ ​ដែល​កើតឡើង​ ​ព្រោះ​ជិវ្ហា​សម្ផ័​ស្ស​ជា​ ​ ​បច្ច័យ​ ​វេទនា​នោះ​ ​មាន​ជាតិ​ ​ជា​ធម្មតា​។​បេ​។​ ​មនោ​ ​មាន​ជាតិ​ជា​ធម្មតា​ ​ធម្មារម្មណ៍​មាន​ ​ជាតិ​ជា​ធម្មតា​ ​មនោវិញ្ញាណ​ ​មាន​ជាតិ​ជា​ធម្មតា​ ​មនោ​សម្ផ័​ស្ស​ ​មាន​ជាតិ​ជា​ធម្មតា​ ​ទោះបី​ ​វេទនា​ណា​ ​ជា​សុខ​ក្តី​ ​ជា​ទុក្ខ​ក្តី​ ​មិន​ទុក្ខ​មិនសុខ​ក្តី​ ​ ​ដែល​កើតឡើង​ ​ព្រោះ​មនោ​សម្ផ័​ស្ស​ជា​ ​បច្ច័យ​ ​"
    },
    {
      "header": "បឋមបណ្ណាសកៈ\nអនិច្ចវគ្គ",
      "href": "http://ti-kh.org/books?book=35&page=63",
      "text": "អនិច្ចវគ្គ ទី ៥",
      "detail": "<p class=\"BCenter\">​អនិច្ច​វគ្គ​</p>\n<br>​<span class=\"IncreaseIndent\">&nbsp;</span>[​៤៦​]​ ​ក្រុង​សាវត្ថី​។​ ​ក្នុង​ទីនោះ​ឯង​។​ ​ម្នាល​ភិក្ខុ​ទាំងឡាយ​ ​របស់​ទាំងអស់​ ​មិន​ទៀង​ទេ​។​ ​ម្នាល​ភិក្ខុ​ទាំងឡាយ​ ​របស់​ទាំងអស់​ ​មិន​ទៀង​ ​តើ​ដូចម្តេច​ ​ម្នាល​ភិក្ខុ​ទាំងឡាយ​ ​ចក្ខុ​មិន​ទៀង​ ​រូប​មិន​ទៀង​ ​ចក្ខុវិញ្ញាណ​មិន​ទៀង​ ​ចក្ខុ​សម្ផ័​ស្ស​មិន​ទៀង​ ​ទោះបី​វេទនា​ណា​ ​ជា​សុខ​ក្តី​ ​ជា​ទុក្ខ​ក្តី​ ​មិន​ទុក្ខ​មិនសុខ​ក្តី​ ​ដែល​កើតឡើង​ ​ព្រោះ​ចក្ខុ​សម្ផ័​ស្ស​ជា​បច្ច័យ​ ​វេទនា​នោះ​ ​ក៏​មិន​ទៀង​។​បេ​។​ ​ជិវ្ហា​មិន​ទៀង​ ​រស​មិន​ទៀង​ ​ជិវ្ហា​វិញ្ញាណ​ ​មិន​ទៀង​ ​ជិវ្ហា​សម្ផ័​ស្ស​ ​មិន​ទៀង​ ​ទោះបី​វេទនា​ណា​ ​ជា​សុខ​ក្តី​ ​ជា​ទុក្ខ​ក្តី​ ​មិន​ទុក្ខ​មិនសុខ​ក្តី​ ​ដែល​កើតឡើង​ ​ព្រោះ​ជិវ្ហា​សម្ផ័​ស្ស​ជា​បច្ច័យ​ ​វេទនា​នោះ​ ​ក៏​មិន​ទៀង​។​បេ​។​ ​មនោ​មិន​ទៀង​ ​ធម៌​មិន​ ​ទៀង​ ​មនោវិញ្ញាណ​ ​មិន​ទៀង​ ​មនោ​សម្ផ័​ស្ស​មិន​ទៀង​ ​ទោះបី​វេទនា​ណា​ ​ជា​សុខ​ក្តី​ ​ជា​ទុក្ខ​ ​ក្តី​ ​មិន​ទុក្ខ​មិនសុខ​ក្តី​ ​ដែល​កើតឡើង​ ​ព្រោះ​មនោ​សម្ផ័​ស្ស​ជា​បច្ច័យ​ ​វេទនា​នោះ​ ​ក៏​មិន​ទៀង​។​បេ​។​ ​ម្នាល​ភិក្ខុ​ទាំងឡាយ​ ​កាលបើ​អរិយសាវ័ក​អ្នកចេះដឹង​ ​ឃើញ​យ៉ាងនេះ​ ​រមែង​នឿយណាយ​ ​ក្នុង​ចក្ខុ​ផង​។​បេ​។​ ​រមែង​ដឹង​ច្បាស់​ថា​ ​មគ្គ​ភាវនា​កិច្ច​ដទៃ​ ​ប្រព្រឹត្តទៅ​ ​ដើម្បី​សោឡស​កិច្ច​នេះ​ទៀត​ ​មិន​មាន​ឡើយ​។​"
    },
    {
      "header": "ទុតិយបណ្ណាសកៈ\nអវិជ្ជាវគ្គ",
      "href": "http://ti-kh.org/books?book=35&page=69",
      "text": "សឡាយតនវគ្គ ទុតិយបណ្ណាសកៈ \tអវិជ្ជាវគ្គ ទី ១",
      "detail": "​បុគ្គល​កាល​ដឹង​ ​យ៉ាងនេះ​ ​កាល​ឃើញ​យ៉ាងនេះ​ឯង​ ​ទើប​លះបង់​សញ្ញោជនៈ​ ​បាន​។​ ​ចប់​សូត្រ​ ​ទី២​។​ ​\n<br>​<span class=\"IncreaseIndent\">&nbsp;</span>​[​៥៨​]​ ​បពិត្រ​ព្រះអង្គ​ដ៏​ចម្រើន​ ​បុគ្គល​កាល​ដឹង​ ​ដូចម្តេច​ ​កាល​ឃើញ​ដូចម្តេច​ ​ទើប​សញ្ញោជនៈ​រលើង​ទៅ​បាន​។​ ​ម្នាល​ភិក្ខុ​ទាំងឡាយ​ ​បុគ្គល​កាល​ដឹង​ ​កាល​ឃើញ​ ​នូវ​ ​ភ្នែក​ ​ថា​មិនមែន​ជា​របស់​ខ្លួន​ ​ទើប​សញ្ញោជនៈ​រលើង​ទៅ​បាន​ ​កាល​ដឹង​ ​កាល​ឃើញ​ ​នូវ​រូប​ ​ចក្ខុវិញ្ញាណ​ ​ចក្ខុ​សម្ផ័​ស្ស​ ​នូវ​វេទនា​ ​ទោះ​ ​ជា​សុខ​ក្តី​ ​ជា​ទុក្ខ​ក្តី​ ​មិន​ទុក្ខ​មិនសុខ​ក្តី​ ​ដែល​កើត​ ​ឡើង​ ​ព្រោះ​ចក្ខុ​សម្ផ័​ស្ស​ជា​បច្ច័យ​ ​ថា​មិនមែន​ជា​របស់​ខ្លួន​ ​ទើប​សញ្ញោជនៈ​រលើង​ទៅ​បាន​។​ ​បុគ្គល​កាល​ដឹង​ ​កាល​ឃើញ​ ​នូវ​ត្រចៀក​ ​ច្រមុះ​ ​អណ្តាត​ ​កាយ​ ​ចិត្ត​ ​ធម៌​ ​មនោវិញ្ញាណ​ ​មនោ​សម្ផ័​ស្ស​ ​នូវ​វេទនា​ ​ទោះជា​សុខ​ក្តី​ ​ជា​ទុក្ខ​ក្តី​ ​មិន​ទុក្ខ​មិនសុខ​ក្តី​ ​ដែល​កើតឡើង​ ​ព្រោះ​មនោ​សម្ផ័​ស្ស​ជា​បច្ច័យ​ ​ថា​មិនមែន​ជា​របស់​ខ្លួន​ ​ទើប​សញ្ញោជនៈ​រលើង​ទៅ​បាន​។​ ​ម្នាល​ភិក្ខុ​ទាំងឡាយ​ ​បុគ្គល​ ​កាល​ដឹង​យ៉ាងនេះ​ ​កាល​ឃើញ​យ៉ាងនេះ​ឯង​ ​ទើប​សញ្ញោជនៈ​រលើង​ទៅ​បាន​។​ ​ចប់​សូត្រ​ ​ទី៣​។​ ​\n<br>​<span class=\"IncreaseIndent\">&nbsp;</span>[​៥៩​]​ ​បពិត្រ​ព្រះអង្គ​ដ៏​ចម្រើន​ ​បុគ្គល​ ​កាល​ដឹង​ដូចម្តេច​ ​កាល​ឃើញ​ដូចម្តេច​ ​ទើប​ ​លះបង់​អាសវៈ​បាន​។​បេ​។​ ​ចប់​សូត្រ​ ​ទី៤​។"
    },
    {
      "header": "ទុតិយបណ្ណាសកៈ\nអវិជ្ជាវគ្គ",
      "href": "http://ti-kh.org/books?book=35&page=77",
      "text": "មិគជាលវគ្គ ទី ២",
      "detail": "<p class=\"BCenter\">​មិគ​ជាល​វគ្គ​</p>\n<br>​<span class=\"IncreaseIndent\">&nbsp;</span>​[​៦៦​]​ ​និទាន​ក្នុង​ក្រុង​សាវត្ថី​។​ ​គ្រានោះ​ ​ព្រះ​មិគ​ជា​លៈ​មាន​អាយុ​ ​ចូល​ទៅ​គាល់​ ​ព្រះមានព្រះភាគ​។​បេ​។​ ​លុះ​ព្រះ​មិគ​ជា​លៈ​មាន​អាយុ​ ​អង្គុយ​ក្នុង​ទីសម​គួរ​ហើយ​ ​ ​ក៏​ក្រាប​ ​បង្គំ​ទូល​ព្រះមានព្រះភាគ​ ​ដូច្នេះ​ថា​ ​បពិត្រ​ព្រះអង្គ​ដ៏​ចម្រើន​ ​ពាក្យ​គេ​តែង​និយាយ​ថា​ ​បុគ្គល​មាន​ប្រក្រតី​នៅ​ម្នាក់ឯង​ ​មាន​ប្រក្រតី​នៅ​ម្នាក់ឯង​ ​ដូច្នេះ​ ​បពិត្រ​ព្រះអង្គ​ដ៏​ចម្រើន​ ​ចុះ​បុគ្គល​មាន​ប្រក្រតី​នៅ​ម្នាក់ឯង​ ​តើ​ដោយហេតុ​ដូចម្តេច​ ​ចំណែក​បុគ្គល​ ​ ​មាន​ប្រក្រតី​នៅ​រួមគ្នា​ជាគម្រប់​ពីរ​ ​តើ​ដោយហេតុ​ដូចម្តេច​។​ ​ម្នាល​មិគ​ជា​លៈ​ ​មាន​រូប​ទាំងឡាយ​ ​ដែល​បុគ្គល​គប្បី​ដឹង​ច្បាស់​ ​ដោយ​ភ្នែក​ដែល​ជាទី​ប្រាថ្នា​ ​ជាទី​ពេញចិត្ត​ ​ជាទី​គាប់ចិត្ត​ ​ជាទីស្រឡាញ់​ ​ ​ប្រកបដោយ​កាម​ ​ជាទី​ត្រេកអរ​ ​បើ​ភិក្ខុ​ត្រេកអរ​ ​សរសើរ​ ​ជាប់ចិត្ត​ ​ចំពោះ​រូប​នោះ​ ​កាល​ភិក្ខុ​នោះ​ ​ត្រេកអរ​ ​សរសើរ​ ​ជាប់ចិត្ត​ចំពោះ​រូប​នោះ​ ​សេចក្តី​ត្រេកត្រអាល​ ​រមែង​កើតឡើង​ ​កាលបើ​មាន​សេចក្តី​ត្រេកត្រអាល​ ​សេចក្តី​ប្រាថ្នា​ ​ក៏​មាន​ ​កាលបើ​មាន​សេចក្តី​ប្រាថ្នា​ ​"
    },
    {
      "header": "ទុតិយបណ្ណាសកៈ\nអវិជ្ជាវគ្គ",
      "href": "http://ti-kh.org/books?book=35&page=100",
      "text": "គិលានវគ្គ ទី ៣",
      "detail": "<p class=\"BCenter\">​គិលាន​វគ្គ​</p>\n<br>​<span class=\"IncreaseIndent\">&nbsp;</span>[​៨៨​]​ ​សាវត្ថី​និទាន​។​ ​គ្រានោះ​ ​ភិក្ខុ​មួយ​រូប​ ​ចូល​ទៅ​គាល់​ព្រះមានព្រះភាគ​។​បេ​។​ ​លុះ​ភិក្ខុ​នោះ​ ​អង្គុយ​ក្នុង​ទីសម​គួរ​ហើយ​ ​ក៏​ក្រាបបង្គំទូល​ព្រះមានព្រះភាគ​ ​ដូច្នេះ​ថា​ ​បពិត្រ​ ​ព្រះអង្គ​ដ៏​ចម្រើន​ ​ក្នុង​វត្ត​ឯណោះ​ ​មាន​ភិក្ខុ​ថ្មី​មួយ​រូប​ ​មិនទាន់​មាន​គេ​ស្គាល់​ ​មាន​អាពាធ​ ​ដល់​នូវ​សេចក្តី​ទុក្ខ​ ​ឈឺធ្ងន់​ ​បពិត្រ​ព្រះអង្គ​ដ៏​ចម្រើន​ ​សូម​ទ្រង់ព្រះ​មេត្តាប្រោស​ ​សូម​ព្រះ​ ​មាន​ព្រះ​ភាគ​អនុគ្រោះ​ ​ស្តេច​ទៅ​ស្រោចស្រង់​ភិក្ខុ​នោះ​ផង​។​ ​លំដាប់នោះ​ ​ព្រះ​មាន​ព្រះ​ ​ភាគ​ ​ទ្រង់​ឮ​ថា​ ​ភិក្ខុ​ថ្មី​ណាស់​ផង​ ​ឈឺធ្ងន់​ផង​ ​ទ្រង់​ជ្រាប​ច្បាស់​ ​ដូច្នេះ​ថា​ ​ភិក្ខុ​មិនទាន់​ ​មាន​គេ​ស្គាល់​ ​ក៏​ស្តេច​ចូល​ទៅ​រក​ភិក្ខុ​នោះ​។​ ​ភិក្ខុ​នោះ​ ​បានឃើញ​ព្រះមានព្រះភាគ​ ​ស្តេច​មក​អំពី​ចម្ងាយ​ ​លុះ​ឃើញ​ហើយ​ ​ក៏​ប្រវេប្រវា​ ​(​ ​ចង់​ក្រោក​ ​)​ ​លើ​គ្រែ​។​ ​គ្រានោះ​ ​ព្រះមានព្រះភាគ​ ​ទ្រង់​មាន​ព្រះពុទ្ធដីកា​ ​នឹង​ភិក្ខុ​នោះ​ ​ដូច្នេះ​ថា​ ​ណ្ហើយ​ភិក្ខុ​ ​អ្នក​កុំ​ប្រវេប្រវា​ ​លើ​គ្រែ​ឡើយ​ ​ព្រោះ​មាន​អាសនៈ​ ​គេ​ក្រាល​ទុក​នេះ​ហើយ​ ​តថាគត​ ​នឹង​អង្គុយ​លើ​អាសនៈ​នោះ​។​ ​ព្រះមានព្រះភាគ​ ​ទ្រង់​គង់​លើ​អាសនៈ​ ​ដែលគេ​ក្រាល​ថ្វាយ​។​ ​លុះ​ព្រះមានព្រះភាគ​ ​គង់​ស៊ប់​ហើយ​ ​ក៏​ត្រាស់​សួរ​ភិក្ខុ​នោះ​ ​ដូច្នេះ​ថា​ ​ម្នាល​ភិក្ខុ​ ​អ្នក​ល្មម​អត់ទ្រាំ​បាន​ដែរ​ឬ​ ​"
    },
    {
      "header": "ទុតិយបណ្ណាសកៈ\nអវិជ្ជាវគ្គ",
      "href": "http://ti-kh.org/books?book=35&page=119",
      "text": "ឆន្នវគ្គ ទី ៤",
      "detail": "<p class=\"BCenter\">​ឆ​ន្ន​វគ្គ​</p>\n<br>​<span class=\"IncreaseIndent\">&nbsp;</span>[​១០១​]​ ​គ្រានោះ​ឯង​ ​ព្រះ​អានន្ទ​មាន​អាយុ​ ​ចូល​ទៅ​គាល់​ព្រះមានព្រះភាគ​។​បេ​។​ ​លុះ​ព្រះ​អានន្ទ​មាន​អាយុ​ ​គង់​ក្នុង​ទីសម​គួរ​ហើយ​ ​ទើប​ក្រាបបង្គំទូល​សួរ​ព្រះមានព្រះភាគ​ ​ដូច្នេះ​ថា​ ​សូម​ទ្រង់ព្រះ​មេត្តាប្រោស​ ​ពាក្យ​ដែលគេ​តែង​ហៅថា​ ​លោក​ ​លោក​ ​បពិត្រ​ព្រះអង្គ​ដ៏​ចម្រើន​ ​ដែលគេ​ហៅថា​ ​លោក​ ​តើ​ដោយហេតុ​ដូចម្តេច​។​ ​ម្នាល​អានន្ទ​ ​របស់​ណា​ ​មាន​សេចក្តី​បែកធ្លាយ​ ​ជា​ធម្មតា​ ​នេះ​ហៅថា​លោក​ ​ក្នុង​អរិយវិន័យ​។​ ​ម្នាល​អានន្ទ​ ​របស់​អ្វី​ ​ដែល​មាន​សេចក្តី​បែកធ្លាយ​ ​ជា​ធម្មតា​ ​ម្នាល​អានន្ទ​ ​ចក្ខុ​ហ្នឹងឯង​ ​មាន​សេចក្តី​បែកធ្លាយ​ជា​ធម្មតា​ ​រូប​ ​មាន​សេចក្តី​បែកធ្លាយ​ ​ជា​ធម្មតា​ ​ចក្ខុវិញ្ញាណ​ ​មាន​សេចក្តី​បែកធ្លាយ​ ​ជា​ធម្មតា​ ​ចក្ខុ​សម្ផ័​ស្ស​ ​មាន​សេចក្តី​បែកធ្លាយ​ ​ជា​ធម្មតា​ ​ទោះបី​វេទនា​ណា​។​បេ​។​ ​ព្រោះ​ចក្ខុ​សម្ផ័​ស្ស​ជា​បច្ច័យ​ ​វេទនា​នោះ​ ​ក៏​មាន​សេចក្តី​បែកធ្លាយ​ ​ជា​ធម្មតា​។​បេ​។​ ​ជិវ្ហា​ ​មាន​សេចក្តី​បែកធ្លាយ​ជា​ធម្មតា​ ​រស​ ​មាន​សេចក្តី​បែកធ្លាយ"
    },
    {
      "header": "ទុតិយបណ្ណាសកៈ\nអវិជ្ជាវគ្គ",
      "href": "http://ti-kh.org/books?book=35&page=154",
      "text": "ឆឡវគ្គ ទី ៥",
      "detail": "<p class=\"BCenter\">​ឆឡ​វគ្គ​</p>\n<br>​<span class=\"IncreaseIndent\">&nbsp;</span>[​១២៦​]​ ​ម្នាល​ភិក្ខុ​ទាំងឡាយ​ ​ហេតុ​ឲ្យ​កើត​ផស្សៈ​ទាំង​ ​៦​ ​នេះ​ ​ដែល​បុគ្គល​មិន​ទូន្មាន​ ​មិន​គ្រប់គ្រង​ ​មិន​រក្សា​ ​មិន​សង្រួម​ហើយ​ ​តែង​នាំមក​នូវ​ទុក្ខ​ ​ដ៏​ក្រៃលែង​។​ ​ហេតុ​ឲ្យ​កើត​ផស្សៈ​ ​ទាំង​ ​៦​ ​តើ​ដូចម្តេច​ខ្លះ​។​ ​ម្នាល​ភិក្ខុ​ទាំងឡាយ​ ​ចក្ខុ​ ​ជាហេតុ​ឲ្យ​កើត​ផស្សៈ​ ​ដែល​បុគ្គល​មិនបាន​ទូន្មាន​ ​មិនបាន​គ្រប់គ្រង​ ​មិនបាន​រក្សា​ ​មិនបាន​សង្រួម​ហើយ​ ​តែង​នាំមក​ ​នូវ​ទុក្ខ​ដ៏​ក្រៃលែង​។​បេ​។​ ​ម្នាល​ភិក្ខុ​ទាំងឡាយ​ ​ជិវ្ហា​ ​ជាហេតុ​ឲ្យ​កើត​ផស្សៈ​ ​ដែល​បុគ្គល​មិនបាន​ទូន្មាន​ ​មិនបាន​គ្រប់គ្រង​ ​មិនបាន​រក្សា​ ​មិនបាន​សង្រួម​ហើយ​ ​តែង​នាំមក​ ​នូវ​ទុក្ខ​ដ៏​ក្រៃលែង​។​បេ​។​ ​ម្នាល​ភិក្ខុ​ទាំងឡាយ​ ​មនោ​ ​ជាហេតុ​ឲ្យ​កើត​ផស្សៈ​ ​ដែល​បុគ្គល​មិនបាន​ទូន្មាន​ ​មិនបាន​គ្រប់គ្រង​ ​មិនបាន​រក្សា​ ​មិនបាន​សង្រួម​ហើយ​ ​តែង​នាំមក​ ​នូវ​ទុក្ខ​ដ៏​ក្រៃលែង​។​ ​ម្នាល​ភិក្ខុ​ទាំងឡាយ​ ​នេះឯង​ ​ជាហេតុ​ឲ្យ​កើត​ផស្សៈ​ ​ទាំង​ ​៦​ ​ដែល​បុគ្គល​មិនបាន​ទូន្មាន​ ​មិនបាន​គ្រប់គ្រង​ ​មិនបាន​រក្សា​ ​មិនបាន​សង្រួម​ហើយ​ ​តែង​នាំមក​ ​នូវ​ទុក្ខ​ដ៏​ក្រៃលែង​។​ ​"
    },
    {
      "header": "តតិយបណ្ណាសកៈ\nយោគក្ខេមិវគ្គ",
      "href": "http://ti-kh.org/books?book=35&page=190",
      "text": "សឡាយតនវគ្គ តតិយបណ្ណាសកៈ\tយោគក្ខេមិវគ្គ ទី ១",
      "detail": "<p class=\"BCenter\">​ត​តិ​យ​បណ្ណា​សកៈ​\n<br>​យោ​គ​ក្ខេមិ​វគ្គ​</p>\n<br>​<span class=\"IncreaseIndent\">&nbsp;</span>[​១៥០​]​ ​ម្នាល​ភិក្ខុ​ទាំងឡាយ​ ​តថាគត​នឹង​សម្តែង​នូវ​ធម្មបរិយាយ​ ​[​ធម៌​ជាហេតុ​។​]​ ​ជាហេតុ​របស់​បុគ្គល​ ​អ្នកមាន​សេចក្តី​ក្សេម​ ​ចាក​យោ​គៈ​ ​ដល់​អ្នក​ទាំងឡាយ​ ​អ្នក​ទាំងឡាយ​ ​ចូរ​ប្រុង​ស្តាប់​ ​នូវ​ពាក្យ​នោះ​ចុះ​។​ ​ម្នាល​ភិក្ខុ​ទាំងឡាយ​ ​ចុះ​ធម្មបរិយាយ​ ​ជាហេតុ​របស់​បុគ្គល​ ​អ្នកមាន​សេចក្តី​ក្សេម​ ​ចាក​យោ​គៈ​ ​តើ​ដូចម្តេច​។​ ​ម្នាល​ភិក្ខុ​ទាំងឡាយ​ ​រូប​ ​ដែល​បុគ្គល​គប្បី​ដឹង​បាន​ដោយ​ភ្នែក​ ​ជា​រូប​គួរ​ប្រាថ្នា​ ​គួរ​ត្រេកអរ​ ​ជាទី​ពេញចិត្ត​ ​ជាទីស្រឡាញ់​ ​ប្រកបដោយ​កាម​ ​ជាហេតុ​នៃ​សេចក្តី​ត្រេកអរ​ ​រូប​ទាំងនោះ​ ​តថាគត​បាន​លះបង់​ ​បាន​គាស់រំលើង​ឫសគល់​ ​បាន​ធ្វើឲ្យ​នៅសល់​តែ​ទីនៅ​ ​ដូចជា​ទីនៅ​នៃ​ដើមត្នោត​ ​បាន​ធ្វើឲ្យ​លែង​មាន​បែបភាព​ ​មាន​សភាព​មិនកើត​ឡើង​តទៅ​ ​មួយទៀត​ ​តថាគត​ ​ក៏បាន​ប្រាប់​នូវ​សេចក្តី​ព្យាយាម​ ​ដើម្បី​លះបង់​ ​នូវ​រូប​ទាំងនោះ​ចេញ​ ​ព្រោះហេតុនោះ​ ​បាន​ជា​គេ​ហៅ​តថាគត​ថា​ ​ជា​បុគ្គល​ ​មាន​សេចក្តី​ក្សេម​ ​ចាក​យោ​គៈ​។​បេ​។​ ​ម្នាល​ភិក្ខុ​ទាំងឡាយ​ ​រស​ ​ដែល​បុគ្គល​គប្បី​ដឹង​បាន​ ​ដោយ​អណ្តាត​។​បេ​។​ ​ម្នាល​ភិក្ខុ​ទាំងឡាយ​ ​ធម្មារម្មណ៍​ ​ដែល​បុគ្គល​គប្បី​ដឹង​បាន​ដោយចិត្ត​ ​ជា​ធម្មារម្មណ៍​គួរ​ប្រាថ្នា​"
    },
    {
      "header": "តតិយបណ្ណាសកៈ\nយោគក្ខេមិវគ្គ",
      "href": "http://ti-kh.org/books?book=35&page=206",
      "text": "លោកកាមគុណវគ្គ ទី ២",
      "detail": "<p class=\"BCenter\">​លោក​កាមគុណ​វគ្គ​</p>\n<br>​<span class=\"IncreaseIndent\">&nbsp;</span>[​១៦៣​]​ ​ម្នាល​ភិក្ខុ​ទាំងឡាយ​ ​មាន​រូប​ដែល​គប្បី​ដឹង​បាន​ដោយ​ចក្ខុ​ ​ជា​រូប​គួរ​ប្រាថ្នា​ ​គួរ​ត្រេកអរ​ ​ជាទី​ពេញចិត្ត​ ​ជាទីស្រឡាញ់​ ​ប្រកបដោយ​កាម​ ​ជាហេតុ​នៃ​សេចក្តី​ត្រេកអរ​ ​បើ​ភិក្ខុ​ត្រេកអរ​ ​សរសើរ​ ​ឋិតនៅ​ដោយ​សេចក្តី​ចូលចិត្ត​មាំ<sup>​(​១​)​</sup> ​ចំពោះ​រូប​នោះ​។​ ​ម្នាល​ភិក្ខុ​ទាំងឡាយ​ ​ភិក្ខុ​នេះ​ហៅថា​ ​ទៅកាន់​លំនៅ​នៃ​មារ​ ​ទៅកាន់​អំណាច​ ​នៃ​មារ​ ​អន្ទាក់​នៃ​មារ​ ​ក៏​ចង​អវយវៈ​ភិក្ខុ​នោះ​ ​ភិក្ខុ​នោះ​ឈ្មោះថា​ ​ជាប់​ដោយ​ចំណង​នៃ​មារ​ ​គួរ​មារ​ធ្វើតាម​ប្រាថ្នា​បាន​។​ ​បេ​។​ ​ម្នាល​ភិក្ខុ​ទាំងឡាយ​ ​មាន​រស​ ​ដែល​គប្បី​ដឹង​បាន​ ​ដោយ​អណ្តាត​។​បេ​។​ ​ម្នាល​ភិក្ខុ​ទាំងឡាយ​ ​មាន​ធម្មារម្មណ៍​ ​ដែល​គប្បី​ដឹង​បាន​ ​ដោយចិត្ត​ ​ជា​ធម្មារម្មណ៍​គួរ​ប្រាថ្នា​ ​គួរ​ត្រេកអរ​ ​ជាទី​ពេញចិត្ត​ ​ជាទីស្រឡាញ់​ ​ប្រកបដោយ​កាម​ ​ជាហេតុ​នៃ​សេចក្តី​ត្រេកអរ​ ​បើ​ភិក្ខុ​ត្រេកអរ​ ​សរសើរ​ ​ឋិតនៅ​ដោយ​សេចក្តី​ចូលចិត្ត​មាំ​ ​ចំពោះ​អារម្មណ៍​នោះ​។​ ​ម្នាល​ភិក្ខុ​ទាំងឡាយ​ ​ភិក្ខុ​នេះ​ហៅថា​ ​ទៅកាន់​លំនៅ​ ​នៃ​មារ​ ​ទៅកាន់​អំណាច​នៃ​មារ​ ​អន្ទាក់​របស់​មារ​ ​ក៏​ចង​អវយវៈ​ភិក្ខុ​នោះ​ ​ភិក្ខុ​នោះ​ឈ្មោះថា​ ​ជាប់​ដោយ​ចំណង​នៃ​មារ​ ​គួរ​មា​ធ្វើតាម​ប្រាថ្នា​បាន​។​ ​<hr><div style=\"font-size: 14px\">​(​១​)​ ​ជា​ឈ្មោះ​របស់​តណ្ហា​។​</div>"
    },
    {
      "header": "តតិយបណ្ណាសកៈ\nយោគក្ខេមិវគ្គ",
      "href": "http://ti-kh.org/books?book=35&page=249",
      "text": "គហបតិវគ្គ ទី ៣",
      "detail": "<p class=\"BCenter\">​គហបតិ​វគ្គ​</p>\n<br>​<span class=\"IncreaseIndent\">&nbsp;</span>[​១៨៩​]​ ​សម័យមួយ​ ​ព្រះមានព្រះភាគ​ ​ទ្រង់​គង់នៅ​ក្នុង​កូ​ដា​គារ​សាលា​ ​នាម​ហា​វ័ន​ ​ជិត​ក្រុង​វេសាលី​។​ ​គ្រានោះ​ ​ឧគ្គ​គហ​តី​ ​អ្នកក្រុង​វេសាលី​ ​ចូល​ទៅ​គាល់​ព្រះមានព្រះភាគ​។​បេ​។​ ​លុះ​ឧគ្គ​គហបតី​ ​អ្នកក្រុង​វេសាលី​ ​អង្គុយ​ក្នុង​ទី​ដ៏​សមគួរ​ហើយ​ ​ក៏បាន​ក្រាប​បង្គំ​ ​ទូល​ព្រះមានព្រះភាគ​ ​ដូច្នេះ​ថា​ ​បពិត្រ​ព្រះអង្គ​ដ៏​ចម្រើន​ ​អ្វី​ជាហេតុ​ ​អ្វី​ជា​បច្ច័យ​ ​ដែល​នាំឲ្យ​សត្វ​ទាំងឡាយ​ពួក​ខ្លះ​ ​ក្នុង​លោក​នេះ​ ​មិន​បរិនិព្វាន​ក្នុង​បច្ចុប្បន្ន​។​ ​បពិត្រ​ព្រះអង្គ​ដ៏​ចម្រើន​ ​មួយទៀត​ ​អ្វី​ជាហេតុ​ ​អ្វី​ជា​បច្ច័យ​ ​ដែល​នាំឲ្យ​សត្វ​ទាំងឡាយ​ពួក​ខ្លះ​ ​ក្នុង​លោក​នេះ​ ​បរិនិព្វាន​ក្នុង​បច្ចុប្បន្ន​។​ ​ព្រះអង្គ​ ​ត្រាស់​ថា​ ​ម្នាល​គហបតី​ ​មាន​រូប​ ​ដែល​គប្បី​ដឹង​ច្បាស់​ដោយ​ភ្នែក​ ​ជា​រូប​គួរ​ប្រាថ្នា​ ​គួរ​ត្រេកអរ​ ​ជាទី​គាប់ចិត្ត​ ​ជាទីស្រឡាញ់​ ​ប្រកបដោយ​កាម​ ​ជាហេតុ​នៃ​សេចក្តី​ត្រេកអរ​ ​បើ​ភិក្ខុ​ត្រេកអរ​ ​សរសើរ​ ​ឋិតនៅ​ដោយ​សេចក្តី​ចូលចិត្ត​មាំ​ ​ចំពោះ​រូប​នោះ​ ​កាល​ភិក្ខុ​នោះ​ត្រេកអរ​ ​សរសើរ​ ​ឋិតនៅ​ ​ដោយ​សេចក្តី​ចូលចិត្ត​មាំ​ ​ចំពោះ​រូប​នោះ​ ​វិញ្ញាណ​ដែល​អាស្រ័យ​ ​នូវ​រូប​នោះ​ក៏​មាន​ ​សេចក្តី​ប្រកាន់​មាំ​ ​នូវ​រូប​នោះ​ក៏​មាន​។​ ​ម្នាល​គហបតី​ ​ភិក្ខុ​ដែល​មាន​សេចក្តី​ប្រកាន់​មាំ​ ​"
    },
    {
      "header": "តតិយបណ្ណាសកៈ\nយោគក្ខេមិវគ្គ",
      "href": "http://ti-kh.org/books?book=35&page=285",
      "text": "ទេវទហវគ្គ ទី ៤",
      "detail": "<p class=\"BCenter\">​ទេវ​ទ​ហវ​គ្គ​</p>\n<br>​<span class=\"IncreaseIndent\">&nbsp;</span>[​២១១​]​ ​សម័យមួយ​ ​ព្រះមានព្រះភាគ​ ​ទ្រង់​គង់នៅ​ក្នុង​និគម​របស់​ពួក​សក្យៈ​ ​ឈ្មោះ​ទេវ​ទ​ហៈ​ ​ក្នុង​សក្យជនបទ​។​ ​ក្នុង​ទីនោះ​ ​ព្រះមានព្រះភាគ​ ​ទ្រង់​ត្រាស់​នឹង​ភិក្ខុ​ទាំងឡាយ​ថា​ ​ម្នាល​ភិក្ខុ​ទាំងឡាយ​ ​តថាគត​ ​មិន​ពោល​ថា​ ​ភិ​ក្ខុ​គ្រប់​ៗ​រូប​ ​ត្រូវ​បំពេញ​កិច្ច​ ​ក្នុង​អាយតនៈ​ ​គឺ​ ​ផស្សៈ​ ​ទាំង​ ​៦​ ​ដោយ​សេចក្តី​មិន​ប្រមាទ​ ​ដូច្នេះ​ទេ​។​ ​ម្នាល​ភិក្ខុ​ទាំងឡាយ​ ​មួយវិញទៀត​ ​តថាគត​ ​មិន​ពោល​ថា​ ​ភិក្ខុ​គ្រប់រូប​ ​ៗ​រូប​ ​មិន​ត្រូវ​បំពេញ​កិច្ច​ ​ក្នុង​អាយតនៈ​ ​គឺ​ ​ផស្សៈ​ ​ទាំង​ ​៦​ ​ដោយ​សេចក្តី​មិន​ប្រមាទ​ ​ដូច្នេះ​ដែរ​។​ ​ម្នាល​ភិក្ខុ​ទាំងឡាយ​ ​ភិក្ខុ​ទាំងឡាយ​ណា​ ​ជា​អរហន្ត​ ​ខីណាស្រព​ ​មាន​ព្រហ្មចរិយៈ​ ​នៅ​រួចហើយ​ ​មាន​សោឡស​កិច្ច​ ​បាន​ធ្វើ​ស្រេចហើយ​ ​មានភារៈ​ដាក់ចុះ​ហើយ​ ​មានប្រយោជន៍​ចំពោះខ្លួន​ ​សម្រេច​ហើយ​ ​មាន​សញ្ញោជនៈ​ក្នុង​ភព​ ​អស់រលីង​ហើយ​ ​ជា​អ្នក​ផុត​ស្រឡះ​ហើយ​ ​ព្រោះ​ដឹង​ច្បាស់​ ​ដោយ​ប្រពៃ​ ​ម្នាល​ភិក្ខុ​ទាំងឡាយ​ ​តថាគត​ ​ពោល​ថា​ ​ភិក្ខុ​ទាំងនោះ​ឯង​ ​មិន​ត្រូវ​បំពេញ​កិច្ច​ ​ក្នុង​អាយតនៈ​ ​គឺ​ផស្សៈ​ ​ទាំង​ ​៦​ ​ដោយ​សេចក្តី​មិន​ប្រមាទ​។​ ​ដំណើរ​នោះ​ ​ព្រោះ​ហេតុអ្វី​។​ ​(​ព្រោះ​)​ ​ភិក្ខុ​ទាំងនោះ​ ​បាន​ធ្វើ​កិច្ច​"
    },
    {
      "header": "តតិយបណ្ណាសកៈ\nយោគក្ខេមិវគ្គ",
      "href": "http://ti-kh.org/books?book=35&page=305",
      "text": "នវបុរាណវគ្គ ទី៥",
      "detail": "<p class=\"BCenter\">នវ​បុរាណ​វគ្គ​</p>\n<br>​<span class=\"IncreaseIndent\">&nbsp;</span>[​២២៥​]​ ​ម្នាល​ភិក្ខុ​ទាំងឡាយ​ ​តថាគត​នឹង​សម្តែង​នូវ​កម្ម​ថ្មី​ផង​ ​កម្ម​ចាស់​ផង​ ​ការ​រំលត់​កម្ម​ផង​ ​បដិបទា​ ​ជា​ដំណើរ​ទៅកាន់​ទី​រំលត់​កម្ម​ផង​ ​ចូរ​អ្នក​ទាំងឡាយ​ ​ស្តាប់ធម៌​នោះ​ ​ចូរ​អ្នក​ទាំងឡាយ​ ​យកចិត្ត​ទុកដាក់​ឲ្យ​ប្រពៃ​ ​តថាគត​ ​នឹង​សម្តែង​ប្រាប់​។​ ​ម្នាល​ភិក្ខុ​ទាំងឡាយ​ ​កម្ម​ចាស់​ ​តើ​ដូចម្តេច​។​ ​ម្នាល​ភិក្ខុ​ទាំងឡាយ​ ​ចក្ខុ​ ​ជា​កម្ម​ចាស់​<sup>(​១​)​</sup> ​ដែល​បច្ច័យ​តាក់តែង​ ​សម្រេច​ហើយ​ ​ដោយចេតនា​ ​បណ្ឌិត​គប្បី​ឃើញថា​ ​ជាហេតុ​នៃ​វេទនា​។​បេ​។​ ​ជិវ្ហា​ជា​កម្ម​ចាស់​ ​ដែល​បច្ច័យ​តាក់តែង​ ​សម្រេច​ហើយដោយ​ចេតនា​ ​បណ្ឌិត​គប្បី​ឃើញថា​ ​ជាហេតុ​នៃ​វេទនា​។​បេ​។​ ​មនោ​ជា​កម្ម​ចាស់​ ​ដែល​បច្ច័យ​តាក់តែង​ ​សម្រេច​ហើយ​ ​ដោយចេតនា​ ​បណ្ឌិត​គប្បី​ឃើញថា​ ​ជាហេតុ​នៃ​វេទនា​។​ ​ម្នាល​ភិក្ខុ​ទាំងឡាយ​ ​នេះ​ហៅថា​ ​កម្ម​ចាស់​។​ ​\n<br>​<span class=\"IncreaseIndent\">&nbsp;</span>[​២២៦​]​ ​ម្នាល​ភិក្ខុ​ទាំងឡាយ​ ​កម្ម​ថ្មី​ ​តើ​ដូចម្តេច​។​ ​ម្នាល​ភិក្ខុ​ទាំងឡាយ​ ​បុគ្គល​កំពុង​ធ្វើអំពើ​ណា​ ​ដោយ​កាយ​ ​វាចា​ ​ចិត្ត​ ​ក្នុង​កាល​ឥឡូវនេះ​។​ ​ម្នាល​ភិក្ខុ​ទាំងឡាយ​ ​នេះ​ហៅថា​ ​កម្ម​ថ្មី​។​ ​<hr><div style=\"font-size: 14px\">​(​១​)​ ​ចក្ខុ​មិនមែន​ចាស់​ទេ​ ​កម្ម​ទើបបាន​ហៅថា​ ​របស់​ចាស់​ ​ព្រោះ​ចក្ខុ​កើតមក​អំពី​កម្ម​។​ ​អដ្ឋកថា​។​</div>"
    },
    {
      "header": "ចតុត្ថបណ្ណាសកៈ\nនន្ទិក្ខយវគ្គ",
      "href": "http://ti-kh.org/books?book=35&page=327",
      "text": "សឡាយតនវគ្គ ចតុត្ថបណ្ណាសកៈ\tនន្ទិក្ខយវគ្គ ទី ១",
      "detail": "<p class=\"BCenter\">​ចតុ​ត្ថ​បណ្ណា​សកៈ​\n<br>​នន្ទិ​ក្ខយ​វគ្គ​</p>\n<br>​<span class=\"IncreaseIndent\">&nbsp;</span>[​២៤៣​]​ ​ម្នាល​ភិក្ខុ​ទាំងឡាយ​ ​ភិក្ខុ​ឃើញ​ចក្ខុ​ដែល​មិន​ទៀង​ ​ថា​មិន​ទៀង​ ​ភិក្ខុ​នោះ​ ​ឈ្មោះថា​ ​មានគំនិត​យល់​ត្រូវ​ ​កាលបើ​យល់​ត្រូវ​ ​រមែង​នឿយណាយ​ ​ការ​អស់​នៃ​រាគៈ​ ​ព្រោះ​អស់​នៃ​សេចក្តី​រីករាយ​ ​ការ​អស់​នៃ​សេចក្តី​រីករាយ​ ​ព្រោះ​អស់​នៃ​រាគៈ​ ​ចិត្ត​ដែល​លោក​ហៅថា​ ​ផុត​ស្រឡះ​ ​ព្រោះ​អស់​នៃ​សេចក្តី​រីករាយ​ ​និង​រាគៈ​។​បេ​។​ ​ម្នាល​ភិក្ខុ​ទាំងឡាយ​ ​ភិក្ខុ​ឃើញ​ជីវ្ហា​ ​ដែល​មិន​ទៀង​ ​ថា​មិន​ទៀង​ ​ភិក្ខុ​នោះ​ ​ឈ្មោះថា​ ​មានគំនិត​យល់​ត្រូវ​ ​កាលបើ​យល់​ត្រូវ​ ​រមែង​នឿយណាយ​ ​ការ​អស់​នៃ​រាគៈ​ ​ព្រោះ​អស់​នៃ​សេចក្តី​រីករាយ​។​បេ​។​ ​ចិត្ត​ដែល​លោក​ហៅថា​ ​ផុត​ស្រឡះ​។​បេ​។​ ​ម្នាល​ភិក្ខុ​ទាំងឡាយ​ ​ភិក្ខុ​ឃើញ​ចិត្ត​ ​ដែល​មិន​ទៀង​ ​ថា​មិន​ទៀង​ ​ភិក្ខុ​នោះ​ ​ឈ្មោះថា​ ​មានគំនិត​យល់​ត្រូវ​ ​កាលបើ​យល់​ត្រូវ​ ​រមែង​នឿយណាយ​ ​ការ​អស់​នៃ​រាគៈ​ ​ព្រោះ​អស់​នៃ​សេចក្តី​រីករាយ​ ​ការ​អស់​នៃ​សេចក្តី​រីករាយ​ ​ព្រោះ​អស់​នៃ​រាគៈ​ ​ចិត្ត​ដែល​លោក​ហៅថា​ ​រួច​ស្រឡះ​ ​ព្រោះ​អស់​នៃ​សេចក្តី​រីករាយ​ ​និង​រាគៈ​។​ ​ចប់​ ​សូត្រ​ទី១​។​"
    },
    {
      "header": "ចតុត្ថបណ្ណាសកៈ\nនន្ទិក្ខយវគ្គ",
      "href": "http://ti-kh.org/books?book=35&page=341",
      "text": "សដ្ឋីបេយ្យាលវគ្គ ទី២",
      "detail": "<p class=\"BCenter\">​ស​ដ្ឋី​បេយ្យាល​</p>\n<br><span class=\"IncreaseIndent\">&nbsp;</span>​[​២៥៥​]​ ​ម្នាល​ភិក្ខុ​ទាំងឡាយ​ ​របស់​ណា​មិន​ទៀង​ ​ត្រូវ​អ្នក​ទាំងឡាយ​លះបង់​ ​សេចក្តី​ប៉ុនប៉ង​ ​ក្នុង​របស់​នោះ​ចេញ​។​ ​ម្នាល​ភិក្ខុ​ទាំងឡាយ​ ​របស់​អ្វី​មិន​ទៀង​។​ ​ម្នាល​ភិក្ខុ​ទាំងឡាយ​ ​ចក្ខុ​មិន​ទៀង​ ​ត្រូវ​អ្នក​ទាំងឡាយ​ ​លះបង់​សេចក្តី​ប៉ុនប៉ង​ ​ក្នុង​ចក្ខុ​នោះ​ចេញ​។​បេ​។​ ​ជិវ្ហា​មិន​ទៀង​ ​ត្រូវ​អ្នក​ទាំងឡាយ​ ​លះបង់​សេចក្តី​ប៉ុនប៉ង​ ​ក្នុង​ជិវ្ហា​នោះ​ចេញ​។​បេ​។​ ​មនោ​មិន​ទៀង​ ​ត្រូវ​អ្នក​ទាំងឡាយ​ ​លះបង់​សេចក្តី​ប៉ុនប៉ង​ ​ក្នុង​មនោ​នោះ​ចេញ​។​ ​ម្នាល​ភិក្ខុ​ទាំងឡាយ​ ​របស់​ណា​មិន​ទៀង​ ​ត្រូវ​អ្នក​ទាំងឡាយ​ ​លះបង់​សេចក្តី​ប៉ុនប៉ង​ ​ក្នុង​របស់​នោះ​ចេញ​។​ ​ម្នាល​ភិក្ខុ​ទាំងឡាយ​ ​របស់​ណា​មិន​ទៀង​ ​ត្រូវ​អ្នក​ទាំងឡាយ​ ​លះបង់​តម្រេក​ ​ក្នុង​របស់​នោះ​ចេញ​។​ ​ម្នាល​ភិក្ខុ​ទាំងឡាយ​ ​របស់​អ្វី​ ​ដែល​មិន​ទៀង​។​ ​ម្នាល​ភិក្ខុ​ទាំងឡាយ​ ​ចក្ខុ​មិន​ទៀង​ ​ត្រូវ​អ្នក​ទាំងឡាយ​ ​លះបង់​តម្រេក​ ​ក្នុង​ចក្ខុ​នោះ​ចេញ​។​បេ​។​ ​ជិវ្ហា​មិន​ទៀង​ ​ត្រូវ​អ្នក​ទាំងឡាយ​ ​លះបង់​តម្រេក​ ​ក្នុង​ជិវ្ហា​នោះ​ចេញ​។​បេ​។​ ​មនោ​មិន​ទៀង​ ​ត្រូវ​អ្នក​ទាំងឡាយ​ ​លះបង់​តម្រេក​ ​ក្នុង​មនោ​នោះ​ចេញ​។​ ​ម្នាល​ភិក្ខុ​ទាំងឡាយ​ ​របស់​ណា​ ​មិន​ទៀង​ ​ត្រូវ​អ្នក​ទាំងឡាយ​ ​លះបង់​តម្រេក​ ​ក្នុង​របស់​នោះ​ចេញ​។​ ​ម្នាល​ភិក្ខុ​ទាំងឡាយ​ ​របស់​ណា​មិន​ទៀង​ ​"
    },
    {
      "header": "ចតុត្ថបណ្ណាសកៈ\nនន្ទិក្ខយវគ្គ",
      "href": "http://ti-kh.org/books?book=35&page=359",
      "text": "សមុទ្ទវគ្គ ទី ៣",
      "detail": "<p class=\"BCenter\">​សមុទ្ទ​វគ្គ​</p>\n<br>​<span class=\"IncreaseIndent\">&nbsp;</span>[​២៨៣​]​ ​ម្នាល​ភិក្ខុ​ទាំងឡាយ​ ​បុថុជ្ជន​ជា​អ្នក​មិន​ចេះដឹង​ ​រមែង​ពោល​ថា​ ​សមុទ្ទ​ ​សមុទ្ទ​។​ ​ម្នាល​ភិក្ខុ​ទាំងឡាយ​ ​សមុទ្ទ​នុ៎ះ​ ​មិនមែន​ជា​សមុទ្ទ​ ​ក្នុង​វិន័យ​របស់​ព្រះ​អរិយៈ​ទេ​។​ ​ម្នាល​ភិក្ខុ​ទាំងឡាយ​ ​សមុទ្ទ​នុ៎ះ​ ​សំដៅយក​ធារទឹក​ដ៏​ធំ​ ​និង​អន្លង់​ទឹក​ដ៏​ជ្រៅ​។​ ​ម្នាល​ភិក្ខុ​ទាំងឡាយ​ ​ចក្ខុ​ ​ជា​សមុទ្ទ​របស់​បុរស​ ​កម្លាំង​នៃ​ចក្ខុ​នោះ​ ​សម្រេច​ដោយ​រូប​ ​បុគ្គល​ណា​ ​គ្រប​សង្កត់​កម្លាំង​ ​ដែល​សម្រេច​ដោយ​រូប​នោះ​បាន​ ​ម្នាល​ភិក្ខុ​ទាំងឡាយ​ ​បុគ្គល​នេះ​ ​តថាគត​ហៅថា​ ​ព្រាហ្មណ៍​ ​បាន​ឆ្លង​នូវ​សមុទ្ទ​ ​គឺ​ចក្ខុ​ ​ដែល​ប្រកបដោយ​រលក​ ​គឺ​កិលេស​ ​ប្រកបដោយ​ទឹកវល់​ ​គឺ​កិលេស​ ​ប្រកបដោយ​សត្វ​សាហាវ​ ​គឺ​កិលេស​ ​ប្រកបដោយ​អារក្សទឹក​ ​គឺ​កិលេស​ ​បាន​ឆ្លង​ដល់ទៅ​ត្រើយនាយ​ ​ឈរ​នៅលើគោក​ ​គឺ​ព្រះនិព្វាន​។​បេ​។​ ​ម្នាល​ភិក្ខុ​ទាំងឡាយ​ ​ជិវ្ហា​ ​ជា​សមុទ្ទ​របស់​បុរស​ ​កម្លាំង​នៃ​សមុទ្ទ​ ​គឺ​ជិវ្ហា​នុ៎ះ​ ​សម្រេច​ដោយ​រស​ ​បុគ្គល​ណា​ ​គ្រប​សង្កត់​នូវ​កម្លាំង​ ​(​នៃ​សមុទ្ទ​ ​គឺ​ជិវ្ហា​)​ ​សម្រេច​ដោយ​រស​នោះ​បាន​ ​ម្នាល​ភិក្ខុ​ទាំងឡាយ​ ​បុគ្គល​នេះ​ ​តថាគត​ហៅថា​ ​ព្រាហ្មណ៍​ ​"
    },
    {
      "header": "ចតុត្ថបណ្ណាសកៈ\nនន្ទិក្ខយវគ្គ",
      "href": "http://ti-kh.org/books?book=35&page=392",
      "text": "អាសីវិសវគ្គ ទី ៤",
      "detail": "​ទៅមុខ​ ​និង​ឈាន​ថយក្រោយ​ ​ក៏​មិន​ប្រាកដ​ ​កាលបើ​មិន​មាន​សន្លាក់​ ​ការ​បត់​ចូល​ ​និង​លា​ចេញ​ ​ក៏​មិន​ប្រាកដ​ ​កាលបើ​មិន​មានពោះ​ ​សេចក្តី​ស្រេកឃ្លាន​ ​ក៏​មិន​ប្រាកដ​។​ ​ម្នាល​ភិក្ខុ​ទាំងឡាយ​ ​ពិត​យ៉ាងនេះ​ឯង​ ​កាលបើ​ចក្ខុ​ ​មិន​មាន​ ​សេចក្តី​សុខ​ ​ទុក្ខ​ជា​ខាងក្នុង​ ​ក៏​មិនកើត​ឡើង​ ​ព្រោះ​ចក្ខុ​សម្ផ័​ស្ស​ជា​បច្ច័យ​។​បេ​។​ ​កាលបើ​ជិវ្ហា​មិន​មាន​ ​សេចក្តី​ ​សុខទុក្ខ​ជា​ខាងក្នុង​ ​ក៏​មិនកើត​ឡើង​ ​ព្រោះ​ជិវ្ហា​សម្ផ័​ស្ស​ជា​បច្ច័យ​។​បេ​។​ ​កាលបើ​មនោ​មិន​មាន​ ​សេចក្តី​សុខទុក្ខ​ ​ជា​ខាងក្នុង​ ​ក៏​មិនកើត​ឡើង​ ​ព្រោះ​មនោ​សម្ផ័​ស្ស​ជា​បច្ច័យ​។​ ​\n<br>​<span class=\"IncreaseIndent\">&nbsp;</span>[​៣០៥​]​ ​ម្នាល​ភិក្ខុ​ទាំងឡាយ​ ​កាលបើ​មានដៃ​ ​ការ​កាន់​ ​និង​ការ​ដាក់ចុះ​ ​ក៏​មាន​ ​កាលបើ​មាន​ជើង​ ​ការ​ឈានទៅមុខ​ ​និង​ឈាន​ថយក្រោយ​ ​ក៏​មាន​ ​កាលបើ​មាន​សន្លាក់​ ​ការ​បត់​ចូល​ ​និង​លា​ចេញ​ ​ក៏​មាន​ ​កាលបើ​មានពោះ​ ​សេចក្តី​ស្រេកឃ្លាន​ ​ក៏​មាន​។​ ​ម្នាល​ភិក្ខុ​ទាំងឡាយ​ ​ពិត​យ៉ាងនេះ​ឯង​ ​កាលបើ​ចក្ខុ​មាន​ ​សេចក្តី​សុខទុក្ខ​ ​ជា​ខាងក្នុង​ ​ក៏​កើតឡើង​ ​ព្រោះ​ចក្ខុ​សម្ផ័​ស្ស​ ​ជា​បច្ច័យ​។​បេ​។​ ​កាលបើ​ជិវ្ហា​មាន​។​ ​បេ​។​ ​កាលបើ​មនោ​មាន​ ​សេចក្តី​សុខទុក្ខ​ ​ជា​ខាងក្នុង​ ​ក៏​កើតឡើង​ ​ព្រោះ​មនោ​សម្ផ័​ស្ស​ជា​បច្ច័យ​។​ ​"
    }
  ]
}