{
  "title": "ភាគ ៤៣",
  "imageSrc": "photos/Book_43.jpg",
  "href": "http://ti-kh.org/books?book=43",
  "contents": [
    {
      "header": "ចតុត្ថបណ្ណាសក",
      "href": "http://ti-kh.org/books?book=43&page=1",
      "text": "ចតុត្ថបណ្ណាសក \tឥន្រ្ទិយវគ្គ\tទី ១",
      "detail": "<p class=\"BCenter\">សុត្តន្ត​បិដក​\n<br>​អង្គុត្តរ​និកាយ​ ​ចតុ​ក្ក​និបាត​ ​\n<br>​ចតុត្ថ​ភាគ​\n<br>​ចតុ​ត្ថ​បណ្ណា​សក​\n<br>​ឥន្រ្ទិយ​វគ្គ​ ​ទី១​</p>\n<br>​<span class=\"IncreaseIndent\">&nbsp;</span>[​១​]​ ​ម្នាល​ភិក្ខុ​ទាំងឡាយ​ ​ឥន្រ្ទិយ​នេះ​មាន​ ​៤​។​ ​ឥន្រ្ទិយ​ ​៤​ ​គឺ​អ្វីខ្លះ​។​ ​ឥន្រ្ទិយ​គឺ​សទ្ធា​ ​១​ ​ឥន្រ្ទិយ​គឺ​វីរិយៈ​ ​១​ ​ឥន្រ្ទិយ​គឺ​សមាធិ​ ​១​ ​ឥន្រ្ទិយ​គឺ​បញ្ញា​ ​១​។​ ​ម្នាល​ភិក្ខុ​ទាំងឡាយ​ ​ឥន្រ្ទិយ​ ​មាន​ ​៤​ ​នេះឯង​។​\n<br><span class=\"IncreaseIndent\">&nbsp;</span>​[​២​]​ ​ម្នាល​ភិក្ខុ​ទាំងឡាយ​ ​កម្លាំង​នេះ​ ​មាន​ ​៤​។​ ​កម្លាំង​ ​៤​ ​គឺ​អ្វីខ្លះ​។​ ​កម្លាំង​គឺ​សទ្ធា​ ​១​ ​កម្លាំង​គឺ​វីរិយៈ​ ​១​ ​កម្លាំង​គឺ​សមាធិ​ ​១​ ​កម្លាំង​គឺ​បញ្ញា​ ​១​។​ ​ម្នាល​ភិក្ខុ​ទាំងឡាយ​ ​កម្លាំង​មាន​ ​៤​ ​យ៉ាងនេះ​ឯង​។​\n<br>​<span class=\"IncreaseIndent\">&nbsp;</span>[​៣​]​ ​ម្នាល​ភិក្ខុ​ទាំងឡាយ​ ​កម្លាំង​នេះ​ ​មាន​ ​៤​។​ ​កម្លាំង​ ​៤​ ​គឺ​អ្វីខ្លះ​។​ ​កម្លាំង​គឺ​បញ្ញា​ ​១​ ​កម្លាំង​គឺ​វីរិយៈ​ ​១​ ​កម្លាំង​គឺ​កម្ម​ ​ដែល​មិន​មានទោស​ ​១​ ​កម្លាំង​គឺ​ការសង្គ្រោះ​ ​១​។​ ​ម្នាល​ភិក្ខុ​ទាំងឡាយ​ ​កម្លាំង​មាន​ ​៤​ ​យ៉ាងនេះ​ឯង​។​"
    },
    {
      "header": "ចតុត្ថបណ្ណាសក",
      "href": "http://ti-kh.org/books?book=43&page=19",
      "text": "បដិបទាវគ្គ \tទី ២",
      "detail": "<p class=\"BCenter\">​បដិបទា​វគ្គ​ ​ទី២​</p>\n<br>​<span class=\"IncreaseIndent\">&nbsp;</span>[​១១​]​ ​ម្នាល​ភិក្ខុ​ទាំងឡាយ​ ​បដិបទា​ ​(​ការ​ប្រតិប័ទ​)​ ​នេះ​ ​មាន៤​។​ ​បដិបទា​ ​៤​ ​គឺ​អ្វីខ្លះ​។​ ​គឺ​ប្រតិប័ទ​លំបាក​ ​ទាំង​ត្រាស់​ដឹង​ក៏​យឺតយូរ​ ​១​ ​ប្រតិប័ទ​លំបាក​ ​តែ​ត្រាស់​ដឹង​ឆាប់​ ​១​ ​ប្រតិប័ទ​ស្រួល​ ​តែ​ត្រាស់​ដឹង​យឺតយូរ​ ​១​ ​ប្រតិប័ទ​ស្រួល​ ​ទាំង​ត្រាស់​ដឹង​ក៏​ឆាប់​ ​១​។​ ​ម្នាល​ភិក្ខុ​ទាំងឡាយ​ ​បដិបទា​ ​មាន៤យ៉ាងនេះ​ឯង​។​\n<br><span class=\"IncreaseIndent\">&nbsp;</span>​[​១២​]​ ​ម្នាល​ភិក្ខុ​ទាំងឡាយ​ ​បដិបទា​នេះ​ ​មាន​ ​៤​។​ ​បដិបទា​ ​៤​ ​គឺ​អ្វីខ្លះ​។​ ​គឺ​ប្រតិប័ទ​ ​លំបាក​ ​ទាំង​ត្រាស់​ដឹង​ក៏​យឺតយូរ​ ​១​ ​ប្រតិប័ទ​លំបាក​ ​តែ​ត្រាស់​ដឹង​ឆាប់​ ​១​ ​ប្រតិប័ទ​ស្រួល​ ​តែ​ត្រាស់​ដឹង​យឺតយូរ​ ​១​ ​ប្រតិប័ទ​ស្រួល​ ​ទាំង​ត្រាស់​ដឹង​ក៏​ឆាប់​ ​១​។​ ​ម្នាល​ភិក្ខុ​ទាំងឡាយ​ ​ចុះ​ប្រតិប័ទ​លំបាក​ ​ទាំង​ត្រាស់​ដឹង​ក៏​យឺតយូរ​ ​តើ​ដូចម្តេច​។​ ​ម្នាល​ភិក្ខុ​ទាំងឡាយ​ ​បុគ្គល​ ​ពួក​ខ្លះ​ ​ក្នុង​លោក​នេះ​ ​បើ​តាម​ប្រក្រតី​ ​ជា​អ្នកមាន​រាគៈ​ក្លៀវក្លា​ ​តែង​ទទួល​ទុក្ខទោមនស្ស​ ​ដែល​កើតអំពី​រាគៈ​រឿយ​ ​ៗ​ ​បើ​តាម​ប្រក្រតី​ ​ជា​អ្នកមាន​ទោសៈ​ក្លៀវក្លា​ ​តែង​ទទួល​ទុក្ខ​ ​ទោមនស្ស​ ​ដែល​កើតអំពី​ទោ​សៈ​រឿយ​ៗ​ ​បើ​តាម​ប្រក្រតី​ ​ជា​អ្នកមាន​មោហៈ​ក្លៀវក្លា​ ​តែង​ទទួល​ទុក្ខទោមនស្ស​ ​ដែល​កើតអំពី​មោហៈ​រឿយ​ៗ​។​ ​"
    },
    {
      "header": "ចតុត្ថបណ្ណាសក",
      "href": "http://ti-kh.org/books?book=43&page=41",
      "text": "សញ្ចេតនិយវគ្គទី ៣",
      "detail": "<p class=\"BCenter\">​សញ្ចេ​ត​និ​យ​វគ្គ​ ​ទី៣​</p>\n<br><span class=\"IncreaseIndent\">&nbsp;</span>​[​២១​]​ ​ម្នាល​ភិក្ខុ​ទាំងឡាយ​ ​កាលបើ​កាយទ្វារ​<sup>(​១​)</sup>​ ​មាន​ ​សុខទុក្ខ​ជា​ខាងក្នុង​ ​រមែង​កើតឡើង​ ​ព្រោះ​កាយ​សញ្ចេតនា<sup>​(​២​)​</sup> ​ជាហេតុ​ ​ម្នាល​ភិក្ខុ​ទាំងឡាយ​ ​កាលបើ​វចីទ្វារ​ ​មាន​ ​សុខទុក្ខ​ជា​ខាងក្នុង​ ​រមែង​កើតឡើង​ ​ព្រោះ​វចី​សញ្ចេតនា​ជាហេតុ​ ​ម្នាល​ភិក្ខុ​ទាំងឡាយ​ ​កាលបើ​មនោទ្វារ​ ​មាន​ ​សុខទុក្ខ​ជា​ខាងក្នុង​ ​រមែង​កើតឡើង​ ​ព្រោះ​មនោសញ្ចេតនា​ជាហេតុ​ ​ឬ​ព្រោះ​អវិជ្ជា​ជា​បច្ច័យ​។​ ​ម្នាល​ភិក្ខុ​ទាំងឡាយ​ ​បុគ្គល​តាក់តែង​កាយសង្ខារ​ ​ដោយខ្លួនឯង​ ​ដែល​ជា​បច្ច័យ​ ​នាំឲ្យ​សុខទុក្ខ​ជា​ខាងក្នុង​ ​កើតឡើង​ ​ក៏​មាន​ ​ម្នាល​ភិក្ខុ​ទាំងឡាយ​ ​បុគ្គល​ដទៃ​តាក់តែង​កាយសង្ខារ​ ​ដែល​ជា​បច្ច័យ​ ​នាំឲ្យ​សុខទុក្ខ​ ​ជា​ខាងក្នុង​ ​កើតឡើង​ក៏​មាន​ ​ម្នាល​ភិក្ខុ​ទាំងឡាយ​ ​បុគ្គល​មាន​សេចក្ដី​ដឹង​ច្បាស់<sup>​(​៣​)​</sup> ​តាក់តែង​កាយសង្ខារ​ ​ដែល​ជា​បច្ច័យ​ ​នាំឲ្យ​សុខទុក្ខ​ជា​ខាងក្នុង​ ​កើតឡើង​ក៏​មាន​ ​ម្នាល​ភិក្ខុ​ទាំងឡាយ​ ​បុគ្គល​ដែល​មិន​មាន​សេចក្ដី​ដឹង​ច្បាស់​ ​តាក់តែង​កាយសង្ខារ​ ​ដែល​ជា​បច្ច័យ​ ​នាំឲ្យ​សុខទុក្ខ​ជា​ខាងក្នុង​ ​កើតឡើង​ក៏​មាន​។​ ​<hr><div style=\"font-size: 14px\">​(​១​)​ ​នឹង​ហៅថា​ ​កាយវិញ្ញត្តិ​ ​ដូច្នេះ​វិញ​ក៏បាន​។​ ​(​២​)​ ​ការសម្រេច​នៃ​ចេតនា​ ​ក្នុង​កាយទ្វារ​ ​ហៅថា​ ​កាយ​សញ្ចេតនា​ ​ៗ​នោះ​ ​មាន២០​ ​គឺជា​កាមាវចរ​កុសល​ ​៨​ ​ជាអកុសល​ ​១២​។​ ​វចី​សញ្ចេតនា​ ​និង​មនោសញ្ចេតនា​ ​ក៏​ដូចគ្នានឹង​កាយ​សញ្ចេតនា​ដែរ​។​ ​(​៣​)​ ​គឺ​ដឹង​ច្បាស់​នូវ​កុសល​ ​ថា​កុសល​មែន​ ​បើជា​អកុសល​ ​ថា​អកុសល​មែន​ ​ដូច្នេះ​ជាដើម​។​ ​អដ្ឋកថា​។​</div>"
    },
    {
      "header": "ចតុត្ថបណ្ណាសក",
      "href": "http://ti-kh.org/books?book=43&page=73",
      "text": "យោធាជីវវគ្គ ទី៤",
      "detail": "<p class=\"BCenter\">​យោធា​ជីវ​វគ្គ​ ​ទី​ ​៤​</p>\n<br>​<span class=\"IncreaseIndent\">&nbsp;</span>[​៣១​]​ ​ម្នាល​ភិក្ខុ​ទាំងឡាយ​ ​យោធា​ជីវៈ​ ​(​អ្នក​រស់នៅ​ដោយ​ឋានៈ​ជា​ទាហាន​)​ ​ប្រកប​ ​ដោយ​អង្គ​ ​៤​ ​ទើប​គួរ​ជា​រាជបុរស​ ​ជា​រាជបម្រើ​ ​រាប់ថាជា​អង្គ​ ​(​អវយវៈ​)​ ​របស់​ព្រះរាជា​ ​បាន​។​ ​អង្គ​ ​៤​ ​គឺ​អ្វីខ្លះ​។​ ​ម្នាល​ភិក្ខុ​ទាំងឡាយ​ ​យោធា​ជីវៈ​ ​ក្នុង​លោក​នេះ​ ​ជា​អ្នក​ឈ្លាសវៃ​ ​ក្នុង​ជយភូមិ​ ​១​ ​ជា​អ្នក​បាញ់​បាន​ឆ្ងាយ​ ​១​ ​ជា​អ្នក​បាញ់​ត្រង់​ ​១​ ​ជា​អ្នក​អាច​ទំ​លាយ​ ​នូវ​កងទ័ព​ដ៏​ធំ​បាន​ ​១​។​ ​ម្នាល​ភិក្ខុ​ទាំងឡាយ​ ​យោធា​ជីវៈ​ ​ប្រកបដោយ​អង្គ​ ​៤​ ​នេះឯង​ ​ទើប​គួរ​ជា​រាជបុរស​ ​ជា​រាជបម្រើ​ ​រាប់ថាជា​អង្គ​ ​របស់​ព្រះរាជា​បាន​។​ ​ម្នាល​ភិក្ខុ​ទាំងឡាយ​ ​ភិក្ខុ​ប្រកបដោយ​ធម៌​ ​៤​ ​ប្រការ​ ​ទើប​ជា​អ្នក​គួរ​ទទួល​គ្រឿង​ ​ដែលគេ​នាំមក​បូជា​ ​គួរ​ទទួល​របស់​ ​ដែលគេ​ទទួលភ្ញៀវ​ ​គួរ​ទទួល​ទក្ខិណាទាន​ ​គួរ​គេ​ធ្វើ​អញ្ជលិកម្ម​ ​ជា​បុញ្ញកេ្ខត្ត​ ​ដ៏​ប្រសើរ​បំផុត​ ​របស់​សត្វលោក​ ​ក៏​ដូច្នោះ​ដែរ​។​ ​ប្រកបដោយ​អង្គ​ ​៤​ ​តើ​អ្វីខ្លះ​។​ ​ម្នាល​ភិក្ខុ​ទាំងឡាយ​ ​ភិក្ខុ​ក្នុង​សាសនា​នេះ​ ​ជា​អ្នក​ឈ្លាស​ ​ក្នុង​ជយភូមិ​ ​១​ ​ជា​អ្នក​បាញ់​បាន​ឆ្ងាយ​ ​១​ ​ជា​អ្នក​បាញ់​ត្រង់​ ​១​ ​ជា​អ្នក​ទំ​លាយ​ ​នូវ​កងទ័ព​ដ៏​ធំ​បាន​ ​១​។​ ​ម្នាល​ភិក្ខុ​ទាំងឡាយ​ ​ចុះ​ភិក្ខុ​ជា​អ្នក​ឈ្លាស​ ​ក្នុង​ជយភូមិ​ ​តើ​ដូចម្ដេច​។​ ​ម្នាល​ភិ​ក្នុ​ទាំងឡាយ​ ​ភិក្ខុ​ក្នុង​សាសនា​នេះ​ ​ជា​អ្នកមានសីល​។​បេ​។​ ​"
    },
    {
      "header": "ចតុត្ថបណ្ណាសក",
      "href": "http://ti-kh.org/books?book=43&page=107",
      "text": "មហាវគ្គ \tទី ៥",
      "detail": "<p class=\"BCenter\">មហាវគ្គ​ ​ទី៥​</p>\n<br>​<span class=\"IncreaseIndent\">&nbsp;</span>[​៤១​]​ ​ម្នាល​ភិក្ខុ​ទាំងឡាយ​ ​អានិសង្ស​ទាំងឡាយ​ ​៤​ ​ប្រការ​ ​នៃ​ធម៌​ដែល​ចូល​ទៅ​ ​កាន់​ត្រ​ចៀក​រឿយ​ៗ​ ​ជា​ធម៌​ដែល​បុគ្គល​ចាំស្ទាត់​ ​រត់មាត់​ ​ចូលចិត្ត​ច្បាស់លាស់​ ​ចាក់ធ្លុះ​ ​ដោយ​ទិដ្ឋិ​ ​គឺ​បញ្ញា​ ​រមែង​កើ​ត​បា្រ​កដ​។​ ​អានិសង្ស​ ​៤​ ​ប្រការ​ ​តើ​ដូចម្ដេច​។​ ​ម្នាល​ភិក្ខុ​ទាំងឡាយ​ ​ភិក្ខុ​ក្នុង​សាសនា​នេះ​ ​រៀន​នូវ​ធម៌​ ​គឺ​ ​សុ​ត្តៈ​ ​គេយ្យៈ​ ​វេយ្យាករណៈ​ ​គាថា​ ​ឧទានៈ​ ​ឥតិ​វុត្ត​កៈ​ ​ជាត​កៈ​ ​អព្ភុ​ត​ធម្មៈ​ ​វេ​ទល្លៈ​ ​ធម៌​ទាំងនោះ​ ​ជាស​ភាវៈ​ ​ចូល​ទៅកាន់​ត្រចៀក​ ​រឿយ​ៗ​ ​នៃ​ភិក្ខុ​នោះ​ ​ដែល​បាន​ចាំស្ទាត់​ ​រត់មាត់​ ​ចូលចិត្ត​ច្បាស់លាស់​ ​ចាក់ធ្លុះ​ដោយ​ ​ទិដ្ឋិ​បាន​។​ ​ភិក្ខុ​នោះ​ ​ភ្លេចស្មារតី​ ​ធ្វើ​មរណកាល​ទៅ​ ​រមែង​ចូល​ទៅកាន់​ទេវនិកាយ​ណាមួយ​ ​។​ ​ចំណែក​ធម៌​ទាំងឡាយ​ ​រមែង​បា្រ​កដ​ច្បាស់​ ​ដល់​ភិក្ខុ​នោះ​ ​ដែល​មាន​សេចក្ដីសុខ​ ​ក្នុង​ទេវនិកាយ​នោះ​។​ ​ម្នាល​ភិក្ខុ​ទាំងឡាយ​ ​ការ​កើតឡើង​នៃ​សតិ​ ​ឈ្មោះថា​ជា​ ​ការយឺតយូរ​<sup>(​១​)</sup>​ ​ឯ​សត្វ​នោះ​ ​វេលា​ដល់​នូវ​គុណវិសេស​ ​ក៏​ឆាប់រហ័ស​ជាង​សតិ​នោះ​។​ ​ម្នាល​ភិក្ខុ​ទាំងឡាយ​ ​នេះ​ជា​អានិសង្ស​ ​ទី១​ ​នៃ​ធម៌​ ​ដែល​ចូល​ទៅកាន់​ត្រ​ចៀក​រឿយ​ៗ​ ​ដែល​បុគ្គល​ចាំស្ទាត់​ ​រត់មាត់​ ​ចូលចិត្ត​ច្បាស់លាស់​ ​ចាក់​ឆ្លុះ​ដោយ​ទិដ្ឋិ​ ​រមែង​កើ​ត​បា្រ​កដ​។​ ​ម្នាល​ភិក្ខុ​ទាំងឡាយ​ ​មួយទៀត​ ​ភិក្ខុ​រៀន​នូវ​ធម៌​ ​គឺ​ ​សុ​ត្តៈ​ ​គេយ្យៈ​<hr><div style=\"font-size: 14px\">​(​១​)​ ​ស្មារតី​ដែល​កើតឡើង​ ​១ភ្លែត​ ​ទុកជា​យឺតយូរ​ ​ឯ​សត្វ​ដែល​មាន​អានិសង្ស​ធម៌​ក្នុង​ខ្លួន​ ​វេលា​នឹង​សម្រេចមគ្គផល​ ​បាន​ឆាប់រហ័ស​ជាង​ស្មារតី១ភ្លែត​នោះ​ឯង​។​</div>"
    },
    {
      "header": "បណ្ណាសកាសង្គហិតវគ្គ",
      "href": "http://ti-kh.org/books?book=43&page=198",
      "text": "បណ្ណាសកាសង្គហិត សប្បុរិសវគ្គ ទី១",
      "detail": "<p class=\"BCenter\">​បណ្ណា​សកា​សង្គហិ​ត​វគ្គ​\n<br>​សប្បុរិស​វគ្គ​ ​ទី១​</p>\n<br>​<span class=\"IncreaseIndent\">&nbsp;</span>[​៥១​]​ ​ម្នាល​ភិក្ខុ​ទាំងឡាយ​ ​តថាគត​នឹង​សំដែង​នូវ​អសប្បុរស​ផង​ ​នូវ​អសប្បុរស​ ​ក្រៃលែង​ ​ជាង​អសប្បុរស​ផង​ ​នូវ​សប្បុរស​ផង​ ​នូវ​សប្បុរស​ក្រៃលែង​ ​ជាង​សប្បុរស​ផង​ ​ចំពោះ​អ្នក​ទាំងឡាយ​ ​អ្នក​ទាំងឡាយ​ ​ចូរ​ស្ដាប់​នូវ​ពាក្យ​នោះ​ ​ចូរ​ធ្វើ​ទុក​ក្នុងចិត្ត​ ​ដោយ​ប្រពៃ​ ​ចុះ​ ​តថាគត​នឹង​សំដែង​។​ ​ភិក្ខុ​ទាំងនោះ​ ​ក៏​ទទួល​ស្ដាប់​ព្រះពុទ្ធដីកា​ ​នៃ​ព្រះ​ដ៏​មាន​ព្រះ​ភាគ​ថា​ ​ព្រះករុណា​ ​ព្រះអង្គ​។​ ​ព្រះ​ដ៏​មាន​ព្រះ​ភាគ​ ​ទ្រង់​ត្រាស់​ដូច្នេះ​ថា​ ​ម្នាល​ភិក្ខុ​ទាំងឡាយ​ ​ចុះ​អសប្បុរស​ ​តើ​ដូចម្ដេច​។​ ​ម្នាល​ភិក្ខុ​ទាំងឡាយ​ ​បុគ្គល​ខ្លះ​ ​ក្នុង​លោក​នេះ​ ​ជា​អ្នកសម្លាប់​សត្វ​ ​កាន់​យក​ទ្រព្យ​ ​ដែលគេ​មិនបាន​ឲ្យ​ ​ប្រព្រឹត្ត​ខុស​ ​ក្នុង​កាម​ទាំងឡាយ​ ​និយាយ​ពាក្យ​កុហក​ ​ផឹក​នូវ​ទឹកស្រវឹង​ ​គឺ​សុរា​ ​និង​មេរ័យ​ ​ដែល​ជាទី​តាំង​ ​នៃ​សេចក្ដីប្រមាទ​។​ ​ម្នាល​ភិក្ខុ​ទាំងឡាយ​ ​នេះ​ហៅថា​ ​អសប្បុរស​។​ ​ម្នាល​ភិក្ខុ​ទាំងឡាយ​ ​ចុះ​អសប្បុរស​ ​ក្រៃលែង​ជា​អសប្បុរស​ ​តើ​ដូចម្ដេច​។​ ​ម្នាល​ភិក្ខុ​ទាំងឡាយ​ ​បុគ្គល​ខ្លះ​ ​ក្នុង​លោក​នេះ​ ​ជា​អ្នកសម្លាប់​សត្វ​ ​ដោយខ្លួនឯង​ផង​ ​ទាំង​បបួល​ជន​ដទៃ​ ​ក្នុង​ការ​សម្លាប់សត្វ​ផង​ ​"
    },
    {
      "header": "បណ្ណាសកាសង្គហិតវគ្គ",
      "href": "http://ti-kh.org/books?book=43&page=217",
      "text": "សោភនវគ្គ \tទី ២",
      "detail": "<p class=\"BCenter\">​សោភន​វគ្គ​ ​ទី២​</p>\n<br>​<span class=\"IncreaseIndent\">&nbsp;</span>[​៦១​]​ ​ម្នាល​ភិក្ខុ​ទាំងឡាយ​ ​ការ​ទ្រុស្ដ​បរិសទ្យ​នេះ​ ​មាន​ ​៤យ៉ាង​។​ ​ការ​ទ្រុស្ដ​បរិសទ្យ​ ​៤យ៉ាង​ ​តើ​ដូចម្ដេច​។​ ​ម្នាល​ភិក្ខុ​ទាំងឡាយ​ ​ភិក្ខុ​ទ្រុស្ដសីល​ ​មានធម៌​លាមក​ ​ឈ្មោះថា​ ​ទ្រុស្ដ​បរិសទ្យ​ ​១​ ​ម្នាល​ភិក្ខុ​ទាំងឡាយ​ ​ភិក្ខុនី​ទ្រុស្ដសីល​ ​មានធម៌​លាមក​ ​ឈ្មោះថា​ ​ទ្រុស្ដ​បរិសទ្យ​ ​១​ ​ម្នាល​ភិក្ខុ​ទាំងឡាយ​ ​ឧបាសក​ទ្រុស្ដសីល​ ​មានធម៌​លាមក​ ​ឈ្មោះថា​ ​ទ្រុស្ដ​បរិសទ្យ​ ​១​ ​ម្នាល​ភិក្ខុ​ទាំងឡាយ​ ​ឧបាសិកា​ទ្រុស្ដសីល​ ​មានធម៌​លាមក​ ​ឈ្មោះថា​ ​ទ្រុស្ដ​បរិសទ្យ​ ​១​។​ ​ម្នាល​ភិក្ខុ​ទាំងឡាយ​ ​ការ​ទ្រុស្ដ​បរិសទ្យ​ ​មាន៤យ៉ាងនេះ​ឯង​។​ ​ម្នាល​ភិក្ខុ​ទាំងឡាយ​ ​ការ​ធ្វើ​បរិសទ្យ​ឲ្យ​ល្អ​ ​មាន៤យ៉ាង​។​ ​ការ​ធ្វើ​បរិសទ្យ​ឲ្យ​ល្អ​ ​មាន៤យ៉ាង​ ​តើ​ដូចម្ដេច​។​ ​ម្នាល​ភិក្ខុ​ទាំងឡាយ​ ​ភិក្ខុ​មាន​សីល​ ​មានធម៌​ល្អ​ ​ឈ្មោះថា​ ​ធ្វើ​បរិសទ្យ​ឲ្យ​ល្អ​ ​១​ ​ម្នាល​ភិក្ខុ​ទាំងឡាយ​ ​ភិក្ខុនី​មាន​សីល​ ​មានធម៌​ល្អ​ ​ឈ្មោះថា​ ​ធ្វើ​បរិសទ្យ​ឲ្យ​ល្អ​ ​១​ ​ម្នាល​ភិក្ខុ​ទាំងឡាយ​ ​ឧបាសក​មាន​សីល​ ​មានធម៌​ល្អ​ ​ឈ្មោះថា​ ​ធ្វើ​បរិសទ្យ​ឲ្យ​ល្អ​ ​១​ ​ម្នាល​ភិក្ខុ​ទាំងឡាយ​ ​ឧបាសិកា​មាន​សីល​ ​មានធម៌​ល្អ​ ​ឈ្មោះថា​ ​ធ្វើ​បរិសទ្យ​ឲ្យ​ល្អ​ ​១​។​ ​ម្នាល​ភិក្ខុ​ទាំងឡាយ​ ​ការ​ធ្វើ​បរិសទ្យ​ឲ្យ​ល្អ​ ​មាន៤យ៉ាងនេះ​ឯង​។​"
    },
    {
      "header": "បណ្ណាសកាសង្គហិតវគ្គ",
      "href": "http://ti-kh.org/books?book=43&page=223",
      "text": "ទុច្ចរិតវគ្គ\tទី ៣",
      "detail": "<p class=\"BCenter\">​ទុច្ចរិត​វគ្គ​ ​ទី៣​</p>\n<br>​<span class=\"IncreaseIndent\">&nbsp;</span>​[​៧១​]​ ​ម្នាល​ភិក្ខុ​ទាំងឡាយ​ ​វចីទុច្ចរិត​នេះ​ ​មាន​ ​៤យ៉ាង​។​ ​វចីទុច្ចរិត​ ​៤យ៉ាង​ ​តើ​ដូចម្ដេច​។​ ​គឺ​ការ​និយាយ​កុហក​ ​១​ ​និយាយ​ញុះញង់​ ​១​ ​និយាយ​ពាក្យទ្រគោះ​ ​១​ ​និយាយ​ពាក្យ​រោយរាយ​ឥតប្រយោជន៍​ ​១​។​ ​ម្នាល​ភិក្ខុ​ទាំងឡាយ​ ​វចីទុច្ចរិត​ ​មាន៤យ៉ាងនេះ​ឯង​។​ ​ម្នាល​ភិក្ខុ​ទាំងឡាយ​ ​វចីសុចរិត​នេះ​ ​មាន៤យ៉ាង​។​ ​វចីសុចរិត​ ​៤យ៉ាង​ ​តើ​ដូចម្ដេច​។​ ​គឺ​និយាយ​ពាក្យពិត​ ​១​ ​មិន​និយាយ​ពាក្យ​ញុះញង់​ ​១​ ​និយាយ​ពាក្យពីរោះ​ ​១​ ​និយាយ​ដោយ​ប្រាជ្ញា​ ​១​។​ ​ម្នាល​ភិក្ខុ​ទាំងឡាយ​ ​វចីសុចរិត​ ​មាន៤យ៉ាងនេះ​ឯង​។​\n<br>​<span class=\"IncreaseIndent\">&nbsp;</span>[​៧២​]​ ​ម្នាល​ភិក្ខុ​ទាំងឡាយ​ ​បុគ្គល​ប្រកបដោយ​ធម៌​ ​៤យ៉ាង​ ​ឈ្មោះថា​ ​ពាល​ ​មិន​ឈ្លាស​ ​ជា​អសប្បុរស​ ​រមែង​រក្សា​នូវ​ខ្លួន​ឲ្យ​មានគុណ​ជីក​ចោល​ ​កំចាត់​ចោល​ផង​ ​ជា​អ្នក​ប្រកបដោយ​ទោស​ផង​ ​ត្រូវ​ពួក​វិញ្ញូ​ជន​តិះដៀល​ផង​ ​បាន​បាប​ច្រើន​ផង​។​ ​បុគ្គល​ប្រកបដោយ​ធម៌​ ​៤យ៉ាង​ ​តើ​ដូចម្ដេច​។​ ​(​គឺ​ប្រកប​)​ ​ដោយ​កាយទុច្ចរិត​ ​១​ ​វចីទុច្ចរិត​ ​១​ ​មនោ​ទុច្ចរិត​ ​១​ ​មិច្ឆាទិដ្ឋិ​ ​១​។​ ​ម្នាល​ភិក្ខុ​ទាំងឡាយ​ ​បុគ្គល​ប្រកបដោយ​ធម៌​ ​៤​ ​យ៉ាងនេះ​ ​ឈ្មោះថា​ ​ពាល​ ​មិន​ឈ្លាស​ ​ជា​អសប្បុរស​ ​រមែង​រក្សា​នូវ​ខ្លួន​ ​ឲ្យ​មានគុណ​ជីក​ចោល​ ​កំចាត់​ចោល​ផង​ ​"
    },
    {
      "header": "បណ្ណាសកាសង្គហិតវគ្គ",
      "href": "http://ti-kh.org/books?book=43&page=229",
      "text": "កម្មវគ្គ\t\tទី ៤",
      "detail": "<p class=\"BCenter\">កម្ម​វគ្គ​ ​ទី៤​</p>\n<br>​<span class=\"IncreaseIndent\">&nbsp;</span>[​៨២​]​ ​ម្នាល​ភិក្ខុ​ទាំងឡាយ​ ​កម្ម​ ​៤យ៉ាងនេះ​ ​តថាគត​បាន​ធ្វើឲ្យ​ជាក់ច្បាស់​ ​ដោយ​ ​ប្រាជ្ញា​ដ៏​ឧត្តម​ ​ដោយខ្លួនឯង​ ​ហើយ​ប្រកា​សបា្រប់​។​ ​កម្ម​ ​៤យ៉ាង​ ​ដូចម្ដេច​ខ្លះ​។​ ​ម្នាល​ភិក្ខុ​ទាំងឡាយ​ ​កម្ម​ខ្មៅ<sup>​(​១​)</sup>​ ​មាន​វិបាក​ខ្មៅ<sup>​(​២​)​</sup> ​ក៏​មាន​ ​ម្នាល​ភិក្ខុ​ទាំងឡាយ​ ​កម្ម​ស<sup>​(​៣​)</sup>​ ​មាន​វិ​បា​កស<sup>​(​៤​)​</sup> ​ក៏​មាន​ ​ម្នាល​ភិក្ខុ​ទាំងឡាយ​ ​កម្ម​ទាំង​ខ្មៅ​ទាំង​ស<sup>​(​៥​)​</sup> ​មាន​វិបាក​ទាំង​ខ្មៅ​ទាំង​ស<sup>​(​៦​)</sup>​ ​ក៏​មាន​ ​ម្នាល​ភិក្ខុ​ទាំងឡាយ​ ​កម្ម​មិន​ខ្មៅ​មិន​ស<sup>​(​៧​)​</sup> ​មាន​វិបាក​មិន​ខ្មៅ​មិន​ស​ ​ប្រព្រឹត្តទៅ​ ​ដើម្បី​អស់កម្ម​ ​ក៏​មាន​។​ ​ម្នាល​ភិក្ខុ​ទាំងឡាយ​ ​កម្ម​ទាំង​ ​៤​ ​ប្រភេទ​នេះ​ ​តថាគត​បាន​ធ្វើឲ្យ​ជាក់ច្បាស់​ ​ដោយ​ប្រាជ្ញា​ដ៏​ឧត្តម​ ​ដោយខ្លួនឯង​ ​ហើយ​ប្រកាសប្រាប់​។​\n<br>​<span class=\"IncreaseIndent\">&nbsp;</span>[​៨៣​]​ ​ម្នាល​ភិក្ខុ​ទាំងឡាយ​ ​កម្ម​ ​៤យ៉ាងនេះ​ ​តថាគត​បាន​ធ្វើឲ្យ​ជាក់ច្បាស់​ ​ដោយ​ប្រាជ្ញា​ដ៏​ឧត្តម​ ​ដោយខ្លួនឯង​ ​ហើយ​ប្រកាសប្រាប់​។​ ​កម្ម​ ​៤យ៉ាង​ ​ដូចម្ដេច​ខ្លះ​។​ ​ម្នាល​ភិក្ខុ​ទាំងឡាយ​ ​កម្ម​ខ្មៅ​ ​មាន​វិបាក​ខ្មៅ​ក៏​មាន​<hr><div style=\"font-size: 14px\">​(​១​)​ ​បាន​ដល់​អកុសលកម្មបថ​ ​១០​។​ ​(​២​)​ ​នាំ​សត្វ​ឲ្យ​ទៅ​កើត​ក្នុង​អបាយ​។​ ​(​៣​)​ ​បាន​ដល់​កុសលកម្មបថ​ ​១០​។​ ​(​៤​)​ ​នាំ​សត្វ​ឲ្យ​ទៅ​កើត​ក្នុង​ឋានសួគ៌​។​ ​(​៥​)​ ​កម្ម​ដែល​លាយ​គ្នា​។​ ​(​៦​)​ ​ឲ្យ​ទទួល​ទុក្ខ​ខ្លះ​ ​ទទួល​សុខ​ខ្លះ​។​ ​(​៧​)​ ​សំដៅយក​ចតុ​មគ្គញ្ញាណ​ ​ដែល​ជា​គុណជាត​ធ្វើឲ្យ​អស់កម្ម​។​</div>"
    },
    {
      "header": "បណ្ណាសកាសង្គហិតវគ្គ",
      "href": "http://ti-kh.org/books?book=43&page=249",
      "text": "អាបត្តិភយវគ្គទី ៥",
      "detail": "<p class=\"BCenter\">​អាបត្តិ​ភយ​វគ្គ​ ​ទី៥​</p>\n<br>​<span class=\"IncreaseIndent\">&nbsp;</span>[​៩៣​]​ ​សម័យមួយ​ ​ព្រះ​ដ៏​មាន​ព្រះ​ភាគ​ ​ទ្រង់​គង់នៅ​ក្នុង​ឃោសិ​តា​រាម​ ​ទៀប​ក្រុង​កោ​សម្ពី​។​ ​គ្រានោះ​ ​ព្រះ​អានន្ទ​ដ៏​មាន​អាយុ​ ​ចូល​ទៅ​គាល់​ព្រះ​ដ៏​មាន​ព្រះ​ភាគ​ ​លុះ​ចូល​ទៅដល់​ ​ថា្វយ​បង្គំ​ព្រះ​ដ៏​មាន​ព្រះ​ភាគ​ ​ហើយ​គង់​ក្នុង​ទី​ដ៏​សមគួរ​។​ ​លុះ​ព្រះ​អានន្ទ​ដ៏​មាន​អាយុ​ ​គង់​ក្នុង​ទី​ដ៏​សមគួរ​ហើយ​ ​ព្រះ​ដ៏​មាន​ព្រះ​ភាគ​ ​បាន​ត្រាស់​សួរ​ថា​ ​ម្នាល​អានន្ទ​ ​អធិករណ៍​នោះ​ ​បាន​រម្ងាប់​ហើយ​ឬ​។​ ​ព្រះ​អានន្ទ​ក្រាបបង្គំទូល​ថា​ ​បពិត្រ​ព្រះអង្គ​ដ៏​ចំរើន​ ​អធិករណ៍​នោះ​ ​នឹង​រម្ងាប់​អំពី​ណា​បាន​ ​បពិត្រ​ព្រះអង្គ​ដ៏​ចំរើន​ ​សទ្ធិវិហារិក​របស់​អនុ​រុទ្ធ​ ​ដ៏​មាន​អាយុ​ ​ឈ្មោះ​វា​ហិយៈ​ ​នៅតែ​ទទូច​ដើម្បី​បំបែក​សង្ឃ​ឥត​ឈប់ឈរ​ ​ក្នុង​រឿង​នោះ​ ​ព្រះ​អនុ​រុទ្ធ​ដ៏​មាន​អាយុ​ ​ក៏​មិនឃើញ​មាន​ស្ដីថា​អ្វី​ ​សូ​មី្ប​តែ​ ​១ម៉ាត់​ក៏​គ្មាន​។​ ​ព្រះ​ដ៏​មាន​ព្រះ​ភាគ​ ​ទ្រង់​ត្រាស់​ថា​ ​ម្នាល​អានន្ទ​ ​ចុះ​អនុ​រុទ្ធ​ធ្លាប់​ចូលគំនិត​ ​ក្នុង​អធិករណ៍​ ​នា​កណ្ដាល​សង្ឃ​ ​ពីកាលណា​មក​ ​ម្នាល​អានន្ទ​ ​អធិករណ៍​ទាំងឡាយ​ណាមួយ​ ​កើតឡើង​ ​អធិករណ៍​ទាំងនោះ​ ​គួរតែ​អ្នក​ទាំងឡាយ​ផង​ ​សារីបុត្ត​ ​និង​មោគ្គល្លាន​ផង​ ​រម្ងាប់​ ​មិនមែនទេ​ឬ​។​ ​ម្នាល​អានន្ទ​ ​ភិក្ខុ​បាប​ ​កាលបើ​ឃើញច្បាស់​ ​នូវ​អំណាច​ប្រយោជន៍​ ​៤យ៉ាងនេះ​ ​រមែង​ត្រេកអរ​ ​ដោយ​ការ​បំបែក​សង្ឃ​។​ ​អំណាច​ប្រយោជន៍​ ​៤យ៉ាង​ ​ដូចម្ដេច​ខ្លះ​។​ ​"
    },
    {
      "header": "បណ្ណាសកាសង្គហិតវគ្គ",
      "href": "http://ti-kh.org/books?book=43&page=265",
      "text": "អភិញ្ញាវគ្គ ទី៦",
      "detail": "<p class=\"BCenter\">​អភិញ្ញា​វគ្គ​ ​ទី៦​</p>\n<br>​<span class=\"IncreaseIndent\">&nbsp;</span>[​១០៤​]​ ​ម្នាល​ភិក្ខុ​ទាំងឡាយ​ ​ធម៌​នេះ​មាន​ ​៤យ៉ាង​។​ ​ធម៌​ ​៤យ៉ាង​ ​គឺ​អ្វីខ្លះ​។​ ​ម្នាល​ភិក្ខុ​ទាំងឡាយ​ ​ធម៌​គួរ​កំណត់​ដឹង​ដោយ​បញ្ញា​ ​ក៏​មាន​ ​ម្នាល​ភិក្ខុ​ទាំង​ឡយ​ ​ធម៌​គួរ​លះបង់​ដោយ​បញ្ញា​ ​ក៏​មាន​ ​ម្នាល​ភិក្ខុ​ទាំងឡាយ​ ​ធម៌​គួរ​ចំរើន​ដោយ​បញ្ញា​ ​ក៏​មាន​ ​ម្នាល​ភិក្ខុ​ទាំងឡាយ​ ​ធម៌​គួរ​ធ្វើឲ្យ​ជាក់ច្បាស់​ដោយ​បញ្ញា​ ​ក៏​មាន​។​ ​ម្នាល​ភិក្ខុ​ទាំងឡាយ​ ​ចុះ​ធម៌​គួរ​កំណត់​ដឹង​ដោយ​បញ្ញា​ ​តើ​ដូចម្ដេច​។​ ​គឺ​ឧបាទានក្ខន្ធ​ ​ទាំង៥​ ​ម្នាល​ភិក្ខុ​ទាំងឡាយ​ ​នេះ​ហៅថា​ ​ធម៌​គួរ​កំណត់​ដឹង​ដោយ​បញ្ញា​។​ ​ម្នាល​ភិក្ខុ​ទាំងឡាយ​ ​ចុះ​ធម៌​គួរ​លះបង់​ ​ដោយ​បញ្ញា​ ​តើ​ដូចម្ដេច​។​ ​គឺ​អវិជ្ជា​ ​និង​ភវតណ្ហា​ ​ម្នាល​ភិក្ខុ​ទាំងឡាយ​ ​នេះ​ហៅថា​ ​ធម៌​គួរ​លះបង់​ដោយ​បញ្ញា​។​ ​ម្នាល​ភិក្ខុ​ទាំងឡាយ​ ​ចុះ​ធម៌​គួរ​ចំរើន​ដោយ​បញ្ញា​ ​តើ​ដូចម្ដេច​។​ ​គឺ​សមថៈ​ ​និង​វិបស្សនា​ ​ម្នាល​ភិក្ខុ​ទាំងឡាយ​ ​នេះ​ហៅថា​ ​ធម៌​គួរ​ចំរើន​ដោយ​បញ្ញា​។​ ​ម្នាល​ភិក្ខុ​ទាំងឡាយ​ ​ចុះ​ធម៌​គួរ​ធ្វើឲ្យ​ជាក់ច្បាស់​ដោយ​បញ្ញា​ ​តើ​ដូចម្ដេច​។​ ​គឺ​វិជ្ជា​ ​និង​វិមុត្តិ​ ​ម្នាល​ភិក្ខុ​ទាំងឡាយ​ ​នេះ​ហៅថា​ ​ធម៌​គួរ​ធ្វើឲ្យ​ជាក់ច្បាស់​ដោយ​បញ្ញា​។​ ​ម្នាល​ភិក្ខុ​ទាំងឡាយ​ ​នេះ​ធម៌​ ​៤យ៉ាង​។​"
    },
    {
      "header": "បណ្ណាសកាសង្គហិតវគ្គ",
      "href": "http://ti-kh.org/books?book=43&page=278",
      "text": "កម្មបថវគ្គ \tទី ៧",
      "detail": "<p class=\"BCenter\">កម្មបថ​វគ្គ​ ​ទី៧​</p>\n<br>​<span class=\"IncreaseIndent\">&nbsp;</span>[​១១៤​]​ ​ម្នាល​ភិក្ខុ​ទាំងឡាយ​ ​បុគ្គល​ប្រកបដោយ​ធម៌​ ​៤​ ​ប្រការ​ ​រមែង​កើត​ក្នុង​នរក​ ​ដូចជា​គេ​នាំ​យក​ទៅ​ទំលាក់​។​ ​ធម៌​ ​៤ប្រការ​ ​គឺ​អ្វីខ្លះ​។​ ​គឺ​បុគ្គល​ដែល​សម្លាប់សត្វ​ ​ដោយខ្លួនឯង​ ​១​ ​ដឹកនាំ​អ្នកដទៃ​ ​ក្នុង​ការ​សម្លាប់សត្វ​ ​១​ ​ពេញចិត្ត​ក្នុង​ការ​សម្លាប់សត្វ​ ​១​ ​ពោល​សរសើរ​ការ​សម្លាប់សត្វ<sup>​(​១​)</sup>​ ​១​។​ ​ម្នាល​ភិក្ខុ​ទាំងឡាយ​ ​បុគ្គល​ប្រកបដោយ​ធម៌​ ​៤ប្រការ​នេះ​ ​រមែង​កើត​ក្នុង​នរក​ ​ដូច​គេ​នាំ​យក​ទៅ​ទំលាក់​។​ ​ម្នាល​ភិក្ខុ​ទាំងឡាយ​ ​បុគ្គល​ប្រកបដោយ​ធម៌​ ​៤ប្រការ​ ​រមែង​កើត​ក្នុង​ឋានសួគ៌​ ​ដូច​គេ​នាំ​យក​ទៅ​ដាក់​។​ ​ធម៌​ ​៤ប្រការ​ ​គឺ​អ្វីខ្លះ​។​ ​គឺ​បុគ្គល​វៀរចាក​ការ​សម្លាប់សត្វ​ដោយខ្លួនឯង​ ​១​ ​ដឹកនាំ​អ្នកដទៃ​ ​ក្នុង​ការ​វៀរចាក​ការ​សម្លាប់សត្វ​ ​១​ ​ពេញចិត្ត​ក្នុង​ការ​វៀរចាក​ការ​សម្លាប់សត្វ​ ​១​ ​ពោល​សរសើរ​ការ​វៀរចាក​ការ​សម្លាប់សត្វ​ ​១​។​ ​ម្នាល​ភិក្ខុ​ទាំងឡាយ​ ​បុគ្គល​ប្រកបដោយ​ធម៌​ ​៤ប្រការ​នេះ​ ​រមែង​កើត​ក្នុង​ឋានសួគ៌​ ​ដូច​គេ​នាំ​យក​ទៅ​ដាក់​។​<hr><div style=\"font-size: 14px\">​(​១​)​ ​ការរាប់​ ​៤ៗ​នោះ​ ​ឲ្យ​រាប់​ក្នុង​មួយ​បទៗ​ ​គឺ​ក្នុង​មួយ​បទៗ​ ​ចែក​ការ​ធ្វើជា៤​ ​គឺ​ធ្វើខ្លួន​ឯង​ ​ដឹកនាំ​អ្នកដទៃ​ ​ពេញចិត្ត​ ​និយាយ​សរសើរ​។​</div>"
    },
    {
      "header": "បណ្ណាសកាសង្គហិតវគ្គ",
      "href": "http://ti-kh.org/books?book=43&page=284",
      "text": "ពួកសូត្រដែលមិនសង្រ្គោះដោយបណ្ណាសក",
      "detail": "<p class=\"BCenter\">​ពួក​សូត្រ​ដែល​មិន​សង្រ្គោះ​ដោយ​បណ្ណា​សក​</p>\n<br>​<span class=\"IncreaseIndent\">&nbsp;</span>[​១២៤​]​ ​ម្នាល​ភិក្ខុ​ទាំងឡាយ​ ​ធម៌​ ​៤ប្រការ​ ​គួរ​ចំរើន​ ​ដើម្បី​ដឹង​ច្បាស់​នូវ​រាគៈ​។​ ​ធម៌​ ​៤ប្រការ​ ​តើ​ដូចម្ដេច​ខ្លះ​។​ ​ម្នាល​ភិក្ខុ​ទាំងឡាយ​ ​ភិក្ខុ​ក្នុង​សាសនា​នេះ​ ​ពិ​ចារ​ណា​រឿយ​ៗ​ ​នូវ​កាយ​ក្នុង​កាយ​ ​ជា​បុគ្គល​មាន​ព្យាយាម​ ​ជា​គ្រឿង​ដុត​កំ​ដៅ​កិលេស​ ​មាន​សេចក្ដី​ដឹង​ល្អ​ ​មានស្មារតី​ ​កំចាត់​បង់​អភិជ្ឈា​ ​និង​ទោមនស្ស​ក្នុង​លោក​ ​ពិ​ចារ​ណា​រឿយ​ៗ​ ​នូវ​វេទនា​ក្នុង​វេទនា​ទាំងឡាយ​.​.​.​ ​ពិ​ចារ​ណា​រឿយ​ៗ​ ​នូវ​ចិត្ត​ក្នុងចិត្ត​ទាំងឡាយ​ ​.​.​.​ ​ពិចារណា​រឿយ​ ​ៗ​ ​នូវ​ធម៌​ក្នុង​ធម៌​ទាំងឡាយ​ ​ជា​បុគ្គល​មាន​ព្យាយាម​ ​ជា​គ្រឿង​ដុត​កំ​ដៅ​កិលេស​ ​មាន​សេចក្ដី​ដឹង​ល្អ​ ​មានស្មារតី​ ​កំចាត់​បង់​អភិជ្ឈា​ ​និង​ទោមនស្ស​ ​ក្នុង​លោក​។​ ​ម្នាល​ភិក្ខុ​ទាំងឡាយ​ ​ធម៌​ ​៤នេះ​ ​គួរ​ចំរើន​ ​ដើម្បី​ដឹង​ច្បាស់​នូវ​រាគៈ​។​ ​ម្នាល​ភិក្ខុ​ទាំងឡាយ​ ​ធម៌​ ​៤ប្រការ​ ​គួរ​ចំរើន​ ​ដើម្បី​ដឹង​ច្បាស់​នូវ​រាគៈ​។​ ​ធម៌​ ​៤ប្រការ​ ​តើ​ដូចម្ដេច​ខ្លះ​។​ ​ម្នាល​ភិក្ខុ​ទាំងឡាយ​ ​ភិក្ខុ​ក្នុង​សាសនា​នេះ​ ​ញុំាង​ឆន្ទៈ​ឲ្យ​កើត​ ​សង្វាត​ ​ប្រារព្ធ​ព្យាយាម​ ​ផ្គង​ចិត្ត​ ​ដម្កល់​ចិត្ត​ ​ដើម្បី​បិទ​អកុសលធម៌​ទាំងឡាយ​ដ៏​លាមក​ ​ដែល​មិនទាន់​កើត​ ​មិន​ឲ្យ​កើតឡើង​ ​ដើម្បី​លះបង់​អកុសលធម៌​ទាំងឡាយ​ ​ដ៏​លាមក​ ​ដែល​កើតឡើង​ហើយ​.​.​.​ ​ដើម្បី​ញុំាង​កុសលធម៌​ទាំងឡាយ​ ​ដែល​មិនទាន់​កើត​ ​ឲ្យ​កើតឡើង​ ​.​.​.​"
    }
  ]
}