{
  "title": "ភាគ ៩៥",
  "imageSrc": "photos/Book_95.jpg",
  "href": "http://ti-kh.org/books?book=95",
  "contents": [
    {
      "header": "អភិធម្មបិដក\nបដ្ឋាន  ទុតិយភាគ\n\nកុសលត្តិកៈ",
      "href": "http://ti-kh.org/books?book=95&page=1",
      "text": "បញ្ហាវារៈ",
      "detail": "<p class=\"BCenter\">អភិធម្មបិដក\n<br>បដ្ឋាន ទុតិយភាគ\n<br>បញ្ហា​វារៈ អនុលោម​គណនា\n<br>ហេតុមូល​កៈ</p>\n<br><span class=\"IncreaseIndent\">&nbsp;</span>[១] ក្នុង​ហេតុ​ប្ប​ច្ច័​យ មាន​វារៈ៧ ក្នុង​អារម្មណ​ប្ប​ច្ច័​យ មាន​វារៈ៩ ក្នុង​អធិបតិ​ប្ប​ច្ច័​យ មាន​វារៈ១០ ក្នុង​អនន្តរ​ប្ប​ច្ច័​យ មាន​វារៈ៧ ក្នុង​សម​នន្ត​រប្ប​ច្ច័​យ មាន​វារៈ៧ ក្នុង​សហជាត​ប្ប​ច្ច័​យ មាន​វារៈ៩ ក្នុង​អញ្ញមញ្ញ​ប្ប​ច្ច័​យ មាន​វារៈ៣ ក្នុង​និស្សយ​ប្ប​ច្ច័​យ មាន​វារៈ១៣ ក្នុង​ឧបនិស្សយ​ប្ប​ច្ច័​យ មាន​វារៈ៩ ក្នុង​បុរេ​ជាត​ប្ប​ច្ច័​យ មាន​វារៈ៣ ក្នុង​បច្ឆា​ជាត​ប្ប​ច្ច័​យ មាន​វារៈ៣ ក្នុង​អា​សេវន​ប្ប​ច្ច័​យ មាន​វារៈ៣ ក្នុង​កម្ម​ប្ប​ច្ច័​យ មាន​វារៈ៧ ក្នុង​វិបាក​ប្ប​ច្ច័​យ មាន​វារៈ១ ក្នុង​អាហារ​ប្ប​ច្ច័​យ មាន​វារៈ៧ ក្នុង​ឥន្ទ្រិយ​ប្ប​ច្ច័​យ មាន​វារៈ៧ ក្នុង​ឈាន​ប្ប​ច្ច័​យ មាន​វារៈ៧ ក្នុង​មគ្គ​ប្ប​ច្ច័​យ មាន​វារៈ៧ ក្នុង​សម្បយុត្ត​ប្ប​ច្ច័​យ មាន​វារៈ៣ ក្នុង​វិប្បយុត្ត​ប្ប​ច្ច័​យ មាន​វារៈ៥ ក្នុង​អត្ថិ​ប្ប​ច្ច័​យ មាន​វារៈ១៣ ក្នុង​នត្ថិ​ប្ប​ច្ច័​យ មាន​វារៈ៧ ក្នុង​វិ​គត​ប្ប​ច្ច័​យ មាន​វារៈ៧ ក្នុង​អវិ​គត​ប្ប​ច្ច័​យ មាន​វារៈ១៣។\n<br><span class=\"IncreaseIndent\">&nbsp;</span>[២] ក្នុង​អធិបតិ​ប្ប​ច្ច័​យ មាន​វារៈ៤ ព្រោះ​ហេតុ​ប្ប​ច្ច័​យ …"
    },
    {
      "header": "អភិធម្មបិដក\nបដ្ឋាន  ទុតិយភាគ\n\nកុសលត្តិកៈ",
      "href": "http://ti-kh.org/books?book=95&page=1",
      "text": "អនុលោមគណនា",
      "detail": "<p class=\"BCenter\">អភិធម្មបិដក\n<br>បដ្ឋាន ទុតិយភាគ\n<br>បញ្ហា​វារៈ អនុលោម​គណនា\n<br>ហេតុមូល​កៈ</p>\n<br><span class=\"IncreaseIndent\">&nbsp;</span>[១] ក្នុង​ហេតុ​ប្ប​ច្ច័​យ មាន​វារៈ៧ ក្នុង​អារម្មណ​ប្ប​ច្ច័​យ មាន​វារៈ៩ ក្នុង​អធិបតិ​ប្ប​ច្ច័​យ មាន​វារៈ១០ ក្នុង​អនន្តរ​ប្ប​ច្ច័​យ មាន​វារៈ៧ ក្នុង​សម​នន្ត​រប្ប​ច្ច័​យ មាន​វារៈ៧ ក្នុង​សហជាត​ប្ប​ច្ច័​យ មាន​វារៈ៩ ក្នុង​អញ្ញមញ្ញ​ប្ប​ច្ច័​យ មាន​វារៈ៣ ក្នុង​និស្សយ​ប្ប​ច្ច័​យ មាន​វារៈ១៣ ក្នុង​ឧបនិស្សយ​ប្ប​ច្ច័​យ មាន​វារៈ៩ ក្នុង​បុរេ​ជាត​ប្ប​ច្ច័​យ មាន​វារៈ៣ ក្នុង​បច្ឆា​ជាត​ប្ប​ច្ច័​យ មាន​វារៈ៣ ក្នុង​អា​សេវន​ប្ប​ច្ច័​យ មាន​វារៈ៣ ក្នុង​កម្ម​ប្ប​ច្ច័​យ មាន​វារៈ៧ ក្នុង​វិបាក​ប្ប​ច្ច័​យ មាន​វារៈ១ ក្នុង​អាហារ​ប្ប​ច្ច័​យ មាន​វារៈ៧ ក្នុង​ឥន្ទ្រិយ​ប្ប​ច្ច័​យ មាន​វារៈ៧ ក្នុង​ឈាន​ប្ប​ច្ច័​យ មាន​វារៈ៧ ក្នុង​មគ្គ​ប្ប​ច្ច័​យ មាន​វារៈ៧ ក្នុង​សម្បយុត្ត​ប្ប​ច្ច័​យ មាន​វារៈ៣ ក្នុង​វិប្បយុត្ត​ប្ប​ច្ច័​យ មាន​វារៈ៥ ក្នុង​អត្ថិ​ប្ប​ច្ច័​យ មាន​វារៈ១៣ ក្នុង​នត្ថិ​ប្ប​ច្ច័​យ មាន​វារៈ៧ ក្នុង​វិ​គត​ប្ប​ច្ច័​យ មាន​វារៈ៧ ក្នុង​អវិ​គត​ប្ប​ច្ច័​យ មាន​វារៈ១៣។\n<br><span class=\"IncreaseIndent\">&nbsp;</span>[២] ក្នុង​អធិបតិ​ប្ប​ច្ច័​យ មាន​វារៈ៤ ព្រោះ​ហេតុ​ប្ប​ច្ច័​យ …"
    },
    {
      "header": "អភិធម្មបិដក\nបដ្ឋាន  ទុតិយភាគ\n\nកុសលត្តិកៈ",
      "href": "http://ti-kh.org/books?book=95&page=62",
      "text": "បច្ចនីយុទ្ធារៈ",
      "detail": "ពាក្យ​ថា សហជាត​ប្ប​ច្ច័​យ អញ្ញមញ្ញ​ប្ប​ច្ច័​យ និស្សយ​ប្ប​ច្ច័​យ វិប្បយុត្ត​ប្ប​ច្ច័​យ អត្ថិ​ប្ប​ច្ច័​យ ដូ​ចេ្នះ មាន​វារៈ១ ព្រោះ​អវិ​គត​ប្ប​ច្ច័​យ។ ពាក្យ​ថា សហជាត​ប្ប​ច្ច័​យ និស្សយ​ប្ប​ច្ច័​យ វិបាក​ប្ប​ច្ច័​យ អត្ថិ​ប្ប​ច្ច័​យ ដូ​ចេ្នះ មាន​វារៈ១ ព្រោះ​អវិ​គត​ប្ប​ច្ច័​យ។ ពាក្យ​ថា សហជាត​ប្ប​ច្ច័​យ អញ្ញមញ្ញ​ប្ប​ច្ច័​យ និស្សយ​ប្ប​ច្ច័​យ វិបាក​ប្ប​ច្ច័​យ អត្ថិ​ប្ប​ច្ច័​យ ដូ​ចេ្នះ មាន​វារៈ១ ព្រោះ​អវិ​គត​ប្ប​ច្ច័​យ។ ពាក្យ​ថា សហជាត​ប្ប​ច្ច័​យ អញ្ញមញ្ញ​ប្ប​ច្ច័​យ និស្សយ​ប្ប​ច្ច័​យ វិបាក​ប្ប​ច្ច័​យ សម្បយុត្ត​ប្ប​ច្ច័​យ អត្ថិ​ប្ប​ច្ច័​យ ដូ​ចេ្នះ មាន​វារៈ១ ព្រោះ​អវិ​គត​ប្ប​ច្ច័​យ។ ពាក្យ​ថា សហជាត​ប្ប​ច្ច័​យ និស្សយ​ប្ប​ច្ច័​យ វិបាក​ប្ប​ច្ច័​យ វិប្បយុត្ត​ប្ប​ច្ច័​យ អត្ថិ​ប្ប​ច្ច័​យ ដូ​ចេ្នះ មាន​វារៈ១ ព្រោះ​អវិ​គត​ប្ប​ច្ច័​យ។ ពាក្យ​ថា សហជាត​ប្ប​ច្ច័​យ អញ្ញមញ្ញ​ប្ប​ច្ច័​យ និស្សយ​ប្ប​ច្ច័​យ វិបាក​ប្ប​ច្ច័​យ វិប្បយុត្ត​ប្ប​ច្ច័​យ អត្ថិ​ប្ប​ច្ច័​យ ដូ​ចេ្នះ មាន​វារៈ១ ព្រោះ​អវិ​គត​ប្ប​ច្ច័​យ។\n<br>ចប់ បញ្ហា​វារៈ អនុលោម​គណនា។\n<br><p class=\"BCenter\">បញ្ហា​វារៈ បច្ច​នីយ​ឧទ្ធារៈ</p>\n<br><span class=\"IncreaseIndent\">&nbsp;</span>[៥០] កុសលធម៌ ជា​បច្ច័យ​នៃ​កុសលធម៌ ដោយ​អារម្មណ​ប្ប​ច្ច័​យ … ជា​បច្ច័យ ដោយ​សហជាត​ប្ប​ច្ច័​យ … ជា​បច្ច័យ ដោយ​ឧបនិស្សយ​ប្ប​ច្ច័​យ។"
    },
    {
      "header": "អភិធម្មបិដក\nបដ្ឋាន  ទុតិយភាគ\n\nកុសលត្តិកៈ",
      "href": "http://ti-kh.org/books?book=95&page=65",
      "text": "បច្ចនីយគណនា",
      "detail": "<span class=\"IncreaseIndent\">&nbsp;</span>[៥៤] អកុសល​ក្តី អព្យាកតធម៌​ក្តី ជា​សហជាត​ប្ប​ច្ច័​យ បុរេ​ជាត​ប្ប​ច្ច័​យ នៃ​អកុសលធម៌។ អកុសលធម៌​ក្តី អព្យាកតធម៌​ក្តី ជា​សហជាត​ប្ប​ច្ច័​យ បច្ឆា​ជាត​ប្ប​ច្ច័​យ អាហារ​ប្ប​ច្ច័​យ និង​ឥន្ទ្រិយ​ប្ប​ច្ច័​យ នៃ​អព្យាកតធម៌។\n<br><p class=\"PCenter\">ចប់ បញ្ហា​វារៈ បច្ច​នីយ​ឧទ្ធារៈ។</p>\n<br><p class=\"BCenter\">បញ្ហា​វារៈ បច្ច​នីយ​គណនា\n<br>នហេតុមូល​កៈ</p>\n<br><span class=\"IncreaseIndent\">&nbsp;</span>[៥៥] ក្នុង​នហេតុ​ប្ប​ច្ច័​យ មាន​វារៈ១៥ ក្នុង​នអារម្មណ​ប្ប​ច្ច័​យ មាន​វារៈ ១៥ ក្នុង​នអធិបតិ​ប្ប​ច្ច័​យ មាន​វារៈ១៥ ក្នុង​នអនន្តរ​ប្ប​ច្ច័​យ មាន​វារៈ១៥ ក្នុង​នសម​នន្ត​រប្ប​ច្ច័​យ មាន​វារៈ១៥ ក្នុង​នសហជាត​ប្ប​ច្ច័​យ មាន​វារៈ១១ ក្នុង​នអញ្ញមញ្ញ​ប្ប​ច្ច័​យ មាន​វារៈ១១ ក្នុង​ននិស្សយ​ប្ប​ច្ច័​យ មាន​វារៈ១១ ក្នុង​នឧបនិស្សយ​ប្ប​ច្ច័​យ មាន​វារៈ១៥ ក្នុង​នបុ​រេ​ជាត​ប្ប​ច្ច័​យ មាន​វារៈ១៣ ក្នុង​នប​ច្ឆា​ជាត​ប្ប​ច្ច័​យ មាន​វារៈ១៥ ក្នុង​នអា​សេវន​ប្ប​ច្ច័​យ មាន​វារៈ១៥ ក្នុង​នក​ម្ម​ប្ប​ច្ច័​យ មាន​វារៈ១៥ ក្នុង​នវិ​បា​កប្ប​ច្ច័​យ មាន​វារៈ១៥ ក្នុង​នអាហារ​ប្ប​ច្ច័​យ មាន​វារៈ១៥ ក្នុង​នឥន្ទ្រិយ​ប្ប​ច្ច័​យ មាន​វារៈ១៥ ក្នុង​នឈាន​ប្ប​ច្ច័​យ"
    },
    {
      "header": "អភិធម្មបិដក\nបដ្ឋាន  ទុតិយភាគ\n\nកុសលត្តិកៈ",
      "href": "http://ti-kh.org/books?book=95&page=104",
      "text": "អនុលោមប្បច្ចនីយគណីនា",
      "detail": "<p class=\"BCenter\">បញ្ហា​វារៈ អនុលោម​ប្ប​ច្ច​នីយ​គណនា\n<br>ហេតុមូល​កៈ</p>\n<br><span class=\"IncreaseIndent\">&nbsp;</span>[១២៨] ក្នុង​នអារម្មណ​ប្ប​ច្ច័​យ មាន​វារៈ៧ ព្រោះ​ហេតុ​ប្ប​ច្ច័​យ … ក្នុង​នអធិបតិ​ប្ប​ច្ច័​យ មាន​វារៈ៧ ក្នុង​នអនន្តរ​ប្ប​ច្ច័​យ មាន​វារៈ៧ ក្នុង​នសម​នន្ត​រប្ប​ច្ច័​យ មាន​វារៈ៧ ក្នុង​នអញ្ញមញ្ញ​ប្ប​ច្ច័​យ មាន​វារៈ៣ ក្នុង​នឧបនិស្សយ​ប្ប​ច្ច័​យ មាន​វារៈ៧ ក្នុង​នបុ​រេ​ជាត​ប្ប​ច្ច័​យ មាន​វារៈ៧ ក្នុង​នប​ច្ឆា​ជាត​ប្ប​ច្ច័​យ មាន​វារៈ៧ ក្នុង​នអា​សេវន​ប្ប​ច្ច័​យ មាន​វារៈ៧ ក្នុង​នក​ម្ម​ប្ប​ច្ច័​យ មាន​វារៈ៧ ក្នុង​នវិ​បា​កប្ប​ច្ច័​យ មាន​វារៈ៧ ក្នុង​នអាហារ​ប្ប​ច្ច័​យ មាន​វារៈ៧ ក្នុង​នឥន្ទ្រិយ​ប្ប​ច្ច័​យ មាន​វារៈ៧ ក្នុង​នឈាន​ប្ប​ច្ច័​យ មាន​វារៈ៧ ក្នុង​នមគ្គ​ប្ប​ច្ច័​យ មាន​វារៈ៧ ក្នុង​នសម្បយុត្ត​ប្ប​ច្ច័​យ មាន​វារៈ៣ ក្នុង​នវិ​ប្ប​យុត្ត​ប្ប​ច្ច័​យ មាន​វារៈ៣ ក្នុង​នោ​នត្ថិ​ប្ប​ច្ច័​យ មាន​វារៈ៧ ក្នុង​នោ​វិ​គត​ប្ប​ច្ច័​យ មាន​វារៈ៧។\n<br><span class=\"IncreaseIndent\">&nbsp;</span>[១២៩] ពាក្យ​ថា សហជាត​ប្ប​ច្ច័​យ និស្សយ​ប្ប​ច្ច័​យ អត្ថិ​ប្ប​ច្ច័​យ អវិ​គត​ប្ប​ច្ច័​យ ដូ​ចេ្នះ មាន​វារៈ៧ ក្នុង​នអារម្មណ​ប្ប​ច្ច័​យ ព្រោះ​ហេតុ​ប្ប​ច្ច័​យ … ក្នុង​នអធិបតិ​ប្ប​ច្ច័​យ មាន​វារៈ៧ ក្នុង​នអនន្តរ​ប្ប​ច្ច័​យ មាន​វារៈ៧ ក្នុង​នសម​នន្ត​រប្ប​ច្ច័​យ មាន​វារៈ៧ ក្នុង​នអញ្ញមញ្ញ​ប្ប​ច្ច័​យ មាន​វារៈ៣ ក្នុង​នឧបនិស្សយ​ប្ប​ច្ច័​យ មាន​វារៈ៧"
    },
    {
      "header": "អភិធម្មបិដក\nបដ្ឋាន  ទុតិយភាគ\n\nកុសលត្តិកៈ",
      "href": "http://ti-kh.org/books?book=95&page=291",
      "text": "បច្ចនីយានុលោមគណនា",
      "detail": "<p class=\"BCenter\">បញ្ហា​វារៈ បច្ច​នី​យានុ​លោម​គណនា\n<br>នហេតុមូល​កៈ</p>\n<br><span class=\"IncreaseIndent\">&nbsp;</span>[៣៨៤] ក្នុង​អារម្មណ​ប្ប​ច្ច័​យ មាន​វារៈ៩ ព្រោះ​នហេតុ​ប្ប​ច្ច័​យ … ក្នុង​អធិបតិ​ប្ប​ច្ច័​យ មាន​វារៈ១០ ក្នុង​អនន្តរ​ប្ប​ច្ច័​យ មាន​វារៈ៧ ក្នុង​សម​នន្ត​រប្ប​ច្ច័​យ មាន​វារៈ៧ ក្នុង​សហជាត​ប្ប​ច្ច័​យ មាន​វារៈ៩ ក្នុង​អញ្ញមញ្ញ​ប្ប​ច្ច័​យ មាន​វារៈ៣ ក្នុង​និស្សយ​ប្ប​ច្ច័​យ មាន​វារៈ១៣ ក្នុង​ឧបនិស្សយ​ប្ប​ច្ច័​យ មាន​វារៈ៩ ក្នុង​បុរេ​ជាត​ប្ប​ច្ច័​យ មាន​វារៈ៣ ក្នុង​បច្ឆា​ជាត​ប្ប​ច្ច័​យ មាន​វារៈ៣ ក្នុង​អា​សេវន​ប្ប​ច្ច័​យ មាន​វារៈ៣ ក្នុង​កម្ម​ប្ប​ច្ច័​យ មាន​វារៈ៧ ក្នុង​វិបាក​ប្ប​ច្ច័​យ មាន​វារៈ១ ក្នុង​អាហារ​ប្ប​ច្ច័​យ មាន​វារៈ៧ ក្នុង​ឥន្ទ្រិយ​ប្ប​ច្ច័​យ មាន​វារៈ៧ ក្នុង​ឈាន​ប្ប​ច្ច័​យ មាន​វារៈ៧ ក្នុង​មគ្គ​ប្ប​ច្ច័​យ មាន​វារៈ៧ ក្នុង​សម្បយុត្ត​ប្ប​ច្ច័​យ មាន​វារៈ៣ ក្នុង​វិប្បយុត្ត​ប្ប​ច្ច័​យ មាន​វារៈ៥ ក្នុង​អត្ថិ​ប្ប​ច្ច័​យ មាន​វារៈ១៣ ក្នុង​នត្ថិ​ប្ប​ច្ច័​យ មាន​វារៈ៧ ក្នុង​វិ​គត​ប្ប​ច្ច័​យ មាន​វារៈ៧ ក្នុង​អវិ​គត​ប្ប​ច្ច័​យ មាន​វារៈ១៣។\n<br><span class=\"IncreaseIndent\">&nbsp;</span>[៣៨៥] ក្នុង​អធិបតិ​ប្ប​ច្ច័​យ មាន​វារៈ៧ ព្រោះ​នហេតុ​ប្ប​ច្ច័​យ និ​ងន​អារម្មណ​ប្ប​ច្ច័​យ … ក្នុង​អនន្តរ​ប្ប​ច្ច័​យ មាន​វារៈ៧"
    },
    {
      "header": "វេទនាត្តិកៈ",
      "href": "http://ti-kh.org/books?book=95&page=324",
      "text": "បដិច្ចវារៈ",
      "detail": "<p class=\"BCenter\">វេទនា​ត្តិ​កៈ\n<br>បដិ​ច្ច​វារៈ</p>\n<br><span class=\"IncreaseIndent\">&nbsp;</span>[៤៥៣] ធម៌​ដែល​ប្រកបដោយ​សុខវេទនា អាស្រ័យ​ធម៌ ដែល​ប្រកបដោយ​សុខវេទនា រមែង​កើតឡើង ព្រោះ​នហេតុ​ប្ប​ច្ច័​យ គឺ​ខន្ធ២ អាស្រ័យ​ខន្ធ១ ដែល​ប្រកបដោយ​សុខវេទនា ខន្ធ១ អាស្រ័យ​ខន្ធ២ ខន្ធ២ អាស្រ័យ​ខន្ធ១ ដែល​ប្រកបដោយ​សុខវេទនា ក្នុង​ខណៈ​នៃ​បដិសន្ធិ ខន្ធ១ អាស្រ័យ​ខន្ធ២។\n<br><span class=\"IncreaseIndent\">&nbsp;</span>[៤៥៤] ធម៌​ដែល​ប្រកបដោយ​ទុក្ខវេទនា អាស្រ័យ​ធម៌ ដែល​ប្រកបដោយ​ទុក្ខវេទនា រមែង​កើតឡើង ព្រោះ​ហេតុ​ប្ប​ច្ច័​យ គឺ​ខន្ធ២ អាស្រ័យ​ខន្ធ១ ដែល​ប្រកបដោយ​ទុក្ខវេទនា ខន្ធ១ អាស្រ័យ​ខន្ធ២។\n<br><span class=\"IncreaseIndent\">&nbsp;</span>[៤៥៥] ធម៌​ដែល​ប្រកបដោយ​អទុ​ក្ខម​សុខវេទនា អាស្រ័យ​ធម៌ ដែល​ប្រកបដោយ​អទុ​ក្ខម​សុខវេទនា រមែង​កើតឡើង ព្រោះ​ហេតុ​ប្ប​ច្ច័​យគឺ ខន្ធ២ អាស្រ័យ​ខន្ធ១ ដែល​ប្រកបដោយ​អទុ​ក្ខម​សុខវេទនា"
    },
    {
      "header": "វេទនាត្តិកៈ",
      "href": "http://ti-kh.org/books?book=95&page=324",
      "text": "អនុលោម",
      "detail": "<p class=\"BCenter\">វេទនា​ត្តិ​កៈ\n<br>បដិ​ច្ច​វារៈ</p>\n<br><span class=\"IncreaseIndent\">&nbsp;</span>[៤៥៣] ធម៌​ដែល​ប្រកបដោយ​សុខវេទនា អាស្រ័យ​ធម៌ ដែល​ប្រកបដោយ​សុខវេទនា រមែង​កើតឡើង ព្រោះ​នហេតុ​ប្ប​ច្ច័​យ គឺ​ខន្ធ២ អាស្រ័យ​ខន្ធ១ ដែល​ប្រកបដោយ​សុខវេទនា ខន្ធ១ អាស្រ័យ​ខន្ធ២ ខន្ធ២ អាស្រ័យ​ខន្ធ១ ដែល​ប្រកបដោយ​សុខវេទនា ក្នុង​ខណៈ​នៃ​បដិសន្ធិ ខន្ធ១ អាស្រ័យ​ខន្ធ២។\n<br><span class=\"IncreaseIndent\">&nbsp;</span>[៤៥៤] ធម៌​ដែល​ប្រកបដោយ​ទុក្ខវេទនា អាស្រ័យ​ធម៌ ដែល​ប្រកបដោយ​ទុក្ខវេទនា រមែង​កើតឡើង ព្រោះ​ហេតុ​ប្ប​ច្ច័​យ គឺ​ខន្ធ២ អាស្រ័យ​ខន្ធ១ ដែល​ប្រកបដោយ​ទុក្ខវេទនា ខន្ធ១ អាស្រ័យ​ខន្ធ២។\n<br><span class=\"IncreaseIndent\">&nbsp;</span>[៤៥៥] ធម៌​ដែល​ប្រកបដោយ​អទុ​ក្ខម​សុខវេទនា អាស្រ័យ​ធម៌ ដែល​ប្រកបដោយ​អទុ​ក្ខម​សុខវេទនា រមែង​កើតឡើង ព្រោះ​ហេតុ​ប្ប​ច្ច័​យគឺ ខន្ធ២ អាស្រ័យ​ខន្ធ១ ដែល​ប្រកបដោយ​អទុ​ក្ខម​សុខវេទនា"
    },
    {
      "header": "វេទនាត្តិកៈ",
      "href": "http://ti-kh.org/books?book=95&page=324",
      "text": "បច្ចនីយៈ",
      "detail": "<p class=\"BCenter\">វេទនា​ត្តិ​កៈ\n<br>បដិ​ច្ច​វារៈ</p>\n<br><span class=\"IncreaseIndent\">&nbsp;</span>[៤៥៣] ធម៌​ដែល​ប្រកបដោយ​សុខវេទនា អាស្រ័យ​ធម៌ ដែល​ប្រកបដោយ​សុខវេទនា រមែង​កើតឡើង ព្រោះ​នហេតុ​ប្ប​ច្ច័​យ គឺ​ខន្ធ២ អាស្រ័យ​ខន្ធ១ ដែល​ប្រកបដោយ​សុខវេទនា ខន្ធ១ អាស្រ័យ​ខន្ធ២ ខន្ធ២ អាស្រ័យ​ខន្ធ១ ដែល​ប្រកបដោយ​សុខវេទនា ក្នុង​ខណៈ​នៃ​បដិសន្ធិ ខន្ធ១ អាស្រ័យ​ខន្ធ២។\n<br><span class=\"IncreaseIndent\">&nbsp;</span>[៤៥៤] ធម៌​ដែល​ប្រកបដោយ​ទុក្ខវេទនា អាស្រ័យ​ធម៌ ដែល​ប្រកបដោយ​ទុក្ខវេទនា រមែង​កើតឡើង ព្រោះ​ហេតុ​ប្ប​ច្ច័​យ គឺ​ខន្ធ២ អាស្រ័យ​ខន្ធ១ ដែល​ប្រកបដោយ​ទុក្ខវេទនា ខន្ធ១ អាស្រ័យ​ខន្ធ២។\n<br><span class=\"IncreaseIndent\">&nbsp;</span>[៤៥៥] ធម៌​ដែល​ប្រកបដោយ​អទុ​ក្ខម​សុខវេទនា អាស្រ័យ​ធម៌ ដែល​ប្រកបដោយ​អទុ​ក្ខម​សុខវេទនា រមែង​កើតឡើង ព្រោះ​ហេតុ​ប្ប​ច្ច័​យគឺ ខន្ធ២ អាស្រ័យ​ខន្ធ១ ដែល​ប្រកបដោយ​អទុ​ក្ខម​សុខវេទនា"
    },
    {
      "header": "វេទនាត្តិកៈ",
      "href": "http://ti-kh.org/books?book=95&page=338",
      "text": "អនុលោមប្បច្ចនីយៈ",
      "detail": "ក្នុង​នអា​សេវន​ប្ប​ច្ច័​យ មាន​វារៈ១ ក្នុង​នក​ម្ម​ប្ប​ច្ច័​យ មាន​វារៈ១ ក្នុង​នវិ​បា​កប្ប​ច្ច័​យ មាន​វារៈ១ ក្នុង​នវិ​ប្ប​យុត្ត​ប្ប​ច្ច័​យ មាន​វារៈ១។ សេចក្តី​បំប្រួញ។\n<br><span class=\"IncreaseIndent\">&nbsp;</span>[៤៩៨] ក្នុង​នហេតុ​ប្ប​ច្ច័​យ មាន​វារៈ១ ព្រោះ​នវិ​ប្ប​យុត្ត​ប្ប​ច្ច័​យ … ក្នុង​នអធិបតិ​ប្ប​ច្ច័​យ មាន​វារៈ២ ក្នុង​នបុ​រេ​ជាត​ប្ប​ច្ច័​យ មាន​វារៈ២ ក្នុង​នប​ច្ឆា​ជាត​ប្ប​ច្ច័​យ មាន​វារៈ២ ក្នុង​នអា​សេវន​ប្ប​ច្ច័​យ មាន​វារៈ២ ក្នុង​នក​ម្ម​ប្ប​ច្ច័​យ មាន​វារៈ២ ក្នុង​នវិ​បា​កប្ប​ច្ច័​យ មាន​វារៈ២ ក្នុង​នមគ្គ​ប្ប​ច្ច័​យ មាន​វារៈ១។\n<br><span class=\"IncreaseIndent\">&nbsp;</span>[៤៩៩] ក្នុង​នអធិបតិ​ប្ប​ច្ច័​យ មាន​វារៈ១ ព្រោះ​នវិ​ប្ប​យុត្ត​ប្ប​ច្ច័​យ និ​ងន​ហេតុ​ប្ប​ច្ច័​យ … ក្នុង​នបុ​រេ​ជាត​ប្ប​ច្ច័​យ មាន​វារៈ១ ក្នុង​នប​ច្ឆា​ជាត​ប្ប​ច្ច័​យ មាន​វារៈ១ ក្នុង​នអា​សេវន​ប្ប​ច្ច័​យ មាន​វារៈ១ ក្នុង​នក​ម្ម​ប្ប​ច្ច័​យ មាន​វារៈ១ ក្នុង​នវិ​បា​កប្ប​ច្ច័​យ មាន​វារៈ១ ក្នុង​នមគ្គ​ប្ប​ច្ច័​យ មាន​វារៈ១។\n<br><span class=\"IncreaseIndent\">&nbsp;</span>[៥០០] ក្នុង​នមគ្គ​ប្ប​ច្ច័​យ មាន​វារៈ១ ព្រោះ​នវិ​ប្ប​យុត្ត​ប្ប​ច្ច័​យ នហេតុ​ប្ប​ច្ច័​យ នអធិបតិ​ប្ប​ច្ច័​យ នបុ​រេ​ជាត​ប្ប​ច្ច័​យ នប​ច្ឆា​ជាត​ប្ប​ច្ច័​យ នអា​សេវន​ប្ប​ច្ច័​យ នក​ម្ម​ប្ប​ច្ច័​យ និ​ងន​វិបាក​ប្ប​ច្ច័​យ។\n<br><p class=\"PCenter\">ចប់ បច្ច​នីយ​គណនា។</p>\n<br><span class=\"IncreaseIndent\">&nbsp;</span>[៥០១] ក្នុង​នអធិបតិ​ប្ប​ច្ច័​យ មាន​វារៈ៣ ព្រោះ​នហេតុ​ប្ប​ច្ច័​យ … ក្នុង​នបុ​រេ​ជាត​ប្ប​ច្ច័​យ មាន​វារៈ២ ក្នុង​នប​ច្ឆា​ជាត​ប្ប​ច្ច័​យ មាន​វារៈ៣"
    },
    {
      "header": "វេទនាត្តិកៈ",
      "href": "http://ti-kh.org/books?book=95&page=339",
      "text": "បច្ចនីយានុលោម",
      "detail": "ក្នុង​នអា​សេវន​ប្ប​ច្ច័​យ មាន​វារៈ៣ ក្នុង​នក​ម្ម​ប្ប​ច្ច័​យ មាន​វារៈ៣ ក្នុង​នវិ​បា​កប្ប​ច្ច័​យ មាន​វារៈ៣ ក្នុង​នវិ​ប្ប​យុត្ត​ប្ប​ច្ច័​យ មាន​វារៈ២។\n<br><span class=\"IncreaseIndent\">&nbsp;</span>[៥០២] ក្នុង​នអធិបតិ​ប្ប​ច្ច័​យ មាន​វារៈ៣ ព្រោះ​ហេតុ​ប្ប​ច្ច័​យ និង​អារម្មណ​ប្ប​ច្ច័​យ … ក្នុង​នបុ​រេ​ជាត​ប្ប​ច្ច័​យ មាន​វារៈ២ ក្នុង​នប​ច្ឆា​ជាត​ប្ប​ច្ច័​យ មាន​វារៈ៣ ក្នុង​នអា​សេវន​ប្ប​ច្ច័​យ មាន​វារៈ៣ ក្នុង​នក​ម្ម​ប្ប​ច្ច័​យ មាន​វារៈ៣ ក្នុង​នវិ​បា​កប្ប​ច្ច័​យ មាន​វារៈ៣ ក្នុង​នវិ​ប្ប​យុត្ត​ប្ប​ច្ច័​យ មាន​វារៈ២។ កុសល​ត្តិ​កៈ យ៉ាងណា (វេទនា​ត្តិ​កៈ) បណ្ឌិត គប្បី​រាប់​យ៉ាងនោះ​ដែរ។\n<br><p class=\"PCenter\">ចប់ អនុលោម​ប្ប​ច្ច​នីយៈ។</p>\n<br><span class=\"IncreaseIndent\">&nbsp;</span>[៥០៣] ក្នុង​អារម្មណ​ប្ប​ច្ច័​យ មាន​វារៈ៣ ព្រោះ​នហេតុ​ប្ប​ច្ច័​យ … ក្នុង​អនន្តរ​ប្ប​ច្ច័​យ មាន​វារៈ៣ ក្នុង​សម​នន្ត​រប្ប​ច្ច័​យ មាន​វារៈ៣ ក្នុង​សហជាត​ប្ប​ច្ច័​យ មាន​វារៈ៣ ក្នុង​អញ្ញមញ្ញ​ប្ប​ច្ច័​យ មាន​វារៈ៣ ក្នុង​និស្សយ​ប្ប​ច្ច័​យ មាន​វារៈ៣ ក្នុង​ឧបនិស្សយ​ប្ប​ច្ច័​យ មាន​វារៈ៣ ក្នុង​បុរេ​ជាត​ប្ប​ច្ច័​យ មាន​វារៈ៣ ក្នុង​អា​សេវន​ប្ប​ច្ច័​យ មាន​វារៈ២ ក្នុង​កម្ម​ប្ប​ច្ច័​យ មាន​វារៈ៣ ក្នុង​វិបាក​ប្ប​ច្ច័​យ មាន​វារៈ៣ ក្នុង​អាហារ​ប្ប​ច្ច័​យ មាន​វារៈ៣ ក្នុង​ឥន្ទ្រិយ​ប្ប​ច្ច័​យ មាន​វារៈ៣ ក្នុង​ឈាន​ប្ប​ច្ច័​យ មាន​វារៈ២ ក្នុង​មគ្គ​ប្ប​ច្ច័​យ មាន​វារៈ១ ក្នុង​សម្បយុត្ត​ប្ប​ច្ច័​យ មាន​វារៈ៣ ក្នុង​វិប្បយុត្ត​ប្ប​ច្ច័​យ មាន​វារៈ៣"
    },
    {
      "header": "វេទនាត្តិកៈ",
      "href": "http://ti-kh.org/books?book=95&page=345",
      "text": "សម្បយុត្តវារៈ",
      "detail": "<span class=\"IncreaseIndent\">&nbsp;</span>[៥១៣] ក្នុង​អារម្មណ​ប្ប​ច្ច័​យ មាន​វារៈ១ ព្រោះ​នវិ​ប្ប​យុត្ត​ប្ប​ច្ច័​យ នហេតុ​ប្ប​ច្ច័​យ នអធិបតិ​ប្ប​ច្ច័​យ នបុ​រេ​ជាត​ប្ប​ច្ច័​យ នប​ច្ឆា​ជាត​ប្ប​ច្ច័​យ នអា​សេវន​ប្ប​ច្ច័​យ នក​ម្ម​ប្ប​ច្ច័​យ នវិ​បា​កប្ប​ច្ច័​យ និ​ងន​មគ្គ​ប្ប​ច្ច័​យ … ក្នុង​អនន្តរ​ប្ប​ច្ច័​យ មាន​វារៈ១ ក្នុង​សម​នន្ត​រប្ប​ច្ច័​យ មាន​វារៈ១ ក្នុង​សហជាត​ប្ប​ច្ច័​យ មាន​វារៈ១ ក្នុង​អញ្ញមញ្ញ​ប្ប​ច្ច័​យ មាន​វារៈ១ ក្នុង​និស្សយ​ប្ប​ច្ច័​យ មាន​វារៈ១ ក្នុង​ឧបនិស្សយ​ប្ប​ច្ច័​យ មាន​វារៈ១ ក្នុង​អាហារ​ប្ប​ច្ច័​យ មាន​វារៈ១ ក្នុង​ឥន្ទ្រិយ​ប្ប​ច្ច័​យ មាន​វារៈ១ ក្នុង​ឈាន​ប្ប​ច្ច័​យ មាន​វារៈ១ ក្នុង​សម្បយុត្ត​ប្ប​ច្ច័​យ មាន​វារៈ១ ក្នុង​អត្ថិ​ប្ប​ច្ច័​យ មាន​វារៈ១ ក្នុង​នត្ថិ​ប្ប​ច្ច័​យ មាន​វារៈ១ ក្នុង​វិ​គត​ប្ប​ច្ច័​យ មាន​វារៈ១ ក្នុង​អវិ​គត​ប្ប​ច្ច័​យ មាន​វារៈ១។\n<br><p class=\"PCenter\">ចប់ បច្ច​នី​យានុ​លោម។\n<br>ចប់ បដិ​ច្ច​វារៈ។</p>\n<br><span class=\"IncreaseIndent\">&nbsp;</span>[៥១៤] (ធម៌) កើតជា​មួយ​នឹង​ធម៌ ដែល​ប្រកបដោយ​សុខវេទនា។បេ។ ពឹង​ផែ្អ​កនឹង​ធម៌ ដែល​ប្រកបដោយ​សុខវេទនា។ អាស្រ័យ​នឹង​ធម៌ ដែល​ប្រកបដោយ​សុខវេទនា។ ច្រឡំ​នឹង​ធម៌ ដែល​ប្រកបដោយ​សុខវេទនា។"
    },
    {
      "header": "វេទនាត្តិកៈ",
      "href": "http://ti-kh.org/books?book=95&page=346",
      "text": "បញ្ហាវារៈ",
      "detail": "<span class=\"IncreaseIndent\">&nbsp;</span>[៥១៥] ធម៌ ដែល​ប្រកប​នឹង​ធម៌ ដែល​ប្រកបដោយ​សុខវេទនា និង​ប្រកបដោយ​សុខវេទនា រមែង​កើតឡើង ព្រោះ​ហេតុ​ប្ប​ច្ច័​យ គឺ​ខន្ធ២ ប្រកប​នឹង​ខន្ធ១ ដែល​ប្រកបដោយ​សុខវេទនា ខន្ធ១ ប្រកប​នឹង​ខន្ធ២។\n<br><p class=\"PCenter\">ចប់ សម្បយុត្ត​វារៈ។</p>\n<br><p class=\"BCenter\">បញ្ហា​វារៈ</p>\n<br><span class=\"IncreaseIndent\">&nbsp;</span>[៥១៦] ធម៌ ដែល​ប្រកបដោយ​សុខវេទនា ជា​បច្ច័យ​នៃ​ធម៌​ដែល​ប្រកបដោយ​សុខវេទនា ដោយហេតុ​ប្ប​ច្ច័​យ គឺ​ហេតុ​ដែល​ប្រកបដោយ​សុខវេទនា ជា​បច្ច័យ​នៃ​ពួក​សម្បយុត្ត​កក្ខន្ធ ដោយហេតុ​ប្ប​ច្ច័​យ ហេតុ​ដែល​ប្រកបដោយ​សុខវេទនា ជា​បច្ច័យ​នៃ​ពួក​សម្បយុត្ត​កក្ខន្ធ ក្នុង​ខណៈ​នៃ​បដិសន្ធិ ដោយហេតុ​ប្ប​ច្ច័​យ។\n<br><span class=\"IncreaseIndent\">&nbsp;</span>[៥១៧] ធម៌ ដែល​ប្រកបដោយ​ទុក្ខវេទនា ជា​បច្ច័យ​នៃ​ធម៌​ដែល​ប្រកបដោយ​ទុក្ខវេទនា ដោយហេតុ​ប្ប​ច្ច័​យ គឺ​ហេតុ ដែល​ប្រកបដោយ​ទុក្ខវេទនា ជា​បច្ច័យ នៃ​ពួក​សម្បយុត្ត​កក្ខន្ធ ដោយហេតុ​ប្ប​ច្ច័​យ។"
    },
    {
      "header": "វេទនាត្តិកៈ",
      "href": "http://ti-kh.org/books?book=95&page=346",
      "text": "អនុលោម",
      "detail": "<span class=\"IncreaseIndent\">&nbsp;</span>[៥១៥] ធម៌ ដែល​ប្រកប​នឹង​ធម៌ ដែល​ប្រកបដោយ​សុខវេទនា និង​ប្រកបដោយ​សុខវេទនា រមែង​កើតឡើង ព្រោះ​ហេតុ​ប្ប​ច្ច័​យ គឺ​ខន្ធ២ ប្រកប​នឹង​ខន្ធ១ ដែល​ប្រកបដោយ​សុខវេទនា ខន្ធ១ ប្រកប​នឹង​ខន្ធ២។\n<br><p class=\"PCenter\">ចប់ សម្បយុត្ត​វារៈ។</p>\n<br><p class=\"BCenter\">បញ្ហា​វារៈ</p>\n<br><span class=\"IncreaseIndent\">&nbsp;</span>[៥១៦] ធម៌ ដែល​ប្រកបដោយ​សុខវេទនា ជា​បច្ច័យ​នៃ​ធម៌​ដែល​ប្រកបដោយ​សុខវេទនា ដោយហេតុ​ប្ប​ច្ច័​យ គឺ​ហេតុ​ដែល​ប្រកបដោយ​សុខវេទនា ជា​បច្ច័យ​នៃ​ពួក​សម្បយុត្ត​កក្ខន្ធ ដោយហេតុ​ប្ប​ច្ច័​យ ហេតុ​ដែល​ប្រកបដោយ​សុខវេទនា ជា​បច្ច័យ​នៃ​ពួក​សម្បយុត្ត​កក្ខន្ធ ក្នុង​ខណៈ​នៃ​បដិសន្ធិ ដោយហេតុ​ប្ប​ច្ច័​យ។\n<br><span class=\"IncreaseIndent\">&nbsp;</span>[៥១៧] ធម៌ ដែល​ប្រកបដោយ​ទុក្ខវេទនា ជា​បច្ច័យ​នៃ​ធម៌​ដែល​ប្រកបដោយ​ទុក្ខវេទនា ដោយហេតុ​ប្ប​ច្ច័​យ គឺ​ហេតុ ដែល​ប្រកបដោយ​ទុក្ខវេទនា ជា​បច្ច័យ នៃ​ពួក​សម្បយុត្ត​កក្ខន្ធ ដោយហេតុ​ប្ប​ច្ច័​យ។"
    },
    {
      "header": "វេទនាត្តិកៈ",
      "href": "http://ti-kh.org/books?book=95&page=398",
      "text": "បច្ចនីយៈ",
      "detail": "<p class=\"BCenter\">សម្បយុត្ត​មូល​កៈ</p>\n<br><span class=\"IncreaseIndent\">&nbsp;</span>[៥៩៣] ក្នុង​ហេតុ​ប្ប​ច្ច័​យ មាន​វារៈ៣ ព្រោះ​សម្បយុត្ត​ប្ប​ច្ច័​យ … ក្នុង​អធិបតិ​ប្ប​ច្ច័​យ មាន​វារៈ៣ ក្នុង​សហជាត​ប្ប​ច្ច័​យ មាន​វារៈ៣ ក្នុង​អញ្ញមញ្ញ​ប្ប​ច្ច័​យ មាន​វារៈ៣ ក្នុង​និស្សយ​ប្ប​ច្ច័​យ មាន​វារៈ៣ ក្នុង​កម្ម​ប្ប​ច្ច័​យ មាន​វារៈ៣ ក្នុង​វិបាក​ប្ប​ច្ច័​យ មាន​វារៈ៣ ក្នុង​អាហារ​ប្ប​ច្ច័​យ មាន​វារៈ៣ ក្នុង​ឥន្ទ្រិយ​ប្ប​ច្ច័​យ មាន​វារៈ៣ ក្នុង​ឈាន​ប្ប​ច្ច័​យ មាន​វារៈ៣ ក្នុង​មគ្គ​ប្ប​ច្ច័​យ មាន​វារៈ៣ ក្នុង​អត្ថិ​ប្ប​ច្ច័​យ មាន​វារៈ៣ ក្នុង​អវិ​គត​ប្ប​ច្ច័​យ មាន​វារៈ៣។\n<br><span class=\"IncreaseIndent\">&nbsp;</span>[៥៩៤] ពាក្យ​ថា សហជាត​ប្ប​ច្ច័​យ អញ្ញមញ្ញ​ប្ប​ច្ច័​យ និស្សយ​ប្ប​ច្ច័​យ អត្ថិ​ប្ប​ច្ច័​យ អវិ​គត​ប្ប​ច្ច័​យ ដូ​ចេ្នះ មាន​វារៈ៣ ព្រោះ​សម្បយុត្ត​ប្ប​ច្ច័​យ។ ពាក្យ​ថា សហជាត​ប្ប​ច្ច័​យ អញ្ញមញ្ញ​ប្ប​ច្ច័​យ និស្សយ​ប្ប​ច្ច័​យ វិបាក​ប្ប​ច្ច័​យ អត្ថិ​ប្ប​ច្ច័​យ អវិ​គត​ប្ប​ច្ច័​យ ដូ​ចេ្នះ មាន​វារៈ៣ ព្រោះ​សម្បយុត្ត​ប្ប​ច្ច័​យ។ ព្រោះ​អត្ថិ​ប្ប​ច្ច័​យ នត្ថិ​ប្ប​ច្ច័​យ វិ​គត​ប្ប​ច្ច័​យ និង​អវិ​គត​ប្ប​ច្ច័​យ។\n<br><p class=\"PCenter\">ចប់ អនុលោម នៃ​បញ្ហា​វារៈ។</p>\n<br><span class=\"IncreaseIndent\">&nbsp;</span>[៥៩៥] ធម៌ ដែល​ប្រកបដោយ​សុខវេទនា ជា​បច្ច័យ​នៃ​ធម៌ ដែល​ប្រកបដោយ​សុខវេទនា ដោយ​អារម្មណ​ប្ប​ច្ច័​យ …"
    },
    {
      "header": "វេទនាត្តិកៈ",
      "href": "http://ti-kh.org/books?book=95&page=402",
      "text": "អនុលោមប្បច្ចនីយៈ",
      "detail": "សេចក្តី​បំប្រួញ។ … ក្នុង​នោ​អវិ​គត​ប្ប​ច្ច័​យ មាន​វារៈ៨។\n<br><p class=\"PCenter\">ចប់ នហេតុមូល​កៈ។</p>\n<br>ការរាប់​បច្ច​នីយៈ របស់​កុសល​ត្តិ​កៈ ដែល​លោក​រាប់​ហើយ យ៉ាងណា មូល​កៈ​ទាំងអស់ បណ្ឌិត កាល​មិន​ភាន់ច្រឡំ ចំពោះ​ការរាប់​នេះ គប្បី​កាន់​យក​យ៉ាងនេះ​ចុះ។\n<br><p class=\"PCenter\">ចប់ បច្ច​នីយៈ។</p>\n<br><span class=\"IncreaseIndent\">&nbsp;</span>[៦០៦] ក្នុង​នអារម្មណ​ប្ប​ច្ច័​យ មាន​វារៈ៣ ព្រោះ​ហេតុ​ប្ប​ច្ច័​យ … ក្នុង​នអធិបតិ​ប្ប​ច្ច័​យ មាន​វារៈ៣ ក្នុង​នអនន្តរ​ប្ប​ច្ច័​យ មាន​វារៈ៣ ក្នុង​នសម​នន្ត​រប្ប​ច្ច័​យ មាន​វារៈ៣ ក្នុង​នឧបនិស្សយ​ប្ប​ច្ច័​យ មាន​វារៈ៣ ក្នុង​នបុ​រេ​ជាត​ប្ប​ច្ច័​យ មាន​វារៈ៣ ក្នុង​នប​ច្ឆា​ជាត​ប្ប​ច្ច័​យ មាន​វារៈ៣ ក្នុង​នអា​សេវន​ប្ប​ច្ច័​យ មាន​វារៈ៣ ក្នុង​នក​ម្ម​ប្ប​ច្ច័​យ មាន​វារៈ៣ ក្នុង​នវិ​បា​កប្ប​ច្ច័​យ មាន​វារៈ៣ ក្នុង​នអាហារ​ប្ប​ច្ច័​យ មាន​វារៈ៣ ក្នុង​នឥន្ទ្រិយ​ប្ប​ច្ច័​យ មាន​វារៈ៣ ក្នុង​នឈាន​ប្ប​ច្ច័​យ មាន​វារៈ៣ ក្នុង​នមគ្គ​ប្ប​ច្ច័​យ មាន​វារៈ៣ ក្នុង​នវិ​ប្ប​យុត្ត​ប្ប​ច្ច័​យ មាន​វារៈ៣ ក្នុង​នោ​នត្ថិ​ប្ប​ច្ច័​យ មាន​វារៈ៣ ក្នុង​នោ​វិ​គត​ប្ប​ច្ច័​យ មាន​វារៈ៣។ ពាក្យ​ថា សហជាត​ប្ប​ច្ច័​យ អញ្ញមញ្ញ​ប្ប​ច្ច័​យ និស្សយ​ប្ប​ច្ច័​យ សម្បយុត្ត​ប្ប​ច្ច័​យ អត្ថិ​ប្ប​ច្ច័​យ និង​អវិ​គត​ប្ប​ច្ច័​យ ដូ​ចេ្នះ មាន​វារៈ៣ ក្នុង​នអារម្មណ​ប្ប​ច្ច័​យ ព្រោះ​ហេតុ​ប្ប​ច្ច័​យ។"
    },
    {
      "header": "វេទនាត្តិកៈ",
      "href": "http://ti-kh.org/books?book=95&page=403",
      "text": "បច្ចនីយានុលោម",
      "detail": "សេចក្តី​បំប្រួញ។ … ក្នុង​នោ​វិ​គត​ប្ប​ច្ច័​យ មាន​វារៈ៣។ ការរាប់​អនុលោម​ប្ប​ច្ច​នីយៈ របស់​កុសល​ត្តិ​កៈ ដែល​លោក​រាប់​ហើយ តាមដំណើរ​នៃ​ការ​ស្វាធ្យាយ យ៉ាងណា បទ​នេះ បណ្ឌិត ក៏​គប្បី​រាប់​យ៉ាងនោះ​ផង​ចុះ។ ក្នុង​នហេតុ​ប្ប​ច្ច័​យ មាន​វារៈ៨ ព្រោះ​កម្ម​ប្ប​ច្ច័​យ … ក្នុង​នអារម្មណ​ប្ប​ច្ច័​យ មាន​វារៈ៨។បេ។ … ក្នុង​នោ​អវិ​គត​ប្ប​ច្ច័​យ មាន​វារៈ៨។\n<br><p class=\"PCenter\">ចប់ អនុលោម​ប្ប​ច្ច​នីយ​គណនា។</p>\n<br><span class=\"IncreaseIndent\">&nbsp;</span>[៦០៧] ក្នុង​អារម្មណ​ប្ប​ច្ច័​យ មាន​វារៈ៩ ព្រោះ​នហេតុ​ប្ប​ច្ច័​យ … ក្នុង​អធិបតិ​ប្ប​ច្ច័​យ មាន​វារៈ៥ ក្នុង​អនន្តរ​ប្ប​ច្ច័​យ មាន​វារៈ៧ ក្នុង​សម​នន្ត​រប្ប​ច្ច័​យ មាន​វារៈ៧ ក្នុង​សហជាត​ប្ប​ច្ច័​យ មាន​វារៈ៣ ក្នុង​អញ្ញមញ្ញ​ប្ប​ច្ច័​យ មាន​វារៈ៣ ក្នុង​និស្សយ​ប្ប​ច្ច័​យ មាន​វារៈ៣ ក្នុង​ឧបនិស្សយ​ប្ប​ច្ច័​យ មាន​វារៈ៩ ក្នុង​អា​សេវន​ប្ប​ច្ច័​យ មាន​វារៈ៣ ក្នុង​កម្ម​ប្ប​ច្ច័​យ មាន​វារៈ៨ ក្នុង​វិបាក​ប្ប​ច្ច័​យ មាន​វារៈ៣ ក្នុង​អាហារ​ប្ប​ច្ច័​យ មាន​វារៈ៣ ក្នុង​ឥន្ទ្រិយ​ប្ប​ច្ច័​យ មាន​វារៈ៣ ក្នុង​ឈាន​ប្ប​ច្ច័​យ មាន​វារៈ៣ ក្នុង​មគ្គ​ប្ប​ច្ច័​យ មាន​វារៈ៣ ក្នុង​សម្បយុត្ត​ប្ប​ច្ច័​យ មាន​វារៈ៣ ក្នុង​អត្ថិ​ប្ប​ច្ច័​យ មាន​វារៈ៣ ក្នុង​នត្ថិ​ប្ប​ច្ច័​យ មាន​វារៈ៧ ក្នុង​វិ​គត​ប្ប​ច្ច័​យ មាន​វារៈ៧ ក្នុង​អវិ​គត​ប្ប​ច្ច័​យ មាន​វារៈ៣។"
    }
  ]
}