{
  "title": "ភាគ ៦២",
  "imageSrc": "photos/Book_62.jpg",
  "href": "http://ti-kh.org/books?book=62",
  "contents": [
    {
      "header": "សុត្តន្តបិដក\nខុទ្ទកនិកាយ  ជាតក\nឯកាទសមភាគ\nមហានិបាតជាតក",
      "href": "http://ti-kh.org/books?book=62&page=1",
      "text": "មហានិបាត \t\t\tតេមិយជាតក\t\tទី ១",
      "detail": "<p class=\"BCenter\">សុត្តន្ត​បិដក​\n<br>​ខុទ្ទកនិកាយ​ ​ជាតក​\n<br>​ឯ​កា​ទសម​ភាគ​\n<br>​មហា​និបាតជាតក​\n<br>​តេមិយ​ជាតក​ ​ទី១​</p>\n<br>​<span class=\"IncreaseIndent\">&nbsp;</span>[​១​]​ ​(​ទេវតា​ពោល​ថា​)​ ​អ្នក​កុំ​ប្រកាស​នូវ​ភាពជា​អ្នកប្រាជ្ញ​ ​ចូរ​ឲ្យ​ជន​ទាំងពួង​ដឹង​ថា​ជា​មនុស្ស​ល្ងង់​ ​ជន​ទាំងអស់​ចូរ​មើលងាយ​អ្នក​ចុះ​ ​សេចក្តី​ចំរើន​នឹង​មានដល់​អ្នក​ដោយ​វិធី​យ៉ាងនេះ​។​\n<br>​<span class=\"IncreaseIndent\">&nbsp;</span>[​២​]​ ​(​ព្រះ​មហាសត្វ​ត្រាស់​ថា​)​ ​បពិត្រ​ទេវតា​ ​អ្នក​និយាយ​ពាក្យ​ណា​នឹង​ខ្ញុំ​ ​ខ្ញុំ​នឹង​ធ្វើតាម​ពាក្យ​របស់​អ្នកនោះ​ ​បពិត្រ​ទេវតា​ ​អ្នក​ឈ្មោះថា​ ​បា្រ​ថា្ន​នូវ​សេចក្តី​ចំរើន​ដល់​ខ្ញុំ​ ​បពិត្រ​ទេវតា​ ​អ្ន​ក​ឈោ្មះ​ថា​ ​ប្រាថ្នា​នូវ​ប្រយោជន៍​ ​(​ដល់​ខ្ញុំ​)​។​\n<br>​<span class=\"IncreaseIndent\">&nbsp;</span>[​៣​]​ ​(​ព្រះ​មហាសត្វ​)​ ​នែ​នាយ​សារថី​ ​អ្នក​ប្រញាប់​ប្រញាល់​ជីករណ្តៅ​ ​តើ​ព្រោះ​ហេតុអ្វី​ ​ម្នាល​សំឡាញ់​ ​អ្នក​ដែល​ខ្ញុំ​សួរ​ហើយ​ ​ចូរ​ប្រាប់​មក​ចុះ​ ​អ្នក​នឹង​ធ្វើ​នូវ​អ្វី​ដោយ​រណ្តៅ​។​\n<br>​<span class=\"IncreaseIndent\">&nbsp;</span>[​៤​]​ ​(​នាយ​សារថី​)​ ​ព្រះរាជ​បុត្ត​កើតមក​ហើយ​ ​គផង​ ​ខ្វិន​ផង​ ​ដូចជា​ឥត​ចិត្ត​ ​ឯខ្ញុំ​នោះ​ ​ព្រះរាជា​ទ្រង់​ត្រាស់​ប្រើ​មក​ហើយ​ថា​ ​អ្នក​ត្រូវ​ជីក​កប់​កូន​អញ​ក្នុង​ព្រៃ​ចុះ​។​"
    },
    {
      "header": "សុត្តន្តបិដក\nខុទ្ទកនិកាយ  ជាតក\nឯកាទសមភាគ\nមហានិបាតជាតក",
      "href": "http://ti-kh.org/books?book=62&page=21",
      "text": "មហាជនកជាតក\tទី ២",
      "detail": "<p class=\"BCenter\">មហាជន​កជា​ត​ក​ ​ទី២​</p>\n<br>​<span class=\"IncreaseIndent\">&nbsp;</span>[​៤៩​]​ ​(​នាង​ទេវ​ធី​តា​ឈោ្មះ​មណី​មេខលា​សួរ​ថា​)​ ​បុគ្គល​ណា​នេះ​ ​កាល​មិនឃើញ​ត្រើយ​ ​ក៏​ព្យាយាម​ ​(​ហែល​)​ ​ក្នុង​កណ្តាល​សមុទ្រ​ ​អ្នកដឹង​នូវ​អំណាច​នៃ​ប្រយោជន៍​ដូ​ចមេ្តច​ ​ក៏​ព្យាយាម​ក្រៃពេក​ម្ល៉េះ​។​ ​\n<br>​<span class=\"IncreaseIndent\">&nbsp;</span>[​៥០​]​ ​(​ព្រះ​មហាសត្វ​ត្រាស់​តប​ថា​)​ ​មា្នល​ទេវតា​ ​ខ្ញុំ​ពិចារណា​នូវ​វត្ត​នៃ​សត្វលោក​ ​និង​អានិសង្ស​នៃ​សេចក្តី​ព្យាយាម​ ​ព្រោះ​ហេតុ​ដូច​ច្នោះ​ ​ខ្ញុំ​សូម្បី​មិនឃើញ​ត្រើយ​ ​ក៏​នៅតែ​ព្យាយាម​ក្នុង​កណ្តាល​សមុទ្រ​។​\n<br>​<span class=\"IncreaseIndent\">&nbsp;</span>[​៥១​]​ ​(​នាង​មណី​មេខលា​)​ ​អ្នក​មិនឃើញ​ត្រើយ​នៃ​សមុទ្រ​ដ៏​ជ្រៅ​ប្រមាណ​មិនបាន​ ​ការ​ព្យាយាម​តាម​កម្លាំង​បុរស​របស់​អ្នក​ ​ជា​ព្យាយាម​សោះសូន្យ​ទទេ​ ​អ្នក​មិនដល់​នូវ​ត្រើយ​ទេ​ ​មុខ​ជា​នឹង​ស្លាប់​។​\n<br>​<span class=\"IncreaseIndent\">&nbsp;</span>[​៥២​]​ ​(​ព្រះ​មហាសត្វ​)​ ​បុគ្គល​ធ្វើ​នូវ​កិច្ច​របស់​បុរស​ ​ទើប​ជា​អ្នក​មិន​មាន​បំណុល​ ​(​ក្នុង​រវាង​)​ ​ពួក​ញាតិ​ ​ពួក​ទេវតា​ ​និង​ពួក​បិតា​ ​(​ព្រហ្ម​)​ ​ទាំង​មិន​ក្តៅក្រហាយ​ក្នុង​កាល​ជា​ខាងក្រោយ​។​\n<br><span class=\"IncreaseIndent\">&nbsp;</span>​[​៥៣​]​ ​(​នាង​មណី​មេខលា​)​ ​ការងារ​ណា​ ​មិន​គប្បី​សម្រេច​ ​(​ដោយ​សេចក្តី​ព្យាយាម​ទេ​)​ ​ការងារ​នោះ​ ​ជា​របស់​ឥត​ផល​ ​មាន​សេចក្តី​លំបាក​ជា​កម្រៃ​ ​សេចក្តី​ស្លាប់​ ​រមែង​សម្រេច​ដល់​បុគ្គល​ណា​ ​បុគ្គល​នោះ​ ​មានប្រយោជន៍​ដូ​ចមេ្តច​ដោយ​សេចក្តី​ព្យាយាម​ក្នុង​ការងារ​នោះ​។​"
    },
    {
      "header": "សុត្តន្តបិដក\nខុទ្ទកនិកាយ  ជាតក\nឯកាទសមភាគ\nមហានិបាតជាតក",
      "href": "http://ti-kh.org/books?book=62&page=49",
      "text": "សុវណ្ណសាមជាតក\tទី ៣",
      "detail": "<p class=\"BCenter\">​សុវណ្ណ​សាម​ជាតក​ ​ទី៣​</p>\n<br><span class=\"IncreaseIndent\">&nbsp;</span>​[​៨៩​]​ ​(​សុវណ្ណ​សាម​បណ្ឌិត​សួរ​ថា​)​ ​នរណា​ហ្ន៎​ ​បាញ់​ខ្ញុំ​ជា​អ្នក​ដងទឹក​ ​ភ្លេចស្មារតី​<sup>(​១​)</sup>​ ​ដោយ​ព្រួញ​ ​ជន​ណា​ជា​ក្ស័ត្រ​ ​ឬ​ជា​ព្រាហ្មណ៍​ ​ឬ​ជា​វេស្សៈ​ ​បាញ់​ខ្ញុំ​ហើយ​ពួន​។​ ​សាច់​ទាំងឡាយ​របស់ខ្ញុំ​ ​មិនមែន​ជា​របស់​គួរ​ទំពាស៊ី​ទេ​ ​សេចក្តី​ត្រូវការ​ដោយ​ស្បែក​ ​មិន​មាន​ទេ​ ​កាលបើ​ដូច្នេះ​ ​តើ​អ្នក​សំគាល់​នូវ​ខ្ញុំ​ថា​គួរ​បាញ់​ ​ដោយហេតុ​ដូ​ចមេ្តច​។​ ​អ្នកជា​អ្វី​ ​ជា​បុត្រ​របស់​អ្នកណា​ ​យើង​ស្គាល់​អ្នក​ដូ​ចមេ្ត​ចបា​ន​ ​ម្នាល​សំឡាញ់​ ​អ្នក​ ​ខ្ញុំ​សួរ​ហើយ​ ​ចូរ​ប្រាប់​ ​ម្តេច​ក៏បាន​ជា​អ្នក​បាញ់​ខ្ញុំ​ហើយ​ពួន​។​\n<br>​<span class=\"IncreaseIndent\">&nbsp;</span>[​៩០​]​ ​(​ព្រះបាទ​បិ​លយ​ក្ខ​ត្រាស់​ថា​)​ ​ខ្ញុំ​ជា​ព្រះរាជា​របស់​ពួក​អ្នក​កាសី​ ​គេ​ស្គាល់​ខ្ញុំ​ថា​ ​ឈ្មោះ​បិ​លយ​ក្ខ​ ​ខ្ញុំ​លះបង់​នូវ​ដែន​មក​ត្រាច់​ស្វែងរក​ម្រឹគ​ ​ព្រោះ​លោ្មភ​ ​(​ក្នុង​សាច់​)​។​ ​មួយវិញទៀត​ ​ខ្ញុំ​ជា​អ្នក​ឈ្លាសវៃ​ក្នុង​សិល្ប​ធ្នូ​ ​ជា​អ្នកមាន​ឈ្មោះ​ល្បីល្បាញ​ថា​ ​ជា​អ្នក​ទ្រទ្រង់នូវ​ធ្នូ​ដ៏​មាំ​បាន​<sup>(​២​)</sup>​ ​សូម្បី​ដំរី​ ​តែម​កត្រង់​មុខព្រួញ​របស់ខ្ញុំ​ហើយ​ ​មិន​គប្បី​រួច​ទេ​។​ ​ចុះ​អ្នកជា​អ្វី​ ​ជា​បុត្ត​របស់​អ្នកណា​ ​ដូ​ចមេ្តច​ទើប​យើង​ស្គាល់​អ្នក​បាន​ ​សូមអ្នក​ប្រាប់​នូវ​នាម​ ​និង​គោត្ត​របស់​បិតា​ផង​ ​របស់​ខ្លួន​ផង​។​<hr><div style=\"font-size: 14px\">​(​១​)​ ​ពាក្យ​នេះ​ ​ពោធិសត្វ​ពោល​សំដៅយក​ការដែល​មិនបាន​ផ្គង​ស្មារតី​ទុក​ដោយ​មេត្តាភាវនា​ក្នុងខណៈនោះ​។​ ​(​២​)​ ​ធ្នូ​ដ៏​មាំ​ ​សំដៅយក​ធ្នូ​ដែល​កំឡាំង​នៃ​បុរស​ ​១ពាន់​នាក់​ ​ទើប​លើក​រួច​។​</div>"
    },
    {
      "header": "សុត្តន្តបិដក\nខុទ្ទកនិកាយ  ជាតក\nឯកាទសមភាគ\nមហានិបាតជាតក",
      "href": "http://ti-kh.org/books?book=62&page=68",
      "text": "នេមិរាជជាតក\tទី ៤",
      "detail": "<p class=\"BCenter\">នេមិរាជ​ជាតក​ ​ទី៤​</p>\n<br>​<span class=\"IncreaseIndent\">&nbsp;</span>[​១៣២​]​ ​(​អភិ​សម្ពុទ្ធ​គាថា​)​ ​ក្នុង​កាលដែល​ព្រះបាទ​នេមិ​ជា​បណ្ឌិត​ ​អ្នក​ត្រូវការ​ដោ​យកុ​សស​ ​ជា​ព្រះរាជា​អ្នក​ទូ​នា្ម​ននូវ​សត្រូវ​ ​ទ្រង់​តែង​ឲ្យ​ទាន​ដល់​ជន​អ្នក​នៅក្នុង​ដែន​វិទេហៈ​ទាំងឡាយ​គ្រប់គ្នា​ ​គ្រានោះ​ ​(​មនុស្ស​ ​និង​ទេវតា​ទាំងឡាយ​ ​តែង​សរសើរ​ថា​)​ ​ឱ​អស្ចារ្យ​ណាស់​ ​អ្នកប្រាជ្ញ​ទាំងឡាយ​ ​មាន​ប្រាជ្ញា​ជា​គ្រឿង​ពិចារណា​ ​កើតឡើង​ក្នុង​លោក​ហើយ​។​ ​កាល​ព្រះរាជា​អង្គ​នោះ​ ​ទ្រង់​ឲ្យ​ទាន​នោះ​ ​សេចក្តី​ត្រិះរិះ​កើតឡើង​ថា​ ​ទាន​ក្តី​ ​ព្រហ្មចរិយៈ​ក្តី​ ​កុសល​ណា​ហ្ន៎​ ​មានផល​ច្រើនជាង​។​\n<br>​<span class=\"IncreaseIndent\">&nbsp;</span>[​១៣៣​]​ ​ទេវរាជ​ឈ្មោះ​មឃ​វៈ​ ​ជា​ទេវ​កុញ្ជរ​ ​ជា​សហស្សនេត្រ​ ​បាន​ជ្រាប​ព្រះតម្រិះ​របស់​ព្រះរាជា​នោះ​ហើយ​ ​មក​ប្រាកដ​ ​(​ក្នុង​ទី​ចំពោះ​ព្រះ​ភក្រ្ត​ព្រះរាជា​)​ ​កំចាត់​បង់​នូវ​ងងឹត​ដោយ​វណ្ណៈ​។​ ​ព្រះបាទ​នេមិរាជ​ជាធំ​ជាង​មនុស្ស​ ​ទ្រង់​ព្រឺ​ព្រះ​លោមា​ ​បាន​សួរ​ទេវរាជ​ឈ្មោះ​វាសវៈ​ថា​ ​អ្នកជា​ទេវា​តា​ ​ឬ​ជា​គន្ធព្វ​ ​ឬក៏​ជា​សក្កៈ​បុរិន្ទ​ទៈ​។​ ​រស្មី​ប្រា​កដ​ដូចោ្នះ​ ​ខ្ញុំ​ពុំ​ដែល​ឃើញ​ ​ទាំង​មិនធ្លាប់​ឮ​ឡើយ​ ​បពិត្រ​អ្នក​ដ៏​ចំរើន​ ​អ្នក​ចូរ​ប្រាប់​ខ្ញុំ​ ​ធ្វើ​ម្តេច​យើង​ស្គាល់​អ្នក​បាន​។​ ​ទេវរាជ​ឈ្មោះ​វាសវៈ​ជ្រាប​ថា​ ​ព្រះបាទ​នេមិ​ ​ព្រឺ​ព្រះ​លោមា​ហើយ​ ​ទើប​ឆ្លើយ​ថា​ ​ខ្ញុំ​ជា​ព្រះ​ឥន្រ្ទ​ ​ជាធំ​ជាង​ទេវតា​ ​មកកាន់​សំណាក់​ព្រះអង្គ​ ​បពិត្រ​ព្រះអង្គ​ជាធំ​ជាង​មនុស្ស​ ​ទ្រង់​កុំ​ព្រឺ​ព្រះ​លោមា​ឡើយ​ ​ព្រះអង្គ​មាន​សេចក្តី​ប្រា​ថា្ន​ ​ដើម្បី​សួរ​នូវ​ប្រស្នា​ណា​ ​សូម​ទ្រង់​សួរ​ចុះ​។​ ​"
    },
    {
      "header": "សុត្តន្តបិដក\nខុទ្ទកនិកាយ  ជាតក\nឯកាទសមភាគ\nមហានិបាតជាតក",
      "href": "http://ti-kh.org/books?book=62&page=102",
      "text": "មហោសធជាតក\tទី ៥",
      "detail": "<p class=\"BCenter\">​មហោសធជាតក​ ​ទី៥​</p>\n<br><span class=\"IncreaseIndent\">&nbsp;</span>​[​២០៧​]​ ​(​ព្រះបាទ​វិទេហៈ​ត្រាស់​ថា​)​ ​ម្នាល​មហោសធ​ ​ព្រះរាជា​ចូឡ​នី​ព្រហ្មទត្ត​ ​ជា​ម្ចាស់​ក្រុង​បញ្ចាល​ ​យាង​មក​ជាមួយនឹង​សេនា​ទាំងពួង​ ​សេនា​របស់​ព្រះរាជា​ក្រុង​បញ្ចាល​នោះ​ ​បុគ្គល​ប្រមាណ​មិនបាន​។​ ​(​សេនា​ទាំងនោះ​)​ ​មាន​ពល​ជាងឈើ​ ​និង​ពលថ្មើរជើង​ ​អ្នក​ឈ្លាស​ក្នុង​សង្គ្រាម​ទាំងពួង​ ​អាច​នឹង​លុកចូល​ទៅ​ក្នុង​ពួក​ ​ជា​សេនា​មាន​សំឡេង​ ​(​មិន​ស្ងាត់​ចាក​សំឡេង​ទាំង​ ​១០​ ​យ៉ាង​)​ ​ញ៉ាំង​គ្នានឹងគ្នា​ឲ្យដឹង​ដោយ​សំឡេង​ស្គរ​ ​និង​ស័ង្ខ​។​ ​(​ពួក​សេនា​ទាំងនោះ​)​ ​មាន​វិទ្យា​ក្នុង​ផ្លូវ​លោហធាតុ​ ​និង​មាន​គ្រឿងប្រដាប់​ ​មាន​ទង់ជ័យ​ ​មាន​មនុស្ស​អ្នក​ឡើង​កាន់​ពាហនៈ​ខាងឆ្វេង​ ​ទាំង​បរិបូណ៌​ល្អ​ដោយ​ពួក​មនុស្ស​អ្នកមាន​សិល្ប​ ​ដែល​ពួក​យោធា​ដ៏​ក្លៀវក្លា​ ​(​មាន​ព្យាយាម​ស្មើដោយ​សត្វ​សីហៈ​)​ ​តាំង​ទុក​ដោយ​ល្អ​ហើយ​។​ ​ក្នុងចំណោម​សេនា​ទាំង​នុ៎ះ​ ​មាន​នាយពល​ ​១០​ ​នាក់​ ​ជា​អ្នក​ឈ្លាស​ ​មាន​ប្រាជ្ញា​ដូច​ផែនដី​ ​ច្រើន​ទៅ​ប្រជុំ​ប្រឹក្សា​ក្នុង​ទីស្ងាត់​ ​នឹង​មាតា​របស់​ព្រះរាជា​ ​ជា​គំរប់​ ​១១​ ​រមែង​ទ្រង់​ប្រៀនប្រដៅ​សេនា​ក្នុង​ក្រុង​បញ្ចាល​។​ ​បណ្តាជន​ទាំង​នុ៎ះ​ ​មាន​ក្សត្រិយ៍​ ​១០១​ ​សុទ្ធតែ​មានយស​ ​ជា​ចំណុះ​ ​ដែល​ត្រូវ​ព្រះបាទ​ចូឡ​នី​ព្រហ្មទត្ត​ដណ្តើម​យក​ដែន​ហើយ​ ​មាន​សេចក្តី​ភ័យ​អំពី​មរណៈ​ ​ក៏​លុះ​ក្នុង​អំណាច​នៃ​ព្រះបាទ​បញ្ចាល​។​"
    },
    {
      "header": "សុត្តន្តបិដក\nខុទ្ទកនិកាយ  ជាតក\nឯកាទសមភាគ\nមហានិបាតជាតក",
      "href": "http://ti-kh.org/books?book=62&page=135",
      "text": "ភូរិទត្តជាតក\t\tទី ៦",
      "detail": "<p class=\"BCenter\">​ភូរិ​ទត្ត​ជាតក​ ​ទី៦​</p>\n<br>​<span class=\"IncreaseIndent\">&nbsp;</span>[​២៩៤​]​ ​(​នាគ​ទាំង​ ​៤​ ​ក្រាបបង្គំទូល​ថា​)​ ​រតនៈ​ណាមួយ​ ​មាន​ក្នុង​និវេសន៍​របស់​នាគរាជ​ព្រះនាម​ធតរដ្ឋ​ ​រតនៈ​ទាំងអស់​នោះ​ ​ចូរ​មកដល់​ព្រះអង្គ​ ​សូម​ព្រះអង្គ​ទ្រង់ប្រទាន​ធីតា​ដល់​ព្រះរាជា​យើង​។​\n<br><span class=\"IncreaseIndent\">&nbsp;</span>​[​២៩៥​]​ ​(​ព្រះបាទ​ព្រហ្មទត្ត​ត្រាស់​ថា​)​ ​វិវាហៈ​ជាមួយនឹង​ពួក​នាគ​ ​យើង​មិនធ្លាប់​ធ្វើ​ក្នុង​កាលណា​ម្តង​ទេ​ ​យើង​នឹង​ធ្វើ​វិវាហៈ​មិន​សមគួរ​នោះ​ ​ដូ​ចមេ្ត​ចកើ​ត​។​\n<br>​<span class=\"IncreaseIndent\">&nbsp;</span>[​២៩៦​]​ ​(​នាគ​ទាំង​ ​៤​.​.​.​)​ ​បពិត្រ​ព្រះអង្គ​ជាធំ​ជាង​មនុស្ស​ ​ជីវិត​ក្តី​ ​ដែន​ក្តី​ ​ព្រះអង្គ​នឹង​លះបង់​ដោយពិត​ ​កាលបើ​នាគ​ខឹង​ហើយ​ ​ព្រះរាជា​ទាំងឡាយ​ប្រហែល​នឹង​ព្រះអង្គ​ ​មិន​គង់​ព្រះជន្ម​នៅ​យូរ​ទេ​។​ ​បពិត្រ​ព្រះ​សម្មតិទេព​ ​ព្រះអង្គ​ណា​ជា​មនុស្ស​ ​ព្រះអង្គ​នោះ​ ​មិន​មាន​ឫទ្ធិ​ ​មើលងាយ​ព្រះរាជា​ដែល​មាន​ឫទ្ធិ​ ​ជា​កូនបង្កើត​នៃ​ព្រះបាទ​វរុណៈ​ ​ដែល​កើត​ក្នុង​ទន្លេ​យមុនា​។​\n<br>​<span class=\"IncreaseIndent\">&nbsp;</span>[​២៩៧​]​ ​(​ព្រះរាជា​.​.​.​)​ ​យើង​មិន​មើលងាយ​ព្រះបាទ​ធតរដ្ឋ​ដ៏​មានយស​ទេ​ ​ព្រោះថា​ ​ព្រះបាទ​ធតរដ្ឋ​ ​ជាធំ​ជាង​នាគ​ទាំងឡាយ​ដ៏​ច្រើន​។​ ​ពស់​ទុកជា​មាន​អានុភាព​ច្រើន​ ​ក៏​មិន​សមគួរ​នឹង​ធីតា​របស់​យើង​ទេ​ ​ចំណែកខាង​យើង​ ​ជា​ក្សត្រិយ៍​របស់​អ្នក​ដែន​វិទេហៈ​ ​ធីតា​ ​(​របស់​យើង​)​ ​ឈ្មោះ​សមុទ្ទ​ជា​ ​មាន​ជាតិ​ដ៏​ប្រសើរ​។​ ​"
    },
    {
      "header": "សុត្តន្តបិដក\nខុទ្ទកនិកាយ  ជាតក\nឯកាទសមភាគ\nមហានិបាតជាតក",
      "href": "http://ti-kh.org/books?book=62&page=173",
      "text": "ចន្ទកុមារជាតក\tទី ៧",
      "detail": "<p class=\"BCenter\">ចន្ទ​កុមារ​ជាតក​ ​ទី៧​</p>\n<br>​<span class=\"IncreaseIndent\">&nbsp;</span>[​៣៨២​]​ ​(​អភិ​សម្ពុទ្ធ​គាថា​)​ ​ព្រះបាទ​ឯករាជ​ ​អ្នកមាន​អំពើអាក្រក់​ ​នៅក្នុង​ក្រុង​បុប្ផវតី​នោះ​ ​សួររក​ផ្លូវ​ទៅ​ព្រហ្មលោក​ ​និង​បុរោហិត​ ​ឈោ្មះ​ខណ្ឌ​ហាល​ ​ជា​ពូជពង្ស​ព្រហ្ម​ ​ជា​មនុស្ស​ល្ងង់​វង្វេង​ថា​ ​ម្នាល​ព្រាហ្មណ៍​ ​អ្នកជា​មនុស្ស​ឈ្លាស​ក្នុង​ធម៌​វិន័យ​ ​សូមអ្នក​ប្រាប់ផ្លូវ​ឋានសួគ៌​ ​តាម​ទំនង​ដែល​ពួក​ជន​ធ្វើបុណ្យ​ទាំងឡាយ​ ​ហើយ​ចេញ​ចាកលោក​នេះ​ ​ទៅកាន់​សុគតិ​ដូច្នោះ​។​\n<br>​<span class=\"IncreaseIndent\">&nbsp;</span>[​៣៨៣​]​ ​(​ខណ្ឌ​ហាល​ព្រាហ្មណ៍​បុរោហិត​ទូល​ថា​)​ ​បពិត្រ​ព្រះ​ទេវៈ​ ​ពួក​ជន​ធ្វើបុណ្យ​ទាំងឡាយ​ ​ឲ្យ​ទាន​ដ៏​ក្រៃលែង​ ​សម្លាប់​បុគ្គល​ដែល​មិន​គួរ​សម្លាប់​ទាំងឡាយ​ ​ហើយ​ទៅកាន់​សុគតិ​យ៉ាងនេះ​។​\n<br>​<span class=\"IncreaseIndent\">&nbsp;</span>[​៣៨៤​]​ ​(​ព្រះបាទ​ឯករាជ​.​.​.​)​ ​ទាន​ដ៏​ក្រៃលែង​នុ៎ះ​ដូ​ចមេ្តច​ ​ក្នុង​លោក​នេះ​ ​បុគ្គល​ទាំងឡាយ​ដូ​ចមេ្តច​ ​ដែល​មិន​គួរ​សម្លាប់​ ​ចូរ​អ្នក​ប្រាប់​សេចក្តី​នុ៎ះ​ដល់​យើង​ ​យើង​នឹង​បូជា​ ​នឹង​ឲ្យ​ទាន​ទាំងឡាយ​។​"
    }
  ]
}