{
  "title": "ភាគ ១០១",
  "imageSrc": "photos/Book_101.jpg",
  "href": "http://ti-kh.org/books?book=101",
  "contents": [
    {
      "header": "អភិធម្មបិដក\nបដ្ឋាន  អដ្ឋមភាគ\nអនុលោមទុកប្បដ្ឋាន",
      "href": "http://ti-kh.org/books?book=101&page=1",
      "text": "សញ្ញោជនទុកៈ",
      "detail": "<p class=\"BCenter\">អភិធម្មបិដក\n<br>បដ្ឋាន អដ្ឋ​មភាគ\n<br>អនុលោម​ទុក​ប្ប​ដ្ឋាន\n<br>សញ្ញោជន​ទុ​កៈ\n<br>បដិ​ច្ច​វារៈ</p>\n<br><span class=\"IncreaseIndent\">&nbsp;</span>[១] សញ្ញោជន​ធម៌ (ធម៌​ដែល​ចង​សត្វ​ទុក​ក្នុង​វដ្តៈ) អាស្រ័យ​នូវ​សញ្ញោជន​ធម៌ ទើប​កើតឡើង ព្រោះ​ហេតុ​ប្ប​ច្ច័​យ គឺ​ទិដ្ឋិ​សញ្ញោជនៈ​ក្តី អវិជ្ជា​សញ្ញោជនៈ​ក្តី អាស្រ័យ​នូវ​កាមរាគ​សញ្ញោជនៈ សីលព្វត​បរាមាស​សញ្ញោជនៈ​ក្តី អវិជ្ជា​សញ្ញោជនៈ​ក្តី អាស្រ័យ​នូវ​កាមរាគ​សញ្ញោជនៈ មាន​សញ្ញោជនៈ​ក្តី អវិជ្ជា​សញ្ញោជនៈ​ក្តី អាស្រ័យ​នូវ​កាមរាគ​សញ្ញោជនៈ អវិជ្ជា​សញ្ញោជនៈ អាស្រ័យ​នូវ​កាមរាគ​សញ្ញោជនៈ ឥស្សា​សញ្ញោជនៈ​ក្តី អវិជ្ជា​សញ្ញោជនៈ​ក្តី អាស្រ័យ​នូវ​បដិឃ​សញ្ញោជនៈ មច្ឆរិយ​សញ្ញោជនៈ​ក្តី អវិជ្ជា​សញ្ញោជនៈ​ក្តី អាស្រ័យ​នូវ​បដិឃ​សញ្ញោជនៈ អវិជ្ជា​សញ្ញោជនៈ អាស្រ័យ​នូវ​បដិឃ​សញ្ញោជនៈ ភវ​រាគ​សញ្ញោជនៈ​ក្តី"
    },
    {
      "header": "អភិធម្មបិដក\nបដ្ឋាន  អដ្ឋមភាគ\nអនុលោមទុកប្បដ្ឋាន",
      "href": "http://ti-kh.org/books?book=101&page=22",
      "text": "សញ្ញោជនិយទុកៈ",
      "detail": "<span class=\"IncreaseIndent\">&nbsp;</span>[២៥] ក្នុង​នអារម្មណ​ប្ប​ច្ច័​យ មាន​វារៈ៤ ព្រោះ​ហេតុ​ប្ប​ច្ច័​យ។ សេចក្តី​បំប្រួញ។ …ក្នុង​នសម​នន្ត​រប្ប​ច្ច័​យ មាន​វារៈ៤ ក្នុង​នអញ្ញមញ្ញ​ប្ប​ច្ច័​យ មាន​វារៈ២ ក្នុង​នឧបនិស្សយ​ប្ប​ច្ច័​យ មាន​វារៈ៤។ សេចក្តី​បំប្រួញ។ …ក្នុង​នមគ្គ​ប្ប​ច្ច័​យ មាន​វារៈ៤ ក្នុង​នសម្បយុត្ត​ប្ប​ច្ច័​យ មាន​វារៈ២ ក្នុង​នវិ​ប្ប​យុត្ត​ប្ប​ច្ច័​យ មាន​វារៈ៤ ក្នុង​នោ​នត្ថិ​ប្ប​ច្ច័​យ មាន​វារៈ៤ ក្នុង​នោ​វិ​គត​ប្ប​ច្ច័​យ មាន​វារៈ៤។\n<br><span class=\"IncreaseIndent\">&nbsp;</span>[២៦] ក្នុង​អារម្មណ​ប្ប​ច្ច័​យ មាន​វារៈ៩ ព្រោះ​នហេតុ​ប្ប​ច្ច័​យ …ក្នុង​អធិបតិ​ប្ប​ច្ច័​យ មាន​វារៈ៩ អនុលោម​មាតិកា ក្នុង​អវិ​គត​ប្ប​ច្ច័​យ មាន​វារៈ៩។\n<br><p class=\"PCenter\">ចប់ សញ្ញោជន​ទុ​កៈ។</p>\n<br><p class=\"BCenter\">សញ្ញោ​ជនិយ​ទុ​កៈ\n<br>បដិ​ច្ច​វារៈ</p>\n<br><span class=\"IncreaseIndent\">&nbsp;</span>[២៧] សញ្ញោ​ជនិ​យធម៌ (ធម៌​ជា​ប្រយោជន៍​ដល់​សញ្ញោជនៈ) អាស្រ័យ​នូវ​សញ្ញោ​ជនិ​យធម៌ ទើប​កើតឡើង ព្រោះ​ហេតុ​ប្ប​ច្ច័​យ គឺ​ខន្ធ៣ក្តី ចិត្តសមុដ្ឋាន​រូប​ក្តី អាស្រ័យ​នូវ​ខន្ធ១ ជា​សញ្ញោ​ជនិយៈ នូវ​ខន្ធ២ …វត្ថុ អាស្រ័យ​នូវ​ពួក​ខន្ធ ក្នុង​ខណៈ​នៃ​បដិសន្ធិ ពួក​ខន្ធ​អាស្រ័យ​នូវ​វត្ថុ នូវ​មហាភូត១…។ ដូចគ្នានឹង​លោកិយ​ទុ​កៈ ក្នុង​ចូ​ឡន្តរ​ទុ​កៈ​ដែរ មិន​មានការ​ធ្វើ​ឲ្យ​ផ្សេងៗគ្នា​ទេ។\n<br><p class=\"PCenter\">ចប់ សញ្ញោ​ជនិយ​ទុ​កៈ។</p>"
    },
    {
      "header": "អភិធម្មបិដក\nបដ្ឋាន  អដ្ឋមភាគ\nអនុលោមទុកប្បដ្ឋាន",
      "href": "http://ti-kh.org/books?book=101&page=23",
      "text": "សញ្ញោជនសម្បយុត្តទុកៈ",
      "detail": "<p class=\"BCenter\">សញ្ញោជន​សម្បយុត្ត​ទុ​កៈ\n<br>បដិ​ច្ច​វារៈ</p>\n<br><span class=\"IncreaseIndent\">&nbsp;</span>[២៨] ធម៌​ដែល​ប្រកបដោយ​សញ្ញោជនៈ អាស្រ័យ​នូវ​ធម៌ ដែល​ប្រកបដោយ​សញ្ញោជនៈ ទើប​កើតឡើង ព្រោះ​ហេតុ​ប្ប​ច្ច័​យ គឺ​ខន្ធ៣ អាស្រ័យ​នូវ​ខន្ធ១ ដែល​ប្រកបដោយ​សញ្ញោជនៈ នូវ​ខន្ធ២…។ ធម៌​ដែល​ប្រាសចាក​សញ្ញោជនៈ អាស្រ័យ​នូវ​ធម៌ ដែល​ប្រកបដោយ​សញ្ញោជនៈ ទើប​កើតឡើង ព្រោះ​ហេតុ​ប្ប​ច្ច័​យ គឺ​ចិត្តសមុដ្ឋាន​រូប អាស្រ័យ​នូវ​ពួក​ខន្ធ ដែល​ប្រកបដោយ​សញ្ញោជនៈ។ ធម៌​ដែល​ប្រកបដោយ​សញ្ញោជនៈ​ក្តី ធម៌​ដែល​ប្រាសចាក​សញ្ញោជនៈ​ក្តី អាស្រ័យ​នូវ​ធម៌ ដែល​ប្រកបដោយ​សញ្ញោជនៈ ទើប​កើតឡើង ព្រោះ​ហេតុ​ប្ប​ច្ច័​យ គឺ​ខន្ធ៣ក្តី ចិត្តសមុដ្ឋាន​រូប​ក្តី អាស្រ័យ​នូវ​ខន្ធ១ ដែល​ប្រកបដោយ​សញ្ញោជនៈ នូវ​ខន្ធ២ …។ ធម៌​ដែល​ប្រាសចាក​សញ្ញោជនៈ អាស្រ័យ​នូវ​ធម៌ ដែល​ប្រាសចាក​សញ្ញោជនៈ ទើប​កើតឡើង ព្រោះ​ហេតុ​ប្ប​ច្ច័​យ គឺ​ខន្ធ៣ក្តី ចិត្តសមុដ្ឋាន​រូប​ក្តី អាស្រ័យ​នូវ​ខន្ធ១ ដែល​ប្រាសចាក​សញ្ញោជនៈ នូវ​ខន្ធ២ …ចិត្តសមុដ្ឋាន​រូប អាស្រ័យ​នូវ​មោហៈ ដែល​ច្រឡំ​ដោយ​ឧទ្ធច្ចៈ មាន​បដិសន្ធិ។ ធម៌​ដែល​ប្រកបដោយ​សញ្ញោជនៈ អាស្រ័យ​នូវ​ធម៌ ដែល​ប្រាសចាក​សញ្ញោជនៈ"
    },
    {
      "header": "អភិធម្មបិដក\nបដ្ឋាន  អដ្ឋមភាគ\nអនុលោមទុកប្បដ្ឋាន",
      "href": "http://ti-kh.org/books?book=101&page=60",
      "text": "សញ្ញោជនសញ្ញោជនិយទុកៈ",
      "detail": "<span class=\"IncreaseIndent\">&nbsp;</span>[៦២] ក្នុង​នហេតុ​ប្ប​ច្ច័​យ មាន​វារៈ៩ ក្នុង​នអារម្មណ​ប្ប​ច្ច័​យ មាន​វារៈ៩ ក្នុង​បច្ច័យ​ទាំងអស់ សុទ្ធតែ​មាន​វារៈ៩ ក្នុង​នោ​វិ​គត​ប្ប​ច្ច័​យ មាន​វារៈ៩ ក្នុង​នោ​អវិ​គត​ប្ប​ច្ច័​យ មាន​វារៈ៩។\n<br><span class=\"IncreaseIndent\">&nbsp;</span>[៦៣] ក្នុង​នអារម្មណ​ប្ប​ច្ច័​យ មាន​វារៈ៦ ព្រោះ​ហេតុ​ប្ប​ច្ច័​យ។ សេចក្តី​បំប្រួញ។ …ក្នុង​នសម​នន្ត​រប្ប​ច្ច័​យ មាន​វារៈ៦ ក្នុង​នអញ្ញមញ្ញ​ប្ប​ច្ច័​យ មាន​វារៈ២ ក្នុង​នឧបនិស្សយ​ប្ប​ច្ច័​យ មាន​វារៈ៦។ សេចក្តី​បំប្រួញ។ …ក្នុង​នមគ្គ​ប្ប​ច្ច័​យ មាន​វារៈ៦ ក្នុង​នសម្បយុត្ត​ប្ប​ច្ច័​យ មាន​វារៈ២ ក្នុង​នវិ​ប្ប​យុត្ត​ប្ប​ច្ច័​យ មាន​វារៈ៣ ក្នុង​នោ​នត្ថិ​ប្ប​ច្ច័​យ មាន​វារៈ៦ ក្នុង​នោ​វិ​គត​ប្ប​ច្ច័​យ មាន​វារៈ៦។\n<br><span class=\"IncreaseIndent\">&nbsp;</span>[៦៤] ក្នុង​អារម្មណ​ប្ប​ច្ច័​យ មាន​វារៈ៩ …ព្រោះ​នហេតុ​ប្ប​ច្ច័​យ ក្នុង​អធិបតិ​ប្ប​ច្ច័​យ មាន​វារៈ៥ …អនុលោម​បទ បណ្ឌិត​គប្បី​រាប់​ចុះ …ក្នុង​អវិ​គត​ប្ប​ច្ច័​យ មាន​វារៈ៩។\n<br><p class=\"PCenter\">ចប់ សញ្ញោជន​សម្បយុត្ត​ទុ​កៈ។</p>\n<br><p class=\"BCenter\">សញ្ញោជន​សញ្ញោ​ជនិយ​ទុ​កៈ\n<br>បដិ​ច្ច​វារៈ</p>\n<br><span class=\"IncreaseIndent\">&nbsp;</span>[៦៥] ធម៌​ជា​សញ្ញោជនៈ ទាំង​ជា​ប្រយោជន៍​ដល់​សញ្ញោជនៈ អាស្រ័យ​នូវ​ធម៌​ជា​សញ្ញោជនៈ ទាំង​ជា​ប្រយោជន៍​ដល់​សញ្ញោជនៈ"
    },
    {
      "header": "អភិធម្មបិដក\nបដ្ឋាន  អដ្ឋមភាគ\nអនុលោមទុកប្បដ្ឋាន",
      "href": "http://ti-kh.org/books?book=101&page=63",
      "text": "សញ្ញោជនសញ្ញោជនសម្បយុត្តទុកៈ",
      "detail": "នូវ​ខន្ធ២…។ ធម៌​ជា​សញ្ញោជនៈ ទាំង​ជា​ប្រយោជន៍​ដល់​សញ្ញោជនៈ​ក្តី ធម៌​ជា​ប្រយោជន៍​ដល់​សញ្ញោជនៈ តែ​មិនមែន​ជា​សញ្ញោជនៈ​ក្តី អាស្រ័យ​នូវ​ធម៌​ជា​សញ្ញោជនៈ ទាំង​ជា​ប្រយោជន៍​ដល់​សញ្ញោជនៈ​ផង នូវ​ធម៌​ជា​ប្រយោជន៍​ដល់​សញ្ញោជនៈ តែ​មិនមែន​ជា​សញ្ញោជនៈ​ផង ទើប​កើតឡើង ព្រោះ​ហេតុ​ប្ប​ច្ច័​យ គឺ​ខន្ធ៣ក្តី ទិដ្ឋិ​សញ្ញោជនៈ​ក្តី អវិជ្ជា​សញ្ញោជនៈ​ក្តី ចិត្តសមុដ្ឋាន​រូប​ក្តី អាស្រ័យ​នូវ​ខន្ធ១ ដែល​ជា​ប្រយោជន៍​ដល់​សញ្ញោជនៈ តែ​មិនមែន​ជា​សញ្ញោជនៈ​ផង នូវ​កាមរាគ​សញ្ញោជនៈ​ផង នូវ​ខន្ធ២ …បណ្ឌិត​គប្បី​ចង​ជា​ចក្កៈ​ចុះ។ ទុ​កៈ​នេះឯង វៀរលែងតែ​លោកុត្តរ​ទុ​កៈ​ចេញ បណ្ឌិត​គប្បី​ឲ្យ​ពិស្តារ​ដូច​បឋម​ទុ​កៈ ក្នុង​សញ្ញោជន​គោ​ច្ឆ​កៈ​ចុះ មិន​មានការ​ធ្វើឲ្យ​ផ្សេងគ្នា​ទេ។\n<br><p class=\"PCenter\">ចប់ សញ្ញោជន​សញ្ញោ​ជនិយ​ទុ​កៈ។</p>\n<br><p class=\"BCenter\">សញ្ញោជន​សញ្ញោជន​សម្បយុត្ត​ទុ​កៈ\n<br>បដិ​ច្ច​វារៈ</p>\n<br><span class=\"IncreaseIndent\">&nbsp;</span>[៦៦] ធម៌​ជា​សញ្ញោជនៈ ទាំង​ប្រកបដោយ​សញ្ញោជនៈ អាស្រ័យ​នូវ​ធម៌ ជា​សញ្ញោជនៈ ទាំង​ប្រកបដោយ​សញ្ញោជនៈ ទើប​កើតឡើង ព្រោះ​ហេតុ​ប្ប​ច្ច័​យ គឺ​ទិដ្ឋិ​សញ្ញោជនៈ​ក្តី អវិជ្ជា​សញ្ញោជនៈ​ក្តី អាស្រ័យ​នូវ​កាមរាគ​សញ្ញោជនៈ។ ធម៌​ដែល​ប្រកបដោយ​សញ្ញោជនៈ តែ​មិនមែន​ជា​សញ្ញោជនៈ អាស្រ័យ​នូវ​ធម៌"
    },
    {
      "header": "អភិធម្មបិដក\nបដ្ឋាន  អដ្ឋមភាគ\nអនុលោមទុកប្បដ្ឋាន",
      "href": "http://ti-kh.org/books?book=101&page=73",
      "text": "សញ្ញោជនវិប្បយុត្តសញ្ញោជនិយទុកៈ",
      "detail": "<span class=\"IncreaseIndent\">&nbsp;</span>[៧៨] ក្នុង​នអារម្មណ​ប្ប​ច្ច័​យ មាន​វារៈ៣ ព្រោះ​ហេតុ​ប្ប​ច្ច័​យ។ សេចក្តី​បំប្រួញ។ …ក្នុង​នសម​នន្ត​រប្ប​ច្ច័​យ មាន​វារៈ៣ ក្នុង​នឧបនិស្សយ​ប្ប​ច្ច័​យ មាន​វារៈ៣ ក្នុង​នបុ​រេ​ជាត​ប្ប​ច្ច័​យ មាន​វារៈ៣។ សេចក្តី​បំប្រួញ។ …ក្នុង​នមគ្គ​ប្ប​ច្ច័​យ មាន​វារៈ៣ ក្នុង​នសម្បយុត្ត​ប្ប​ច្ច័​យ មាន​វារៈ៣ ក្នុង​នវិ​ប្ប​យុត្ត​ប្ប​ច្ច័​យ មាន​វារៈ៣ ក្នុង​នោ​នត្ថិ​ប្ប​ច្ច័​យ មាន​វារៈ៣ ក្នុង​នោ​វិ​គត​ប្ប​ច្ច័​យ មាន​វារៈ៣។\n<br><span class=\"IncreaseIndent\">&nbsp;</span>[៧៩] ក្នុង​អារម្មណ​ប្ប​ច្ច័​យ មាន​វារៈ៩ ព្រោះ​នហេតុ​ប្ប​ច្ច័​យ …ក្នុង​អធិបតិ​ប្ប​ច្ច័​យ មាន​វារៈ៩ ពួក​អនុលោម​បទ បណ្ឌិត​គប្បី​ធ្វើ​ចុះ …ក្នុង​អវិ​គត​ប្ប​ច្ច័​យ មាន​វារៈ៩។\n<br><p class=\"PCenter\">ចប់ សញ្ញោជន​សញ្ញោជន​សម្បយុត្ត​ទុ​កៈ។</p>\n<br><p class=\"BCenter\">សញ្ញោជន​វិប្បយុត្ត​សញ្ញោ​ជនិយ​ទុ​កៈ\n<br>បដិ​ច្ច​វារៈ</p>\n<br><span class=\"IncreaseIndent\">&nbsp;</span>[៨០] ធម៌​ប្រាសចាក​សញ្ញោជនៈ តែ​ជា​ប្រយោជន៍​ដល់​សញ្ញោជនៈ អាស្រ័យ​នូវ​ធម៌​ដែល​ប្រាសចាក​សញ្ញោជនៈ តែ​ជា​ប្រយោជន៍​ដល់​សញ្ញោជនៈ ទើប​កើតឡើង ព្រោះ​ហេតុ​ប្ប​ច្ច័​យ គឺ​ខន្ធ៣ក្តី ចិត្តសមុដ្ឋាន​រូប​ក្ដី អាស្រ័យ​នូវ​ខន្ធ១ ដែល​ប្រាសចាក​សញ្ញោជនៈ តែ​ជា​ប្រយោជន៍​ដល់​សញ្ញោជនៈ នូវ​ខន្ធ២ …មាន​បដិសន្ធិ"
    },
    {
      "header": "អភិធម្មបិដក\nបដ្ឋាន  អដ្ឋមភាគ\nអនុលោមទុកប្បដ្ឋាន",
      "href": "http://ti-kh.org/books?book=101&page=74",
      "text": "គន្ថទុកៈ",
      "detail": "ដរាបដល់​ពួក​អសញ្ញ​សត្វ និង​ពួក​មហាភូត។ ធម៌​ដែល​ប្រាសចាក​សញ្ញោជនៈ ទាំង​មិនជា​ប្រយោជន៍​ដល់​សញ្ញោជនៈ អាស្រ័យ​នូវ​ធម៌​ដែល​ប្រាសចាក​សញ្ញោជនៈ ទាំង​មិនជា​ប្រយោជន៍​ដល់​សញ្ញោជនៈ ទើប​កើតឡើង ព្រោះ​ហេតុ​ប្ប​ច្ច័​យ ខន្ធ៣ អាស្រ័យ​នូវ​ខន្ធ១ ដែល​ប្រាសចាក​សញ្ញោជនៈ ទាំង​មិនជា​ប្រយោជន៍​ដល់​សញ្ញោជនៈ នូវ​ខន្ធ២…។ នូវ​ធម៌​ដែល​ប្រាសចាក​សញ្ញោជនៈ ទាំង​មិនជា​ប្រយោជន៍​ដល់​សញ្ញោជនៈ​…។ បញ្ហា​ទាំង២ បណ្ឌិត​គប្បី​ធ្វើ​ផង​ចុះ។ ទុ​កៈ​នេះ ដូចគ្នានឹង​លោកិយ​ទុ​កៈ ក្នុង​ចូ​ឡន្តរ​ទុ​កៈ​ដែរ មិន​មានការ​ធ្វើ​ឲ្យ​ផ្សេងៗគ្នា​ទេ។\n<br><p class=\"PCenter\">ចប់ សញ្ញោជន​វិប្បយុត្ត​សញ្ញោ​ជនិយ​ទុ​កៈ។</p>\n<br><p class=\"BCenter\">គន្ថ​ទុ​កៈ\n<br>បដិ​ច្ច​វារៈ</p>\n<br><span class=\"IncreaseIndent\">&nbsp;</span>[៨១] គន្ថ​ធម៌ (ធម៌​ជា​គ្រឿង​ដោត​ក្រង) អាស្រ័យ​នូវ​គន្ថ​ធម៌ ទើប​កើតឡើង ព្រោះ​ហេតុ​ប្ប​ច្ច័​យ គឺ​អភិជ្ឈា​កាយគន្ថៈ អាស្រ័យ​នូវ​សីលព្វត​បរាមាស​កាយគន្ថៈ សីលព្វត​បរាមាស​កាយគន្ថៈ អាស្រ័យ​នូវ​អភិជ្ឈា​កាយគន្ថៈ អភិជ្ឈា​កាយគន្ថៈ អា​ស្រ័យ​នូវ​ឥទំ​សច្ចា​ភិ​និ​វេស​កាយគន្ថៈ (កាយគន្ថៈ គឺ​សេចក្តី​ប្រកាន់​មាំ ថា​នេះ​ជា​របស់​ពិត) ឥទំ​សច្ចា​ភិ​និ​វេស​កាយគន្ថៈ អាស្រ័យ​នូវ​អភិជ្ឈា​កាយគន្ថៈ (ទើប​កើតឡើង)។ នោ​គន្ថ​ធម៌ (ធម៌​មិនមែន​ជា​គ្រឿង​ដោត​ក្រង) អាស្រ័យ"
    },
    {
      "header": "អភិធម្មបិដក\nបដ្ឋាន  អដ្ឋមភាគ\nអនុលោមទុកប្បដ្ឋាន",
      "href": "http://ti-kh.org/books?book=101&page=98",
      "text": "គន្ថនិយទុកៈ",
      "detail": "<span class=\"IncreaseIndent\">&nbsp;</span>[១០៧] ក្នុង​នអារម្មណ​ប្ប​ច្ច័​យ មាន​វារៈ៩ ព្រោះ​ហេតុ​ប្ប​ច្ច័​យ។ សេចក្តី​បំប្រួញ។ …ក្នុង​នសម​នន្ត​រប្ប​ច្ច័​យ មាន​វារៈ៩ ក្នុង​នអញ្ញមញ្ញ​ប្ប​ច្ច័​យ មាន​វារៈ៣ ក្នុង​ឧបនិស្សយ​ប្ប​ច្ច័​យ មាន​វារៈ៩ មូល៩ ក្នុង​បច្ច័យ​ទាំងអស់ សុទ្ធតែ​មាន​វារៈ៩ ក្នុង​នមគ្គ​ប្ប​ច្ច័​យ មាន​វារៈ៩ ក្នុង​នសម្បយុត្ត​ប្ប​ច្ច័​យ មាន​វារៈ៣ ក្នុង​នវិ​ប្ប​យុត្ត​ប្ប​ច្ច័​យ មាន​វារៈ៩ ក្នុង​នោ​នត្ថិ​ប្ប​ច្ច័​យ មាន​វារៈ៩ ក្នុង​នោ​វិ​គត​ប្ប​ច្ច័​យ មាន​វារៈ៩។\n<br><span class=\"IncreaseIndent\">&nbsp;</span>[១០៨] ក្នុង​អារម្មណ​ប្ប​ច្ច័​យ មាន​វារៈ៩ ព្រោះ​នហេតុ​ប្ប​ច្ច័​យ …ក្នុង​អធិបតិ​ប្ប​ច្ច័​យ មាន​វារៈ៩ អនុលោម​បទ​ទាំងឡាយ បណ្ឌិត គប្បី​ធ្វើឲ្យ​បរិបូណ៌ …ក្នុង​អវិ​គត​ប្ប​ច្ច័​យ មាន​វារៈ៩។\n<br><p class=\"PCenter\">ចប់ គន្ថ​ទុ​កៈ។</p>\n<br><p class=\"BCenter\">គន្ថ​និយ​ទុ​កៈ\n<br>បដិ​ច្ច​វារៈ</p>\n<br><span class=\"IncreaseIndent\">&nbsp;</span>[១០៩] គន្ថ​និ​យធម៌ (ធម៌​ដែល​គួរ​ដល់​គន្ថៈ) អាស្រ័យ​នូវ​គន្ថ​និ​យធម៌ ទើប​កើតឡើង ព្រោះ​ហេតុ​ប្ប​ច្ច័​យ គឺ​ខន្ធ១ ជា​គន្ថ​និយៈ​…។ សេចក្តី​បំប្រួញ។ លោកិយ​ទុ​កៈ ក្នុង​ចូ​ឡន្តរ​ទុ​កៈ យ៉ាងណា បណ្ឌិត​គប្បី​ចែករំលែក​យ៉ាងនោះ​ចុះ មិន​មានការ​ធ្វើ​ឲ្យ​ផ្សេងៗគ្នា​ទេ។\n<br><p class=\"PCenter\">ចប់ គន្ថ​និយ​ទុ​កៈ។</p>"
    },
    {
      "header": "អភិធម្មបិដក\nបដ្ឋាន  អដ្ឋមភាគ\nអនុលោមទុកប្បដ្ឋាន",
      "href": "http://ti-kh.org/books?book=101&page=99",
      "text": "គន្ថសម្បយុត្តទុកៈ",
      "detail": "<p class=\"BCenter\">គន្ថ​សម្បយុត្ត​ទុ​កៈ\n<br>បដិ​ច្ច​វារៈ</p>\n<br><span class=\"IncreaseIndent\">&nbsp;</span>[១១០] គន្ថ​សម្បយុត្ត​ធម៌ (ធម៌​ដែល​ប្រកបដោយ​គន្ថៈ) អាស្រ័យ​នូវ​គន្ថ​សម្បយុត្ត​ធម៌ ទើប​កើតឡើង ព្រោះ​ហេតុ​ប្ប​ច្ច័​យ គឺ​ខន្ធ៣ អាស្រ័យ​នូវ​ខន្ធ១ ជា​គន្ថ​សម្បយុត្ត នូវ​ខន្ធ២…។ គន្ថ​វិប្បយុត្ត​ធម៌ អាស្រ័យ​នូវ​គន្ថ​សម្បយុត្ត​ធម៌ ទើប​កើតឡើង ព្រោះ​ហេតុ​ប្ប​ច្ច័​យ គឺ​ចិត្តសមុដ្ឋាន​រូប អាស្រ័យ​នូវ​ពួក​គន្ថ​សម្បយុត្ត​ក្ខន្ធ លោភៈ​ក្តី ចិត្តសមុដ្ឋាន​រូប​ក្តី អាស្រ័យ​នូវ​ពួក​ខន្ធ ដែល​ប្រាសចាក​ទិដ្ឋិ តែ​ប្រកបដោយ​លោភៈ បដិឃៈ​ក្តី ចិត្តសមុដ្ឋាន​រូប​ក្តី អាស្រ័យ​នូវ​ពួក​ខន្ធ ដែល​ប្រកបដោយ​ទោមនស្ស។ ពួក​គន្ថ​សម្បយុត្ត​ធម៌​ក្តី ពួក​គន្ថ​វិប្បយុត្ត​ធម៌​ក្តី អាស្រ័យ​នូវ​គន្ថ​សម្បយុត្ត​ធម៌ ទើប​កើតឡើង ព្រោះ​ហេតុ​ប្ប​ច្ច័​យ គឺ​ខន្ធ៣ផង ចិត្តសមុដ្ឋាន​រូប​ផង អាស្រ័យ​នូវ​ខន្ធ១ ដែល​ប្រកបដោយ​គន្ថៈ នូវ​ខន្ធ២ …ខន្ធ៣ផង លោភៈ​ផង ចិត្តសមុដ្ឋាន​រូប​ផង អាស្រ័យ​នូវ​ខន្ធ១ ដែល​ប្រាសចាក​ទិដ្ឋិ តែ​ប្រកបដោយ​លោភៈ នូវ​ខន្ធ២ …ខន្ធ៣ផង បដិឃៈ​ផង ចិត្តសមុដ្ឋាន​រូប​ផង អាស្រ័យ​នូវ​ខន្ធ១ ដែល​ប្រកបដោយ​ទោមនស្ស នូវ​ខន្ធ២…។ គន្ថ​វិប្បយុត្ត​ធម៌ អាស្រ័យ"
    },
    {
      "header": "អភិធម្មបិដក\nបដ្ឋាន  អដ្ឋមភាគ\nអនុលោមទុកប្បដ្ឋាន",
      "href": "http://ti-kh.org/books?book=101&page=180",
      "text": "គន្ថគន្ថនិយកទុកៈ",
      "detail": "<p class=\"BCenter\">នីវរណ​សម្បយុត្ត​ទុ​កៈ\n<br>បដិ​ច្ច​វារៈ</p>\n<br><span class=\"IncreaseIndent\">&nbsp;</span>[១៩៤] នីវរណ​សម្បយុត្ត​ធម៌ អាស្រ័យ​នូវ​នីវរណ​សម្បយុត្ត​ធម៌ ទើប​កើតឡើង ព្រោះ​ហេតុ​ប្ប​ច្ច័​យ គឺ​ខន្ធ៣ អាស្រ័យ​នូវ​ខន្ធ១ ជា​នីវរណ​សម្បយុត្ត នូវ​ខន្ធ២…។ នីវរណ​វិប្បយុត្ត​ធម៌ អាស្រ័យ​នូវ​នីវរណ​សម្បយុត្ត​ធម៌ ទើប​កើតឡើង ព្រោះ​ហេតុ​ប្ប​ច្ច័​យ គឺ​ចិត្តសមុដ្ឋាន​រូប អាស្រ័យ​នូវ​ពួក​នីវរណ​សម្បយុត្ត​ក្ខន្ធ។ នីវរណ​សម្បយុត្ត​ធម៌​ក្តី នីវរណ​វិប្បយុត្ត​ធម៌​ក្តី អាស្រ័យ​នូវ​នីវរណ​សម្បយុត្ត​ធម៌ ទើប​កើតឡើង ព្រោះ​ហេតុ​ប្ប​ច្ច័​យ គឺ​ខន្ធ៣ អាស្រ័យ​នូវ​ខន្ធ១ ជា​នីវរណ​សម្បយុត្ត​ផង នូវ​ចិត្តសមុដ្ឋាន​រូប​ផង នូវ​ខន្ធ២…។ នីវរណ​វិប្បយុត្ត​ធម៌ អាស្រ័យ​នូវ​នីវរណ​វិប្បយុត្ត​ធម៌ ទើប​កើតឡើង ព្រោះ​ហេតុ​ប្ប​ច្ច័​យ គឺ​ខន្ធ៣ផង ចិត្តសមុដ្ឋាន​រូប​ផង អាស្រ័យ​នូវ​ខន្ធ១ …ជា​នីវរណ​វិប្បយុត្ត នូវ​ខន្ធ២ …បដិសន្ធិ មាន​ដរាបដល់​ពួក​មហាភូត​ខាងក្នុង។ នីវរណ​វិប្បយុត្ត​ធម៌ អាស្រ័យ​នូវ​នីវរណ​សម្បយុត្ត​ធម៌​ផង នូវ​នីវរណ​វិប្បយុត្ត​ធម៌​ផង ទើប​កើតឡើង ព្រោះ​ហេតុ​ប្ប​ច្ច័​យ គឺ​ចិត្តសមុដ្ឋាន​រូប អាស្រ័យ​នូវ​ពួក​នីវរណ​សម្បយុត្ត​ក្ខន្ធ​ផង នូវ​ពួក​មហាភូត​ផង។ សេចក្តី​បំប្រួញ។"
    },
    {
      "header": "អភិធម្មបិដក\nបដ្ឋាន  អដ្ឋមភាគ\nអនុលោមទុកប្បដ្ឋាន",
      "href": "http://ti-kh.org/books?book=101&page=144",
      "text": "គន្ថគន្ថសម្បយុត្តទុកៈ",
      "detail": "<p class=\"BCenter\">គន្ថ​គន្ថ​សម្បយុត្ត​ទុ​កៈ\n<br>បដិ​ច្ច​វារៈ</p>\n<br><span class=\"IncreaseIndent\">&nbsp;</span>[១៥០] ធម៌​ជា​គន្ថៈ ទាំង​ជា​គន្ថ​សម្បយុត្ត អាស្រ័យ​នូវ​ធម៌​ជា​គន្ថៈ ទាំង​ជា​គន្ថ​សម្បយុត្ត ទើប​កើតឡើង ព្រោះ​ហេតុ​ប្ប​ច្ច័​យ គឺ​អភិជ្ឈា​កាយគន្ថៈ អាស្រ័យ​នូវ​សីលព្វត​បរាមាស​កាយគន្ថៈ សីលព្វត​បរាមាស​កាយគន្ថៈ អាស្រ័យ​នូវ​អភិជ្ឈា​កាយគន្ថៈ អភិជ្ឈា​កាយគន្ថៈ អា​ស្រ័យ​នូវ​ឥទំ​សច្ចា​ភិ​និ​វេស​កាយគន្ថៈ ឥទំ​សច្ចា​ភិ​និ​វេស​កាយគន្ថៈ អាស្រ័យ​នូវ​អភិជ្ឈា​កាយគន្ថៈ។ ធម៌​ជា​គន្ថ​សម្បយុត្ត ទាំង​ជា​នោ​គន្ថៈ អាស្រ័យ​នូវ​ធម៌​ជា​គន្ថៈ ទាំង​ជា​គន្ថ​សម្បយុត្ត ទើប​កើតឡើង ព្រោះ​ហេតុ​ប្ប​ច្ច័​យ គឺ​ពួក​សម្បយុត្ត​កក្ខន្ធ អាស្រ័យ​នូវ​ពួក​គន្ថៈ។ ធម៌​ជា​គន្ថៈ ទាំង​ជា​គន្ថ​សម្បយុត្ត​ផង ជា​គន្ថ​សម្បយុត្ត ទាំង​ជា​នោ​គន្ថៈ​ផង អាស្រ័យ​នូវ​ធម៌​ជា​គន្ថៈ ទាំង​ជា​គន្ថ​សម្បយុត្ត ទើប​កើតឡើង ព្រោះ​ហេតុ​ប្ប​ច្ច័​យ គឺ​អភិជ្ឈា​កាយគន្ថៈ​ផង ពួក​សម្បយុត្ត​កក្ខន្ធ​ផង អាស្រ័យ​នូវ​សីលព្វត​បរាមាស​កាយគន្ថៈ បណ្ឌិត​គប្បី​ធ្វើឲ្យ​ជា​ចក្កៈ​ផង​ចុះ។ ធម៌​ជា​គន្ថ​សម្បយុត្ត ទាំង​ជា​នោ​គន្ថៈ អាស្រ័យ​នូវ​ធម៌​ជា​គន្ថ​សម្បយុត្ត ទាំង​ជា​នោ​គន្ថៈ ទើប​កើតឡើង ព្រោះ​ហេតុ​ប្ប​ច្ច័​យ គឺ​ខន្ធ៣ អាស្រ័យ​នូវ​ខន្ធ១ ជា​គន្ថ​សម្បយុត្ត ទាំង​ជា​នោ​គន្ថៈ"
    },
    {
      "header": "អភិធម្មបិដក\nបដ្ឋាន  អដ្ឋមភាគ\nអនុលោមទុកប្បដ្ឋាន",
      "href": "http://ti-kh.org/books?book=101&page=151",
      "text": "គន្ថវិប្បយុត្តគន្ថនិយទុកៈ",
      "detail": "អរូបៈ ក៏​មាន​បច្ច័យ​ដែរ។ (បញ្ហា​វារៈ) បីៗ នៃ​បច្ច័​យមួយៗ បណ្ឌិត​ត្រូវ​ធ្វើ​ផង​ចុះ។ អារម្មណ​ប្ប​ច្ច័​យក្តី សហជាត​ប្ប​ច្ច័​យក្តី ឧបនិស្សយ​ប្ប​ច្ច័​យក្តី បណ្ឌិត​ត្រូវ​បង្វិល​ក្នុង​វារៈ​ទាំង៩ផង​ចុះ។ បច្ច័យ​ទាំងអស់ បណ្ឌិត​ត្រូវ​ធ្វើ​ក្នុង​បញ្ហា​វារៈ​យ៉ាងនេះ​ផង​ចុះ។\n<br><p class=\"PCenter\">ចប់ គន្ថ​គន្ថ​សម្បយុត្ត​ទុ​កៈ។</p>\n<br><p class=\"BCenter\">គន្ថ​វិប្បយុត្ត​គន្ថ​និយ​ទុ​កៈ\n<br>បដិ​ច្ច​វារៈ</p>\n<br><span class=\"IncreaseIndent\">&nbsp;</span>[១៥៧] គន្ថ​វិប្បយុត្ត​ធម៌ (ធម៌​ដែល​ប្រាសចាក​គន្ថៈ) និង​គន្ថ​និ​យធម៌ (ធម៌​ដែល​គួរ​ដល់​គន្ថៈ) អាស្រ័យ​នូវ​គន្ថ​វិប្បយុត្ត​ធម៌ និង​គន្ថ​និ​យធម៌ ទើប​កើតឡើង ព្រោះ​ហេតុ​ប្ប​ច្ច័​យ គឺ​ខន្ធ៣ផង ចិត្តសមុដ្ឋាន​រូប​ផង អាស្រ័យ​នូវ​ខន្ធ១ ដែល​ជា​គន្ថ​វិប្បយុត្ត និង​ជា​គន្ថ​និយៈ នូវ​ខន្ធ២ …ក្នុង​បដិ​សន្ធិ​ក្ខ​ណៈ មហាភូត១…។បេ។ លោកិយ​ទុ​កៈ ក្នុង​ចូ​ឡន្តរ​ទុ​កៈ យ៉ាងណា បណ្ឌិត​ត្រូវឲ្យ​ពិស្តារ យ៉ាងនោះ​ចុះ មិន​មានការ​ធ្វើ​ឲ្យ​ផ្សេងៗគ្នា​ទេ។\n<br><p class=\"PCenter\">ចប់ គន្ថ​វិប្បយុត្ត​គន្ថ​និយ​ទុ​កៈ។</p>\n<br><p class=\"BCenter\">ឱឃ​យោគ​គោ​ច្ឆ​កទុ​កៈ\n<br>បដិ​ច្ច​វារៈ</p>\n<br><span class=\"IncreaseIndent\">&nbsp;</span>[១៥៨] អាស្រ័យ​នូវ​ឱឃ​ធម៌ …យោគ​ធម៌ អាស្រ័យ"
    },
    {
      "header": "អភិធម្មបិដក\nបដ្ឋាន  អដ្ឋមភាគ\nអនុលោមទុកប្បដ្ឋាន",
      "href": "http://ti-kh.org/books?book=101&page=151",
      "text": "ឱឃយោគច្ឆកទុកៈ",
      "detail": "អរូបៈ ក៏​មាន​បច្ច័យ​ដែរ។ (បញ្ហា​វារៈ) បីៗ នៃ​បច្ច័​យមួយៗ បណ្ឌិត​ត្រូវ​ធ្វើ​ផង​ចុះ។ អារម្មណ​ប្ប​ច្ច័​យក្តី សហជាត​ប្ប​ច្ច័​យក្តី ឧបនិស្សយ​ប្ប​ច្ច័​យក្តី បណ្ឌិត​ត្រូវ​បង្វិល​ក្នុង​វារៈ​ទាំង៩ផង​ចុះ។ បច្ច័យ​ទាំងអស់ បណ្ឌិត​ត្រូវ​ធ្វើ​ក្នុង​បញ្ហា​វារៈ​យ៉ាងនេះ​ផង​ចុះ។\n<br><p class=\"PCenter\">ចប់ គន្ថ​គន្ថ​សម្បយុត្ត​ទុ​កៈ។</p>\n<br><p class=\"BCenter\">គន្ថ​វិប្បយុត្ត​គន្ថ​និយ​ទុ​កៈ\n<br>បដិ​ច្ច​វារៈ</p>\n<br><span class=\"IncreaseIndent\">&nbsp;</span>[១៥៧] គន្ថ​វិប្បយុត្ត​ធម៌ (ធម៌​ដែល​ប្រាសចាក​គន្ថៈ) និង​គន្ថ​និ​យធម៌ (ធម៌​ដែល​គួរ​ដល់​គន្ថៈ) អាស្រ័យ​នូវ​គន្ថ​វិប្បយុត្ត​ធម៌ និង​គន្ថ​និ​យធម៌ ទើប​កើតឡើង ព្រោះ​ហេតុ​ប្ប​ច្ច័​យ គឺ​ខន្ធ៣ផង ចិត្តសមុដ្ឋាន​រូប​ផង អាស្រ័យ​នូវ​ខន្ធ១ ដែល​ជា​គន្ថ​វិប្បយុត្ត និង​ជា​គន្ថ​និយៈ នូវ​ខន្ធ២ …ក្នុង​បដិ​សន្ធិ​ក្ខ​ណៈ មហាភូត១…។បេ។ លោកិយ​ទុ​កៈ ក្នុង​ចូ​ឡន្តរ​ទុ​កៈ យ៉ាងណា បណ្ឌិត​ត្រូវឲ្យ​ពិស្តារ យ៉ាងនោះ​ចុះ មិន​មានការ​ធ្វើ​ឲ្យ​ផ្សេងៗគ្នា​ទេ។\n<br><p class=\"PCenter\">ចប់ គន្ថ​វិប្បយុត្ត​គន្ថ​និយ​ទុ​កៈ។</p>\n<br><p class=\"BCenter\">ឱឃ​យោគ​គោ​ច្ឆ​កទុ​កៈ\n<br>បដិ​ច្ច​វារៈ</p>\n<br><span class=\"IncreaseIndent\">&nbsp;</span>[១៥៨] អាស្រ័យ​នូវ​ឱឃ​ធម៌ …យោគ​ធម៌ អាស្រ័យ"
    },
    {
      "header": "អភិធម្មបិដក\nបដ្ឋាន  អដ្ឋមភាគ\nអនុលោមទុកប្បដ្ឋាន",
      "href": "http://ti-kh.org/books?book=101&page=152",
      "text": "នីវរណទុកៈ",
      "detail": "នូវ​យោគ​ធម៌ ទើប​កើតឡើង ព្រោះ​ហេតុ​ប្ប​ច្ច័​យ។ ឯគោ​ច្ឆ​កៈ​ទាំងពីរ (នេះ) ដូចគ្នានឹង​អាសវ​គោ​ច្ឆ​កៈ​ដែរ មិន​មានការ​ធ្វើ​ផ្សេងៗទេ។\n<br><p class=\"PCenter\">ចប់ ឱឃ​យោគ​គោ​ច្ឆ​កទុ​កៈ។</p>\n<br><p class=\"BCenter\">នីវរណ​ទុ​កៈ\n<br>បដិ​ច្ច​វារៈ</p>\n<br><span class=\"IncreaseIndent\">&nbsp;</span>[១៥៩] នីវរណធម៌ (ធម៌​ជា​គ្រឿង​រារាំង) អាស្រ័យ​នូវ​នីវរណធម៌ ទើប​កើតឡើង ព្រោះ​ហេតុ​ប្ប​ច្ច័​យ គឺ​ថីនមិទ្ធ​នី​វរ​ណៈ ឧទ្ធច្ច​នី​វរ​ណៈ និង​អវិជ្ជា​នី​វរ​ណៈ អាស្រ័យ​នូវ​កា​មច្ឆ​ន្ទ​នី​វរ​ណៈ ឧទ្ធច្ច​នី​វរ​ណៈ និង​អវិជ្ជា​នី​វរ​ណៈ អាស្រ័យ​នូវ​កា​មច្ឆ​ន្ទ​នី​វរ​ណៈ ថីនមិទ្ធ​នី​វរ​ណៈ ឧទ្ធច្ច​នី​វរ​ណៈ និង​អវិជ្ជា​នី​វរ​ណៈ អាស្រ័យ​នូវ​ព្យាបាទ​នី​វរ​ណៈ ឧទ្ធច្ច​នី​វរ​ណៈ និង​អវិជ្ជា​នី​វរ​ណៈ អាស្រ័យ​នូវ​ព្យាបាទ​នី​វរ​ណៈ ថីនមិទ្ធ​នី​វរ​ណៈ ឧទ្ធច្ច​នី​វរ​ណៈ កុក្កុ​ច្ច​នី​វរ​ណៈ និង​អវិជ្ជា​នី​វរ​ណៈ អាស្រ័យ​នូវ​ព្យាបាទ​នី​វរ​ណៈ ឧទ្ធច្ច​នី​វរ​ណៈ កុក្កុ​ច្ច​នី​វរ​ណៈ និង​អវិជ្ជា​នី​វរ​ណៈ អាស្រ័យ​នូវ​ព្យាបាទ​នី​វរ​ណៈ ឧទ្ធច្ច​នី​វរ​ណៈ អាស្រ័យ​នូវ​វិចិកិច្ឆា​នី​វរ​ណៈ អវិជ្ជា​នី​វរ​ណៈ អាស្រ័យ​នូវ​ឧទ្ធច្ច​នី​វរ​ណៈ។ នោ​នីវរណធម៌ (ធម៌​មិនមែន​ជា​គ្រឿង​រារាំង) អាស្រ័យ​នូវ​នីវរណធម៌ ទើប​កើតឡើង"
    },
    {
      "header": "អភិធម្មបិដក\nបដ្ឋាន  អដ្ឋមភាគ\nអនុលោមទុកប្បដ្ឋាន",
      "href": "http://ti-kh.org/books?book=101&page=179",
      "text": "នីវរណិយទុកៈ",
      "detail": "សេចក្តី​បំប្រួញ។ …ក្នុង​នសម​នន្ត​រប្ប​ច្ច័​យ មាន​វារៈ៤ ក្នុង​នអញ្ញមញ្ញ​ប្ប​ច្ច័​យ មាន​វារៈ២ ក្នុង​នឧបនិស្សយ​ប្ប​ច្ច័​យ មាន​វារៈ៤។ សេចក្តី​បំប្រួញ។ …ក្នុង​នមគ្គ​ប្ប​ច្ច័​យ មាន​វារៈ៤ ក្នុង​នសម្បយុត្ត​ប្ប​ច្ច័​យ មាន​វារៈ២ ក្នុង​នវិ​ប្ប​យុត្ត​ប្ប​ច្ច័​យ មាន​វារៈ៤ ក្នុង​នោ​នត្ថិ​ប្ប​ច្ច័​យ មាន​វារៈ៤ ក្នុង​នោ​វិ​គត​ប្ប​ច្ច័​យ មាន​វារៈ៤។\n<br><span class=\"IncreaseIndent\">&nbsp;</span>[១៩២] ក្នុង​អារម្មណ​ប្ប​ច្ច័​យ មាន​វារៈ៩ ព្រោះ​នហេតុ​ប្ប​ច្ច័​យ …ក្នុង​អធិបតិ​ប្ប​ច្ច័​យ មាន​វារៈ៩។ អនុលោម​មាតិកា បណ្ឌិត​គប្បី​ឲ្យ​ពិស្តារ​ចុះ។ …ក្នុង​អវិ​គត​ប្ប​ច្ច័​យ មាន​វារៈ៩។\n<br><p class=\"PCenter\">ចប់ នីវរណ​ទុ​កៈ។</p>\n<br><p class=\"BCenter\">នី​វរ​ណិយ​ទុ​កៈ\n<br>បដិ​ច្ច​វារៈ</p>\n<br><span class=\"IncreaseIndent\">&nbsp;</span>[១៩៣] នី​វរ​ណិ​យធម៌ អាស្រ័យ​នូវ​នី​វរ​ណិ​យធម៌ ទើប​កើតឡើង​…។ នី​វរ​ណិយ​ទុ​កៈ យ៉ាងណា លោកិយ​ទុ​កៈ បណ្ឌិត​គប្បី​ធ្វើ​យ៉ាងនោះ​ចុះ មិន​មានការ​ធ្វើ​ផ្សេងគ្នា​ឡើយ។\n<br>ការ​ប្រកបដោយ​កាមច្ឆន្ទៈ​ពីរ​លើក ការ​ប្រកបដោយ​បដិឃៈ បួន​លើក ឧទ្ធច្ចៈ១ វិចិកិច្ឆា១ ទាំងពីរ​នុ៎ះ មានការ​ប្រកប​មួយ​លើ​កៗ ការ​ប្រកប​នូវ​ពួក​នី​វរ​ណៈ ដោយ​ពួក​នី​វរ​ណៈ មាន​ប្រការ៨ (យ៉ាងនេះ​ឯង)។\n<br>មាតិកា​នៃ​នីវរណ​ទុ​កៈ លោក​បាន​ធ្វើ​ទុក​ក្នុង​ទីនេះ។\n<br><p class=\"PCenter\">ចប់​នី​វរ​ណិយ​ទុ​កៈ</p>"
    },
    {
      "header": "អភិធម្មបិដក\nបដ្ឋាន  អដ្ឋមភាគ\nអនុលោមទុកប្បដ្ឋាន",
      "href": "http://ti-kh.org/books?book=101&page=180",
      "text": "នីវរណសម្បយុត្តទុកៈ",
      "detail": "<p class=\"BCenter\">នីវរណ​សម្បយុត្ត​ទុ​កៈ\n<br>បដិ​ច្ច​វារៈ</p>\n<br><span class=\"IncreaseIndent\">&nbsp;</span>[១៩៤] នីវរណ​សម្បយុត្ត​ធម៌ អាស្រ័យ​នូវ​នីវរណ​សម្បយុត្ត​ធម៌ ទើប​កើតឡើង ព្រោះ​ហេតុ​ប្ប​ច្ច័​យ គឺ​ខន្ធ៣ អាស្រ័យ​នូវ​ខន្ធ១ ជា​នីវរណ​សម្បយុត្ត នូវ​ខន្ធ២…។ នីវរណ​វិប្បយុត្ត​ធម៌ អាស្រ័យ​នូវ​នីវរណ​សម្បយុត្ត​ធម៌ ទើប​កើតឡើង ព្រោះ​ហេតុ​ប្ប​ច្ច័​យ គឺ​ចិត្តសមុដ្ឋាន​រូប អាស្រ័យ​នូវ​ពួក​នីវរណ​សម្បយុត្ត​ក្ខន្ធ។ នីវរណ​សម្បយុត្ត​ធម៌​ក្តី នីវរណ​វិប្បយុត្ត​ធម៌​ក្តី អាស្រ័យ​នូវ​នីវរណ​សម្បយុត្ត​ធម៌ ទើប​កើតឡើង ព្រោះ​ហេតុ​ប្ប​ច្ច័​យ គឺ​ខន្ធ៣ អាស្រ័យ​នូវ​ខន្ធ១ ជា​នីវរណ​សម្បយុត្ត​ផង នូវ​ចិត្តសមុដ្ឋាន​រូប​ផង នូវ​ខន្ធ២…។ នីវរណ​វិប្បយុត្ត​ធម៌ អាស្រ័យ​នូវ​នីវរណ​វិប្បយុត្ត​ធម៌ ទើប​កើតឡើង ព្រោះ​ហេតុ​ប្ប​ច្ច័​យ គឺ​ខន្ធ៣ផង ចិត្តសមុដ្ឋាន​រូប​ផង អាស្រ័យ​នូវ​ខន្ធ១ …ជា​នីវរណ​វិប្បយុត្ត នូវ​ខន្ធ២ …បដិសន្ធិ មាន​ដរាបដល់​ពួក​មហាភូត​ខាងក្នុង។ នីវរណ​វិប្បយុត្ត​ធម៌ អាស្រ័យ​នូវ​នីវរណ​សម្បយុត្ត​ធម៌​ផង នូវ​នីវរណ​វិប្បយុត្ត​ធម៌​ផង ទើប​កើតឡើង ព្រោះ​ហេតុ​ប្ប​ច្ច័​យ គឺ​ចិត្តសមុដ្ឋាន​រូប អាស្រ័យ​នូវ​ពួក​នីវរណ​សម្បយុត្ត​ក្ខន្ធ​ផង នូវ​ពួក​មហាភូត​ផង។ សេចក្តី​បំប្រួញ។"
    },
    {
      "header": "អភិធម្មបិដក\nបដ្ឋាន  អដ្ឋមភាគ\nអនុលោមទុកប្បដ្ឋាន",
      "href": "http://ti-kh.org/books?book=101&page=201",
      "text": "នីវរណនីនរណិយទុកៈ",
      "detail": "<span class=\"IncreaseIndent\">&nbsp;</span>[២២២] ក្នុង​នអារម្មណ​ប្ប​ច្ច័​យ មាន​វារៈ៤ ព្រោះ​ហេតុ​ប្ប​ច្ច័​យ …ក្នុង​នអធិបតិ​ប្ប​ច្ច័​យ មាន​វារៈ៤ ក្នុង​នអនន្តរ​ប្ប​ច្ច័​យ មាន​វារៈ៤ ក្នុង​នសម​នន្ត​រប្ប​ច្ច័​យ មាន​វារៈ៤ ក្នុង​នអញ្ញមញ្ញ​ប្ប​ច្ច័​យ មាន​វារៈ២ ក្នុង​នឧបនិស្សយ​ប្ប​ច្ច័​យ មាន​វារៈ៤ ក្នុង​នមគ្គ​ប្ប​ច្ច័​យ មាន​វារៈ៤ ក្នុង​នសម្បយុត្ត​ប្ប​ច្ច័​យ មាន​វារៈ២ ក្នុង​នវិ​ប្ប​យុត្ត​ប្ប​ច្ច័​យ មាន​វារៈ២ ក្នុង​នោ​នត្ថិ​ប្ប​ច្ច័​យ មាន​វារៈ៤ ក្នុង​នោ​វិ​គត​ប្ប​ច្ច័​យ មាន​វារៈ៤។\n<br><span class=\"IncreaseIndent\">&nbsp;</span>[២២៣] ក្នុង​អារម្មណ​ប្ប​ច្ច័​យ មាន​វារៈ៤ ព្រោះ​នហេតុ​ប្ប​ច្ច័​យ …ក្នុង​អធិបតិ​ប្ប​ច្ច័​យ មាន​វារៈ៥ ការរាប់​ជា​អនុលោម បណ្ឌិត​គប្បី​ធ្វើ​ចុះ ក្នុង​អវិ​គត​ប្ប​ច្ច័​យ មាន​វារៈ៧។\n<br><p class=\"PCenter\">ចប់ នីវរណ​សម្បយុត្ត​ទុ​កៈ។</p>\n<br><p class=\"BCenter\">នីវរណ​នី​វរ​ណិយ​ទុ​កៈ\n<br>បដិ​ច្ច​វារៈ</p>\n<br><span class=\"IncreaseIndent\">&nbsp;</span>[២២៤] ធម៌​ជា​នី​វរ​ណៈ និង​ជា​នី​វរ​ណិយៈ អាស្រ័យ​នូវ​ធម៌​ជា​នី​វរ​ណៈ និង​ជា​នី​វរ​ណិយៈ ទើប​កើតឡើង ព្រោះ​ហេតុ​ប្ប​ច្ច័​យ គឺ​ថីនមិទ្ធ​នី​វរ​ណៈ ឧទ្ធច្ច​នី​វរ​ណៈ និង​អវិជ្ជា​នី​វរ​ណៈ អាស្រ័យ​នូវ​កា​មច្ឆ​ន្ទ​នី​វរ​ណៈ។ ការរាប់​ទាំងអស់ បណ្ឌិត​គប្បី​ចែក​យ៉ាងនេះ​ចុះ។ ប្រហែលគ្នា​នឹង​នីវរណ​ទុ​កៈ​ដែរ ឥតមាន​ការ​ធ្វើឲ្យ​ផ្សេងគ្នា​ឡើយ។"
    },
    {
      "header": "អភិធម្មបិដក\nបដ្ឋាន  អដ្ឋមភាគ\nអនុលោមទុកប្បដ្ឋាន",
      "href": "http://ti-kh.org/books?book=101&page=205",
      "text": "នីវរណនីវរណសម្បយុត្តទុកៈ",
      "detail": "សេចក្តី​បំប្រួញ។ បណ្ឌិត​គប្បី​ឲ្យ​ពិស្តារ​យ៉ាងនេះ​ចុះ។ នីវរណ​ទុ​កៈ យ៉ាងណា បណ្ឌិត គប្បី​ពិចារណា ហើយ​ធ្វើ​យ៉ាងនោះ​ចុះ។\n<br><p class=\"PCenter\">ចប់ នីវរណ​នី​វរ​ណិយ​ទុ​កៈ</p>\n<br><p class=\"BCenter\">នីវរណ​នីវរណ​សម្បយុត្ត​ទុ​កៈ\n<br>បដិ​ច្ច​វារៈ</p>\n<br><span class=\"IncreaseIndent\">&nbsp;</span>[២២៧] ធម៌​ជា​នី​វរ​ណៈ និង​ជា​នីវរណ​សម្បយុត្ត អាស្រ័យ​នូវ​ធម៌​ជា​នី​វរ​ណៈ និង​ជា​នីវរណ​សម្បយុត្ត ទើប​កើតឡើង ព្រោះ​ហេតុ​ប្ប​ច្ច័​យ គឺ​ថីនមិទ្ធ​នី​វរ​ណៈ ឧទ្ធច្ច​នី​វរ​ណៈ និង​អវិ​ជា្ជ​នី​វរ​ណៈ អាស្រ័យ​នូវ​កា​មច្ឆ​ន្ទ​នី​វរ​ណៈ នី​វរ​ណៈ​ទាំងអស់ បណ្ឌិត​គប្បី​ធ្វើឲ្យ​ជា​ចក្កៈ​ផង​ចុះ។ ធម៌​ជា​នីវរណ​សម្បយុត្ត និង​ជា​នោ​នី​វរ​ណៈ អាស្រ័យ​នូវ​ធម៌​ជា​នី​វរ​ណៈ និង​ជា​នីវរណ​សម្បយុត្ត ទើប​កើតឡើង ព្រោះ​ហេតុ​ប្ប​ច្ច័​យ គឺ​ពួក​សម្បយុត្ត​កក្ខន្ធ អាស្រ័យ​នូវ​ពួក​នី​វរ​ណៈ។ ធម៌​ជា​នី​វរ​ណៈ និង​ជា​នីវរណ​សម្បយុត្ត​ក្តី ជា​នីវរណ​សម្បយុត្ត និង​ជា​នោ​នី​វរ​ណៈ​ក្តី អាស្រ័យ​នូវ​ធម៌​ជា​នី​វរ​ណៈ និង​ជា​នីវរណ​សម្បយុត្ត ទើប​កើតឡើង ព្រោះ​ហេតុ​ប្ប​ច្ច័​យ គឺ​ថីនមិទ្ធ​នី​វរ​ណៈ ឧទ្ធច្ច​នី​វរ​ណៈ អវិជ្ជា​នី​វរ​ណៈ និង​ពួក​សម្បយុត្ត​កក្ខន្ធ អាស្រ័យ​នូវ​កា​មច្ឆ​ន្ទ​នី​វរ​ណៈ បណ្ឌិត​គប្បី​ធ្វើឲ្យ​ជាច​ក្ក​ផង​ចុះ។ ធម៌​ជា​នី​វណ​សម្បយុត្ត និង​ជា​នោ​នី​វរ​ណៈ អាស្រ័យ​នូវ​ធម៌"
    },
    {
      "header": "អភិធម្មបិដក\nបដ្ឋាន  អដ្ឋមភាគ\nអនុលោមទុកប្បដ្ឋាន",
      "href": "http://ti-kh.org/books?book=101&page=215",
      "text": "នីវរវិប្បយុត្តនីវរណិយទុកៈ",
      "detail": "<p class=\"BCenter\">នីវរណ​វិប្បយុត្ត​នី​វរ​ណិយ​ទុ​កៈ\n<br>បដិ​ច្ច​វារៈ</p>\n<br><span class=\"IncreaseIndent\">&nbsp;</span>[២៤៤] ធម៌​ជា​នីវរណ​វិប្បយុត្ត និង​ជា​នី​វរ​ណិយៈ អាស្រ័យ​នូវ​ធម៌​ជា​នីវរណ​វិប្បយុត្ត និង​ជា​នី​វរ​ណិយៈ ទើប​កើតឡើង ព្រោះ​ហេតុ​ប្ប​ច្ច័​យ ខន្ធ៣ផង ចិត្តសមុដ្ឋាន​រូប​ផង អាស្រ័យ​នូវ​ខន្ធ១ ជា​នីវរណ​វិប្បយុត្ត និង​ជា​នី​វរ​ណិយៈ នូវ​ខន្ធ២ …បដិសន្ធិ។ សេចក្តី​បំប្រួញ។ លោកិយ​ទុ​កៈ ក្នុង​ចូ​ឡន្តរ​ទុ​កៈ​យ៉ាងណា បណ្ឌិត​គប្បី​ធ្វើ​យ៉ាងនោះ​ដែរ មិន​មានការ​ធ្វើ​ឲ្យ​ផ្សេងៗគ្នា​ឡើយ។\n<br><p class=\"PCenter\">ចប់ នីវរណ​វិប្បយុត្ត​នី​វរ​ណិយ​ទុ​កៈ</p>\n<br><p class=\"BCenter\">បរាមាស​ទុ​កៈ\n<br>បដិ​ច្ច​វារៈ</p>\n<br><span class=\"IncreaseIndent\">&nbsp;</span>[២៤៥] នោប​រា​មាស​ធម៌ អាស្រ័យ​នូវ​បរាមាស​ធម៌ ទើប​កើតឡើង ព្រោះ​ហេតុ​ប្ប​ច្ច័​យ គឺ​ពួក​សម្បយុត្ត​កក្ខន្ធ​ផង ចិត្តសមុដ្ឋាន​រូប​ផង អាស្រ័យ​នូវ​បរា​មា​សៈ។ នោប​រា​មាស​ធម៌ អាស្រ័យ​នូវ​នោប​រា​មាស​ធម៌ ទើប​កើតឡើង ព្រោះ​ហេតុ​ប្ប​ច្ច័​យ គឺ​ខន្ធ៣ផង ចិត្តសមុដ្ឋាន​រូប​ផង អាស្រ័យ​នូវ​ខន្ធ១ មិនមែន​ជា​បរា​មា​សៈ នូវ​ខន្ធ២ …បដិសន្ធិ ដរាបដល់​ពួក​អសញ្ញ​សត្វ ពួក​មហាភូត។ បរាមាស​ធម៌"
    },
    {
      "header": "អភិធម្មបិដក\nបដ្ឋាន  អដ្ឋមភាគ\nអនុលោមទុកប្បដ្ឋាន",
      "href": "http://ti-kh.org/books?book=101&page=215",
      "text": "បរាមាសទុកៈ",
      "detail": "<p class=\"BCenter\">នីវរណ​វិប្បយុត្ត​នី​វរ​ណិយ​ទុ​កៈ\n<br>បដិ​ច្ច​វារៈ</p>\n<br><span class=\"IncreaseIndent\">&nbsp;</span>[២៤៤] ធម៌​ជា​នីវរណ​វិប្បយុត្ត និង​ជា​នី​វរ​ណិយៈ អាស្រ័យ​នូវ​ធម៌​ជា​នីវរណ​វិប្បយុត្ត និង​ជា​នី​វរ​ណិយៈ ទើប​កើតឡើង ព្រោះ​ហេតុ​ប្ប​ច្ច័​យ ខន្ធ៣ផង ចិត្តសមុដ្ឋាន​រូប​ផង អាស្រ័យ​នូវ​ខន្ធ១ ជា​នីវរណ​វិប្បយុត្ត និង​ជា​នី​វរ​ណិយៈ នូវ​ខន្ធ២ …បដិសន្ធិ។ សេចក្តី​បំប្រួញ។ លោកិយ​ទុ​កៈ ក្នុង​ចូ​ឡន្តរ​ទុ​កៈ​យ៉ាងណា បណ្ឌិត​គប្បី​ធ្វើ​យ៉ាងនោះ​ដែរ មិន​មានការ​ធ្វើ​ឲ្យ​ផ្សេងៗគ្នា​ឡើយ។\n<br><p class=\"PCenter\">ចប់ នីវរណ​វិប្បយុត្ត​នី​វរ​ណិយ​ទុ​កៈ</p>\n<br><p class=\"BCenter\">បរាមាស​ទុ​កៈ\n<br>បដិ​ច្ច​វារៈ</p>\n<br><span class=\"IncreaseIndent\">&nbsp;</span>[២៤៥] នោប​រា​មាស​ធម៌ អាស្រ័យ​នូវ​បរាមាស​ធម៌ ទើប​កើតឡើង ព្រោះ​ហេតុ​ប្ប​ច្ច័​យ គឺ​ពួក​សម្បយុត្ត​កក្ខន្ធ​ផង ចិត្តសមុដ្ឋាន​រូប​ផង អាស្រ័យ​នូវ​បរា​មា​សៈ។ នោប​រា​មាស​ធម៌ អាស្រ័យ​នូវ​នោប​រា​មាស​ធម៌ ទើប​កើតឡើង ព្រោះ​ហេតុ​ប្ប​ច្ច័​យ គឺ​ខន្ធ៣ផង ចិត្តសមុដ្ឋាន​រូប​ផង អាស្រ័យ​នូវ​ខន្ធ១ មិនមែន​ជា​បរា​មា​សៈ នូវ​ខន្ធ២ …បដិសន្ធិ ដរាបដល់​ពួក​អសញ្ញ​សត្វ ពួក​មហាភូត។ បរាមាស​ធម៌"
    },
    {
      "header": "អភិធម្មបិដក\nបដ្ឋាន  អដ្ឋមភាគ\nអនុលោមទុកប្បដ្ឋាន",
      "href": "http://ti-kh.org/books?book=101&page=239",
      "text": "បរាមដ្ឋទុកៈ",
      "detail": "<p class=\"BCenter\">បរា​មដ្ឋ​ទុ​កៈ\n<br>បដិ​ច្ច​វារៈ</p>\n<br><span class=\"IncreaseIndent\">&nbsp;</span>[២៧៦] បរា​មដ្ឋ​ធម៌ អាស្រ័យ​នូវ​បរា​មដ្ឋ​ធម៌ ទើប​កើតឡើង ព្រោះ​ហេតុ​ប្ប​ច្ច័​យ គឺ​ខន្ធ៣ក្តី ចិត្តសមុដ្ឋាន​រូប​ក្តី អាស្រ័យ​នូវ​បរា​មដ្ឋ​ក្ខន្ធ១ នូវ​ខន្ធ២ …បដិសន្ធិ​ដរាបដល់​ពួក​មហាភូត​ខាងក្នុង។ អាស្រ័យ​នូវ​បរា​មដ្ឋ​ធម៌​…។ លោកិយ​ទុ​កៈ ក្នុង​ចូ​ឡន្តរ​ទុ​កៈ​យ៉ាងណា បរា​មដ្ឋ​ទុ​កៈ បណ្ឌិត​គប្បី​ធ្វើ​យ៉ាងនោះ​ចុះ មិន​មានការ​ធ្វើ​ឲ្យ​ផ្សេងៗគ្នា​ឡើយ។\n<br><p class=\"PCenter\">ចប់ បរា​មដ្ឋ​ទុ​កៈ។</p>\n<br><p class=\"BCenter\">បរាមាស​សម្បយុត្ត​ទុ​កៈ\n<br>បដិ​ច្ច​វារៈ</p>\n<br><span class=\"IncreaseIndent\">&nbsp;</span>[២៧៧] បរាមាស​សម្បយុត្ត​ធម៌ អាស្រ័យ​នូវ​បរាមាស​សម្បយុត្ត​ធម៌ ទើប​កើតឡើង ព្រោះ​ហេតុ​ប្ប​ច្ច័​យគឺ​ខន្ធ៣ អាស្រ័យ​នូវ​បរាមាស​សម្បយុត្ត​ក្ខន្ធ១ នូវ​ខន្ធ២…។ បរាមាស​វិប្បយុត្ត​ធម៌ អាស្រ័យ​នូវ​បរាមាស​សម្បយុត្ត​ធម៌ ទើប​កើតឡើង ព្រោះ​ហេតុ​ប្ប​ច្ច័​យ គឺ​ចិត្តសមុដ្ឋាន​រូប អាស្រ័យ​នូវ​ពួក​បរាមាស​សម្បយុត្ត​កក្ខន្ធ។"
    },
    {
      "header": "អភិធម្មបិដក\nបដ្ឋាន  អដ្ឋមភាគ\nអនុលោមទុកប្បដ្ឋាន",
      "href": "http://ti-kh.org/books?book=101&page=239",
      "text": "បរាមាសសម្បយុត្តទុកៈ",
      "detail": "<p class=\"BCenter\">បរា​មដ្ឋ​ទុ​កៈ\n<br>បដិ​ច្ច​វារៈ</p>\n<br><span class=\"IncreaseIndent\">&nbsp;</span>[២៧៦] បរា​មដ្ឋ​ធម៌ អាស្រ័យ​នូវ​បរា​មដ្ឋ​ធម៌ ទើប​កើតឡើង ព្រោះ​ហេតុ​ប្ប​ច្ច័​យ គឺ​ខន្ធ៣ក្តី ចិត្តសមុដ្ឋាន​រូប​ក្តី អាស្រ័យ​នូវ​បរា​មដ្ឋ​ក្ខន្ធ១ នូវ​ខន្ធ២ …បដិសន្ធិ​ដរាបដល់​ពួក​មហាភូត​ខាងក្នុង។ អាស្រ័យ​នូវ​បរា​មដ្ឋ​ធម៌​…។ លោកិយ​ទុ​កៈ ក្នុង​ចូ​ឡន្តរ​ទុ​កៈ​យ៉ាងណា បរា​មដ្ឋ​ទុ​កៈ បណ្ឌិត​គប្បី​ធ្វើ​យ៉ាងនោះ​ចុះ មិន​មានការ​ធ្វើ​ឲ្យ​ផ្សេងៗគ្នា​ឡើយ។\n<br><p class=\"PCenter\">ចប់ បរា​មដ្ឋ​ទុ​កៈ។</p>\n<br><p class=\"BCenter\">បរាមាស​សម្បយុត្ត​ទុ​កៈ\n<br>បដិ​ច្ច​វារៈ</p>\n<br><span class=\"IncreaseIndent\">&nbsp;</span>[២៧៧] បរាមាស​សម្បយុត្ត​ធម៌ អាស្រ័យ​នូវ​បរាមាស​សម្បយុត្ត​ធម៌ ទើប​កើតឡើង ព្រោះ​ហេតុ​ប្ប​ច្ច័​យគឺ​ខន្ធ៣ អាស្រ័យ​នូវ​បរាមាស​សម្បយុត្ត​ក្ខន្ធ១ នូវ​ខន្ធ២…។ បរាមាស​វិប្បយុត្ត​ធម៌ អាស្រ័យ​នូវ​បរាមាស​សម្បយុត្ត​ធម៌ ទើប​កើតឡើង ព្រោះ​ហេតុ​ប្ប​ច្ច័​យ គឺ​ចិត្តសមុដ្ឋាន​រូប អាស្រ័យ​នូវ​ពួក​បរាមាស​សម្បយុត្ត​កក្ខន្ធ។"
    },
    {
      "header": "អភិធម្មបិដក\nបដ្ឋាន  អដ្ឋមភាគ\nអនុលោមទុកប្បដ្ឋាន",
      "href": "http://ti-kh.org/books?book=101&page=263",
      "text": "បរាមាសបរាមដ្ឋទុកៈ",
      "detail": "<span class=\"IncreaseIndent\">&nbsp;</span>[៣០៨] ក្នុង​នអារម្មណ​ប្ប​ច្ច័​យ មាន​វារៈ៤ ព្រោះ​ហេតុ​ប្ប​ច្ច័​យ …ក្នុង​នអធិបតិ​ប្ប​ច្ច័​យ មាន​វារៈ៤ ក្នុង​នអនន្តរ​ប្ប​ច្ច័​យ មាន​វារៈ៤ ក្នុង​នសម​នន្ត​រប្ប​ច្ច័​យ មាន​វារៈ៤ ក្នុង​នអញ្ញមញ្ញ​ប្ប​ច្ច័​យ មាន​វារៈ២ ក្នុង​នឧបនិស្សយ​ប្ប​ច្ច័​យ មាន​វារៈ៤ ក្នុង​បច្ច័យ​ទាំងអស់ សុទ្ធតែ​មាន​វារៈ៤ ក្នុង​នមគ្គ​ប្ប​ច្ច័​យ មាន​វារៈ៤ ក្នុង​នសម្បយុត្ត​ប្ប​ច្ច័​យ មាន​វារៈ២ ក្នុង​នវិ​ប្ប​យុត្ត​ប្ប​ច្ច័​យ មាន​វារៈ២ ក្នុង​នោ​នត្ថិ​ប្ប​ច្ច័​យ មាន​វារៈ៤ ក្នុង​នោ​វិ​គត​ប្ប​ច្ច័​យ មាន​វារៈ៤។\n<br><span class=\"IncreaseIndent\">&nbsp;</span>[៣០៩] ក្នុង​អារម្មណ​ប្ប​ច្ច័​យ មាន​វារៈ៤ ព្រោះ​នហេតុ​ប្ប​ច្ច័​យ …ក្នុង​អធិបតិ​ប្ប​ច្ច័​យ មាន​វារៈ៥ អនុលោម​មាតិកា បណ្ឌិត​គប្បី​ធ្វើ​ផង​ចុះ …ក្នុង​អវិ​គត​ប្ប​ច្ច័​យ មាន​វារៈ៧។\n<br><p class=\"PCenter\">ចប់ បរាមាស​សម្បយុត្ត​ទុ​កៈ។</p>\n<br><p class=\"BCenter\">បរាមាស​បរា​មដ្ឋ​ទុ​កៈ\n<br>បដិ​ច្ច​វារៈ</p>\n<br><span class=\"IncreaseIndent\">&nbsp;</span>[៣១០] បរា​មដ្ឋ​ធម៌ និង​នោប​រា​មាស​ធម៌ អាស្រ័យ​នូវ​បរាមាស​ធម៌ និង​បរា​មដ្ឋ​ធម៌ ទើប​កើតឡើង ព្រោះ​ហេតុ​ប្ប​ច្ច័​យ គឺ​ពួក​សម្បយុត្ត​កក្ខន្ធ​ក្តី ចិត្តសមុដ្ឋាន​រូប​ក្តី អាស្រ័យ​នូវ​បរា​មា​សៈ។ បរា​មដ្ឋ​ធម៌ និង​នោប​រា​មាស​ធម៌ អាស្រ័យ​នូវ​បរា​មដ្ឋ​ធម៌ និង​នោប​រា​មាស​ធម៌ ទើប​កើតឡើង"
    },
    {
      "header": "អភិធម្មបិដក\nបដ្ឋាន  អដ្ឋមភាគ\nអនុលោមទុកប្បដ្ឋាន",
      "href": "http://ti-kh.org/books?book=101&page=267",
      "text": "បរាមាសវិប្បយុត្តបរាមដ្ឋទុកៈ",
      "detail": "ពិចារណា​ឃើញ ត្រេកអរ រីករាយ ចំពោះ​ពួក​បរា​មដ្ឋ​ក្ខន្ធ និង​ពួក​នោប​រា​មា​សក្ខន្ធ ថា​មិន​ទៀង …បរា​មា​សៈ​ក្តី ពួក​សម្បយុត្ត​កក្ខន្ធ​ក្តី កើតឡើង ព្រោះ​ប្រារព្ធ​នូវ​ខន្ធ​នោះ។ សូម្បី​ក្នុង​វារៈ​ដទៃ បណ្ឌិត​ក៏​គប្បី​ប្រារព្ធ​វារៈ​ទាំង៣ ហើយ​ធ្វើ​យ៉ាងនេះ​ដែរ។ ទុ​កៈ​នេះ ប្រហែលគ្នា​នឹង​បរាមាស​ទុ​កៈ​ដែរ។ លោ​កុត្ត​រៈ ដែល​បណ្ឌិត​មិន​គប្បី​បាន​ក្នុង​ទុ​កៈ​ណា ក៏​មិន​គប្បី​ធ្វើ​ក្នុង​ទុ​កៈ​នោះ។\n<br><p class=\"PCenter\">ចប់ បរាមាស​បរា​មដ្ឋ​ទុ​កៈ។</p>\n<br><p class=\"BCenter\">បរាមាស​វិប្បយុត្ត​បរា​មដ្ឋ​ទុ​កៈ\n<br>បដិ​ច្ច​វារៈ</p>\n<br><span class=\"IncreaseIndent\">&nbsp;</span>[៣១៣] បរាមាស​វិប្បយុត្ត​បរា​មដ្ឋ​ធម៌ អាស្រ័យ​បរាមាស​វិប្បយុត្ត​បរា​មដ្ឋ​ធម៌ ទើប​កើតឡើង ព្រោះ​ហេតុ​ប្ប​ច្ច័​យ គឺ​ខន្ធ៣ផង ចិត្តសមុដ្ឋាន​រូប​ផង អាស្រ័យ​នូវ​បរាមាស​វិប្បយុត្ត​បរា​មដ្ឋ​ក្ខន្ធ១ នូវ​ខន្ធ២…។ បរាមាស​វិប្បយុត្ត​អប​រាម​ដ្ឋ​ធម៌ អាស្រ័យ​នូវ​បរាមាស​វិប្បយុត្ត​អប​រាម​ដ្ឋ​ធម៌ ទើប​កើតឡើង ព្រោះ​ហេតុ​ប្ប​ច្ច័​យ។ សេចក្តី​បំប្រួញ។\n<br>លោកិយ​ទុ​កៈ ក្នុង​ចូ​ឡន្តរ​ទុ​កៈ​យ៉ាងណាមិញ បណ្ឌិត​គប្បី​ធ្វើ​យ៉ាងនោះ​ចុះ មិន​មានការ​ធ្វើ​ឲ្យ​ផ្សេងៗគ្នា​ឡើយ។\n<br><p class=\"PCenter\">ចប់ បរាមាស​វិប្បយុត្ត​បរា​មដ្ឋ​ទុ​កៈ។\n<br>ចប់ អនុលោម​ទុក​ប្ប​ដ្ឋាន ខាងដើម។</p>"
    }
  ]
}