{
  "title": "ភាគ ៤២",
  "imageSrc": "photos/Book_42.jpg",
  "href": "http://ti-kh.org/books?book=42",
  "contents": [
    {
      "header": "បឋមបណ្ណាសក",
      "href": "http://ti-kh.org/books?book=42&page=1",
      "text": "បឋមបណ្ណាសក \tភណ្ឌគ្គាមវគ្គ\tទី ១",
      "detail": "<div style=\"text-align: center\"><p class=\"BCenter\">សុត្តន្តបិដក\n<br>អង្គុត្តរនិកាយ ចតុក្កនិបាត \n<br>តតិយភាគ</p>\n<br>សូមនមស្ការ ព្រះដ៏មានព្រះភាគ ជាអរហន្តសម្មាសម្ពុទ្ធព្រះអង្គនោះ ។\n<br><p class=\"BCenter\">បឋមបណ្ណាសក\n<br>ភណ្ឌគ្គាមវគ្គ</p></div><span class=\"IncreaseIndent\">&nbsp;</span>[១] ខ្ញុំបានស្តាប់មកយ៉ាងនេះ។ សម័យមួយ ព្រះដ៏មានព្រះភាគ ទ្រង់ គង់ក្នុងភណ្ឌគ្រាម ក្នុងដែនវជ្ជី។ ក្នុងទីនោះឯង ព្រះដ៏មានព្រះភាគ ត្រាស់នឹងភិក្ខុ ទាំងឡាយថា ម្នាលភិក្ខុទាំងឡាយ។ ភិក្ខុទាំងនោះ ទទួលស្តាប់ព្រះពុទ្ធដីកា ព្រះដ៏មានព្រះភាគថា ព្រះករុណា ព្រះអង្គ។ ព្រះដ៏មានព្រះភាគ ទ្រង់ត្រាស់ដូច្នេះថា ម្នាលភិក្ខុទាំងឡាយ កាលដែលតថាគតក្តី អ្នកទាំងឡាយក្តី អន្ទោលទៅ ត្រេចរង្គាត់ទៅ អស់កាលដ៏វែងយ៉ាងនេះ ព្រោះមិនបានត្រាស់ដឹង មិនបានចាក់ធ្លុះ នូវធម៌ ៤។ ធម៌ ៤ តើដូចម្តេចខ្លះ។ ម្នាលភិក្ខុទាំងឡាយ កាលដែលតថាគតក្តី អ្នកទាំងឡាយក្តី អន្ទោលទៅ ត្រេចរង្គាត់ទៅ អស់កាលដ៏វែងយ៉ាងនេះ ព្រោះមិនបានត្រាស់ដឹង មិនបានចាក់ធ្លុះ នូវអរិយសីល (សីលដ៏ប្រសើរ) ១"
    },
    {
      "header": "បឋមបណ្ណាសក",
      "href": "http://ti-kh.org/books?book=42&page=31",
      "text": "ចរវគ្គ \t\tទី ២",
      "detail": "<p class=\"BCenter\">​ចរ​វគ្គ​</p>\n<br>​<span class=\"IncreaseIndent\">&nbsp;</span>[​១១​]​ ​ម្នាល​ភិក្ខុ​ទាំងឡាយ​ ​ប្រសិនបើ​កាម​វិតក្កៈ​ក្តី​ ​ព្យាបាទ​វិតក្កៈ​ក្តី​ ​វិហឹសា​វិតក្កៈ​ក្តី​ ​កើតឡើង​ដល់​ភិក្ខុ​កំពុង​ដើរទៅ​ ​បើ​ភិក្ខុ​តាំងចិត្ត​ទទួល​ ​មិន​លះបង់​ ​មិន​បន្ទោបង់​ ​មិន​ធ្វើឲ្យ​អស់​ទៅ​ ​មិន​ឲ្យ​ដល់​នូវ​សេចក្តី​វិនាស​ ​នូវ​វិតក្កៈ​ទាំងនោះ​ទេ​ ​ម្នាល​ភិក្ខុ​ទាំងឡាយ​ ​ភិក្ខុ​កាល​ដើរទៅ​ ​មាន​សភាព​យ៉ាងនេះ​ ​ហៅថា​ ​មិន​មាន​ព្យាយាម​ ​ដុត​កំ​ដៅ​កិលេស​ ​មិន​ខ្លាច​ពាក្យ​តិះដៀល​ ​ខ្ជិលច្រអូស​ ​មាន​ព្យាយាម​ថោកថយ​ ​ជានិច្ច​និរន្ត​។​ ​ម្នាល​ភិក្ខុ​ទាំងឡាយ​ ​ប្រសិនបើ​កាម​វិតក្កៈ​ក្តី​ ​ព្យាបាទ​វិតក្កៈ​ក្តី​ ​វិហឹសា​វិតក្កៈ​ក្តី​ ​កើតឡើង​ដល់​ភិក្ខុ​ ​កំពុង​ឈរ​ ​បើ​ភិក្ខុ​តាំងចិត្ត​ទទួល​ ​មិន​លះបង់​ ​មិន​បន្ទោបង់​ ​មិន​ធ្វើឲ្យ​អស់​ទៅ​ ​មិន​ឲ្យ​ដល់​នូវ​សេចក្តី​វិនាស​ ​នូវ​វិតក្កៈ​ទាំងនោះ​ទេ​ ​ម្នាល​ភិក្ខុ​ទាំងឡាយ​ ​ភិក្ខុ​ដែល​ឈរ​ ​មាន​សភាព​យ៉ាងនេះ​ ​ហៅថា​ ​មិន​មាន​ព្យាយាម​ដុត​កំ​ដៅ​កិលេស​ ​មិន​ខ្លាច​ពាក្យ​តិះដៀល​ ​ខ្ជិលច្រអូស​ ​មាន​ព្យាយាម​ថោកថយ​ ​ជានិច្ច​និរន្ត​។​ ​ម្នាល​ភិក្ខុ​ទាំងឡាយ​ ​ប្រសិនបើ​កាម​វិតក្កៈ​ក្តី​ ​ព្យាបាទ​វិតក្កៈ​ក្តី​ ​វិហឹសា​វិតក្កៈ​ក្តី​ ​កើតឡើង​ដល់​ភិក្ខុ​កំពុង​អង្គុយ​ ​បើ​ភិក្ខុ​តាំងចិត្ត​ទទួល​ ​មិន​លះបង់​ ​មិន​បន្ទោបង់​ ​មិន​ធ្វើឲ្យ​អស់​ទៅ​ ​មិន​ឲ្យ​ដល់​នូវ​សេចក្តី​វិនាស​ ​នូវ​វិតក្កៈ​ទាំងនោះ​ទេ​"
    },
    {
      "header": "បឋមបណ្ណាសក",
      "href": "http://ti-kh.org/books?book=42&page=49",
      "text": "ឧរុវេលវគ្គ ទី៣",
      "detail": "<p class=\"BCenter\">​ឧរុ​វេល​វគ្គ​</p>\n<br>​<span class=\"IncreaseIndent\">&nbsp;</span>[​២២​]​ ​សម័យមួយ​ ​ព្រះ​ដ៏​មាន​ព្រះ​ភាគ​ ​គង់នៅ​ក្នុង​វត្ត​ជេតពន​ ​របស់​អនាថបិណ្ឌិក​សេដ្ឋី​ ​ទៀប​ក្រុង​សាវត្ថី​។​ ​ក្នុង​ទីនោះ​ ​ព្រះ​ដ៏​មាន​ព្រះ​ភាគ​ ​ត្រាស់​ហៅ​ភិក្ខុ​ទាំងឡាយ​ថា​ ​ម្នាល​ភិក្ខុ​ទាំងឡាយ​។​ ​ពួក​ភិក្ខុ​ទាំងនោះ​ ​ទទួល​ស្តាប់​ព្រះ​ដ៏​មាន​ព្រះ​ភាគ​ថា​ ​ព្រះករុណា​ ​ព្រះអង្គ​។​ ​ព្រះ​ដ៏​មាន​ព្រះ​ភាគ​ ​ទ្រង់​ត្រាស់​ដូច្នេះ​ថា​ ​ម្នាល​ភិក្ខុ​ទាំងឡាយ​ ​សម័យមួយ​ ​តថាគត​ ​បាន​ត្រាស់​ដឹង​ជាដំបូង​ហើយ​ ​នៅ​ក្រោម​ដើម​អជ​បាល​និគ្រោធ​ ​ក្បែរ​ឆ្នេរ​ស្ទឹង​នេរ​ញ្ជ​រា​ ​ក្នុង​ឧរុ​វេលា​និគម​ឯណោះ​។​ ​ម្នាល​ភិក្ខុ​ទាំងឡាយ​ ​តថាគត​នោះ​ ​សម្ងំ​នៅក្នុង​ទីស្ងាត់​តែម្នាក់ឯង​ ​មានចិត្ត​ត្រិះរិះ​ ​យ៉ាងនេះ​ថា​ ​បុគ្គល​មិន​មាន​សេចក្តី​គោរព​កោតក្រែង​ ​រមែង​នៅ​បាន​ទាំង​លំបាក​ណាស់​ ​តថាគត​ ​គួរ​ចូល​ទៅ​ ​ធ្វើសក្ការៈ​ ​ធ្វើ​សេចក្តី​គោរព​ ​សមណៈ​ ​ឬ​ព្រាហ្មណ៍​ណា​ហ្ន៎​។​ ​ម្នាល​ភិក្ខុ​ទាំងឡាយ​ ​តថាគត​នោះ​ ​មាន​សេចក្តី​ត្រិះរិះ​ថា​ ​តថាគត​ ​គប្បី​ចូល​ទៅ​ធ្វើសក្ការៈ​ ​ធ្វើ​សេចក្តី​គោរព​សមណៈ​ ​ឬ​ព្រាហ្មណ៍​ឯទៀត​ ​ដើម្បី​បំពេញ​ ​នូវ​សីលក្ខន្ធ​ ​របស់​តថាគត​ ​ដែល​មិនទាន់​ពេញ​ ​តែ​ក្នុង​លោក​ ​ព្រមទាំង​ទេវលោក​ ​មារ​លោក​ ​ព្រហ្មលោក​ ​ក្នុង​ពពួកសត្វ​ ​ព្រមទាំង​សមណ​ព្រាហ្មណ៍​ ​ព្រមទាំង​មនុស្ស​ ​ជា​សម្មតិទេព​ ​និង​មនុស្ស​ដ៏​សេស​ ​"
    },
    {
      "header": "បឋមបណ្ណាសក",
      "href": "http://ti-kh.org/books?book=42&page=79",
      "text": "ចក្កវគ្គ\t\tទី ៤",
      "detail": "<p class=\"BCenter\">​ចក្ក​វគ្គ​</p>\n<br>​<span class=\"IncreaseIndent\">&nbsp;</span>[​៣២​]​ ​ម្នាល​ភិក្ខុ​ទាំងឡាយ​ ​ចក្រ​នេះ​ ​មាន​ ​៤​ ​ចក្រ​ ​៤​ ​តែង​ប្រព្រឹត្តទៅ​ ​(​ដើម្បី​ជា​ប្រយោជន៍​)​ ​ដល់​ពួក​ទេវតា​ ​និង​មនុស្ស​ ​ដែល​ប្រកបដោយ​ចក្រ​ ​ពួក​ទេវតា​ ​និង​មនុស្ស​ ​ដែល​ប្រកបដោយ​ចក្រ​ហើយ​ ​មិនយូរ​ប៉ុន្មាន​ ​ក៏បាន​ដល់​នូវ​ភាព​ ​នៃ​ខ្លួន​ជាធំ​ទូលាយ​ ​ក្នុង​ភោគៈ​ទាំងឡាយ​ ​។​ ​ចក្រ​ ​៤​ ​ដូចម្តេច​ខ្លះ​។​ ​គឺ​ការ​នៅក្នុង​ប្រទេស​ដ៏​សមគួរ​ ​១​ ​ការ​ចូល​ទៅ​សេពគប់​នឹង​ពួកសប្បុរស​ ​១​ ​កា​រដម្កល់​ទុក​ខ្លួន​ដោយ​ល្អ​ ​១​ ​បុណ្យ​ដែល​បាន​ធ្វើ​ទុក​ហើយ​ ​ក្នុង​កាលមុន​ ​១​។​ ​ម្នាល​ភិក្ខុ​ទាំងឡាយ​ ​ចក្រ​នេះ​ ​មាន​ ​៤​ ​យ៉ាង​ ​ចក្រ​ ​៤​ ​នេះ​ ​តែង​ប្រព្រឹត្តទៅ​ ​ដល់​ពួក​ទេវតា​ ​និង​មនុស្ស​ ​ដែល​ប្រកប​ព្រមដោយ​ ​ចក្រ​ ​ពួក​ទេវតា​ ​និង​មនុស្ស​ ​ដែល​ប្រកបដោយ​ចក្រ​ហើយ​ ​មិនយូរ​ប៉ុន្មាន​ ​គង់​បាន​ដល់​នូវ​ភាវៈ​ ​នៃ​ខ្លួន​ជាធំ​ទូលាយ​ ​ក្នុង​ភោគ​ទាំងឡាយ​។​\n<br><div class=\"ContentTab\">​ជន​ណា​ ​នៅក្នុង​ប្រទេស​ដ៏​សមគួរ​ ​សេពគប់​នូវ​មិត្ត​ដ៏​ប្រសើរ​ ​ប្រកបដោយ​ ​កា​រដម្កល់​ទុក​ ​នូវ​ខ្លួន​ដោយ​ល្អ​ ​បាន​ធ្វើបុណ្យ​ទុក​ ​ក្នុង​កាលមុន​ ​ធញ្ញជាត​ ​ទ្រព្យ​ ​យស​ ​សេចក្តី​សរសើរ​ ​សុខ​ ​តែង​ឃុំគ្រង​នូវ​ជន​នុ៎ះ​។​</div>"
    },
    {
      "header": "បឋមបណ្ណាសក",
      "href": "http://ti-kh.org/books?book=42&page=107",
      "text": "រោហិតស្សវគ្គ ទី ៥",
      "detail": "<p class=\"BCenter\">​រោ​ហិ​តស្ស​វគ្គ​</p>\n<br>​<span class=\"IncreaseIndent\">&nbsp;</span>​[​៤២​]​ ​ម្នាល​ភិក្ខុ​ទាំងឡាយ​ ​សមាធិ​ភាវនា<sup>​(​១​)</sup>​ ​នេះ​មាន​ ​៤យ៉ាង​។​ ​សមាធិ​ភាវនា​ ​៤​ ​យ៉ាង​ ​ដូចម្តេច​ខ្លះ​។​ ​ម្នាល​ភិក្ខុ​ទាំងឡាយ​ ​សមាធិ​ភាវនា​ ​ដែល​បុគ្គល​បាន​ចំរើន​ ​បាន​ធ្វើឲ្យ​រឿយ​ ​ៗ​ ​ហើយ​ ​ប្រព្រឹត្តទៅ​ ​ដើម្បី​នៅជា​សុខ​ ​ក្នុង​បច្ចុប្បន្ន​ ​១​ ​ម្នាល​ភិក្ខុ​ទាំងឡាយ​ ​សមាធិ​ភាវនា​ ​ដែល​បុគ្គល​បាន​ចំរើន​ ​បាន​ធ្វើឲ្យ​រឿយ​ ​ៗ​ ​ហើយ​ ​ប្រព្រឹត្តទៅ​ ​ដើម្បី​បាន​នូវ​ញាណទស្សនៈ<sup>​(​២​)</sup>​ ​១​ ​ម្នាល​ភិក្ខុ​ទាំងឡាយ​ ​សមាធិ​ភាវនា​ ​ដែល​បុគ្គល​ចំរើន​ ​បាន​ធ្វើឲ្យ​រឿយ​ ​ៗ​ ​ហើយ​ ​ប្រព្រឹត្តទៅ​ ​ដើម្បី​សតិ​ ​និង​សម្បជញ្ញៈ​ ​១​ ​ម្នាល​ភិក្ខុ​ទាំងឡាយ​ ​សមាធិ​ភាវនា​ ​ដែល​បុគ្គល​បាន​ចំរើន​ ​បាន​ធ្វើឲ្យ​រឿយ​ ​ៗ​ ​ហើយ​ ​ប្រព្រឹត្តទៅ​ ​ដើម្បី​ ​អស់​ទៅ​នៃ​អាសវៈ​ទាំងឡាយ​ ​១​។​ ​ម្នាល​ភិក្ខុ​ទាំងឡាយ​ ​ចុះ​សមាធិ​ភាវនា​ ​ដែល​បុគ្គល​បាន​ចំរើន​ ​បាន​ធ្វើឲ្យ​រឿយ​ ​ៗ​ ​ហើយ​ ​ប្រព្រឹត្តទៅ​ ​ដើម្បី​នៅជា​សុខ​ ​ក្នុង​បច្ចុប្បន្ន​ ​តើ​ដូចម្តេច​។​ ​ម្នាល​ភិក្ខុ​ទាំងឡាយ​ ​ភិក្ខុ​ក្នុង​សាសនា​នេះ​ ​ស្ងាត់​ចាក​កាម​ទាំងឡាយ​ ​ស្ងាត់​ចាក​ធម៌​ ​ជាអកុសល​ទាំងឡាយ​ហើយ​ ​បាន​ដល់​នូវ​បឋមជ្ឈាន​ ​ប្រកបដោយ​វិតក្កៈ​ ​ប្រកបដោយ​វិចារៈ​ ​មាន​បីតិ​ ​និង​សុខ​ ​ដែល​កើតអំពី​សេចក្តី​ស្ងប់ស្ងាត់​ ​ជា​អារម្មណ៍​ ​សម្រេចសម្រាន្ត​នៅ<hr><div style=\"font-size: 14px\">​(​១​)​ ​ចូរ​មើលតាម​នយលក្ខណៈ​ ​ក្នុង​សង្គីតិ​សូត្រ​ ​ទីឃនិកាយ​ ​ឆ​ដ្ឋ​ម​ភាគ​ ​បា​ដិក​វគ្គ​។​ ​(​២​)​ ​ចូរ​មើលតាម​នយលក្ខណៈ​ ​ក្នុង​សង្គីតិ​សូត្រ​ ​ទីឃនិកាយ​ ​ឆ​ដ្ឋ​ម​ភាគ​ ​បា​ដិក​វគ្គ​។​</div>"
    },
    {
      "header": "ទុតិយបណ្ណាសក",
      "href": "http://ti-kh.org/books?book=42&page=133",
      "text": "ទុតិយបណ្ណាសក \tបុញ្ញាភិសន្ទវគ្គទី ១",
      "detail": "<p class=\"BCenter\">​ទុ​តិ​យ​បណ្ណា​សក​\n<br>​បុញ្ញា​ភិ​សន្ទ​វគ្គ​</p>\n<br>​<span class=\"IncreaseIndent\">&nbsp;</span>[​៥២​]​ ​ម្នាល​ភិក្ខុ​ទាំងឡាយ​ ​អានិសង្ស​ជាទី​ហូរ​មក​នៃ​បុណ្យ​ ​ជាទី​ហូរ​មក​នៃ​កុសល​ ​ជាទី​នាំមក​ ​នូវ​សេចក្តី​សុខ​ ​ឲ្យ​នូវ​ផល​ដ៏​ល្អ​វិសេស​ ​មានផល​ជា​សុខ​ ​ប្រព្រឹត្តទៅ​ ​ដើម្បី​កើត​ ​ក្នុង​ស្ថានសួគ៌​នេះ​ ​មាន​ ​៤​ ​យ៉ាង​ ​រមែង​ប្រព្រឹត្តទៅ​ ​ដើម្បី​ជា​ប្រយោជន៍​ ​ដើម្បី​សេចក្តី​សុខ​ ​ជាទី​ប្រាថ្នា​ ​ជាតី​ត្រេកអរ​ ​ជាទី​គាប់ចិត្ត​។​ ​អានិសង្ស​ជាទី​ហូរ​មក​នៃ​បុណ្យ​ ​ជាទី​ហូរ​មក​ ​នៃ​កុសល​ ​មាន​ ​៤​ ​យ៉ាង​ ​តើ​ដូចម្តេច​ខ្លះ​។​ ​ម្នាល​ភិក្ខុ​ទាំងឡាយ​ ​ភិក្ខុ​កាល​ប្រើប្រាស់​ចីវរ​ ​របស់​ទាយក​ណា​ ​ចូលកាន់​ចេ​តោស​មា​ធិ​ ​ជា​ធម៌​ប្រមាណ​មិនបាន​ ​អានិសង្ស​ ​ជាទី​ហូរ​មក​នៃ​បុណ្យ​ ​ជាទី​ហូរ​មក​នៃ​កុសល​ ​របស់​ទាយក​នោះ​ ​ក៏​រមែង​ប្រមាណ​មិនបាន​ ​ជាទី​នាំមក​នូវ​សេចក្តី​សុខ​ ​ឲ្យ​នូវ​ផល​ដ៏​ល្អ​វិសេស​ ​មានផល​ជា​សុខ​ ​ប្រព្រឹត្តទៅ​ ​ដើម្បី​កើត​ក្នុង​ស្ថានសួគ៌​ ​ប្រព្រឹត្តទៅ​ ​ដើម្បី​ប្រយោជន៍​ ​ដើម្បី​សេចក្តី​សុខ​ ​ជាទី​ប្រាថ្នា​ ​ជាទី​ត្រេកអរ​ ​ជាទី​គាប់ចិត្ត​ ​១​ ​ម្នាល​ភិក្ខុ​ទាំងឡាយ​ ​ភិក្ខុ​កាល​បរិភោគ​បិណ្ឌបាត​ ​របស់​ទាយក​ណា​…​ ​ម្នាល​ភិក្ខុ​ទាំងឡាយ​ ​ភិក្ខុ​កាល​ប្រើប្រាស់​សេនាសនៈ​ ​របស់​ទាយក​ណា​…​ ​ម្នាល​ភិក្ខុ​ទាំងឡាយ​ ​ភិក្ខុ​កាល​បរិភោគ​ភេសជ្ជ​បរិក្ខារ​ ​ជា​បច្ច័យ​ដល់​អ្នក​ជម្ងឺ​ ​របស់​ទាយក​ណា​ ​ចូលកាន់​ចេ​តោស​មា​ធិ​ ​ជា​ធម៌​ប្រមាណ​មិនបាន​ ​"
    },
    {
      "header": "ទុតិយបណ្ណាសក",
      "href": "http://ti-kh.org/books?book=42&page=161",
      "text": "បត្តកម្មវគ្គ \tទី ២",
      "detail": "<p class=\"BCenter\">​បត្ត​កម្ម​វគ្គ​</p>\n<br><span class=\"IncreaseIndent\">&nbsp;</span>​[​៦២​]​ ​គ្រានោះ​ឯង​ ​អនាថបិណ្ឌិក​គហបតី​ ​ចូល​ទៅ​គាល់​ព្រះ​ដ៏​មាន​ព្រះ​ភាគ​ ​លុះ​ចូល​ទៅដល់​ ​ថ្វាយបង្គំ​ព្រះ​ដ៏​មាន​ព្រះ​ភាគ​ ​ហើយ​អង្គុយ​ក្នុង​ទី​ដ៏​សមគួរ​។​ ​លុះ​អនាថបិណ្ឌិក​គហបតី​ ​អង្គុយ​ក្នុង​ទីសម​គួរ​ហើយ​ ​ព្រះ​ដ៏​មាន​ព្រះ​ភាគ​ ​ទ្រង់​ត្រាស់​ ​ដូច្នេះ​ថា​ ​ម្នាល​គហបតី​ ​ធម៌​ ​៤​ ​ប្រការ​នេះ​ ​ជាទី​ប្រាថ្នា​ ​ជា​ទី​តេ្រ​ក​អរ​ ​ជាទី​គាប់ចិត្ត​ ​ដែល​បុគ្គល​រកបាន​ដោយ​ក្រ​ក្នុង​លោក​។​ ​ធម៌​ ​៤​ ​ប្រការ​ ​ដូចម្តេច​ខ្លះ​។​ ​បំណង​ថា​ ​ភោគៈ​ទាំងឡាយ​ ​ចូរ​កើត​ដល់​អាត្មាអញ​ ​ដែល​ប្រកបដោយ​ធម៌​ ​នេះ​ជា​ធម៌​ទី១​ ​ជាទី​ប្រាថ្នា​ ​ជាទី​ត្រេកអរ​ ​ជាទី​គាប់ចិត្ត​ ​ដែល​បុគ្គល​រកបាន​ដោយ​ក្រ​ក្នុង​លោក​។​ ​បំណង​ថា​ ​កាលបើ​អាត្មាអញ​ ​បាន​នូវ​ភោគៈ​ ​ដោយ​កម្ម​ប្រកបដោយ​ធម៌​ហើយ​ ​សូមឲ្យ​យស​ ​របស់​អាត្មាអញ​ ​ល្បី​ខ្ចរខ្ចាយ​ឡើង​ ​ព្រមទាំង​ពួក​ញាតិ​ ​ព្រមទាំង​ពួក​ឧបជ្ឈាយ៍​ ​គឺ​មិត្រ​សំឡាញ់​ទាំងឡាយ​ ​នេះ​ជា​ធម៌​ទី២​ ​ជាទី​ប្រាថ្នា​ ​ជាទី​ត្រេកអរ​ ​ជាទី​គាប់ចិត្ត​ ​ដែល​បុគ្គល​រកបាន​ដោយ​ក្រ​ក្នុង​លោក​។​ ​បំណង​ថា​ ​កាលបើ​អាត្មាអញ​ ​បាន​ភោគៈ​ ​ដោយ​កម្ម​ប្រកបដោយ​ធម៌​ហើយ​ ​បាន​យស​ហើយ​ ​ទើប​អាត្មាអញ​ ​ព្រមទាំង​ពួក​ញាតិ​ ​ព្រមទាំង​ពួក​ឧបជ្ឈាយ៍​ ​នឹង​ចិញ្ចឹមជីវិត​ ​អស់​កាលយូរ​ ​រក្សា​អាយុ​ឲ្យបាន​វែង​ ​នេះ​ជា​ធម៌​ទី៣​ ​ជាទី​ប្រាថ្នា​ ​ជាទី​ត្រេកអរ​ ​ជាទី​គាប់ចិត្ត​ ​ដែល​បុគ្គល​រកបាន​ដោយ​ក្រ​ក្នុង​លោក​។​ ​"
    },
    {
      "header": "ទុតិយបណ្ណាសក",
      "href": "http://ti-kh.org/books?book=42&page=189",
      "text": "អបណ្ណកវគ្គ\tទី ៣",
      "detail": "<p class=\"BCenter\">​អប​ណ្ណ​ក​វគ្គ​</p>\n<br>​<span class=\"IncreaseIndent\">&nbsp;</span>[​៧២​]​ ​ម្នាល​ភិក្ខុ​ទាំងឡាយ​ ​ភិក្ខុ​ប្រកបដោយ​ធម៌​ ​៤​ ​ប្រការ​ ​ឈ្មោះថា​ ​ជា​អ្នកប្រតិបត្តិ​ ​ចំពោះ​អបណ្ណកប្បដិបទា​ ​គឺ​ប្រតិបត្តិ​មិន​ខុស​ផង​ ​ភិក្ខុ​នោះ​ ​ឈ្មោះថា​ ​ជា​អ្នក​ប្រារព្ធ​ហេតុ​ ​ដើម្បី​អស់​ទៅ​នៃ​អាសវៈ​ទាំងឡាយ​ផង​។​ ​ធម៌​ ​៤​ ​ប្រការ​ ​ដូចម្តេច​ខ្លះ​។​ ​ម្នាល​ភិក្ខុ​ទាំងឡាយ​ ​ភិក្ខុ​ក្នុង​សាសនា​នេះ​ ​ជា​អ្នកមានសីល​ ​១​ ​ជា​អ្នកចេះដឹង​ច្រើន​ ​១​ ​ជា​អ្នកមាន​ព្យាយាម​ប្រារព្ធ​ ​១​ ​ជា​អ្នកមាន​ប្រាជ្ញា​ ​១​។​ ​ម្នាល​ភិក្ខុ​ទាំងឡាយ​ ​ភិក្ខុ​ប្រកបដោយ​ធម៌​ ​៤​ ​ប្រការ​នេះ​ ​ឈ្មោះថា​ ​ប្រតិបត្តិ​អបណ្ណកប្បដិបទា​ផង​ ​ភិក្ខុ​នោះ​ ​ឈ្មោះថា​ ​ជា​អ្នក​ប្រារព្ធ​ហេតុ​ ​ដើម្បី​អស់​ទៅ​នៃ​អាសវៈ​ទាំងឡាយ​ផង​។​\n<br>​<span class=\"IncreaseIndent\">&nbsp;</span>[​៧៣​]​ ​ម្នាល​ភិក្ខុ​ទាំងឡាយ​ ​ភិក្ខុ​ប្រកបដោយ​ធម៌​ ​៤​ ​ប្រការ​ ​ឈ្មោះថា​ ​ប្រតិបត្តិ​ ​នូវ​អបណ្ណកប្បដិបទា​ផង​ ​ភិក្ខុ​នោះ​ ​ឈ្មោះថា​ ​ជា​អ្នក​ប្រារព្ធ​ហេតុ​ ​ដើម្បី​អស់​ទៅ​ ​នៃ​អាសវៈ​ទាំងឡាយ​ផង​។​ ​ធម៌​ ​៤​ ​ប្រការ​ ​ដូចម្តេច​ខ្លះ​។​ ​គឺ​ ​សេចក្តី​ត្រិះរិះ​ ​ក្នុង​ការ​ចេញ​ចាក​កាម​ ​១​ ​សេចក្តី​ត្រិះរិះ​ ​ក្នុង​ការ​មិន​ព្យាបាទ​ ​១​ ​សេចក្តី​ត្រិះរិះ​ ​ក្នុង​ការ​មិន​បៀតបៀន​ ​១​ ​សេចក្តី​ឃើញត្រូវ​ ​១​។​"
    },
    {
      "header": "ទុតិយបណ្ណាសក",
      "href": "http://ti-kh.org/books?book=42&page=206",
      "text": "មចលវគ្គ\tទី ៤",
      "detail": "<p class=\"BCenter\">​ម​ចល​វគ្គ​</p>\n<br>​<span class=\"IncreaseIndent\">&nbsp;</span>[​៨២​]​ ​ម្នាល​ភិក្ខុ​ទាំងឡាយ​ ​បុគ្គល​ប្រកបដោយ​ធម៌​ ​៤​ ​យ៉ាង​ ​តែង​ធ្លាក់ទៅក្នុង​នរក​ ​ដូចជា​គេ​នាំ​យក​ទៅ​ទំលាក់​។​ ​ប្រកបដោយ​ធម៌​ ​៤​ ​យ៉ាង​ ​តើ​ដូចម្តេច​ខ្លះ​។​ ​គឺជា​អ្នកសម្លាប់​សត្វ​មានជីវិត​ ​១​ ​កាន់​យក​ទ្រព្យ​ ​ដែលគេ​មិនបាន​ឲ្យ​ ​១​ ​ប្រព្រឹត្ត​ខុស​ក្នុង​កាម​ទាំងឡាយ​ ​១​ ​និយាយ​ពាក្យ​កុហក​ ​១​។​ ​ម្នាល​ភិក្ខុ​ទាំងឡាយ​ ​បុគ្គល​ប្រកបដោយ​ធម៌​ ​៤​ ​យ៉ាងនេះ​ ​តែង​ធ្លាក់​ប្រូង​ទៅ​ក្នុង​នរក​ ​ដូចជា​គេ​នាំ​យក​ទៅ​ទំលាក់​។​ ​ម្នាល​ភិក្ខុ​ទាំងឡាយ​ ​បុគ្គល​ ​ប្រកបដោយ​ធម៌​ ​៤​ ​យ៉ាង​ ​តែង​ទៅ​កើត​ក្នុង​ឋានសួគ៌​ ​ដូចជា​គេ​នាំ​យក​ទៅ​ដាក់​។​ ​ប្រកបដោយ​ធម៌​ ​៤​ ​យ៉ាង​ ​តើ​ដូចម្តេច​ខ្លះ​។​ ​គឺជា​អ្នក​វៀរចាក​បាណាតិបាត​ ​១​ ​វៀរចាក​អទិន្នាទាន​ ​១​ ​វៀរចាក​កា​មេ​សុ​មិច្ឆាចារ​ ​១​ ​វៀរចាក​មុសាវាទ​ ​១​។​ ​ម្នាល​ភិក្ខុ​ទាំងឡាយ​ ​បុគ្គល​ប្រកបដោយ​ធម៌​ ​៤​ ​យ៉ាងនេះ​ ​តែង​ទៅ​កើត​ក្នុង​ឋានសួគ៌​ ​ដូចជា​គេ​នាំ​យក​ទៅ​ដាក់​។​\n<br>​<span class=\"IncreaseIndent\">&nbsp;</span>[​៨៣​]​ ​ម្នាល​ភិក្ខុ​ទាំងឡាយ​ ​បុគ្គល​ប្រកបដោយ​ធម៌​ ​៤​ ​យ៉ាង​ ​តែង​ធ្លាក់ទៅក្នុង​នរក​ ​ដូចជា​គេ​នាំ​យក​ទៅ​ទំលាក់​។​ ​ប្រកបដោយ​ធម៌​ ​៤​ ​យ៉ាង​ ​តើ​ដូចម្តេច​ខ្លះ​។​ ​គឺជា​អ្នក​និយាយ​ពាក្យ​កុហក​ ​១​ ​និយាយ​ពាក្យ​ញុះញង់​ ​១​ ​និយាយ​ពាក្យ​អាក្រក់​ ​១​ ​ពោល​ពាក្យ​ឥតប្រយោជន៍​ ​១​ ​"
    },
    {
      "header": "ទុតិយបណ្ណាសក",
      "href": "http://ti-kh.org/books?book=42&page=227",
      "text": "អសុរវគ្គ\tទី ៥",
      "detail": "<p class=\"BCenter\">​អសុរ​វគ្គ​</p>\n<br>​<span class=\"IncreaseIndent\">&nbsp;</span>[​៩២​]​ ​ម្នាល​ភិក្ខុ​ទាំងឡាយ​ ​បុគ្គល​ ​៤​ ​ពួក​នេះ​ ​រមែង​មាននៅ​ក្នុង​លោក​។​ ​បុគ្គល​ ​៤​ ​ពួក​ ​តើ​ដូចម្តេច​ខ្លះ​។​ ​គឺ​អសុរ​ ​មាន​អសុរ​ ​ជា​បរិវារ​ ​១​ ​អសុរ​ ​មាន​ទេវតា​ជា​បរិវារ​ ​១​ ​ទេវតា​ ​មាន​អសុរ​ជា​បរិវារ​ ​១​ ​ទេវតា​ ​មាន​ទេវតា​ ​ជា​បរិវារ​ ​១​។​ ​ម្នាល​ភិក្ខុ​ទាំងឡាយ​ ​ចុះ​បុគ្គល​ ​ជា​អសុរ​ ​មាន​អសុរ​ ​ជា​បរិវារ​ ​តើ​ដូចម្តេច​។​ ​ម្នាល​ភិក្ខុ​ទាំងឡាយ​ ​បុគ្គល​ពួក​ខ្លះ​ ​ក្នុង​លោក​នេះ​ ​ជា​អ្នក​ទ្រុស្តសីល​ ​មានធម៌​អាក្រក់​ ​ទាំង​បរិសទ្យ​ ​នៃ​បុគ្គល​នោះ​ ​ក៏​ជា​អ្នក​ ​ទ្រុស្តសីល​ ​មានធម៌​អាក្រក់​ដែរ​។​ ​ម្នាល​ភិក្ខុ​ទាំងឡាយ​ ​បុគ្គល​ជា​អសុរ​ ​មាន​អសុរ​ ​ជា​បរិវារ​ ​យ៉ាងនេះ​ឯង​។​ ​ម្នាល​ភិក្ខុ​ទាំងឡាយ​ ​ចុះ​បុគ្គល​ជា​អសុរ​ ​មាន​ទេវតា​ជា​បរិវារ​ ​តើ​ដូចម្តេច​។​ ​ម្នាល​ភិក្ខុ​ទាំងឡាយ​ ​បុគ្គល​ពួក​ខ្លះ​ ​ក្នុង​លោក​នេះ​ ​ជា​អ្នក​ទ្រុស្តសីល​ ​មានធម៌​អាក្រក់​ ​ប៉ុន្តែ​ឯ​បរិសទ្យ​ ​នៃ​បុគ្គល​នោះ​ ​ជា​អ្នកមានសីល​ ​មានធម៌​ល្អ​។​ ​ម្នាល​ភិក្ខុ​ទាំងឡាយ​ ​បុគ្គល​ជា​អសុរ​ ​មាន​ទេវតា​ជា​បរិវារ​ ​យ៉ាងនេះ​ឯង​។​ ​ម្នាល​ភិក្ខុ​ទាំងឡាយ​ ​ចុះ​បុគ្គល​ ​ជា​ទេវតា​ ​មាន​អសុរ​ជា​បរិវារ​ ​តើ​ដូចម្តេច​។​ ​ម្នាល​ភិក្ខុ​ទាំងឡាយ​ ​បុគ្គល​ពួក​ខ្លះ​ ​ក្នុង​លោក​នេះ​ ​ជា​អ្នកមានសីល​ ​មានធម៌​ល្អ​ ​"
    },
    {
      "header": "តតិយបណ្ណាសក",
      "href": "http://ti-kh.org/books?book=42&page=254",
      "text": "តតិយបណ្ណាសក \tវលាហកវគ្គ\tទី ១",
      "detail": "<p class=\"BCenter\">​ត​តិ​យ​បណ្ណា​សក​\n<br>​វលាហក​វគ្គ​</p>\n<br><span class=\"IncreaseIndent\">&nbsp;</span>​[​១០២​]​ ​សម័យមួយ​ ​ព្រះមានព្រះភាគ​ ​គង់នៅ​ក្នុង​វត្ត​ជេតពន​ ​របស់​អនាថបិណ្ឌិក​សេដ្ឋី​ ​ជិត​ក្រុង​សាវត្ថី​។​ ​ក្នុង​ទីនោះ​ ​ព្រះ​ដ៏​មាន​ព្រះ​ភាគ​ ​ទ្រង់​ត្រាស់​នឹង​ភិក្ខុ​ទាំងឡាយ​ថា​ ​ម្នាល​ភិក្ខុ​ទាំងឡាយ​។​ ​ភិក្ខុ​ទាំងនោះ​ ​ទទួល​ព្រះពុទ្ធដីកា​ ​របស់​ព្រះ​ដ៏​មាន​ព្រះ​ភាគ​ថា​ ​ករុណា​ ​ព្រះអង្គ​។​ ​ព្រះ​ដ៏​មាន​ព្រះ​ភាគ​ ​ទ្រង់​ត្រាស់​ថា​ ​ម្នាល​ភិក្ខុ​ទាំងឡាយ​ ​មេឃ​នេះ​ ​មាន​ ​៤​ ​យ៉ាង​។​ ​មេឃ​ ​៤​ ​យ៉ាង​ ​ដូចម្តេច​ខ្លះ​។​ ​គឺ​មេឃ​គ្រហឹម​ ​ឥត​ភ្លៀង​ ​១​ ​មេឃ​បង្អុរ​ភ្លៀង​ ​ឥត​គ្រហឹម​ ​១​ ​មេឃ​ទាំង​មិន​គ្រហឹម​ ​ទាំង​មិន​បង្អុរ​ភ្លៀង​ ​១​ ​មេឃ​គ្រហឹម​ផង​ ​បង្អុរ​ភ្លៀង​ផង​ ​១​។​ ​ម្នាល​ភិក្ខុ​ទាំងឡាយ​ ​មេឃ​ ​មាន​ ​៤​ ​យ៉ាងនេះ​។​ ​ម្នាល​ភិក្ខុ​ទាំងឡាយ​ ​បុគ្គល​ដែល​ឧបមា​ ​ដោយ​មេឃ​នេះ​ ​មាន​ ​៤​ ​ពួក​ ​រមែង​មាននៅ​ក្នុង​លោក​ ​ដូច្នោះ​ដែរ​។​ ​បុគ្គល​ ​៤​ ​ពួក​ ​តើ​ដូចម្តេច​ខ្លះ​។​ ​គឺ​បុគ្គល​ជា​អ្នក​គ្រហឹម​ ​ឥត​បង្អុរ​ភ្លៀង​ ​១​ ​បង្អុរ​ភ្លៀង​ ​ឥត​គ្រហឹម​ ​១​ ​ទាំង​មិន​គ្រហឹម​ ​ទាំង​មិន​បង្អុរ​ភ្លៀង​ ​១​ ​គ្រហឹម​ផង​ ​បង្អុរ​ភ្លៀង​ផង​ ​១​។​ ​ម្នាល​ភិក្ខុ​ទាំងឡាយ​ ​បុគ្គល​ជា​អ្នក​គ្រហឹម​ ​ឥត​បង្អុរ​ភ្លៀង​ ​តើ​ដូចម្តេច​។​ ​ម្នាល​ភិក្ខុ​ទាំងឡាយ​ ​បុគ្គល​ពួក​ខ្លះ​ ​ក្នុង​លោក​នេះ​ ​ជា​អ្នក​បានតែ​និយាយ​ ​តែ​មិន​ធ្វើ​ ​"
    },
    {
      "header": "តតិយបណ្ណាសក",
      "href": "http://ti-kh.org/books?book=42&page=282",
      "text": "កេសីវគ្គ \tទី ២",
      "detail": "<p class=\"BCenter\">​កេសី​វគ្គ​</p>\n<br>​<span class=\"IncreaseIndent\">&nbsp;</span>[​១១១​]​ ​គ្រានោះ​ ​កេសី​ ​ជា​សារថី​ ​អ្នកបង្ហាត់​សេះ​ ​ដែល​គួរ​បង្ហាត់​ ​ចូល​ទៅ​គាល់​ព្រះ​ដ៏​មាន​ព្រះ​ភាគ​ ​លុះ​ចូល​ទៅដល់​ហើយ​ ​ក៏​ថ្វាយបង្គំ​ព្រះ​ដ៏​មាន​ព្រះ​ភាគ​ ​ហើយ​អង្គុយ​ក្នុង​ទីសម​គួរ​។​ ​លុះ​កេសី​ជា​សារថី​ ​អ្នកបង្ហាត់​សេះ​ដែល​គួរ​បង្ហាត់​ ​អង្គុយ​ក្នុង​ទីសម​គួរ​ហើយ​ ​ទើប​ព្រះ​ដ៏​មាន​ព្រះ​ភាគ​ ​ទ្រង់​ត្រាស់​ដូច្នេះ​ថា​ ​ម្នា​លកេ​សី​ ​ខ្លួន​អ្នក​ ​គេ​តែង​ដឹង​ច្បាស់​ថា​ ​ជា​សារថី​អ្នកបង្ហាត់​សេះ​ ​ដែល​គួរ​បង្ហាត់​ ​ម្នា​លកេ​សី​ ​ចុះ​អ្នកបង្ហាត់​សេះ​ ​ដែល​គួរ​បង្ហាត់​ ​ដូចម្តេច​។​ ​បពិត្រ​ព្រះអង្គ​ដ៏​ចំរើន​ ​ខ្ញុំ​ព្រះអង្គ​បង្ហាត់​សេះ​ ​ដែល​គួរ​បង្ហាត់​ ​ដោយ​ល្អ​ខ្លះ​ ​ដោយ​អាក្រក់​ខ្លះ​ ​ដោយ​ល្អ​ ​និង​អាក្រក់​ខ្លះ​។​ ​ម្នា​លកេ​សី​ ​ប្រសិនបើ​សេះ​ ​ដែល​គួរ​បង្ហាត់​របស់​អ្នក​ ​ប្រើ​វិធី​បង្ហាត់​ដោយ​ល្អ​ ​ក៏​មិនបាន​ ​ប្រើ​វិធី​បង្ហាត់​ដោយ​អាក្រក់​ ​ក៏​មិនបាន​ ​ប្រើ​វិធី​បង្ហាត់​ដោយ​ល្អ​ ​និង​អាក្រក់​ ​ក៏​មិនបាន​ ​ចុះ​អ្នកធ្វើ​សេះ​នោះ​ ​ដូចម្តេច​ទៅវិញ​។​ ​បពិត្រ​ព្រះអង្គ​ដ៏​ចំរើន​ ​ប្រសិនបើ​សេះ​ដែល​គួរ​បង្ហាត់​ ​របស់ខ្ញុំ​ព្រះអង្គ​ ​ប្រើ​វិធី​បង្ហាត់​ដោយ​ល្អ​ ​ក៏​មិនបាន​ ​ប្រើ​វិធី​បង្ហាត់​ដោយ​អាក្រក់​ ​ក៏​មិនបាន​ ​ប្រើ​វិធី​បង្ហាត់​ដោយ​ល្អ​ ​និង​អាក្រក់​ក៏​មិនបាន​ ​បពិត្រ​ព្រះអង្គ​ដ៏​ចំរើន​ ​ខ្ញុំ​ព្រះអង្គ​ក៏​សម្លាប់​សេះ​នោះ​ចោល​។​ ​ដំណើរ​នោះ​ ​ព្រោះ​ហេតុអ្វី​។​ ​"
    },
    {
      "header": "តតិយបណ្ណាសក",
      "href": "http://ti-kh.org/books?book=42&page=305",
      "text": "ភយវគ្គ\tទី ៣",
      "detail": "<p class=\"BCenter\">​ភយ​វគ្គ​</p>\n<br>​<span class=\"IncreaseIndent\">&nbsp;</span>[​១២១​]​ ​ម្នាល​ភិក្ខុ​ទាំងឡាយ​ ​ភ័យ​នេះ​ ​មាន​ ​៤​ ​យ៉ាង​។​ ​ភ័យ​ ​៤​ ​យ៉ាង​ ​ដូចម្តេច​ខ្លះ​។​ ​គឺ​ ​អត្តានុវាទ​ភ័យ​ ​(​ភ័យ​អំពី​ការ​តិះដៀល​ខ្លួនឯង​)​ ​១​ ​បរា​នុ​វាទ​ភ័យ​ ​(​ភ័យ​អំពី​ការ​តិះដៀល​ ​របស់​បុគ្គល​ដទៃ​)​ ​១​ ​ទណ្ឌ​ភ័យ​ ​(​ភ័យ​អំពី​ទណ្ឌកម្ម​)​ ​១​ ​ទុគ្គតិ​ភ័យ​ ​(​ភ័យ​អំពី​ទុគ្គតិ​ ​គឺ​អបាយ​ទាំងបួន​)​ ​១​។​ ​ម្នាល​ភិក្ខុ​ទាំងឡាយ​ ​ចុះ​អត្តានុវាទ​ភ័យ​ ​តើ​ដូចម្តេច​។​ ​ម្នាល​ភិក្ខុ​ទាំងឡាយ​ ​បុគ្គល​ពួក​ខ្លះ​ ​ក្នុង​លោក​នេះ​ ​ពិចារណា​ដូច្នេះ​ថា​ ​ប្រសិនបើ​ខ្លួន​អញ​ ​ប្រព្រឹត្ត​ទុច្ចរិត​ដោយ​កាយ​ ​ប្រព្រឹត្ត​ទុច្ចរិត​ដោយ​វាចា​ ​ប្រព្រឹត្ត​ទុច្ចរិត​ដោយចិត្ត​ ​តើ​ខ្លួន​អញ​ ​នឹង​មិន​តិះដៀល​ខ្លួនឯង​ ​ព្រោះ​សីល​ទេ​ឬ​ ​បុគ្គល​នោះ​ ​ក៏​ខ្លាច​ចំពោះ​ភ័យ​ ​ដែល​កើតឡើង​ ​អំពី​ការ​តិះដៀល​ខ្លួនឯង​ ​ហើយ​លះបង់​កាយទុច្ចរិត​ ​ចំរើន​កាយសុចរិត​ ​លះបង់​វចីទុច្ចរិត​ ​ចំរើន​វចីសុចរិត​ ​លះបង់​មនោ​ទុច្ចរិត​ ​ចំរើន​មនោសុចរិត​ ​ត្រឡប់​រក្សាខ្លួន​ឲ្យ​ស្អាត​វិញ​។​ ​ម្នាល​ភិក្ខុ​ទាំងឡាយ​ ​នេះ​ហៅថា​ ​អត្តានុវាទ​ភ័យ​។​ ​ម្នាល​ភិក្ខុ​ទាំងឡាយ​ ​ចុះ​បរា​នុ​វាទ​ភ័យ​ ​តើ​ដូចម្តេច​។​ ​ម្នាល​ភិក្ខុ​ទាំងឡាយ​ ​បុគ្គល​ខ្លះ​ ​ក្នុង​លោក​នេះ​ ​ពិចារណា​ដូច្នេះ​ថា​ ​ប្រសិនបើ​ ​អញ​ប្រព្រឹត្ត​ទុច្ចរិត​ដោយ​កាយ​ ​"
    },
    {
      "header": "តតិយបណ្ណាសក",
      "href": "http://ti-kh.org/books?book=42&page=340",
      "text": "បុគ្គលវគ្គ\tទី ៤",
      "detail": "<p class=\"BCenter\">​បុគ្គល​វគ្គ​</p>\n<br><span class=\"IncreaseIndent\">&nbsp;</span>​[​១៣១​]​ ​ម្នាល​ភិក្ខុ​ទាំងឡាយ​ ​បុគ្គល​ ​៤​ ​ពួក​នេះ​ ​រមែង​មាន​ប្រាកដ​ក្នុង​លោក​។​ ​បុគ្គល​ ​៤​ ​ពួក​ ​តើ​ដូចម្តេច​ខ្លះ​។​ ​ម្នាល​ភិក្ខុ​ទាំងឡាយ​ ​បុគ្គល​ខ្លះ​ ​ក្នុង​លោក​នេះ​ ​មិនទាន់​បាន​លះបង់​ឱ​រម្ភា​គិ​យស​ញ្ញោ​ជនៈ​ ​មិនទាន់​លះបង់​ឧប្បត្តិ​ប្ប​ដិ​លា​ភិក​សញ្ញោជនៈ​ ​(​សំយោជនៈ​ ​ជា​បច្ច័យ​ដើម្បី​បាន​នូវ​ឧប​បត្តិ​ភព​)​ ​មិនទាន់​បាន​លះបង់​ភវ​ប្ប​ដិ​លា​ភិក​សញ្ញោជនៈ​ ​(​សំយោជនៈ​ ​ជា​បច្ច័យ​ ​ដើម្បី​បាន​នូវ​ភព​)​។​ ​ម្នាល​ភិក្ខុ​ទាំងឡាយ​ ​មួយទៀត​ ​បុគ្គល​ខ្លះ​ ​ក្នុង​លោក​នេះ​ ​បាន​លះបង់​ឱ​រម្ភា​គិ​យស​ញ្ញោ​ជនៈ​ ​តែ​មិនទាន់​បាន​លះបង់​ឧប្បត្តិ​ប្ប​ដិ​លា​ភិក​សញ្ញោជនៈ​ ​មិនទាន់​បាន​លះបង់​ភវ​ប្ប​ដិ​លា​ភិក​សញ្ញោជនៈ​។​"
    },
    {
      "header": "តតិយបណ្ណាសក",
      "href": "http://ti-kh.org/books?book=42&page=353",
      "text": "អាភាវគ្គ ទី៥",
      "detail": "<p class=\"BCenter\">​អាភា​វគ្គ​</p>\n<br>​<span class=\"IncreaseIndent\">&nbsp;</span>[​១៤១​]​ ​ម្នាល​ភិក្ខុ​ទាំងឡាយ​ ​ពន្លឺ​នេះ​ ​មាន​ ​៤​ ​យ៉ាង​។​ ​ពន្លឺ​ ​៤​ ​យ៉ាង​ ​តើ​ដូចម្តេច​ខ្លះ​។​ ​គឺ​ ​ពន្លឺ​ព្រះ​ចន្រ្ទ​ ​១​ ​ពន្លឺ​ព្រះអាទិត្យ​ ​១​ ​ពន្លឺភ្លើង​ ​១​ ​ពន្លឺ​ ​ប្រាជ្ញា១​។​ ​ម្នាល​ភិក្ខុ​ទាំងឡាយ​ ​ពន្លឺ​ ​៤​ ​យ៉ាងនេះ​ឯង​។​ ​ម្នាល​ភិក្ខុ​ទាំងឡាយ​ ​បណ្តា​ពន្លឺ​ទាំង​ ​៤​ ​នេះ​ ​ពន្លឺ​ដែល​ប្រសើរ​នុ៎ះ​ ​គឺ​ពន្លឺ​ប្រាជ្ញា​។​\n<br>​<span class=\"IncreaseIndent\">&nbsp;</span>[​១៤២​]​ ​ម្នាល​ភិក្ខុ​ទាំងឡាយ​ ​រស្មី​នេះ​ ​មាន​ ​៤​ ​យ៉ាង​។​ ​រស្មី​ ​៤​ ​យ៉ាង​ ​តើ​ដូចម្តេច​ខ្លះ​។​ ​គឺ​ ​រស្មី​ព្រះ​ចន្រ្ទ​ ​១​ ​រស្មី​ព្រះអាទិត្យ​ ​១​ ​រស្មី​ភ្លើង​ ​១​ ​រស្មី​ប្រាជ្ញា​ ​១​។​ ​ម្នាល​ភិក្ខុ​ទាំងឡាយ​ ​បណ្តា​រស្មី​ទាំង​ ​៤​ ​នេះ​ ​រស្មី​ដែល​ប្រសើរ​នុ៎ះ​ ​គឺ​ ​រស្មី​ប្រាជ្ញា​។​\n<br>​<span class=\"IncreaseIndent\">&nbsp;</span>[​១៤៣​]​ ​ម្នាល​ភិក្ខុ​ទាំងឡាយ​ ​សេចក្តី​រុងរឿង​នេះ​ ​មាន​ ​៤​ ​យ៉ាង​ ​សេចក្តី​រុងរឿង​ ​៤​ ​យ៉ាង​ ​តើ​ដូចម្តេច​ខ្លះ​។​ ​គឺ​ ​សេចក្តី​រុងរឿង​ ​នៃ​ព្រះ​ចន្រ្ទ​ ​១​ ​សេចក្តី​រុងរឿង​នៃ​ព្រះអាទិត្យ​ ​១​ ​សេចក្តី​រុងរឿង​នៃ​ភ្លើង​ ​១​ ​សេចក្តី​រុងរឿង​ ​នៃ​ប្រាជ្ញា​ ​១​។​ ​ម្នាល​ភិក្ខុ​ទាំងឡាយ​ ​សេចក្តី​រុងរឿង​ ​៤​ ​យ៉ាងនេះ​ឯង​។​ ​ម្នាល​ភិក្ខុ​ទាំងឡាយ​ ​បណ្តា​សេចក្តី​រុងរឿង​ទាំង​ ​៤​ ​នេះ​ ​សេចក្តី​រុងរឿង​ ​ដែល​ប្រសើរ​នុ៎ះ​ ​គឺ​សេចក្តី​រុងរឿង​នៃ​ប្រាជ្ញា​។​"
    }
  ]
}