{
  "title": "ភាគ ៨៩",
  "imageSrc": "photos/Book_89.jpg",
  "href": "http://ti-kh.org/books?book=89",
  "contents": [
    {
      "header": "អភិធម្មបិដក\nយមកៈ  តតិយភាគ\n\nអនុសយយមកៈ",
      "href": "http://ti-kh.org/books?book=89&page=2",
      "text": "អនុសយវារៈ",
      "detail": "វិ​ចិ​កិ​ច្ឆា​នុ​ស័យ ដេក​សម្ងំ​នៅ ក្នុង​ទីណា។ វិ​ចិ​កិ​ច្ឆា​នុ​ស័យ ដេក​សម្ងំ​នៅ ក្នុង​ពួក​ធម៌ ដែល​រាប់បញ្ចូល​ក្នុង​សក្កា​យទាំងអស់​នុ៎ះ។ ភវ​រាគានុស័យ ដេក​សម្ងំ​នៅ ក្នុង​ទីណា។ ភវ​រាគានុស័យ ដេក​សម្ងំ​នៅ ក្នុង​រូបធាតុ និង​ក្នុង​អរូបធាតុ​នុ៎ះ។ អវិ​ជ្ជានុ​ស័យ ដេក​សម្ងំ​នៅ ក្នុង​ទីណា។ អវិ​ជ្ជានុ​ស័យ ដេក​សម្ងំ​នៅ ក្នុង​ពួក​ធម៌ ដែល​រាប់បញ្ចូល​ក្នុង​សក្កា​យទាំងអស់​នុ៎ះ។\n<br>អនុ​សយ​វារៈ\n<br><span class=\"IncreaseIndent\">&nbsp;</span>[២] កាមរាគានុស័យ របស់​បុគ្គល​ណា ដេក​សម្ងំ​នៅ (គឺ​កើតមាន) បដិ​ឃានុ​ស័យ របស់​បុគ្គល​នោះ ដេក​សម្ងំ​នៅ​ដែរ​ឬ។ អើ។ មួយ​យ៉ាង​ទៀត បដិ​ឃានុ​ស័យ របស់​បុគ្គល​ណា ដេក​សម្ងំ​នៅ កាមរាគានុស័យ របស់​បុគ្គល​នោះ ដេក​សម្ងំ​នៅ​ដែរ​ឬ។ អើ។ កាមរាគានុស័យ របស់​បុគ្គល​ណា ដេក​សម្ងំ​នៅ មា​នា​នុ​ស័យ របស់​បុគ្គល​នោះ ដេក​សម្ងំ​នៅ​ដែរ​ឬ។ អើ។ មួយ​យ៉ាង​ទៀត មា​នា​នុ​ស័យ របស់​បុគ្គល​ណា ដេក​សម្ងំ​នៅ កាមរាគានុស័យ របស់​បុគ្គល​នោះ ដេក​សម្ងំ​នៅ​ដែរ​ឬ។"
    },
    {
      "header": "អភិធម្មបិដក\nយមកៈ  តតិយភាគ\n\nអនុសយយមកៈ",
      "href": "http://ti-kh.org/books?book=89&page=108",
      "text": "សានុសយវារៈ",
      "detail": "<p class=\"BCenter\">សានុ​សយ​វារៈ</p>\n<br><span class=\"IncreaseIndent\">&nbsp;</span>[៦៨] បុគ្គល​ណា ប្រកបដោយ​អនុស័យ ដោយ​កាមរាគានុស័យ បុគ្គល​នោះ ប្រកបដោយ​អនុស័យ ដោយ​បដិ​ឃានុ​ស័យ​ដែរ​ឬ។ អើ។ មួយ​យ៉ាង​ទៀត បុគ្គល​ណា ប្រកបដោយ​អនុស័យ ដោយ​បដិ​ឃានុ​ស័យ បុគ្គល​នោះ ប្រកបដោយ​អនុស័យ ដោយ​កាមរាគានុស័យ​ដែរ​ឬ។ អើ។ បុគ្គល​ណា ប្រកបដោយ​អនុស័យ ដោយ​កាមរាគានុស័យ បុគ្គល​នោះ ប្រកបដោយ​អនុស័យ ដោយ​មា​នា​នុ​ស័យ​ដែរ​ឬ។ អើ។ មួយ​យ៉ាង​ទៀត បុគ្គល​ណា ប្រកបដោយ​អនុស័យ ដោយ​មា​នា​នុ​ស័យ បុគ្គល​នោះ ប្រកបដោយ​អនុស័យ ដោយ​កាមរាគានុស័យ​ដែរ​ឬ។ អនាគាមិ​បុគ្គល ប្រកបដោយ​អនុស័យ ដោយ​មា​នា​នុ​ស័យ តែ​មិន​ប្រកបដោយ​អនុស័យ ដោយ​កាមរាគានុស័យ​ទេ បុគ្គល ៣ ពួក (បុថុជ្ជន សោតាបន្ន​បុគ្គល និង​សកទាគាមិ​បុគ្គល) ប្រកបដោយ​អនុស័យ ដោយ​មា​នា​នុ​ស័យ​ផង ប្រកបដោយ​អនុស័យ ដោយ​កាមរាគានុស័យ​ផង។ បុគ្គល​ណា ប្រកបដោយ​អនុស័យ ដោយ​កាមរាគានុស័យ បុគ្គល​នោះ ប្រកបដោយ​អនុស័យ ដោយ​ទិ​ដ្ឋានុ​ស័យ។បេ។ ប្រកបដោយ​អនុស័យ ដោយ​វិ​ចិ​កិ​ច្ឆា​នុ​ស័យ​ដែរ​ឬ។"
    },
    {
      "header": "អភិធម្មបិដក\nយមកៈ  តតិយភាគ\n\nអនុសយយមកៈ",
      "href": "http://ti-kh.org/books?book=89&page=220",
      "text": "បជហនវារៈ",
      "detail": "ព្រះអរហន្ត មិន​មាន​អនុស័យ ដោយ​កាមរាគានុស័យ ដោយ​បដិ​ឃានុ​ស័យ ដោយ​មា​នា​នុ​ស័យ ដោយ​ទិ​ដ្ឋានុ​ស័យ ដោយ​វិ​ចិ​កិ​ច្ឆា​នុ​ស័យ និង​ដោយ​ភវ​រាគានុស័យ​ផង មិន​មាន​អនុស័យ ដោយ​វិ​ចិ​កិ​ច្ឆា​នុ​ស័យ​ផង ក្នុង​ទី​ទាំងអស់។ មួយ​យ៉ាង​ទៀត បុគ្គល​ណា មិន​មាន​អនុស័យ ដោយ​អវិ​ជ្ជានុ​ស័យ ក្នុង​ទីណា បុគ្គល​នោះ មិន​មាន​អនុស័យ ដោយ​កាមរាគានុស័យ ដោយ​បដិ​ឃានុ​ស័យ ដោយ​មា​នា​នុ​ស័យ ដោយ​ទិ​ដ្ឋានុ​ស័យ ដោយ​វិ​ចិ​កិ​ច្ឆា​នុ​ស័យ និង​ដោយ​ភវ​រាគានុស័យ ក្នុង​ទីនោះ​ដែរ​ឬ។ អើ។\n<br>ចប់ សានុ​សយ​វារៈ។\n<br><span class=\"IncreaseIndent\">&nbsp;</span>[១៣៤] បុគ្គល​ណា លះបង់​កាមរាគានុស័យ បុគ្គល​នោះ លះបង់​បដិ​ឃានុ​ស័យ​ដែរ​ឬ។ អើ។ មួយ​យ៉ាង​ទៀត បុគ្គល​ណា លះបង់​បដិ​ឃានុ​ស័យ បុគ្គល​នោះ លះបង់​កាមរាគានុស័យ​ដែរ​ឬ។ អើ។ បុគ្គល​ណា លះបង់​កាមរាគានុស័យ បុគ្គល​នោះ លះបង់​មា​នា​នុ​ស័យ​ដែរ​ឬ។ បុគ្គល​នោះ លះបង់​កិលេស ដែល​តាំងនៅ​ជាមួយនឹង​អនុស័យ​នោះ។ មួយ​យ៉ាង​ទៀត បុគ្គល​ណា លះបង់​មា​នា​នុ​ស័យ បុគ្គល​នោះ លះបង់​កាមរាគានុស័យ​ដែរ​ឬ។"
    }
  ]
}