{
  "title": "ភាគ ៦៨",
  "imageSrc": "photos/Book_68.jpg",
  "href": "http://ti-kh.org/books?book=68",
  "contents": [
    {
      "header": "សុត្តន្តបិដក\nខុទ្ទកនិកាយ  ចូឡនិទ្ទេស\nទុតិយភាគ",
      "href": "http://ti-kh.org/books?book=68&page=1",
      "text": "ចូឡនិទ្ទេស \t\tឧទយមាណវកប្បញ្ហានិទ្ទេស ទី ១៣",
      "detail": "<div style=\"text-align: center\">សុត្តន្ត​បិដក\n<br>ខុទ្ទកនិកាយ ចូឡ​និ​ទេ្ទស​\n<br>ទុតិយភាគ​\n<br>ឧទយ​មាណវ​កប្ប​ញ្ហា​និ​ទេ្ទស​</div><div class=\"ContentTab\">[១] (ឧទយៈ​មាន​អាយុ​ ក្រាបទូល​ដូ​ចេ្នះ​ថា​) ខ្ញុំ​ព្រះអង្គ​ជា​អ្នក​ត្រូវការ​ដោយ​ប្រស្នា​ ទើប​មក​គាល់ (ដើម្បី​សួ​រ) ព្រះអង្គ​ជា​អ្នកមាន​ឈាន មាន​ព្រះ​សន្តាន​ប្រាសចាក​ធូលី ទ្រង់​គង់នៅ ទ្រង់​មាន​កិច្ច​ធើ្វ​រួចហើយ​ មិន​មាន​អាសវៈ​ ទ្រង់​ដល់​នូវ​ត្រើយ​នៃ​ធម៌​ទាំងពួង សូម​ព្រះអង្គ​សំ​ដែង​អញ្ញា​វិមោក្ខ ជា​គ្រឿង​ទម្លាយ​អវិជ្ជា។</div>\n<br><span class=\"IncreaseIndent\">&nbsp;</span>[២] អធិប្បាយ​ពាក្យ​ថា ជា​អ្នកមាន​ឈាន មាន​ព្រះ​សន្តា​នបា្រស​ចាក​ធូលី ទ្រង់​គង់នៅ​ ត្រង់​ពាក្យ​ថា​ មាន​ឈាន គឺ​ព្រះមានព្រះភាគ មាន​ឈាន​ដោយ​បឋមជ្ឈាន​ផង​ មាន​ឈាន​ដោយ​ទុតិយជ្ឈាន​ផង មាន​ឈាន​ដោយ​តតិយជ្ឈាន​ផង មាន​ឈាន​ដោយ​ចតុត្ថជ្ឈាន​ផង មាន​ឈាន​ដោយ​ឈាន​ប្រកបដោយ​វិតក្កៈ​ និង​វិចារៈ​ផង"
    },
    {
      "header": "សុត្តន្តបិដក\nខុទ្ទកនិកាយ  ចូឡនិទ្ទេស\nទុតិយភាគ",
      "href": "http://ti-kh.org/books?book=68&page=23",
      "text": "បោសាលមាណវកប្បញ្ហានិទ្ទេស ទី ១៤",
      "detail": "<p class=\"BCenter\">បោ​សាល​មាណវ​កប្ប​ញ្ហា​និ​ទេ្ទស ទី១៤​</p>\n<br><div class=\"ContentTab\">[៣៥​] (បោ​សា​លៈ​មាន​អាយុ ក្រាបទូល​ដូច្នេះ​ថា​) ព្រះមានព្រះភាគ​អង្គ​ណា​ ពោល​អាង​កាល​ជា​អតីត មិន​មាន​សេចក្តី​ញាប់ញ័រ​ ទ្រង់​កាត់សេចក្តី​សង្ស័យ ទ្រង់​ដល់ត្រើយ​នៃ​ធម៌​ទាំងពួង​ហើយ​ ​ពួក​ខ្ញុំ​ព្រះអង្គ​ជា​អ្នក​ត្រូវការ​ដោយ​ប្រស្នា​ ទើប​មក​គាល់ (ដើម្បី​ទូល​សួរ​ព្រះមានព្រះភាគ​នោះ​)។</div>\n<br><span class=\"IncreaseIndent\">&nbsp;</span>[៣៦​] អធិប្បាយ​ពាក្យ​ថា ព្រះមានព្រះភាគ​អង្គ​ណា​ ពោល​អាង​កាល​ជា​អតីត ត្រង់​ពាក្យ​ថា អង្គ​ណា សំដៅ​ដល់​ព្រះមានព្រះភាគ​ ព្រះអង្គ​ត្រាស់​ដឹង​ឯង ឥតមាន​អាចារ្យ បាន​ត្រាស់​ដឹង​សច្ចៈ​ទាំងឡាយ ដោយ​ព្រះអង្គ​ឯង​ ក្នុង​ធម៌​ដែល​ព្រះអង្គ​មិនធ្លាប់​បាន​ស្ដាប់​មក​ក្នុង​កាលមុន ទ្រង់​សម្រេច​សព្វញ្ញុតញ្ញាណ​ក្នុង​ធម៌​ទាំងឡាយ​នោះ​ផង សម្រេច​នូវ​ភាព​ស្ទាត់​ក្នុង​ពល​ធម៌​ទាំងឡាយ​ផង។ ពាក្យ​ថា​ ទ្រង់​ពោល​អាង​កាល​ជា​អតីត បាន​ដល់ ព្រះមានព្រះភាគ ទ្រង់​ពោល​អាង​កាល​ជា​អតីត​ផង​ ទ្រង់​ពោល​អាង​កាល​ជា​អនាគត​ផង ទ្រង់​ពោល​អាង​កាល​ជា​បច្ចុប្បន្ន​ផង របស់​ព្រះអង្គ​ និង​ពួក​សត្វ​ដទៃ។\n<br><span class=\"IncreaseIndent\">&nbsp;</span>ព្រះមានព្រះភាគ ទ្រង់​ពោល​អាង​កាល​ជា​អតីត​របស់​ព្រះអង្គ​ តើ​ដូចម្ដេច។ ព្រះមានព្រះភាគ ទ្រង់​ពោល​អាង​អតីតជាតិ​របស់​ព្រះអង្គ​ ១ ជាតិ​ខ្លះ​ ទ្រង់​ពោល​អាង ២ ជាតិ​ខ្លះ​ ទ្រង់​ពោល​អាង​ ៣ ជាតិ​ខ្លះ​ ទ្រង់​ពោល​អាង ៤ ជាតិ​ខ្លះ​ ទ្រង់​ពោល​អាង ៥ ជាតិ​ខ្លះ​ ទ្រង់​ពោល​អាង ១០​ ជាតិ​ខ្លះ"
    },
    {
      "header": "សុត្តន្តបិដក\nខុទ្ទកនិកាយ  ចូឡនិទ្ទេស\nទុតិយភាគ",
      "href": "http://ti-kh.org/books?book=68&page=45",
      "text": "មោឃរាជមាណវកប្បញ្ហានិទ្ទេស ទី ១៥",
      "detail": "<p class=\"BCenter\">មោឃ​រាជ​មា​ណវក​ប្ប​ញ្ហា​និទ្ទេស ទី១៥​</p>\n<br><div class=\"ContentTab\">[៥៨​] (មោឃ​រាជ​មាន​អាយុ ទូល​ដូច្នេះ​ថា​) បពិត្រ​ព្រះអង្គ​ជា​សក្កៈ​ ខ្ញុំ​ព្រះអង្គ​បាន​ទូល​សួរ អស់​វារៈ​ពីរ​ដង​រួចហើយ ព្រះអង្គ​មាន​ចក្ខុ ទ្រង់​មិនទាន់​ដោះស្រាយ​ចំពោះ​ខ្ញុំ​ព្រះអង្គ​នៅឡើយ​ ខ្ញុំ​ព្រះអង្គ​បានឮ​ថា ព្រះអង្គ​ជា​ទេវ​ឫសី (កាលបើ​មាន​គេ​សាកសួរ​) អស់​វារៈ​បីដង ទ្រង់​តែងតែ​ព្យាករ​ពុំខាន។</div>\n<br><span class=\"IncreaseIndent\">&nbsp;</span>[៥៩​] ពាក្យ​ថា បពិត្រ​ព្រះអង្គ​ជា​សក្កៈ ខ្ញុំ​ព្រះអង្គ​បាន​ទូល​សួរ​អស់​វារៈ​ពីរ​ដង​រួច​ហើយ អធិប្បាយ​ថា​ ព្រាហ្មណ៍​នោះ បាន​ទូល​សួរ​ប្រស្នា​ចំពោះ​ព្រះពុទ្ធ​មាន​ព្រះ​ភាគ អស់​វារៈ​ពីរ​ដង​រួចហើយ​ តែ​ព្រះមានព្រះភាគ កាល​ព្រាហ្មណ៍​នោះ​ សួរ​ប្រស្នា​ហើយ ទ្រង់​មិនទាន់​ព្យាករ​នៅឡើយ ដោយ​ទ្រង់ព្រះតម្រិះ​ថា​ ព្រាហ្មណ៍​នេះ នឹង​មាន​ឥន្រ្ទិយ​ចាស់​ក្លា ក្នុង​កាល​ជាលំដាប់​ស្មើ​នៃ​ធម្មចក្ខុ។ ពាក្យ​ថា បពិត្រ​ព្រះអង្គ​ជា​សក្កៈ គឺ​ព្រះមានព្រះភាគ ឈ្មោះថា​សក្កៈ។ ដែល​ព្រះមានព្រះភាគ​ឈ្មោះ​សក្កៈ​ ព្រោះ​ហេតុ​ទ្រង់​ចេញ​ចាក​សក្យត្រកូល​ហើយ​បួស​ក៏បាន។ ឬថា​ ឈ្មោះ​សក្កៈ ព្រោះ​ហេតុ​ទ្រង់​ស្តុកស្តម្ភ មានទ្រព្យ​ច្រើន​ មាន​ធនធាន​ ក៏បាន។ នេះ​ទ្រព្យរបស់​ព្រះអង្គ គឺ ទ្រព្យ​គឺ​សទ្ធា​ ទ្រព្យ​គឺ​សីល ទ្រព្យ​គឺ​ហិរិ ទ្រព្យ​គឺ​ឱត្ត​ប្បៈ​ ទ្រព្យ​គឺ​សុតៈ ទ្រព្យ​គឺ​ចាគៈ​"
    },
    {
      "header": "សុត្តន្តបិដក\nខុទ្ទកនិកាយ  ចូឡនិទ្ទេស\nទុតិយភាគ",
      "href": "http://ti-kh.org/books?book=68&page=85",
      "text": "បិង្គិយមាណវកប្បញ្ហានិទ្ទេស ទី១៦",
      "detail": "<p class=\"BCenter\">បិ​ង្គិ​យមា​ណវក​ប្ប​ញ្ហា​និ​ទេ្ទស ទី១៦​</p>\n<br><div class=\"ContentTab\">[៧៩​] (បិ​ង្គិយៈ​មាន​អាយុ ក្រាបទូល​ដូច្នេះ​ថា​) ខ្ញុំ​ព្រះអង្គ​ជា​មនុស្ស​គ្រាំគ្រា​ មាន​កំឡាំង​ខ្សោយ ប្រាសចាក​សម្បុរ ទាំង​ភ្នែក​ក៏​មិន​ស្អាត ការ​ស្ដាប់<sup>​(១)</sup> ក៏​មិន​ស្រួល សូមកុំ​ឲ្យ​ខ្ញុំ​ព្រះអង្គ​ជា​បុគ្គល​វង្វេង ខូច​ក្នុង​ចន្លោះ​ឡើយ ខ្ញុំ​ព្រះអង្គ​គប្បី​ដឹង​ធម៌​ណា​ ដែល​ជា​គ្រឿង​លះបង់​ជាតិ​ និ​ងជរា ក្នុង​ទីនេះ សូម​ព្រះអង្គ​ត្រាស់​ប្រាប់​ធម៌​នោះ​ឲ្យ​ទាន។</div>\n<br>\n<br><span class=\"IncreaseIndent\"> </span>[៨០​] ពាក្យ​ថា ខ្ញុំ​ព្រះអង្គ​ជា​មនុស្ស​គ្រាំគ្រា មាន​កំឡាំង​ខ្សោយ ប្រាសចាក​សម្បុរ គឺ​ជា​មនុស្ស​គ្រាំគ្រា​ចម្រើន​ហើយ​ មាន​អាយុ​ច្រើន រស់នៅ​បាន​យូរឆ្នាំមកហើយ មាន​វ័យ​ដល់ហើយ​តាមលំដាប់​ មាន​អាយុ​ ១២០​ ឆ្នាំ​ អំពី​កំណើត។ ពាក្យ​ថា មាន​កំឡាំង​ខ្សោយ គឺ​មាន​កំឡាំង​ថយ​ មាន​កំឡាំង​កាយ​តិច​ មាន​កំឡាំង​ចិត្តតិច។ ពាក្យ​ថា ប្រាសចាក​សម្បុរ​ គឺ​ប្រាសចាក​សម្បុរ​ បាត់​សម្បុរ ពន្លឺ​សម្បុរ​ដ៏​ល្អ​ណា មាន​ក្នុង​កាលមុន ពន្លឺ​សម្បុរ​ដ៏​ល្អ​នោះ​ បាត់​ទៅ ទោស​ក៏​កើត​ប្រាកដ​ ហេតុ​នោះ (លោក​ពោល​ថា​) ខ្ញុំ​ព្រះអង្គ​ជា​មនុស្ស​គ្រាំគ្រា មាន​កំឡាំង​ខ្សោយ ប្រាសចាក​សម្បុរ។ ពាក្យ​ថា​ បិ​ង្គិយៈ​មាន​អាយុ​ក្រាបទូល​ដូច្នេះ ត្រង់​ពាក្យ​ថា ដូច្នេះ គឺជា​ការ​តបទ។ ពាក្យ​ថា​ មាន​អាយុ គឺ​ពាក្យជា​ទីស្រឡាញ់។<hr><div style=\"font-size: 14px\">(១) ត្រចៀក​</div>"
    },
    {
      "header": "សុត្តន្តបិដក\nខុទ្ទកនិកាយ  ចូឡនិទ្ទេស\nទុតិយភាគ",
      "href": "http://ti-kh.org/books?book=68&page=101",
      "text": "សោឡសមាណវកប្បញ្ហានិទ្ទេស",
      "detail": "<p class=\"BCenter\">សោឡស​មាណវ​កប្ប​ញ្ហា​និគម​និទ្ទេស​</p>\n<br><div class=\"ContentTab\">[១០០​] ព្រះមានព្រះភាគ កាល​គង់នៅ​នា​បា​សា​ណកចេ​តិ​យក្នុងម​គធជនបទ ទ្រង់​បាន​សំដែងធម៌​នេះ​ កាល​ព្រាហ្មណ៍​ទាំង ១៦ ជា​អ្នកបំរើ (នៃ​ពាវ​រី​ព្រាហ្មណ៍​) អារាធនា​សួ​រហើយ​ៗ ព្រះអង្គ​ក៏បាន​ទ្រង់​ដោះស្រាយ​ប្រស្នា។</div>\n<br><span class=\"IncreaseIndent\">&nbsp;</span>[១០១​] ពាក្យ​ថា ព្រះមានព្រះភាគ ទ្រង់​បាន​សំដែងធម៌​នេះ​ គឺ​បាន​សំដែង​បារាយ​នៈ​នេះ។ ពាក្យ​ថា​ ព្រះមានព្រះភាគ នុ៎ះ​ជា​ពាក្យ​ពោល​ដោយ​គោរព។បេ។ បញ្ញត្តិ​ថា ព្រះមានព្រះភាគ​នេះ​ (កើត​) ព្រោះ​ការ​ត្រាស់​ដឹង​ ហេតុ​នោះ (លោក​ពោល​ថា​) ព្រះមានព្រះភាគ​ទ្រង់​បាន​សំដែងធម៌​នេះ។\n<br><span class=\"IncreaseIndent\">&nbsp;</span>[១០២​] ពាក្យ​ថា កាល​គង់នៅ​ក្នុង​មគធ​ជនបទ គឺ​ក្នុង​ជនបទ​មានឈ្មោះ​ថា មគ​ធៈ​។ ពាក្យ​ថា​ កាល​គង់នៅ គឺ​កាល​ឋិតនៅ ប្រព្រឹត្ត រក្សា យាត្រា ឲ្យ​យាត្រា​ទៅ។ ពាក្យ​ថា បា​សា​ណកចេតិយ សេចក្តី​ថា​ ពុទ្ធាសនៈ លោក​ហៅថា បា​សា​ណកចេតិយ ហេតុ​នោះ (លោក​ពោល​ថា​) កាល​គង់នៅ​នា​បា​សា​ណកចេតិយ ក្នុង​មគធ​ជនបទ។"
    },
    {
      "header": "សុត្តន្តបិដក\nខុទ្ទកនិកាយ  ចូឡនិទ្ទេស\nទុតិយភាគ",
      "href": "http://ti-kh.org/books?book=68&page=191",
      "text": "ខគ្គវិសាណសុត្តនិទ្ទេស",
      "detail": "<p class=\"BCenter\">ខគ្គ​វិ​សាណ​សុត្ត​និទ្ទេស​</p>\n<br><div class=\"ContentTab\">[២៣១​] (ព្រះ​បច្ចេកពុទ្ធ​ត្រាស់​ថា​) បុគ្គល​ទម្លាក់​ចេញ​នូវ​អាជ្ញា​ចំពោះ​ពួក​សត្វ​ទាំងពួង​ មិន​បៀតបៀន​នូវ​សត្វ​ទាំងនោះ សូម្បី​សត្វ​ណាមួយ គេ​មិន​ចង់បាន​បុត្រ​ទៅ​ហើយ​ តើ​នឹង​ប្រាថ្នា​សម្លាញ់​អំពី​ណា​កើត បុគ្គល​នោះ​តែង​ប្រព្រឹត្ត​ម្នាក់ឯង ដូច​កុយរមាស។</div>\n<br><span class=\"IncreaseIndent\">&nbsp;</span>[២៣២​] អធិប្បាយ​ពាក្យ​ថា បុគ្គល​ទម្លាក់​ចេញ​នូវ​អាជ្ញា​ ចំពោះ​ពួក​សត្វ​ទាំងពួង​ ត្រង់​ពាក្យ​ថា ទាំងពួង​ គឺ គ្រប់​ទាំងអស់ សព្វ​ទាំងអស់ មិន​សល់ ឥត​សល់ ពាក្យ​ថា ទាំងពួង​នុ៎ះ ជា​ពាក្យ​ពោល​រួម​។ ពាក្យ​ថា​ ​ពួក​សត្វ សេចក្តី​ថា​ ​ពួក​សត្វ​តក់ស្លុត និ​ង​ពួក​សត្វ​នឹងនួន ហៅថា ពួក​សត្វ។ ពាក្យ​ថា ពួក​សត្វ​តក់ស្លុត​ បានខាង​ពួក​សត្វ​មិនទាន់​លះបង់​តណ្ហា និ​ង​ពួក​សត្វ មិនទាន់​លះបង់​ភ័យ​ដែល​គួរខ្លាច។ ដែល​លោក​ពោល​ថា​ ​ពួក​សត្វ​តក់ស្លុត តើ​ព្រោះ​ហេតុ​ដូចម្ដេច។ សត្វ​ទាំងនោះ​ រមែង​តក់ស្លុត​ ញ័រចំប្រប់ ញាប់ញ័រ ដល់​នូវ​សេចក្តី​តក់ស្លុត ព្រោះហេតុនោះ លោក​ពោល​ថា ពួក​សត្វ​តក់ស្លុត។ ពាក្យ​ថា ពួក​សត្វ​នឹងនួន បានខាង​ពួក​សត្វ​លះបង់​តណ្ហា​ហើយ និង​ពួក​សត្វ​លះបង់​ភ័យ​ដែល​គួរខ្លាច។ ដែល​លោក​ពោល​ថា ពួក​សត្វ​នឹងនួន​ តើ​ព្រោះ​ហេតុ​ដូចម្ដេច។ សត្វ​ទាំងនោះ​មិន​តក់ស្លុត មិន​ញ័រចំប្រប់ មិន​ញាប់ញ័រ មិនដល់​នូវ​សេចក្តី​តក់ស្លុត​ ព្រោះហេតុនោះ លោក​ពោល​ថា ពួក​សត្វ​នឹងនួន។"
    },
    {
      "header": "សុត្តន្តបិដក\nខុទ្ទកនិកាយ  ចូឡនិទ្ទេស\nទុតិយភាគ",
      "href": "http://ti-kh.org/books?book=68&page=384",
      "text": "និទ្ទេស ២ ប្រការ",
      "detail": "<div class=\"ContentTab\">និទ្ទេស​ គឺ​ការសំដែង​ចេញ​នូវ​ពាក្យ​ប្រៀនប្រដៅ​របស់​ព្រាហ្មណ៍​ ជា​អ្នក​ដល់​នូវ​ត្រើយ ទាំង ១៦ នាក់ នុ៎ះ គឺ អជិត ១ តិ​ស្ស​មេ​ត្តេ​យ្យៈ​ ១ បុណ្ណ​កៈ​ ១ មេ​ត្ត​គូ ១ ធោត​កៈ​ ១ ឧប​សី​វៈ​ ១ នន្ទៈ​ ១ ហេម​កៈ​ ១ តោ​ទេ​យ្យៈ​ ១ កប្បៈ​ ១ ជតុ​កណ្ណី​បណ្ឌិត ១ ភទ្រា​វុធ ១ ឧទយៈ ១ បោ​សាល​ព្រាហ្មណ៍ ១ មោឃ​រាជ​មេធាវី ១ បិ​ង្គិ​យម​ហា​ឥសី ១ ផង និទ្ទេស​ គឺ​ការសំដែង​ចេញ​នូវ​ខគ្គ​វិ​សាណ​សូត្រ​ទាំងឡាយ​ ក្នុង​ទីនោះ​ផង និទ្ទេស​ទាំងពីរ មាន​ប្រមាណ​ប៉ុណ្ណោះ បណ្ឌិត​គប្បី​ដឹង​ថា ជា​និទ្ទេស​ដែល​បរិបូណ៌​ លោ​កចារិ​កត្រឹមត្រូវ​ហើយ។</div>\n<br><p class=\"PCenter\">ចប់ សុត្ត​និទ្ទេស។</p>"
    }
  ]
}