{
  "title": "ភាគ ៦៥",
  "imageSrc": "photos/Book_65.jpg",
  "href": "http://ti-kh.org/books?book=65",
  "contents": [
    {
      "header": "សុត្តន្តបិដក\nខុទ្ទកនិកាយ  មហានិទ្ទេស\nទុតិយភាគ",
      "href": "http://ti-kh.org/books?book=65&page=1",
      "text": "មាគន្ទិយសុត្តនិទ្ទេស ទី ៩",
      "detail": "<div style=\"text-align: center\">សុត្ត​ន្ត​បិដក​\n<br>ខុទ្ទកនិកាយ មហា​និទ្ទេស​\n<br>ទុ​តិ​យភាគ​\n<br>----\n<br>មា​គន្ទិ​យសុ​ត្ត​និទ្ទេស ទី៩​</div><div class=\"ContentTab\">[១] (ព្រះមានព្រះភាគ ទ្រង់​ត្រាស់​ថា​) ឯចំណង់​ក្នុង​មេថុន មិន​មាន (ដល់​តថាគត​) ព្រោះ​ឃើញ​នាង​តណ្ហា​ នាង​អរតី និង​នាង​រាគា​ឡើយ (ចំណង់​ក្នុង​មេថុន នឹង​មានដល់​តថាគត​ព្រោះ​ឃើញ​) នូវ​សរីរៈ​នៃ​ធីតា​របស់​អ្នកនេះ​ ដ៏​ពេញដោយ​មូត្រ និង​ករីស ដូចម្តេច​កើត តថាគត​មិន​ត្រូវការ​ដើម្បី​ប៉ះពាល់​នូវ​សរីរៈ​នៃ​ធីតា​នោះ​ សូម្បី​ដោយ​ជើង​ឡើយ។</div>\n<br><span class=\"IncreaseIndent\">&nbsp;</span>[២] ពាក្យ​ថា​ ឯចំណង់​ក្នុង​មេថុន មិន​មាន (ដល់​តថាគត​) ព្រោះ​ឃើញ​នាង​តណ្ហា នាង​អរតី និង​នាង​រាគា​ឡើយ​ សេចក្តី​ថា ចំណង់​ក្តី តម្រេក​ក្តី សេចក្តី​ស្រឡាញ់​ក្តី ក្នុង​មេថុនធម្ម មិន​មាន​ ព្រោះ​ឃើញ ព្រោះ​ប្រទះ​នូវ​មារធីតា ឈ្មោះ​តណ្ហា ១ អរតី ១ រាគា១ ហេតុ​នោះ (ទ្រង់​ត្រាស់​ថា​) ឯចំណង់​ក្នុង​មេថុន មិន​មាន (ដល់​តថាគត​) ព្រោះ​ឃើញ​នាង​តណ្ហា នាង​អរតី និង​នាង​រាគា​ឡើយ។"
    },
    {
      "header": "សុត្តន្តបិដក\nខុទ្ទកនិកាយ  មហានិទ្ទេស\nទុតិយភាគ",
      "href": "http://ti-kh.org/books?book=65&page=51",
      "text": "បុរាភេទសុត្តនិទ្ទេស ទី ១០",
      "detail": "<p class=\"BCenter\">បុ​រា​ភេទ​សុត្ត​និទ្ទេស​ ទី១០</p>\n<br><div class=\"ContentTab\">[៥៤​] (ព្រះពុទ្ធ​និម្មិត​សួរ​ថា​) បុគ្គល​មានការ​ឃើញ​ដូចម្តេច មាន​សីល​ដូចម្តេច ដែល​ព្រះអង្គ​ហៅថា​ អ្នក​ស្ងប់ បពិត្រ​ព្រះ​គោតម ព្រះអង្គ​ដែល​ខ្ញុំ​សួរ​ហើយ សូម​ប្រាប់​នូវ​នរជន​ដ៏​ឧត្តម​នោះ។</div>\n<br><span class=\"IncreaseIndent\">&nbsp;</span>[៥៥​] អធិប្បាយ​ពាក្យ​ថា​ បុគ្គល​មានការ​ឃើញ​ដូចម្តេច មាន​សីល​ដូចម្តេច ដែល​ព្រះ អង្គ​ហៅថា​អ្នក​ស្ងប់​ ត្រង់​ពាក្យ​ថា បុគ្គល​មានការ​ឃើញ​ដូចម្តេច គឺ​បុគ្គល​ប្រកបដោយ​ការ​ឃើញ​ដូចម្តេច ប្រាកដ​ដូចម្តេច​ មាន​ប្រការ​ដូចម្តេច មាន​ចំណែក​ប្រៀប​ដូចម្តេច ហេតុ​នោះ (ទើប​សួរ​ថា​) បុគ្គល​មានការ​ឃើញ​ដូចម្តេច។ ពាក្យ​ថា មាន​សីល​ដូចម្តេច គឺជា​អ្នក​ប្រកបដោយ​សីល​ដូចម្តេច ប្រាកដ​ដូចម្តេច​ មាន​ប្រការ​ដូចម្តេច មាន​ចំណែក​ដូចម្តេច ហេតុ​នោះ (ទើប​សួរ​ថា​) មានការ​ឃើញ​ដូចម្តេច​ មាន​សីល​ដូចម្តេច។ ពាក្យ​ថា ដែល​ព្រះអង្គ​ហៅថា អ្នក​ស្ងប់ គឺ ដែល​ព្រះអង្គ​ពោល ត្រាស់ សំដែង​ ពណ៌នា បំភ្លឺ ថ្លែង ថា​ជា​អ្នក​ស្ងប់ ជា​អ្នក​ស្ងប់ស្ងាត់ មានទុក្ខ​រលត់ ជា​អ្នក​ស្ងប់​រម្ងាប់។ ពាក្យ​ថា បុគ្គល​មានការ​ឃើញ​ដូចម្តេច គឺ​សួរ​ចំពោះ​អធិប្បញ្ញា។ ពាក្យ​ថា មាន​សីល​ដូចម្តេច​ គឺ​សួរ​ចំពោះ​អធិសីល។"
    },
    {
      "header": "សុត្តន្តបិដក\nខុទ្ទកនិកាយ  មហានិទ្ទេស\nទុតិយភាគ",
      "href": "http://ti-kh.org/books?book=65&page=142",
      "text": "កលហវិវាទសុត្តនិទ្ទេស ទី ១១",
      "detail": "<p class=\"BCenter\">កលហ​វិវាទ​សុត្ត​និទ្ទេស​ ទី១១​</p>\n<br><div class=\"ContentTab\">[១២២​] (ព្រះពុទ្ធ​និមិ្មត​ត្រាស់​សួរ​ថា​) ជំលោះ​ វិវាទ​ សេចក្តី​ខ្សឹកខ្សួល​ សេចក្តី​សោក​ ព្រមទាំង​សេចក្តី​កំណាញ់​ មានះ​ និង​អតិមានះ​ ព្រម​ទាំង​ការ​ញុះញង់​ កើតអំពី​ណា​ កិលេស​ទាំងនោះ​ កើតអំពី​ណា​ សូម​ព្រះអង្គ​សំដែង​សេចក្តី​ដែល​ខ្ញុំ​សួរ​នោះ​។</div>\n<br><span class=\"IncreaseIndent\">&nbsp;</span>[១២៣​] អធិប្បាយ​ពាក្យ​ថា​ ជំលោះ​ វិវាទ​ កើតអំពី​ណា​ ត្រង់​ពាក្យ​ថា​ ជំលោះ​ សេចក្តី​ថា​ ជំលោះ​ក្តី​ វិវាទ​ក្តី​ ដូចគ្នា​ដោយ​អាការ​តែមួយ​ ជំលោះ​ណា​ ជំលោះ​នោះ​ ឈ្មោះ​ថា​ វិវាទ​ វិវាទ​ណា​ វិវាទ​នោះ​ ឈ្មោះថា ជំលោះ​។ ម្យ៉ាងទៀត​ ដោយ​អាការ​ផ្សេងគ្នា​ វិវាទ​ជា​បុព្វភាគ​នៃ​ជំលោះ​ លោក​ហៅថា​ វិវាទ​។ ​ពួក​ព្រះរាជា​ជជែក​នឹង​ពួក​ព្រះរាជា ពួក​ខត្តិយៈ​ជជែក​នឹង​ពួក​ខត្តិយៈ​ ​ពួក​ព្រាហ្មណ៍​ជជែក​នឹង​ពួក​ព្រាហ្មណ៍​ ​ពួក​គហបតី​ជជែក​នឹង​ពួក​គហបតី​ មាតា​ជជែក​នឹង​បុត្ត​ បុត្ត​ជជែក​នឹង​មាតា​ បិតា​ជជែក​នឹង​បុត្ត​ បុត្ត​ជជែក​នឹង​បិតា​ បងប្អូន​ប្រុស​ជជែក​នឹង​បងប្អូន​ប្រុស​ បងប្អូន​ស្រី​ជជែក​នឹង​បងប្អូន​ស្រី​ បងប្អូន​ប្រុស​ជជែក​នឹង​បងប្អូន​ស្រី​ បងប្អូន​ស្រី​ជជែក​នឹង​បងប្អូន​ប្រុស​ សំឡាញ់​ជជែក​នឹង​សំឡាញ់​ នេះ​ហៅថា​ វិវាទ។ ជំលោះ​ តើ​ដូចម្តេច​។"
    },
    {
      "header": "សុត្តន្តបិដក\nខុទ្ទកនិកាយ  មហានិទ្ទេស\nទុតិយភាគ",
      "href": "http://ti-kh.org/books?book=65&page=205",
      "text": "ចូឡវិយូហសុត្តនិទ្ទេស ទី ១២",
      "detail": "<p class=\"BCenter\">ចូឡ​វិ​យូ​ហសុ​ត្ត​និទ្ទេស​ ទី១២​</p>\n<br><div class=\"ContentTab\">[២០០​] (ព្រះពុទ្ធ​និមិ្មត​សួរ​ថា​) ជន​ទាំងឡាយ​ ប្រកាន់​ថា​ ខ្លួន​ឈ្លាសវៃ​ ជា​អ្នក​ដំអក់​នៅ​ក្នុង​ទិដ្ឋិ​របស់​ខ្លួន​ ៗ រមែង​ប្រកាន់យក​ (នូវ​ទិដ្ឋិ​នោះ​) ហើយ​ពោល​ផ្សេង​ៗ ថា​ បុគ្គល​ណា​ដឹង​យ៉ាងនេះ​ បុគ្គល​នោះ​ ឈ្មោះថា​ដឹង​ធម៌​ បុគ្គល​ណា​ បដិសេធ​សេចក្តី​នេះ​ បុគ្គល​នោះ​ ឈ្មោះថា​មិន​មានគុណ​ធម៌​បរិបូណ៌​។</div>\n<br><span class=\"IncreaseIndent\">&nbsp;</span>[២០១​] ពាក្យ​ថា​ ជា​អ្នក​ដំអក់​នៅក្នុង​ទិដ្ឋិ​របស់​ខ្លួន​ ៗ អធិប្បាយ​ថា​ មាន​សមណព្រាហ្មណ៍​​ពួក​ខ្លះ ជា​អ្នក​លុះ​ក្នុង​ទិដ្ឋិ សមណព្រាហ្មណ៍​ទាំងនោះ​ កាន់​យក​ រៀន​យក​ ប្រកាន់​ បបោសអង្អែល​ ជាប់ចិត្ត​ បណ្តា​ទិដ្ឋិ​ ៦២​ នូវ​ទិដ្ឋិ​ណាមួយ​ ហើយ​នៅ​ នៅ​រួម​ នៅ​គ្រប់គ្រង​ នៅ​ត្រាំ​ ក្នុង​ទិដ្ឋិ​របស់​ខ្លួន​ ៗ។ ពួក​អ្នកមាន​ផ្ទះ​ក្តី​ រមែង​នៅក្នុង​ផ្ទះ ពួក​អ្នក​ត្រូវអាបត្តិ​ក្តី រមែង​នៅក្នុង​អាបត្តិ ពួក​អ្នក​ប្រកបដោយ​កិលេស​ក្តី​ រមែង​នៅក្នុង​កិលេស យ៉ាងណា មាន​សមណព្រាហ្មណ៍​ពួក​ខ្លះ ជា​អ្នក​លុះ​ក្នុង​ទិដ្ឋិ សមណព្រាហ្មណ៍​ទាំងនោះ​ កាន់​យក រៀន​យក ប្រកាន់យក បបោសអង្អែល ជាប់ចិត្ត បណ្តា​ទិដ្ឋិ ទាំង ៦២ នូវ​ទិដ្ឋិ​ណាមួយ​ ហើយ​នៅ នៅ​រួម នៅ​គ្រប់គ្រង នៅ​ត្រាំ ក្នុង​ទិដ្ឋិ​របស់​ខ្លួន ៗ ហេតុ​នោះ​ (ទ្រង់​ត្រាស់​សួរ​ថា​) ជា​អ្នក​ដំអក់​នៅក្នុង​ទិដ្ឋិ​របស់​ខ្លួន​ ៗ។"
    },
    {
      "header": "សុត្តន្តបិដក\nខុទ្ទកនិកាយ  មហានិទ្ទេស\nទុតិយភាគ",
      "href": "http://ti-kh.org/books?book=65&page=247",
      "text": "មហាវិយូហសុត្តនិទ្ទេស ទី ១៣",
      "detail": "<p class=\"BCenter\">មហា​វិ​យូ​ហសុ​ត្ត​និទ្ទេស​ ទី១៣​</p>\n<br><div class=\"ContentTab\">[២៨១​] (ព្រះពុទ្ធ​និមិ្មត​ត្រាស់​សួរ​ថា​) ​ពួក​សមណព្រាហ្មណ៍​ណាមួយ ត្រាំ​នៅក្នុង​ទិដ្ឋិ​ តែង​សំដែង​ថា​ ពាក្យ​នេះឯង​ ជា​ពាក្យពិត​ តើ​សមណព្រាហ្មណ៍​ទាំងអស់​នោះ​ នឹង​នាំមក​នូវ​ពាក្យ​និន្ទា​តែ​ម្យ៉ាង​ឬ ឬក៏​បាន​ពាក្យ​សរសើរ​ក្នុង​ហេតុ​នោះ​ដែរ​។</div>\n<br><span class=\"IncreaseIndent\"> </span>[២៨២​] អធិប្បាយ​ពាក្យ​ថា​ ​ពួក​សមណព្រាហ្មណ៍​ណាមួយ​ ត្រាំ​នៅក្នុង​ទិដ្ឋិ​ ពាក្យ​ថា​ ណាមួយ​ គឺ​គ្រប់​ទាំងអស់​ សព្វ​ទាំងមូល​ មិន​សេសសល់​ ឥត​សេសសល់​ ពាក្យ​ថា​ ណាមួយ​ នេះ​ជា​ពាក្យ​អស់រលីង​។ ពាក្យ​ថា​ ត្រាំ​នៅក្នុង​ទិដ្ឋិ​ សេចក្តី​ថា​ មាន​សមណព្រាហ្មណ៍​ពួក​មួយ​ ជា​អ្នក​លុះ​ក្នុង​ទិដ្ឋិ​ សមណព្រាហ្មណ៍​ទាំងនោះ​ កាន់​ កួច​កាន់​ ប្រកាន់​ ស្ទាបអង្អែល​ ប្រកាន់​ស្អិត​ បណ្តា​ទិដ្ឋិ​ ៦២​ នូវ​ទិដ្ឋិ​ណាមួយ​ហើយ​ នៅ​ នៅ​រួម​ នៅ​ទួទៅ​ នៅ​ត្រាំ​ ក្នុង​ទិដ្ឋិ​របស់​ខ្លួន​ ៗ។ ​ពួក​ជន​អ្នកគ្រប់គ្រង​ផ្ទះ​ក្តី​ រមែង​នៅក្នុង​ផ្ទះ​ ​ពួក​ភិក្ខុ​អ្នក​ត្រូវអាបត្តិ​ក្តី​ រមែង​នៅក្នុង​អាបត្តិ​ ​ពួក​ជន​មាន​កិលេស​ក្តី​ តែង​នៅក្នុង​កិលេស​ យ៉ាងណាមិញ​ មាន​សមណព្រាហ្មណ៍​ពួក​មួយ​ ជា​អ្នក​លុះ​ក្នុង​ទិដ្ឋិ​ ក៏​យ៉ាងនោះ​ដែរ​ សមណ​ព្រាហ្មណ៍​ទាំងនោះ​ កាន់​ កួច​កាន់​ ប្រកាន់​ ស្ទាបអង្អែល​"
    }
  ]
}