{
  "title": "ភាគ ៥០",
  "imageSrc": "photos/Book_50.jpg",
  "href": "http://ti-kh.org/books?book=50",
  "contents": [
    {
      "header": "សុត្តន្តបិដក\nអង្គុត្តរនិកាយ  ទសកនិបាត\nឯកាទសមភាគ\nបឋមបណ្ណាសក",
      "href": "http://ti-kh.org/books?book=50&page=1",
      "text": "បឋមបណ្ណាសក \t\tអានិសំសវគ្គ\tទី ១",
      "detail": "<div style=\"text-align: center\"><p class=\"BCenter\">សុត្តន្ត​បិដក​\n<br>​អង្គុត្តរ​និកាយ​ ​ទស​ក​និបាត​ ​\n<br>​ឯ​កា​ទសម​ភាគ​</p>\n<br>​សូម​នមស្ការ​ចំពោះ​ព្រះ​ដ៏​មាន​ព្រះ​ភាគ​ជា​អរហន្ត​សម្មាសម្ពុទ្ធ​ព្រះអង្គ​នោះ​។​\n<br>​<p class=\"BCenter\">បឋម​បណ្ណា​សក​\n<br>​អានិសំស​វគ្គ​ ​ទី១​</p></div><span class=\"IncreaseIndent\">&nbsp;</span>​[​១​]​ ​ខ្ញុំ​បាន​ស្តាប់​មក​យ៉ាងនេះ​។​ ​សម័យមួយ​ ​ព្រះ​ដ៏​មាន​ព្រះ​ភាគ​ ​ទ្រង់​គង់នៅ​ក្នុង​វត្ត​ជេតពន​ ​របស់​អនាថបិណ្ឌិក​សេដ្ឋី​ ​ជិត​ក្រុង​សាវត្ថី​។​ ​គ្រានោះ​ឯង​ ​ព្រះ​អានន្ទ​ដ៏​មាន​អាយុ​ ​ចូល​ទៅ​គាល់​ព្រះ​ដ៏​មាន​ព្រះ​ភាគ​ ​លុះ​ចូល​ទៅដល់​ ​ក្រាប​ថ្វាយបង្គំ​ព្រះ​ដ៏​មាន​ព្រះ​ភាគ​ ​រួច​អង្គុយ​ក្នុង​ទីសម​គួរ​។​ ​លុះ​ព្រះ​អានន្ទ​ដ៏​មាន​អាយុ​ ​អង្គុយ​ក្នុង​ទីសម​គួរ​ហើយ​ ​ទើប​ក្រាបបង្គំទូល​ ​ព្រះ​ដ៏​មាន​ព្រះ​ភាគ​ដូច្នេះ​ថា​ ​បពិត្រ​ព្រះអង្គ​ដ៏​ចំរើន​ ​ពួក​សីល​ជាកុសល​ ​មាន​អ្វី​ជា​ប្រយោជន៍​ ​មាន​អ្វី​ជា​អានិសង្ស​។​ ​ម្នាល​អានន្ទ​ ​ពួក​សីល​ជាកុសល​ ​មាន​អ​វិប្បដិសារៈ​ ​(​សេចក្តី​មិន​ក្តៅក្រហាយ​)​ ​ជា​ប្រយោជន៍​ ​មាន​អ​វិប្បដិសារៈ​ ​ជា​អានិសង្ស​។​ ​បពិត្រ​ព្រះអង្គ​ដ៏​ចំរើន​ ​ចុះ​អ​វិប្បដិសារៈ​ ​មាន​អ្វី​ជា​ប្រយោជន៍​ ​"
    },
    {
      "header": "សុត្តន្តបិដក\nអង្គុត្តរនិកាយ  ទសកនិបាត\nឯកាទសមភាគ\nបឋមបណ្ណាសក",
      "href": "http://ti-kh.org/books?book=50&page=32",
      "text": "នាថករណវគ្គ\tទី ២",
      "detail": "<p class=\"BCenter\">​នាថ​ករណ​វគ្គ​ ​ទី២​</p>\n<br>​<span class=\"IncreaseIndent\">&nbsp;</span>[​១១​]​ ​ម្នាល​ភិក្ខុ​ទាំងឡាយ​ ​ភិក្ខុ​ប្រកបដោយ​អង្គ​ ​៥​ ​កាល​សេពគប់​នូវ​សេនាសនៈ​ ​ដែល​ប្រកបដោយ​អង្គ​ ​៥​ ​មិនយូរ​ប៉ុន្មាន​ ​គប្បី​ធ្វើឲ្យ​ជាក់ច្បាស់​នូវ​ចេ​តោ​វិមុត្តិ​ ​និង​បញ្ញា​វិមុត្តិ​ ​ដែល​មិន​មាន​អាសវៈ​ ​ព្រោះ​អស់​អាសវៈ​ទាំងឡាយ​ ​ដោយ​ប្រាជ្ញា​ដ៏​ឧត្តម​ ​ដោយខ្លួនឯង​ ​ក្នុង​បច្ចុប្បន្ន​។​ ​ម្នាល​ភិក្ខុ​ទាំងឡាយ​ ​ភិក្ខុ​ប្រកបដោយ​អង្គ​ ​៥​ ​តើ​ដូចម្តេច​។​ ​ម្នាល​ភិក្ខុ​ទាំងឡាយ​ ​ភិក្ខុ​ក្នុង​សាសនា​នេះ​ ​មាន​សទ្ធា​ ​ជឿ​សេចក្តី​ត្រាស់​ដឹង​ ​របស់​ព្រះ​តថាគត​ថា​ ​ព្រះ​ដ៏​មាន​ព្រះ​ភាគ​អង្គ​នោះ​ ​ជា​អរហន្ត​សម្មាសម្ពុទ្ធ​ ​ទ្រង់​បរិបូណ៌​ដោយ​វិជ្ជា​ ​និង​ចរណៈ​ ​ជា​ព្រះ​សុគត​ ​ជ្រាប​ច្បាស់​នូវ​ត្រៃលោក​ ​ទ្រង់​ប្រសើរ​ដោយ​សីលាទិគុណ​ ​រក​បុគ្គល​ណាមួយ​ស្មើ​គ្មាន​ ​ជា​សារថី​ទូន្មាន​នូវ​បុរស​ ​ជា​សាស្តា​នៃ​ទេវតា​ ​និង​មនុស្ស​ទាំងឡាយ​ ​ជា​ព្រះពុទ្ធ​ ​មាន​បុញ្ញសិរី​ ​១​ ​ជា​អ្នកមាន​អាពាធ​តិច​ ​មានទុក្ខ​តិច​ ​ប្រកបដោយ​តេជោធាតុ​ ​បក់​កំ​ដៅ​ស្មើ​ ​គឺ​មិន​ត្រជាក់​ពេក​ ​មិន​ក្តៅ​ពេក​ ​យ៉ាង​កណ្តាល​ ​អត់ធន់​នូវ​សេចក្តី​ព្យាយាម​បាន​ ​១​ ​មិនជា​អ្នក​អួតអាង​ ​មិន​មាន​មាយា​ ​គឺ​ប្រព្រឹត្ត​ខ្លួន​ឲ្យ​ពិតប្រាកដ​ ​ក្នុង​ព្រះ​សាស្តា​ ​ឬ​ក្នុង​ពួក​សព្រហ្មចារី​ ​ជា​អ្នកចេះដឹង​ ​១​ ​"
    },
    {
      "header": "សុត្តន្តបិដក\nអង្គុត្តរនិកាយ  ទសកនិបាត\nឯកាទសមភាគ\nបឋមបណ្ណាសក",
      "href": "http://ti-kh.org/books?book=50&page=73",
      "text": "មហាវគ្គ\tទី ៣",
      "detail": "<p class=\"BCenter\">​មហាវគ្គ​ ​ទី៣​</p>\n<br>​<span class=\"IncreaseIndent\">&nbsp;</span>​[​២១​]​ ​ម្នាល​ភិក្ខុ​ទាំងឡាយ​ ​ក្នុង​សាយណ្ហសម័យ​ ​សត្វ​សីហ​ជា​ស្តេចម្រឹគ​ ​ចេញពី​លំនៅ​ ​លុះ​ចេញពី​លំនៅ​ហើយ​ ​ក៏​មិត​ពត់ខ្លួន​ ​លុះ​មិត​ពត់ខ្លួន​រួចហើយ​ ​ក៏​ក្រឡេក​មៀងមើល​ទិស​ទាំង​ ​៤​ ​ជុំវិញ​ ​លុះ​ក្រឡេក​មៀងមើល​ទិស​ទាំង​ ​៤​ ​ជុំវិញ​ហើយ​ ​ក៏​បន្លឺ​សីហនាទ​ ​៣​ ​ដង​ ​លុះ​បន្លឺ​សីហនាទ​ ​៣​ ​ដង​ហើយ​ ​ទើប​ចេញទៅ​រក​ចំណី​។​ ​ដំណើរ​នោះ​ ​ព្រោះ​ហេតុអ្វី​។​ ​ព្រោះថា​ ​សត្វ​សីហៈ​គិតថា​ ​អាត្មាអញ​ ​កុំ​ធ្វើ​ពួក​សត្វ​តូច​ ​ៗ​ ​ដែល​ដើរទៅ​រកស៊ី​ក្នុង​ទី​ក្រហេងក្រហូង​ឲ្យ​ស្លាប់​។​ ​ម្នាល​ភិក្ខុ​ទាំងឡាយ​ ​ពាក្យ​ថា​ ​សីហៈ​ ​នេះ​ ​ជា​ឈ្មោះ​របស់​ព្រះ​តថាគត​ ​អរហន្ត​សម្មាសម្ពុទ្ធ​។​ ​ម្នាល​ភិក្ខុ​ទាំងឡាយ​ ​ព្រះ​តថាគត​សំដែងធម៌​ដល់​បរិស័ទ​ ​ដោយហេតុ​ណា​ ​នេះ​ជា​សីហនាទ​ ​របស់​ព្រះ​តថាគត​នោះ​។​ ​ម្នាល​ភិក្ខុ​ទាំងឡាយ​ ​តថាគត​ពល​ ​របស់​ព្រះ​តថាគត​នេះ​ ​មាន​ ​១០​ ​ប្រការ​ ​គឺ​ព្រះ​តថាគត​ ​ប្រកបដោយ​ពលៈ​ទាំងឡាយ​ហើយ​ ​ទើប​ប្តេជ្ញា​នូវ​ហេតុ​ដ៏​ប្រសើរ​ ​បន្លឺ​សីហនាទ​ ​ក្នុង​ពួក​បរិស័ទ​ ​ញុំាង​ព្រហ្មចក្រ​ ​(​ចក្រ​ដ៏​ប្រសើរ​)​ ​ឲ្យ​ប្រព្រឹត្តទៅ​។​ ​តថាគត​ពល​ ​១០​ ​ប្រការ​ ​តើ​ដូចម្តេច​ខ្លះ​។​"
    },
    {
      "header": "សុត្តន្តបិដក\nអង្គុត្តរនិកាយ  ទសកនិបាត\nឯកាទសមភាគ\nបឋមបណ្ណាសក",
      "href": "http://ti-kh.org/books?book=50&page=154",
      "text": "ឧបាលិវគ្គ\tទី ៤",
      "detail": "<p class=\"BCenter\">ឧបាលិ​វគ្គ​ ​ទី៤​</p>\n<br><span class=\"IncreaseIndent\">&nbsp;</span>​[​៣១​]​ ​គ្រានោះ​ ​ព្រះ​ឧបាលិ​ដ៏​មាន​អាយុ​ ​បាន​ចូល​ទៅ​គាល់​ព្រះ​ដ៏​មាន​ព្រះ​ភាគ​ ​លុះ​ចូល​ទៅដល់​ ​ក៏​ក្រាប​ថ្វាយបង្គំ​ព្រះ​ដ៏​មាន​ព្រះ​ភាគ​ ​ហើយ​អង្គុយ​ក្នុង​ទីសម​គួរ​។​ ​លុះ​ព្រះ​ឧបាលិ​ដ៏​មាន​អាយុ​ ​អង្គុយ​ក្នុង​ទីសម​គួរ​ហើយ​ ​ក៏​ក្រាបទូល​ចំពោះ​ព្រះ​ដ៏​មាន​ព្រះ​ភាគ​ដូច្នេះ​ថា​ ​បពិត្រ​ព្រះអង្គ​ដ៏​ចំរើន​ ​ព្រះ​តថាគត​ ​ទ្រង់​បញ្ញត្ត​សិក្ខាបទ​ ​សំដែង​ឡើង​នូវ​បាតិមោក្ខ​ ​ដល់​សាវក​ទាំងឡាយ​ ​តើ​ព្រោះ​អាស្រ័យ​អំណាច​ប្រយោជន៍​ប៉ុន្មាន​យ៉ាង​។​ ​ម្នាល​ឧបាលិ​ ​តថាគត​ ​បញ្ញត្ត​សិក្ខាបទ​ ​សំដែង​ឡើង​នូវ​បាតិមោក្ខ​ ​ដល់​សាវក​ទាំងឡាយ​ ​ព្រោះ​អាស្រ័យ​អំណាច​ប្រយោជន៍​ ​១០​ ​យ៉ាង​។​ ​ប្រយោជន៍​ ​១០​ ​យ៉ាង​ ​តើ​ដូចម្តេច​ខ្លះ​។​ ​គឺ​ដើម្បី​សេចក្តីល្អ​នៃ​សង្ឃ​ ​១​ ​ដើម្បី​នៅ​សប្បាយ​នៃ​សង្ឃ​ ​១​ ​ដើម្បី​សង្កត់សង្កិន​នូវ​បុគ្គល​ទាំងឡាយ​ដែល​ទ្រុស្តសីល​ ​១​ ​ដើម្បី​នៅជា​សុខ​ស្រួល​នៃ​ភិក្ខុ​ទាំងឡាយ​ ​ដែល​មាន​សីល​ជាទីស្រឡាញ់​ ​១​ ​ដើម្បី​រារាំង​នូវ​អាសវ​ធម៌​ទាំងឡាយ​ក្នុង​បច្ចុប្បន្ន​ ​១​ ​ដើម្បី​កំចាត់​បង់​នូវ​អាសវ​ធម៌​ទាំងឡាយ​ ​ក្នុង​បរលោក​ ​១​ ​ដើម្បី​ញុំាង​បុគ្គល​ទាំងឡាយ​ ​ដែល​មិន​ជ្រះថ្លា​ ​ឲ្យ​ជ្រះថ្លា​ឡើង​ ​១​ ​ដើម្បី​ញុំាង​បុគ្គល​ទាំងឡាយ​ ​ដែល​ជ្រះថ្លា​ស្រាប់ហើយ​ ​ឲ្យ​រឹងរឹតតែ​ជ្រះថ្លា​ឡើង​ ​១​ ​"
    },
    {
      "header": "សុត្តន្តបិដក\nអង្គុត្តរនិកាយ  ទសកនិបាត\nឯកាទសមភាគ\nបឋមបណ្ណាសក",
      "href": "http://ti-kh.org/books?book=50&page=167",
      "text": "អក្កោសវគ្គ\tទី ៥",
      "detail": "<p class=\"BCenter\">អ​ក្កោ​សវ​គ្គ​ ​ទី៥​</p>\n<br>​<span class=\"IncreaseIndent\">&nbsp;</span>[​៤១​]​ ​គ្រានោះ​ ​ព្រះ​ឧបាលិ​ដ៏​មាន​អាយុ​ ​បាន​ចូល​ទៅ​គាល់​ព្រះ​ដ៏​មាន​ព្រះ​ភាគ​ ​លុះ​ចូល​ទៅដល់​ ​ក្រាប​ថ្វាយបង្គំ​ព្រះ​ដ៏​មាន​ព្រះ​ភាគ​ ​ហើយ​អង្គុយ​ក្នុង​ទីសម​គួរ​។​ ​លុះ​ព្រះ​ឧបាលិ​ដ៏​មាន​អាយុ​ ​អង្គុយ​ក្នុង​ទីសម​គួរ​ហើយ​ ​បាន​ក្រាបបង្គំទូល​ព្រះ​ដ៏​មាន​ព្រះ​ភាគ​ដូច្នេះ​ថា​ ​បពិត្រ​ព្រះអង្គ​ដ៏​ចំរើន​ ​អ្វី​ជាហេតុ​ ​អ្វី​ជា​បច្ច័យ​ ​ដែល​នាំឲ្យ​សេចក្តី​បង្កហេតុ​ ​ជម្លោះ​ ​សេចក្តី​ប្រកួត​ប្រកាន់​ ​វិវាទគ្នា​ ​កើតឡើង​ក្នុង​សង្ឃ​ ​ពួក​ភិក្ខុ​ក៏​នៅ​មិន​សប្បាយ​។​ ​ម្នាល​ឧបាលិ​ ​ពួក​ភិក្ខុ​ក្នុង​សាសនា​នេះ​ ​សំដែង​នូវ​សភាព​មិនមែន​ធម៌​ ​ថា​ជា​ធម៌​ ​១​ ​សំដែង​នូវ​ធម៌​ ​ថា​មិនមែន​ជា​ធម៌​ ​១​ ​សំដែង​នូវ​សភាព​មិនមែន​ជា​វិន័យ​ ​ថា​ជា​វិន័យ​ ​១​ ​សំដែង​នូវ​វិន័យ​ ​ថា​មិនមែន​ជា​វិន័យ​ ​១​ ​សំដែង​នូវ​ធម្មវិន័យ​ ​ដែល​តថាគត​មិនបាន​សំដែង​ ​មិនបាន​ពោល​ហើយ​ ​ថា​ជា​ធម្មវិន័យ​ដែល​តថាគត​បាន​សំដែង​ ​បាន​ពោល​ហើយ​ ​១​ ​សំដែង​នូវ​ធម្មវិន័យ​ ​ដែល​តថាគត​បាន​សំដែង​ ​បាន​ពោល​ហើយ​ ​ថា​ជា​ធម្មវិន័យ​ដែល​តថាគត​ ​មិនបាន​សំដែង​ ​មិនបាន​ពោល​វិញ​ ​១​ ​សំដែង​នូវ​វត្ត​ ​ដែល​តថាគត​មិនបាន​សន្សំ​ហើយ​ ​ថា​ជាវ​ត្ត​ ​ដែល​តថាគត​បាន​សន្សំ​ហើយ​ ​១​ ​"
    },
    {
      "header": "សុត្តន្តបិដក\nអង្គុត្តរនិកាយ  ទសកនិបាត\nឯកាទសមភាគ\nបឋមបណ្ណាសក",
      "href": "http://ti-kh.org/books?book=50&page=199",
      "text": "ទុតិយបណ្ណាសក \t\tសចិត្តវគ្គ\tទី ១",
      "detail": "<p class=\"BCenter\">ស​ចិត្ត​វគ្គ​ ​ទី១​</p>\n<br>​<span class=\"IncreaseIndent\">&nbsp;</span>[​៥១​]​ ​សម័យមួយ​ ​ព្រះ​ដ៏​មាន​ព្រះ​ភាគ​ ​ទ្រង់​គង់នៅ​ក្នុង​វត្ត​ជេតពន​ ​របស់​អនាថបិណ្ឌិក​សេដ្ឋី​ ​ជិត​ក្រុង​សាវត្ថី​។​ ​ក្នុង​ទីនោះ​ឯង​ ​ព្រះ​ដ៏​មាន​ព្រះ​ភាគ​ ​ទ្រង់​ត្រាស់​ហៅ​ភិក្ខុ​ទាំងឡាយ​ថា​ ​ម្នាល​ភិក្ខុ​ទាំងឡាយ​ ​ដូច្នេះ​។​ ​ភិក្ខុ​ទាំងនោះ​ ​ទទួល​តប​ព្រះពុទ្ធដីកា​នៃ​ព្រះ​ដ៏​មាន​ព្រះ​ភាគ​ថា​ ​ព្រះករុណា​ ​ព្រះអង្គ​។​ ​ព្រះ​ដ៏​មាន​ព្រះ​ភាគ​ ​បាន​ត្រាស់​ថា​ ​ម្នាល​ភិក្ខុ​ទាំងឡាយ​ ​បើ​ភិក្ខុ​មិន​ឆ្លាស​ ​ក្នុង​វារៈ​នៃ​ចិត្ត​អ្នកដទៃ​ទេ​ ​ត្រូវ​គិតថា​ ​យើង​ទាំងឡាយ​ ​គួរ​ជា​អ្នក​ឆ្លាស​ ​ក្នុង​វារៈ​នៃ​ចិត្ត​របស់​ខ្លួន​។​ ​ម្នាល​ភិក្ខុ​ទាំងឡាយ​ ​អ្នក​ទាំងឡាយ​ ​គប្បី​សិក្សា​យ៉ាងនេះ​ឯង​។​ ​ម្នាល​ភិក្ខុ​ទាំងឡាយ​ ​ចុះ​ភិក្ខុ​ជា​អ្នក​ឆ្លាស​ក្នុង​វារៈ​នៃ​ចិត្ត​របស់​ខ្លួន​ ​តើ​ដោយ​ប្រការ​ដូចម្តេច​។​ ​ម្នាល​ភិក្ខុ​ទាំងឡាយ​ ​ដូចជា​ស្រ្តី​ ​ឬ​បុរស​ ​កំឡោះ​ជំទង់​ ​ប្រកបដោយ​ជាតិ​ជា​អ្នក​ស្អិតស្អាង​ ​កាល​ពិចារណាមើល​នូវ​ស្រមោល​មុខ​របស់​ខ្លួន​ ​ក្នុង​កញ្ចក់​ដែល​បរិសុទ្ធ​ផូរផង់​ ​ឬ​ក្នុង​ភាជន៍​ទឹកថ្លា​ ​បើ​ឃើញ​ធូលី​ ​ឬ​កន្ទួល​ក្នុង​កញ្ចក់​នោះ​ ​រមែង​ព្យាយាម​ ​ដើម្បី​លះបង់​នូវ​ធូលី​ ​ឬ​កន្ទួល​នោះ​ចេញ​ ​"
    },
    {
      "header": "សុត្តន្តបិដក\nអង្គុត្តរនិកាយ  ទសកនិបាត\nឯកាទសមភាគ\nបឋមបណ្ណាសក",
      "href": "http://ti-kh.org/books?book=50&page=246",
      "text": "យមកវគ្គ\tទី ២",
      "detail": "<p class=\"BCenter\">​យមក​វគ្គ​ ​ទី២​</p>\n<br>​<span class=\"IncreaseIndent\">&nbsp;</span>[​៦១​]​ ​ម្នាល​ភិក្ខុ​ទាំងឡាយ​ ​ទីបំផុត​ខាងដើម​របស់​អវិជ្ជា​ ​មិន​ប្រាកដ​ទេ​ ​អវិជ្ជា​មិន​មាន​ក្នុង​កាលមុន​អំពី​កាល​នេះ​ ​ឬថា​ ​កើតឡើង​ក្នុង​ខាងក្រោយ​ឡើយ​ ​ហេតុ​នោះ​ ​ម្នាល​ភិក្ខុ​ទាំងឡាយ​ ​ពាក្យ​ថា​ ​អវិជ្ជា​នេះ​ ​តថាគត​ពោល​យ៉ាងនេះ​ ​តែថា​ ​អវិជ្ជា​ ​រមែង​ប្រាកដ​ ​ព្រោះ​មាន​របស់​នេះ​ជា​បច្ច័យ​។​ ​ម្នាល​ភិក្ខុ​ទាំងឡាយ​ ​តថាគត​ពោល​ថា​ ​អវិជ្ជា​ ​ប្រាកដ​ដោយ​អាហារ​ ​មិនបាន​ពោល​ថា​ ​អវិជ្ជា​ឥត​អាហារ​ទេ​។​ ​ចុះ​អ្វី​ជា​អាហារ​របស់​អវិជ្ជា​។​ ​គប្បី​ឆ្លើយ​ថា​ ​នី​វរ​ណៈ​ ​៥​។​ ​ម្នាល​ភិក្ខុ​ទាំងឡាយ​ ​តថាគត​ពោល​ថា​ ​នី​វរ​ណៈ​ ​៥​ ​ប្រកបដោយ​អាហារ​ ​មិនបាន​ពោល​ថា​ ​ឥត​អាហារ​ទេ​។​ ​ចុះ​អ្វី​ជា​អាហារ​ ​របស់​នី​វរ​ណៈ​ ​៥​។​ ​គប្បី​ឆ្លើយ​ថា​ ​ទុច្ចរិត​ ​៣​។​ ​ម្នាល​ភិក្ខុ​ទាំងឡាយ​ ​តថាគត​ពោល​ថា​ ​ទុច្ចរិត​ ​៣​ ​ប្រកបដោយ​អាហារ​ ​មិនបាន​ពោល​ថា​ ​ឥត​អាហារ​ទេ​។​ ​ចុះ​អ្វី​ជា​អាហារ​ ​របស់​ទុច្ចរិត​ ​៣​។​ ​គប្បី​ឆ្លើយ​ថា​ ​ការ​មិន​សង្រួម​ឥន្រ្ទិយ​។​ ​ម្នាល​ភិក្ខុ​ទាំងឡាយ​ ​តថាគត​ពោល​ថា​ ​ការ​មិន​សង្រួម​ឥន្រ្ទិយ​ ​ប្រកបដោយ​អាហារ​ ​មិនបាន​ពោល​ថា​ ​ឥត​អាហារ​ទេ​។​ ​ចុះ​អ្វី​ជា​អាហារ​របស់​ការ​មិន​សង្រួម​ឥន្រ្ទិយ​។​ ​គប្បី​ឆ្លើយ​ថា​ ​ការ​មិន​មានសតិ​ ​មិន​មានសម្បជញ្ញៈ​។​ ​"
    },
    {
      "header": "សុត្តន្តបិដក\nអង្គុត្តរនិកាយ  ទសកនិបាត\nឯកាទសមភាគ\nបឋមបណ្ណាសក",
      "href": "http://ti-kh.org/books?book=50&page=288",
      "text": "អាកង្ខវគ្គ\tទី ៣",
      "detail": "<p class=\"BCenter\">អា​កង្ខ​វគ្គ​ ​ទី៣​</p>\n<br><span class=\"IncreaseIndent\">&nbsp;</span>​[​៧១​]​ ​សម័យមួយ​ ​ព្រះ​ដ៏​មាន​ព្រះ​ភាគ​ ​ទ្រង់​គង់នៅ​ក្នុង​វត្ត​ជេតពន​ ​របស់​អនាថបិណ្ឌិក​សេដ្ឋី​ ​ជិត​ក្រុង​សាវត្ថី​។​ ​ក្នុង​ទីនោះ​ ​ព្រះ​ដ៏​មាន​ព្រះ​ភាគ​ ​ទ្រង់​ត្រាស់​ហៅ​ភិក្ខុ​ទាំងឡាយ​មក​ថា​ ​ម្នាល​ភិក្ខុ​ទាំងឡាយ​។​ ​ភិក្ខុ​ទាំងនោះ​ ​បាន​ទទួល​ស្តាប់​ព្រះពុទ្ធដីកា​ព្រះ​ដ៏​មាន​ព្រះ​ភាគ​ថា​ ​ព្រះករុណា​ ​ព្រះអង្គ​។​ ​ព្រះ​ដ៏​មាន​ព្រះ​ភាគ​ ​ទ្រង់​ត្រាស់​ដូច្នេះ​ថា​ ​ម្នាល​ភិក្ខុ​ទាំងឡាយ​ ​អ្នក​ទាំងឡាយ​ ​ចូរ​បរិបូណ៌​ដោយ​សីល​ ​បរិបូណ៌​ដោយ​បាតិមោក្ខ​ ​ជា​អ្នក​សង្រួម​ ​ក្នុង​បាតិមោក្ខ​សំវរៈ​ ​បរិបូណ៌​ដោយ​អាចារៈ​ ​និង​គោ​ចរៈ​ ​ជា​អ្នក​ឃើញ​នូវ​ភ័យ​ ​ក្នុង​ទោស​មាន​ប្រមាណ​តិច​ ​ជា​អ្នក​សមាទាន​សិក្សា​ ​ក្នុង​សិក្ខាបទ​ទាំងឡាយ​។​ ​ម្នាល​ភិក្ខុ​ទាំងឡាយ​ ​បើ​ភិក្ខុ​គប្បី​ប្រាថ្នា​ថា​ ​អាត្មាអញ​គប្បី​ជាទីស្រឡាញ់​ ​ជាទី​គាប់ចិត្ត​ ​ជាទី​គោរព​ ​ជាទី​សរសើរ​ ​នៃ​សព្រហ្មចារី​បុគ្គល​ទាំងឡាយ​ ​ភិក្ខុ​នោះ​ ​គួរ​ជា​អ្នក​បំពេញ​ក្នុង​សីល​ ​ប្រកប​រឿយ​ ​ៗ​ ​នូវ​ការ​រម្ងាប់​នូវ​ចិត្ត​ខាងក្នុង​ ​មាន​ឈាន​មិន​សាបសូន្យ​ ​ប្រកបដោយ​វិបស្សនាញាណ​ ​ជា​អ្នក​ចំរើន​នូវ​សុញ្ញាគា​រៈ​ ​(​ផ្ទះ​ស្ងាត់​)​។​ ​ម្នាល​ភិក្ខុ​ទាំងឡាយ​ ​បើ​ភិក្ខុ​គប្បី​ប្រាថ្នា​ថា​ ​"
    },
    {
      "header": "សុត្តន្តបិដក\nអង្គុត្តរនិកាយ  ទសកនិបាត\nឯកាទសមភាគ\nបឋមបណ្ណាសក",
      "href": "http://ti-kh.org/books?book=50&page=329",
      "text": "រថវគ្គ\t\tទី ៤",
      "detail": "<p class=\"BCenter\">​ថេរ​វគ្គ​ ​ទី៤​</p>\n<br>​<span class=\"IncreaseIndent\">&nbsp;</span>[​៨១​]​ ​សម័យមួយ​ ​ព្រះ​ដ៏​មាន​ព្រះ​ភាគ​ ​គង់​ក្បែរ​ឆ្នេរ​ស្រះ​ឈ្មោះ​គ​គ្គ​រា​ ​ជិត​ក្រុង​ចម្បា​។​ ​គ្រានោះ​ ​ព្រះ​វា​ហុនៈ​ដ៏​មាន​អាយុ​ ​ចូល​ទៅ​គាល់​ព្រះ​ដ៏​មាន​ព្រះ​ភាគ​ ​លុះ​ចូល​ទៅដល់​ ​ក្រាប​ថ្វាយបង្គំ​ព្រះ​ដ៏​មាន​ព្រះ​ភាគ​ ​ហើយ​អង្គុយ​ក្នុង​ទីសម​គួរ​។​ ​លុះ​ព្រះ​វា​ហុនៈ​ដ៏​មាន​អាយុ​ ​អង្គុយ​ក្នុង​ទីសម​គួរ​ហើយ​ ​បាន​ក្រាបបង្គំទូល​សួរ​ព្រះ​ដ៏​មាន​ព្រះ​ភាគ​ដូច្នេះ​ថា​ ​បពិត្រ​ព្រះអង្គ​ដ៏​ចំរើន​ ​ព្រះ​តថាគត​ ​មានព្រះហឫទ័យ​ទំ​លាយ​នូវ​ទំនប់​ ​គឺ​កិលេស​ ​តើ​រលាស់​ចេញ​ ​ឃ្លាត​ចេញ​ ​រួច​ស្រឡះ​ ​ចាក​ធម៌​ប៉ុន្មាន​យ៉ាង​។​ ​ព្រះ​ដ៏​មាន​ព្រះ​ភាគ​ ​ទ្រង់​ត្រាស់​ថា​ ​ម្នាល​វា​ហុនៈ​ ​ព្រះ​តថាគត​មានចិត្ត​ទំ​លាយ​នូវ​ទំនប់​ ​គឺ​កិលេស​ ​រលាស់​ចេញ​ ​ឃ្លាត​ចេញ​ ​រួច​ស្រឡះ​ចាក​ធម៌​ ​១០​ ​យ៉ាង​។​ ​ធម៌​ ​១០​ ​យ៉ាង​ ​តើ​អ្វីខ្លះ​។​ ​ម្នាល​វា​ហុនៈ​ ​ព្រះ​តថាគត​មានចិត្ត​ទំ​លាយ​នូវ​ទំនប់​ ​គឺ​កិលេស​ ​រលាស់​ចេញ​ ​ឃ្លាត​ចេញ​ ​រួច​ស្រឡះ​ចាក​រូប​ ​១​ ​ម្នាល​វា​ហុនៈ​ ​ចាក​វេទនា​ ​.​.​.​១​ ​ម្នាល​វា​ហុនៈ​ ​ចាក​សញ្ញា​.​.​.​ ​១​ ​ម្នាល​វា​ហុនៈ​ ​ចាក​សង្ខារ​ទាំងឡាយ​.​.​.​ ​១​ ​ម្នាល​វា​ហុនៈ​ ​ចាក​វិញ្ញាណ​.​.​.​ ​១​ ​ម្នាល​វា​ហុនៈ​ ​ចាក​ជាតិ​.​.​.​ ​១​ ​ម្នាល​វា​ហុនៈ​ ​ចាក​ជរា​.​.​.​ ​១​ ​ម្នាល​វា​ហុនៈ​ ​ចាក​មរណៈ​ ​.​.​.​១​"
    },
    {
      "header": "សុត្តន្តបិដក\nអង្គុត្តរនិកាយ  ទសកនិបាត\nឯកាទសមភាគ\nបឋមបណ្ណាសក",
      "href": "http://ti-kh.org/books?book=50&page=383",
      "text": "ឧបាសកវគ្គ\tទី ៥",
      "detail": "<p class=\"BCenter\">​ឧបាសក​វគ្គ​ ​ទី៥​</p>\n<br>​<span class=\"IncreaseIndent\">&nbsp;</span>[​៩១​]​ ​សម័យមួយ​ ​ព្រះ​ដ៏​មាន​ព្រះ​ភាគ​ ​ទ្រង់​គង់នៅ​ក្នុង​វត្ត​ជេតពន​ ​របស់​អនាថបិណ្ឌិក​សេដ្ឋី​ ​ជិត​ក្រុង​សាវត្ថី​។​ ​គ្រានោះ​ ​អនាថបិណ្ឌិក​គហបតី​ ​ចូល​ទៅ​គាល់​ព្រះ​ដ៏​មាន​ព្រះ​ភាគ​ ​លុះ​ចូល​ទៅដល់​ ​ក្រាប​ថ្វាយបង្គំ​ព្រះ​ដ៏​មាន​ព្រះ​ភាគ​ ​ហើយ​អង្គុយ​ក្នុង​ទីសម​គួរ​។​ ​លុះ​អនាថបិណ្ឌិក​គហបតី​ ​បាន​អង្គុយ​ក្នុង​ទីសម​គួរ​ហើយ​ ​ទើប​ព្រះ​ដ៏​មាន​ព្រះ​ភាគ​ ​ទ្រង់​ត្រាស់​ថា​ ​ម្នាល​គហបតី​ ​អ្នក​បរិភោគ​កាម​នេះ​ ​មាន​ ​១០​ ​ពួក​ ​ក្នុង​លោក​។​ ​១០​ ​ពួក​ ​តើ​ដូចម្តេច​ខ្លះ​។​ ​ម្នាល​គហបតី​ ​ក្នុង​លោក​នេះ​ ​មាន​អ្នក​បរិភោគ​កាម​ខ្លះ​ ​ស្វះស្វែង​រក​នូវ​ភោគៈ​ទាំងឡាយ​ ​មិន​ត្រូវ​តាម​គន្លងធម៌​ ​គឺ​កំហែង​សង្កត់សង្កិន​គេ​ ​លុះ​ស្វះស្វែង​រក​ភោគៈ​ទាំងឡាយ​ ​មិន​ត្រូវ​តាម​គន្លងធម៌​ ​គឺ​កំហែង​សង្កត់សង្កិន​គេ​បាន​មក​ហើយ​ ​មិន​ធ្វើខ្លួន​ឲ្យបាន​សុខ​ ​ឲ្យ​ឆ្អែត​ ​មិន​ចែករលែក​ ​មិន​ធ្វើបុណ្យ​ទាំងឡាយ​ ​១​។​ ​ម្នាល​គហបតី​ ​ក្នុង​លោក​នេះ​ ​មាន​អ្នក​បរិភោគ​កាម​ខ្លះ​ ​ស្វះស្វែង​រក​ភោគៈ​ទាំងឡាយ​ ​មិន​ត្រូវ​តាម​គន្លងធម៌​ ​គឺ​កំហែង​សង្កត់សង្កិន​គេ​ ​លុះ​ស្វះស្វែង​រក​នូវ​ភោគៈ​ទាំងឡាយ​ ​មិន​ត្រូវ​តាម​គន្លងធម៌​ ​គឺ​កំហែង​សង្កត់សង្កិន​គេ​ ​បាន​មក​ហើយ​ ​ធ្វើខ្លួន​ឲ្យបាន​សុខ​"
    }
  ]
}