{
  "title": "ភាគ ៤៩",
  "imageSrc": "photos/Book_49.jpg",
  "href": "http://ti-kh.org/books?book=49",
  "contents": [
    {
      "header": "សុត្តន្តបិដក\nអង្គុត្តរនិកាយ  នវកនិបាត\nទសមភាគ\nបណ្ណាសក",
      "href": "http://ti-kh.org/books?book=49&page=1",
      "text": "បណ្ណាសក \t\t\tសម្ពោធវគ្គ\tទី ១",
      "detail": "<div style=\"text-align: center\"><p class=\"BCenter\">សុត្តន្ត​បិដក​\n<br>​អង្គុត្តរ​និកាយ​ ​នវក​និបាត​ ​\n<br>​ទសម​ភាគ​</p>\n<br>​សូម​នមស្ការ​ព្រះមានព្រះភាគ​ ​អរហន្ត​សម្មា​សម្ពុទ​ ​ព្រះអង្គ​នោះ​។​\n<br><p class=\"BCenter\">​បណ្ណា​សក​ ​\n<br>​សម្ពោធ​វគ្គ​ ​ទី១​</p></div><span class=\"IncreaseIndent\">&nbsp;</span>​[​១​]​ ​ខ្ញុំ​បាន​សា្តប់​មក​យ៉ាងនេះ​។​ ​សម័យមួយ​ ​ព្រះ​ដ៏​មាន​ព្រះ​ភាគ​ ​ទ្រង់​គង់នៅ​ក្នុង​វត្ត​ជេតពន​ ​របស់​អនាថបិណ្ឌិក​សេដ្ឋី​ ​ទៀប​ក្រុង​សាវត្ថី​។​ ​ព្រះ​ដ៏​មាន​ព្រះ​ភាគ​ ​ទ្រង់​ត្រាស់​ហៅ​ភិក្ខុ​ទាំងឡាយ​ ​ក្នុង​ទីនោះ​ថា​ ​ម្នាល​ភិក្ខុ​ទាំងឡាយ​។​ ​ភិក្ខុ​ទាំងនោះ​ ​ទទួល​ស្តាប់​ព្រះពុទ្ធដីកា​ព្រះ​ដ៏​មាន​ព្រះ​ភាគ​ថា​ ​ព្រះករុណា​ ​ព្រះអង្គ​។​ ​ព្រះ​ដ៏​មាន​ព្រះ​ភាគ​ ​ទ្រង់​ត្រាស់​ដូច្នេះ​ថា​ ​ម្នាល​ភិក្ខុ​ទាំងឡាយ​ ​ប្រសិនបើ​ពួ​ក​បរិ​ព្វា​ជ​ក​ ​ជា​អន្យតិរ្ថិយ​ ​គប្បី​សួរ​យ៉ាងនេះ​ថា​ ​ម្នាល​អាវុសោ​ទាំងឡាយ​ ​ហេតុ​នៃ​សេចក្តី​ចំរើន​ ​នូវ​ពួក​ធម៌​ជា​ចំណែក​នៃ​ការ​ត្រាស់​ដឹង​ ​តើ​ដូចម្តេច​ ​ម្នាល​ភិក្ខុ​ទាំងឡាយ​ ​បើ​ពួក​អន្យតិរ្ថិយ​សួរ​យ៉ាងនេះ​ហើយ​ ​អ្នក​ទាំងឡាយ​ ​គប្បី​ដោះស្រាយ​ដល់​ពួ​ក​បរិ​ព្វា​ជ​ក​ ​ជា​អន្យតិរ្ថិយ​ទាំងនោះ​ ​ដូចម្តេច​។​ ​"
    },
    {
      "header": "សុត្តន្តបិដក\nអង្គុត្តរនិកាយ  នវកនិបាត\nទសមភាគ\nបណ្ណាសក",
      "href": "http://ti-kh.org/books?book=49&page=44",
      "text": "សីហនាទវគ្គ\tទី ២",
      "detail": "<p class=\"BCenter\">​បណ្ណា​សក​ ​សីហនាទ​វគ្គ​</p>\n<br>​<span class=\"IncreaseIndent\">&nbsp;</span>[​១១​]​ ​សម័យមួយ​ ​ព្រះ​ដ៏​មាន​ព្រះ​គ​ភាគ​ ​ទ្រង់​គង់នៅ​ក្នុង​វត្ត​ជេន​ពន​របស់​អនាថបិណ្ឌិក​សេដ្ឋី​ ​ជិត​ក្រុង​សាវត្ថី​។​ ​គ្រានោះ​ ​ព្រះ​សារីបុត្ត​ដ៏​មាន​អាយុ​ ​ចូល​ទៅ​គាល់​ព្រះ​ដ៏​មាន​ព្រះ​ភាគ​ ​លុះ​ចូល​ទៅដល់​ ​ក្រាប​ថ្វាយបង្គំ​ព្រះ​ដ៏​មាន​ព្រះ​ភាគ​ ​ហើយ​អង្គុយ​ក្នុង​ទីសម​គួរ​។​ ​លុះ​ព្រះ​សារីបុត្ត​ដ៏​មាន​អាយុ​ ​អង្គុយ​ក្នុង​ទីសម​គួរ​ហើយ​ ​បាន​ក្រាបបង្គំទូល​ព្រះ​ដ៏​មាន​ព្រះ​ភាគ​ដូច្នេះ​ថា​ ​បពិត្រ​ព្រះអង្គ​ដ៏​ចំរើន​ ​ការ​នៅចាំ​វស្សា​ក្នុង​ក្រុង​សាវត្ថី​ ​ខ្ញុំ​ព្រះអង្គ​នៅ​រួចហើយ​ ​បពិត្រ​ព្រះអង្គ​ដ៏​ចំរើន​ ​ឥឡូវនេះ​ ​ខ្ញុំ​ព្រះអង្គ​ប្រាថ្នា​ ​ដើម្បី​ទៅកាន់​ចារិក​ក្នុង​ជនបទ​។​ ​ព្រះអង្គ​ត្រាស់​ថា​ ​ម្នាល​សារីបុត្ត​ ​អ្នក​ចូរ​សំគាល់​នូវ​កាលគួរ​ ​ក្នុង​កាល​ឥឡូវនេះ​ចុះ​។​ ​លំដាប់នោះ​ ​ព្រះ​សារីបុត្ត​ដ៏​មាន​អាយុ​នោះ​ ​ក្រោក​ចាក​អាសនៈ​ ​ថ្វាយបង្គំលា​ព្រះ​ដ៏​មាន​ព្រះ​ភាគ​ ​ធ្វើ​ប្រទក្សិណ​ ​ហើយ​ចៀសចេញ​ទៅ​។​ ​លំដាប់នោះ​ ​កាល​ព្រះ​សារីបុត្ត​ដ៏​មាន​អាយុ​ ​ចៀសចេញ​ទៅ​ ​មិនយូរ​ប៉ុន្មាន​ ​ភិក្ខុ​ ​១​ ​រូប​ ​បាន​ក្រាបបង្គំទូល​ព្រះ​ដ៏​មាន​ព្រះ​ភាគ​ដូច្នេះ​ថា​ ​"
    },
    {
      "header": "សុត្តន្តបិដក\nអង្គុត្តរនិកាយ  នវកនិបាត\nទសមភាគ\nបណ្ណាសក",
      "href": "http://ti-kh.org/books?book=49&page=84",
      "text": "សត្តាវាសវគ្គ\tទី ៣",
      "detail": "<p class=\"BCenter\">​សត្តា​វាសវ​គ្គ​ ​ទី៣​</p>\n<br>​<span class=\"IncreaseIndent\">&nbsp;</span>[​២១​]​ ​ម្នាល​ភិក្ខុ​ទាំងឡាយ​ ​ពួក​មនុស្ស​អ្នក​នៅក្នុង​ឧត្តរកុរុ​ទ្វីប​ ​ខ្ពង់ខ្ពស់​ ​ហួស​ពួក​ ​ទេវតា​ជាន់​តាវត្តឹង្ស​ផង​ ​និង​ពួក​មនុស្ស​អ្នក​នៅក្នុង​ជម្ពូទ្វីប​ផង​ ​ដោយស្ថាន​ ​៣​ ​យ៉ាង​។​ ​ស្ថាន​ ​៣​ ​យ៉ាង​ ​តើ​ដូចម្តេច​ខ្លះ​។​ ​គឺ​មិន​មាន​សេចក្តី​អន្ទះសា​ ​១​ ​មិន​មាន​សេចក្តី​ហួងហែង​ ​១​ ​មាន​អាយុ​ទៀង​ ​មានកំណើត​ដ៏​វិសេស​ ​១​។​ ​ម្នាល​ភិក្ខុ​ទាំងឡាយ​ ​ពួក​មនុស្ស​នៅក្នុង​ឧត្តរ​កុរុ​ទី្វប​ ​តែង​ខ្ពង់ខ្ពស់​ ​ហួស​ពួក​ទេវតា​ជាន់​តាវត្តឹង្ស​ផង​ ​និង​ពួក​មនុស្ស​អ្នក​នៅក្នុង​ ​ជម្ពូទ្វីប​ផង​ ​ដោយស្ថាន​ ​៣​ ​យ៉ាងនេះ​ឯង​។​ ​ម្នាល​ភិក្ខុ​ទាំងឡាយ​ ​ពួក​ទេវតា​ជាន់​តាវត្តឹង្ស​ ​ខ្ពង់ខ្ពស់​ហួស​ពួក​មនុស្ស​អ្នក​នៅក្នុង​ឧត្តរកុរុ​ទ្វីប​ផង​ ​និង​ពួក​មនុស្ស​អ្នក​នៅក្នុង​ជម្ពូទ្វីប​ផង​ ​ដោយស្ថាន​ ​៣​ ​យ៉ាង​។​ ​ស្ថាន​ ​៣​ ​យ៉ាង​ ​តើ​ដូចម្តេច​ខ្លះ​។​ ​គឺ​អាយុ​ជា​ទិព្វ​ ​១​ ​សម្បុរ​ជា​ទិព្វ​ ​១​ ​សេចក្តី​សុខ​ជា​ទិព្វ​ ​១​។​ ​ម្នាល​ភិក្ខុ​ទាំងឡាយ​ ​ពួក​ទេវតា​ជាន់​តា​វតឹ្តង្ស​ ​តែង​ខ្ពង់ខ្ពស់​ហួស​ពួក​មនុស្ស​អ្នក​នៅក្នុង​ឧត្តរកុរុ​ទ្វីប​ផង​ ​និង​ពួក​មនុស្ស​អ្នក​នៅក្នុង​ជម្ពូទ្វីប​ផង​ ​ដោយស្ថាន​ ​៣​ ​យ៉ាងនេះ​ឯង​។​ ​ម្នាល​ភិក្ខុ​ទាំងឡាយ​ ​ពួក​មនុស្ស​អ្នក​នៅក្នុង​ជម្ពូទ្វីប​ ​ខ្ពង់ខ្ពស់​ហួស​ពួក​មនុស្ស​អ្នក​នៅក្នុង​ឧត្តរកុរុ​ទ្វីប​ផង​ ​និង​ពួក​ទេវតា​ជាន់​តា​វតឹ្តង្ស​ផង​ ​ដោយស្ថាន​ ​៣​ ​យ៉ាង​។​ ​ស្ថាន​ ​៣​ ​យ៉ាង​ ​តើ​ដូចម្តេច​ខ្លះ​។​ ​"
    },
    {
      "header": "សុត្តន្តបិដក\nអង្គុត្តរនិកាយ  នវកនិបាត\nទសមភាគ\nបណ្ណាសក",
      "href": "http://ti-kh.org/books?book=49&page=115",
      "text": "មហាវគ្គ\tទី ៤",
      "detail": "<p class=\"BCenter\">​មហាវគ្គ​ ​ទី៤​</p>\n<br>​<span class=\"IncreaseIndent\">&nbsp;</span>[​៣២​]​ ​ម្នាល​ភិក្ខុ​ទាំងឡាយ​ ​អនុ​បុព្វ​វិហារ​ ​(​ធម៌​ជា​គ្រឿង​នៅ​តាមលំដាប់​)​ ​នេះ​ ​មាន​ ​៩​ ​យ៉ាង​។​ ​អនុ​បុព្វ​វិហារ​ ​៩​ ​យ៉ាង​ ​តើ​ដូចម្ដេច​។​ ​គឺ​បឋមជ្ឈាន​ ​១​ ​ទុតិយជ្ឈាន​ ​១​ ​តតិយជ្ឈាន​ ​១​ ​ចតុត្ថជ្ឈាន​ ​១​ ​អាកាសានញ្ចាយតន​ជ្ឈាន​ ​១​ ​វិ​ញ្ញាណ​ញ្ចា​យតន​ជ្ឈាន​ ​១​ ​អា​កិ​ញ្ចញ្ញា​យតន​ជ្ឈាន​ ​១​ ​នេវ​សញ្ញា​នា​សញ្ញា​យតន​ជ្ឈាន​ ​១​ ​សញ្ញា​វេទយិត​និរោធ​ ​១​។​ ​ម្នាល​ភិក្ខុ​ទាំងឡាយ​ ​អនុ​បុព្វ​វិហារ​ ​មាន​ ​៩​ ​យ៉ាងនេះ​ឯង​។​\n<br>​<span class=\"IncreaseIndent\">&nbsp;</span>[​៣៣​]​ ​ម្នាល​ភិក្ខុ​ទាំងឡាយ​ ​តថាគត​នឹង​សំដែង​នូវ​អនុ​បុព្វ​វិហារ​សមាបត្តិ​ ​៩​ ​យ៉ាង​ ​នេះ​ ​អ្នក​ទាំងឡាយ​ ​ចូរ​ប្រុង​ស្ដាប់​នូវ​អនុ​បុព្វ​វិហារ​សមាបត្តិ​នោះ​។​បេ​។​ ​ម្នាល​ភិក្ខុ​ទាំងឡាយ​ ​អនុ​បុព្វ​វិហារ​សមាបត្តិ​ ​៩​ ​យ៉ាង​ ​តើ​ដូចម្ដេច​ខ្លះ​។​ ​តថាគត​ពោល​ថា​ ​កាម​ទាំងឡាយ​រលត់​ទៅ​ក្នុង​ទីណា​ ​មួយទៀត​ ​ជន​ទាំងឡាយ​ណា​ ​បាន​រំលត់​អស់ហើយ​ ​នូវ​កាម​ទាំងឡាយ​ ​អ្នក​ដ៏​មាន​អាយុ​ទាំងនោះ​ ​ឈ្មោះថា​ ​អ្នក​មិន​មាន​សេចក្ដីស្រេកឃ្លាន​ ​អ្នក​រំលត់ទុក្ខ​ ​បាន​ឆ្លង​នូវ​កាម​ទាំងឡាយ​ ​បាន​ដល់​នូវ​ត្រើយ​ ​ដោយ​អង្គ​នៃ​ឈាន​នោះ​ដោយពិត​។​ ​"
    },
    {
      "header": "សុត្តន្តបិដក\nអង្គុត្តរនិកាយ  នវកនិបាត\nទសមភាគ\nបណ្ណាសក",
      "href": "http://ti-kh.org/books?book=49&page=199",
      "text": "បញ្ចាលវគ្គ ទី៥",
      "detail": "<p class=\"BCenter\">បញ្ចាល​វគ្គ​ ​ទី៥​</p>\n<br>​<span class=\"IncreaseIndent\">&nbsp;</span>[​៤២​]​ ​សម័យមួយ​ ​ព្រះ​អានន្ទ​ដ៏​មាន​អាយុ​ ​កាល​គង់នៅ​ក្នុង​ឃោសិ​តា​រាម​ ​ជិត​ក្រុង​កោ​សម្ដី​។​ ​គ្រានោះ​ ​ព្រះ​ឧទាយិ​ដ៏​មាន​អាយុ​ ​បាន​ចូល​ទៅ​រក​ព្រះ​អានន្ទ​ដ៏​មាន​អាយុ​ ​លុះ​ចូល​ទៅដល់​ហើយ​ ​ក៏​ធ្វើ​សេចក្ដីរីករាយ​ជាមួយ​ព្រះ​អានន្ទ​ដ៏​មាន​អាយុ​ ​លុះ​បញ្ចប់​ពាក្យ​ដែល​គួរ​រីករាយ​ ​និង​ពាក្យ​ដែល​គួរ​រលឹក​ហើយ​ ​ក៏​អង្គុយ​ក្នុង​ទីសម​គួរ​។​ ​លុះ​ព្រះ​ឧទាយិ​ដ៏​មាន​អាយុ​ ​អង្គុយ​ក្នុង​ទីសម​គួរ​ហើយ​ ​បាន​និយាយ​នឹង​ព្រះ​អានន្ទ​ដ៏​មាន​អាយុ​ ​ដូច្នេះ​ថា​ ​ម្នាល​អាវុ​សា​ ​ទេវបុត្រ​ឈ្មោះ​បញ្ចាល​ចណ្ឌ​ ​ពោល​នូវ​ពាក្យ​នេះ​ថា​\n<br><div class=\"ContentTab\">​បុគ្គល​ណា​ ​មាន​បញ្ញា​ក្រាស់​ដូច​ផែនដី​ ​ជ្រាប​ច្បាស់​នូវ​ឱកាស​ដែល​តាំងនៅ​ក្នុង​ទី​ចង្អៀត​ ​ជា​ព្រះពុទ្ធ​ ​ត្រាស់​ដឹង​នូវ​ឈាន​ ​បុគ្គល​នោះ​ ​ជា​អ្នកប្រាជ្ញ​លាក់ខ្លួន​ ​និង​ប្រសើរ​ផុត​។​</div>\n<br>​<span class=\"IncreaseIndent\">&nbsp;</span>ម្នាល​អាវុ​សា​ ​ទី​ចង្អៀត​នោះ​ ​តើ​ដូចម្ដេច​ខ្លះ​។​ ​ការ​ត្រាស់​ដឹង​នូវ​ឱកាស​ក្នុង​ទី​ចង្អៀត​ ​ដែល​ព្រះ​ដ៏​មាន​ព្រះ​ភាគ​សំដែង​ហើយ​ ​តើ​ដូចម្ដេច​ខ្លះ​។​ ​ម្នាល​អាវុ​សា​ ​កាមគុណ​ ​៥​ ​យ៉ាងនេះ​ ​ព្រះ​ដ៏​មាន​ព្រះ​ភាគ​ ​ទ្រង់​សំដែង​ថា​ ​ទី​ចង្អៀត​។​ ​កាមគុណ​ ​៥​ ​យ៉ាង​ ​តើ​ដូចម្ដេច​ខ្លះ​។​ ​"
    },
    {
      "header": "បណ្ណាសកាសង្គហិតវគ្គ",
      "href": "http://ti-kh.org/books?book=49&page=211",
      "text": "បណ្ណាសកាសង្គហិតវគ្គ \tខេមវគ្គ\tទី ១",
      "detail": "<p class=\"BCenter\">​បណ្ណា​សកា​សង្គហិ​ត​វគ្គ​\n<br>​ខេម​វគ្គ​ ​ទី១​</p>\n<br>​<span class=\"IncreaseIndent\">&nbsp;</span>[​៥២​]​ ​ម្នាល​អាវុសោ​ ​ព្រះ​ដ៏​មាន​ព្រះ​ភាគ​ ​ទ្រង់​ត្រាស់​ថា​ ​សេចក្ដី​ក្សេម​ ​សេចក្ដី​ក្សេម​ ​ដូច្នេះ​ ​ម្នាល​អាវុសោ​ ​សេចក្ដី​ក្សេម​ ​ដែល​ព្រះ​ដ៏​មាន​ព្រះ​ភាគ​ ​ទ្រង់​ត្រាស់​ហើយ​ ​តើ​ដោយហេតុ​ប៉ុន្មាន​។​ ​ម្នាល​អាវុសោ​ ​ភិក្ខុ​ក្នុង​សាសនា​នេះ​ ​ស្ងាត់​ចាក​កាម​ទាំងឡាយ​។​បេ​។​ ​បាន​ដល់​នូវ​បឋមជ្ឈាន​ ​ម្នាល​អាវុសោ​ ​សេចក្ដី​ក្សេម​ ​ដែល​ព្រះ​ដ៏​មាន​ព្រះ​ភាគ​ ​ទ្រង់​ត្រាស់​ហើយ​ ​ដោយ​បរិយាយ​ ​ត្រឹម​ប៉ុណ្ណេះ​ឯង​។​បេ​។​ ​ម្នាល​អាវុសោ​ ​មួយទៀត​ ​ភិក្ខុ​បាន​ដល់​នូវ​សញ្ញា​វេទយិត​និរោធ​ ​ព្រោះ​កន្លង​នូវ​នេវ​សញ្ញា​នា​សញ្ញា​យតន​ជ្ឈាន​ ​ដោយ​ប្រការ​ទាំងពួង​ ​អាសវៈ​ទាំងឡាយ​ ​របស់​ភិក្ខុ​នោះ​ ​ក៏​អស់រលីង​ទៅ​ ​ព្រោះ​ឃើញ​ដោយ​បញ្ញា​ ​ម្នាល​អាវុសោ​ ​សេចក្ដី​ក្សេម​ ​ដែល​ព្រះ​ដ៏​មាន​ព្រះ​ភាគ​ ​ទ្រង់​សំដែង​ហើយ​ ​ដោយ​និប្បរិយាយ​ ​ត្រឹម​ប៉ុណ្ណេះ​ឯង​។​\n<br>​<span class=\"IncreaseIndent\">&nbsp;</span>[​៥៣​]​ ​ម្នាល​អាវុសោ​ ​ព្រះ​ដ៏​មាន​ព្រះ​ភាគ​ ​ទ្រង់​ត្រាស់​ថា​ ​បុគ្គល​ដល់​នូវ​សេចក្ដី​ក្សេម​ ​ដល់​នូវ​សេចក្ដី​ក្សេម​ ​ដូច្នេះ​។​បេ​។​\n<br>​<span class=\"IncreaseIndent\">&nbsp;</span>[​៥៤​]​ ​ម្នាល​អាវុសោ​ ​ព្រះ​ដ៏​មាន​ព្រះ​ភាគ​ ​ទ្រង់​ត្រាស់​ថា​ ​អមតៈ​ ​អមតៈ​ ​ដូច្នេះ​។​បេ​។​"
    },
    {
      "header": "បណ្ណាសកាសង្គហិតវគ្គ",
      "href": "http://ti-kh.org/books?book=49&page=215",
      "text": "សតិប្បដ្ឋានវគ្គទី ២",
      "detail": "<p class=\"BCenter\">​សតិ​ប្ប​ដ្ឋាន​វគ្គ​ ​ទី២​</p>\n<br>​<span class=\"IncreaseIndent\">&nbsp;</span>[​៦៣​]​ ​ម្នាល​ភិក្ខុ​ទាំងឡាយ​ ​ហេតុ​នៃ​សិក្ខា​មាន​កំឡាំង​ថយ​នេះ​ ​មាន​ ​៥​ ​យ៉ាង​។​ ​ហេតុ​នៃ​សិក្ខា​មាន​កំឡាំង​ថយ​ ​៥​ ​យ៉ាង​ ​តើ​អ្វីខ្លះ​។​ ​គឺ​ ​បាណាតិបាត​ ​១​ ​អទិន្នាទាន​ ​១​ ​កា​មេ​សុ​មិច្ឆាចារ​ ​១​ ​មុសាវាទ​ ​១​ ​សុរា​មេរយ​មជ្ជ​ប្ប​មា​ទដ្ឋា​ន​ ​១​។​ ​ម្នាល​ភិក្ខុ​ទាំងឡាយ​ ​ហេតុ​នៃ​សិក្ខា​មាន​កំឡាំង​ថយ​នេះ​មាន​ ​៥​ ​យ៉ាងនេះ​ឯង​។​ ​ម្នាល​ភិក្ខុ​ទាំងឡាយ​ ​ភិក្ខុ​គួរ​ចំរើន​សតិ​ប្ប​ដ្ឋាន​ ​៤​ ​ដើម្បី​លះបង់​នូវ​ហេតុ​នៃ​សិក្ខា​មាន​កំឡាំង​ថយ​ ​៥​ ​យ៉ាងនេះ​ឯង​។​ ​សតិ​ប្ប​ដ្ឋាន​ ​៤​ ​យ៉ាង​ ​តើ​ដូចម្តេច​ខ្លះ​។​ ​ម្នាល​ភិក្ខុ​ទាំងឡាយ​ ​ភិក្ខុ​ក្នុង​សាសនា​នេះ​ ​ពិចារណា​ឃើញ​នូវ​កាយ​ ​ក្នុង​កាយ​ជាប្រក្រតី​ ​មាន​ព្យាយាម​ ​ជា​គ្រឿង​ដុត​កំ​ដៅ​កិលេស​ ​ជា​អ្នកដឹងខ្លួន​ ​មានស្មារតី​ ​កំចាត់​បង់​នូវ​អភិជ្ឈា​ ​និង​ទោមនស្ស​ក្នុង​លោក​ចេញ​ ​១​ ​ក្នុង​វេទនា​ទាំងឡាយ​ ​១​។​បេ​។​ ​ក្នុងចិត្ត​ ​១​ ​ពិចារណា​ឃើញ​នូវ​ធម៌​ក្នុង​ធម៌​ទាំងឡាយ​ជាប្រក្រតី​ ​មាន​ព្យាយាម​ ​ជា​គ្រឿង​ដុត​កំ​ដៅ​កិលេស​ ​ជា​អ្នកដឹងខ្លួន​ ​មានស្មារតី​ ​កំចាត់​បង់​នូវ​អភិជ្ឈា​ ​និង​ទោមនស្ស​ក្នុង​លោក​ចេញ​ ​១​។​ ​ម្នាល​ភិក្ខុ​ទាំងឡាយ​ ​ភិក្ខុ​គួរ​ចំរើន​នូវ​សតិ​ប្ប​ដ្ឋាន​ ​៤​ ​នេះ​ ​ដើម្បី​លះបង់​នូវ​ហេតុ​នៃ​សិក្ខា​មាន​កំឡាំង​ថយ​ ​៥​ ​យ៉ាងនេះ​ឯង​។​"
    },
    {
      "header": "បណ្ណាសកាសង្គហិតវគ្គ",
      "href": "http://ti-kh.org/books?book=49&page=224",
      "text": "សម្មប្បធានវគ្គទី ៣",
      "detail": "<p class=\"BCenter\">សម្ម​ប្ប​ធាន​វគ្គ​ ​ទី៣​</p>\n<br>​<span class=\"IncreaseIndent\">&nbsp;</span>[​៧៣​]​ ​ម្នាល​ភិក្ខុ​ទាំងឡាយ​ ​ហេតុ​នៃ​សិក្ខា​មាន​កម្លាំង​ថយ​នេះ​មាន​ ​៥​ ​យ៉ាង​។​ ​ហេតុ​នៃ​សិក្ខា​មាន​កម្លាំង​ថយ​ ​៥​ ​យ៉ាង​ ​តើ​ដូចម្ដេច​ខ្លះ​។​ ​គឺ​ ​បាណាតិបាត​ ​១​។​បេ​។​ ​សុរា​មេរយ​មជ្ជ​ប្ប​មា​ទដ្ឋា​ន​ ​១​។​ ​ម្នាល​ភិក្ខុ​ទាំងឡាយ​ ​ហេតុ​នៃ​សិក្ខា​មាន​កម្លាំង​ថយ​ ​មាន​ ​៥​ ​យ៉ាងនេះ​ឯង​។​ ​ម្នាល​ភិក្ខុ​ទាំងឡាយ​ ​ភិក្ខុ​គួរ​ចំ​រើ​ន​សម្ម​ប្ប​ធាន​ ​៤​ ​យ៉ាង​ ​ដើម្បី​លះបង់​នូវ​ហេតុ​នៃ​សិក្ខា​មាន​កម្លាំង​ថយ​ ​៥​ ​យ៉ាងនេះ​។​ ​សម្ម​ប្ប​ធាន​ ​៤​ ​យ៉ាង​ ​តើ​ដូចម្ដេច​ខ្លះ​។​ ​ម្នាល​ភិក្ខុ​ទាំងឡាយ​ ​ភិក្ខុ​ក្នុង​សាសនា​នេះ​ ​ញុំាង​ឆន្ទៈ​ ​ឲ្យ​កើតឡើង​ ​សង្វាត​ ​ប្រារព្ធ​ព្យាយាម​ ​ផ្គង​ចិត្ត​ ​ដម្កល់​ចិត្ត​ ​ដើម្បី​បិទ​អកុសលធម៌​ទាំងឡាយ​ដ៏​លាមក​ ​ដែល​មិនទាន់​កើតឡើង​ ​មិន​ឲ្យ​កើតឡើង​បាន​ ​១​ ​ញុំាង​ឆន្ទៈ​ ​ឲ្យ​កើតឡើង​ ​សង្វាត​ ​ប្រារព្ធ​ព្យាយាម​ ​ផ្គង​ចិត្ត​ ​ដម្កល់​ចិត្ត​ ​ដើម្បី​លះបង់​នូវ​អកុសលធម៌​ទាំងឡាយ​ដ៏​លាមក​ ​ដែល​កើតឡើង​ហើយ​ ​១​ ​ញុំាង​ឆន្ទៈ​ឲ្យ​កើតឡើង​ ​សង្វាត​ ​ប្រារព្ធ​ព្យាយាម​ ​ផ្គង​ចិត្ត​ ​ដម្កល់​ចិត្ត​ ​ដើម្បី​បណ្តុះបណ្តាល​កុសលធម៌​ទាំងឡាយ​ ​ដែល​មិនទាន់​កើតឡើង​ ​ឲ្យ​កើតឡើង​បាន​ ​១​ ​"
    },
    {
      "header": "បណ្ណាសកាសង្គហិតវគ្គ",
      "href": "http://ti-kh.org/books?book=49&page=227",
      "text": "ឥទ្ធិបាទវគ្គ\tទី ៤",
      "detail": "<p class=\"BCenter\">ឥទ្ធិបាទ​វគ្គ​ ​ទី៤​</p>\n<br>​<span class=\"IncreaseIndent\">&nbsp;</span>​[​៧៥​]​ ​ម្នាល​ភិក្ខុ​ទាំងឡាយ​ ​ហេតុ​នៃ​សិក្ខា​មាន​កម្លាំង​ថយ​នេះ​មាន​ ​៥​ ​យ៉ាង​។​ ​ហេតុ​នៃ​សិក្ខា​មាន​កម្លាំង​ថយ​ ​៥​ ​យ៉ាង​ ​តើ​ដូចម្ដេច​ខ្លះ​។​ ​គឺ​ ​បាណាតិបាត​ ​១​។​បេ​។​ ​សុរា​មេរយ​មជ្ជ​ប្ប​មា​ទដ្ឋា​ន​ ​១​។​ ​ម្នាល​ភិក្ខុ​ទាំងឡាយ​ ​ហេតុ​នៃ​សិក្ខា​មាន​កម្លាំង​ថយ​ ​មាន​ ​៥​ ​យ៉ាងនេះ​ឯង​។​ ​ម្នាល​ភិក្ខុ​ទាំងឡាយ​ ​ភិក្ខុ​គួរ​ចំរើន​ឥទ្ធិបាទ​ ​៤​ ​យ៉ាង​ ​ដើម្បី​លះបង់​នូវ​ហេតុ​នៃ​សិក្ខា​មាន​កម្លាំង​ថយ​ ​៥​ ​យ៉ាងនេះ​។​ ​ឥ​ទិ្ធ​បាទ​ ​៤​ ​យ៉ាង​ ​តើ​ដូចម្ដេច​ខ្លះ​។​ ​ម្នាល​ភិក្ខុ​ទាំងឡាយ​ ​ភិក្ខុ​ក្នុង​សាសនា​នេះ​ ​ចំរើន​ឥទ្ធិបាទ​ ​ដែល​ប្រកបដោយ​ឆន្ទ​សមាធិ​ ​និង​បធាន​សង្ខារ​ ​១​ ​ចំរើន​ឥទ្ធិបាទ​ ​ដែល​ប្រកបដោយ​វីរិយ​សមាធិ​ ​និង​បធាន​សង្ខារ​ ​១​ ​ចំរើន​ឥទ្ធិបាទ​ ​ដែល​ប្រកបដោយ​ចិត្ត​សមាធិ​ ​និង​បធាន​សង្ខារ​ ​១​ ​ចំរើន​ឥទ្ធិបាទ​ ​ដែល​ប្រកបដោយ​វីមំសា​សមាធិ​ ​និង​បធាន​សង្ខារ​ ​១​។​ ​ម្នាល​ភិក្ខុ​ទាំងឡាយ​ ​ភិក្ខុ​គួរ​ចំរើន​ឥទ្ធិបាទ​ ​៤​ ​យ៉ាងនេះ​ ​ដើម្បី​លះបង់​នូវ​ហេតុ​នៃ​សិក្ខា​មាន​កំឡាំង​ថយ​ ​៥​ ​យ៉ាងនេះ​ឯង​។​ ​(​បទ​ដ៏​សេស​ទាំងពីរ​ ​ត្រូវ​សំដែង​ឲ្យ​ពិស្ដារ​ ​ដោយអំណាច​ឥទ្ធិបាទ​ផង​ចុះ​)​។​"
    },
    {
      "header": "បណ្ណាសកាសង្គហិតវគ្គ",
      "href": "http://ti-kh.org/books?book=49&page=229",
      "text": "វគ្គ\t\tទី ៥",
      "detail": "<p class=\"BCenter\">​វគ្គទី​ ​៥​</p>\n<br>​<span class=\"IncreaseIndent\">&nbsp;</span>[​៧៧​]​ ​ម្នាល​ភិក្ខុ​ទាំងឡាយ​ ​ភិក្ខុ​គួរ​ចំរើន​ធម៌​ ​៩​ ​យ៉ាង​ ​ដើម្បី​ដឹង​ច្បាស់​នូវ​រាគៈ​។​ ​ធម៌​ ​៩​ ​យ៉ាង​ ​តើ​ដូចម្ដេច​ខ្លះ​។​ ​គឺ​សេចក្ដីសំគាល់​ថា​មិនល្អ​ ​១​ ​សេចក្ដីសំគាល់​ ​ដោយ​មរ​ណា​នុបស្ស​នា​ញាណ​ ​១​ ​សេចក្ដីសំគាល់​ក្នុង​អាហារ​ ​ថា​ជា​របស់​គួរ​ខ្ពើម​ ​១​ ​សេចក្ដីសំគាល់​ក្នុង​លោក​ទាំងពួង​ថា​ ​មិន​គួរ​ត្រេកអរ​ ​១​ ​សេចក្ដីសំគាល់​ថា​ ​មិន​ទៀង​ ​១​ ​សេចក្ដីសំគាល់​ក្នុង​របស់​ដែល​មិន​ទៀង​ ​ថា​ជា​ទុក្ខ​ ​១​ ​សេចក្ដីសំគាល់​ក្នុង​របស់​ដែល​ជា​ទុក្ខ​ ​ថា​មិនមែន​របស់​ខ្លួន​ ​១​ ​សេចក្ដីសំគាល់​នូវ​របស់​ដែល​ត្រូវ​លះបង់​ ​១​ ​សេចក្ដីសំគាល់​ថា​ ​គួរ​នឿយណាយ​ ​១​។​ ​ម្នាល​ភិក្ខុ​ទាំងឡាយ​ ​ភិក្ខុ​គួរ​ចំរើន​ធម៌​ ​៩​ ​យ៉ាងនេះ​ ​ដើម្បី​ដឹង​ច្បាស់​នូវ​រាគៈ​។​ ​\n<br>​<span class=\"IncreaseIndent\">&nbsp;</span>[​៧៨​]​ ​ម្នាល​ភិក្ខុ​ទាំងឡាយ​ ​ភិក្ខុ​គួរ​ចំរើន​ធម៌​ ​៩​ ​យ៉ាង​ ​ដើម្បី​ដឹង​ច្បាស់​នូវ​រាគៈ​។​ ​ធម៌​ ​៩​ ​យ៉ាង​ ​តើ​ដូចម្ដេច​ខ្លះ​។​ ​គឺ​បឋមជ្ឈាន​ ​១​ ​ទុតិយជ្ឈាន​ ​១​ ​តតិយជ្ឈាន​ ​១​ ​ចតុត្ថជ្ឈាន​ ​១​ ​អាកាសានញ្ចាយតន​ជ្ឈាន​ ​១​ ​វិ​ញ្ញាណ​ញ្ចា​យតន​ជ្ឈាន​ ​១​ ​អា​កិ​ញ្ចញ្ញា​យតន​ជ្ឈាន​ ​១​ ​នេវ​សញ្ញា​នា​សញ្ញា​យតន​ជ្ឈាន​ ​១​ ​សញ្ញា​វេទយិត​និរោធ​ ​១​។​ ​ម្នាល​ភិក្ខុ​ទាំងឡាយ​ ​ភិក្ខុ​គួរ​ចំរើន​ធម៌​ ​៩​ ​យ៉ាងនេះ​ឯង​ ​ដើម្បី​ដឹង​ច្បាស់​នូវ​រាគៈ​។​"
    }
  ]
}