{
  "title": "ភាគ ៤៥",
  "imageSrc": "photos/Book_45.jpg",
  "href": "http://ti-kh.org/books?book=45",
  "contents": [
    {
      "header": "តតិយបណ្ណាសក",
      "href": "http://ti-kh.org/books?book=45&page=1",
      "text": "តតិយបណ្ណាសក \tផាសុវិហារវគ្គ\tទី ១",
      "detail": "<div style=\"text-align: center\"><p class=\"BCenter\">សុត្តន្ត​បិដក​\n<br>​អង្គុត្តរ​និកាយ​ ​បញ្ចក​និបាត​ ​\n<br>​ឆ​ដ្ឋ​ភាគ​\n<br>​ត​តិ​យ​បណ្ណា​សក​\n<br>​ផាសុវិហារ​វគ្គ​</p></div>​<span class=\"IncreaseIndent\">&nbsp;</span>[​១​]​ ​ម្នាល​ភិក្ខុ​ទាំងឡាយ​ ​ធម៌​ទាំងឡាយ​ ​ជា​គ្រឿង​ធ្វើឲ្យ​ក្លៀវក្លា​ ​របស់​សេក្ខបុគ្គល​នេះ​មាន​ ​៥​ ​យ៉ាង​។​ ​ធម៌​ ​៥​ ​យ៉ាង​ ​គឺ​អ្វីខ្លះ​។​ ​ម្នាល​ភិក្ខុ​ទាំងឡាយ​ ​ភិក្ខុ​ក្នុង​សាសនា​នេះ​ ​ជា​អ្នកមាន​សទ្ធា​ ​១​ ​មាន​សីល​ ​១​ ​បាន​ស្តាប់​ច្រើន​ ​១​ ​ប្រារព្ធ​ព្យាយាម​ ​១​ ​មាន​ប្រាជ្ញា​ ​១​។​ ​ម្នាល​ភិក្ខុ​ទាំងឡាយ​ ​ភិក្ខុ​អ្នក​មិន​មាន​សទ្ធា​ ​មាន​សេចក្តី​អៀនអន់​ឯណា​ ​ភិក្ខុ​អ្នកមាន​សទ្ធា​ ​ឥតមាន​សេចក្តី​អៀនអន់​នោះ​ទេ​។​ ​ព្រោះហេតុនោះ​ ​ធម៌​នេះ​ ​ឈ្មោះថា​ ​ជា​គ្រឿង​ធ្វើឲ្យ​ក្លៀវក្លា​ ​របស់​សេក្ខបុគ្គល​។​ ​ម្នាល​ភិក្ខុ​ទាំងឡាយ​ ​ភិក្ខុ​អ្នក​ទ្រុស្តសីល​ ​មាន​សេចក្តី​អៀនអន់​ឯណា​ ​ភិក្ខុ​អ្នកមានសីល​ ​ឥតមាន​សេចក្តី​អៀនអន់​នោះ​ទេ​។​ ​ព្រោះហេតុនោះ​ ​ធម៌​នេះ​ ​ឈ្មោះថា​ ​ជា​គ្រឿង​ធ្វើឲ្យ​ក្លៀវក្លា​ ​របស់​សេក្ខបុគ្គល​។"
    },
    {
      "header": "តតិយបណ្ណាសក",
      "href": "http://ti-kh.org/books?book=45&page=19",
      "text": "អន្ធកវិន្ទវគ្គ \tទី ២",
      "detail": "<p class=\"BCenter\">​អន្ធ​ក​វិន្ទ​វគ្គ​ ​ទី២​</p>\n<br>​<span class=\"IncreaseIndent\">&nbsp;</span>[​១១​]​ ​ម្នាល​ភិក្ខុ​ទាំងឡាយ​ ​ភិក្ខុ​អ្នក​ចូល​ទៅកាន់​ត្រកូល​ ​ប្រកបដោយ​ធម៌​ ​៥​ ​យ៉ាង​ ​ត្រកូល​ទាំងឡាយ​ ​រមែង​មិន​ស្រឡាញ់​ផង​ ​មិន​ពេញចិត្ត​ផង​ ​មិន​គោរព​ផង​ ​មិន​សរសើរ​ផង​។​ ​ប្រកបដោយ​ធម៌​ ​៥​ ​យ៉ាង​ ​តើ​ដូចម្តេច​ខ្លះ​ ​គឺជា​អ្ន​ក​ស្និ​ទស្នាល​ ​ចំពោះ​ត្រកូល​ ​ដែល​មិន​មាន​សេចក្តី​រាប់អាន​ខ្លួន​ ​១​ ​ខ្លួន​មិនមែន​ជា​ឥស្សរៈ​ ​តែ​លើកខ្លួនជា​ឥស្សរៈ​ ​១​ ​ជា​អ្នក​ចូល​ទៅរាប់​រក​ដើម្បី​ផ្សះផ្សា​ត្រកូល​ ​ដែល​បែកបាក់​គ្នា​ ​១​ ​ជា​អ្នក​ច្រើន​ខ្សឹប​ជិត​ត្រចៀក​អ្នកឯទៀត​ ​១​ ​ជា​អ្នក​សូម​គេ​ចែៗ​ ​១​។​ ​ម្នាល​ភិក្ខុ​ទាំងឡាយ​ ​ភិក្ខុ​អ្នក​ចូល​ទៅកាន់​ត្រកូល​ ​ប្រកបដោយ​ធម៌​ ​៥​ ​យ៉ាងនេះ​ឯង​ ​ត្រកូល​ទាំងឡាយ​ ​រមែង​មិន​ស្រឡាញ់​ផង​ ​មិន​ពេញចិត្ត​ផង​ ​មិន​គោរព​ផង​ ​មិន​សរសើរ​ផង​។​ ​ម្នាល​ភិក្ខុ​ទាំងឡាយ​ ​ភិក្ខុ​អ្នក​ចូល​ទៅកាន់​ត្រកូល​ ​ដែល​ប្រកបដោយ​ធម៌​ ​៥​ ​យ៉ាង​ ​ត្រកូល​ទាំងឡាយ​ ​រមែង​ស្រឡាញ់​ផង​ ​ពេញចិត្ត​ផង​ ​គោរព​ផង​ ​សរសើរ​ផង​។​ ​ប្រកបដោយ​ធម៌​ ​៥​ ​យ៉ាង​ ​តើ​ដូចម្តេច​ខ្លះ​។​ ​គឺជា​អ្នក​មិន​ស្និ​ទស្នាល​ចំពោះ​ត្រកូល​ ​ដែល​មិន​មាន​សេចក្តី​រាប់អាន​ខ្លួន​ ​១​ ​ខ្លួន​មិនមែន​ជា​ឥស្សរៈ​ ​ក៏​មិន​លើកខ្លួនជា​ឥស្សរៈ​ ​១​ ​ជា​អ្នក​មិន​ចូល​ទៅរាប់​រក​ ​ដើម្បី​ផ្សះផ្សា​ត្រកូល​ ​ដែល​បែកបាក់​គ្នា​ ​១​ ​ជា​អ្នក​មិន​ខ្សឹប​ជិត​ត្រចៀក​អ្នកឯទៀត​ ​១​ ​ជា​អ្នក​មិន​សូម​គេ​ចែៗ​ ​១​។​ ​"
    },
    {
      "header": "តតិយបណ្ណាសក",
      "href": "http://ti-kh.org/books?book=45&page=30",
      "text": "គិលានវគ្គ ទី៣",
      "detail": "<p class=\"BCenter\">​គិលាន​វគ្គ​ ​ទី៣​</p>\n<br>​<span class=\"IncreaseIndent\">&nbsp;</span>[​២១​]​ ​សម័យមួយ​ ​ព្រះ​ដ៏​មាន​ព្រះ​ភាគ​ ​ទ្រង់​គង់​ក្នុង​កូ​ដា​គារ​សាលា​ ​នាម​ហា​វន​ ​ជិត​ក្រុង​វេសាលី​។​ ​គ្រានោះ​ ​ព្រះ​ដ៏​មាន​ព្រះ​ភាគ​ ​ទ្រង់​ចេញ​អំពី​ទី​សម្ងំ​ ​ក្នុង​សាយណ្ហសម័យ​ ​ចូល​ទៅ​ឯ​គិលាន​សាលា​ ​(​មន្ទីរ​ព្យាបាល​ជម្ងឺ​)​។​ ​ព្រះអង្គ​បានឃើញ​ភិក្ខុ​ ​១​ ​រូប​ ​មាន​ជម្ងឺ​ ​កម្លាំង​ដាប​ ​លុះ​ឃើញ​ហើយ​ ​ក៏​គង់​លើ​អាសនៈ​ ​ដែលគេ​ក្រាល​ថ្វាយ​។​ ​លុះ​ព្រះ​ដ៏​មាន​ព្រះ​ភាគ​ ​គង់​ស៊ប់​ហើយ​ ​ទើប​ត្រាស់​ទៅ​នឹង​ភិក្ខុ​ទាំងឡាយ​ថា​ ​ម្នាល​ភិក្ខុ​ទាំងឡាយ​ ​(​បើ​)​ ​ធម៌​ ​៥​ ​យ៉ាង​ ​មិន​លះបង់​ ​នូវ​បុគ្គល​ណាមួយ​ ​ដែល​មាន​ជម្ងឺ​កំឡាំង​ដាប​ទេ​ ​គុណវិសេស​នុ៎ះ​ ​នឹង​កើត​ប្រាកដ​ដល់​បុគ្គល​នោះ​ ​គឺ​បុគ្គល​នោះ​ ​មិនយូរ​ប៉ុន្មាន​ ​នឹង​ធ្វើឲ្យ​ជាក់ច្បាស់​ ​សម្រេច​នូវ​ចេ​តោ​វិមុត្តិ​ ​និង​បញ្ញា​វិមុត្តិ​ ​ដែល​មិន​មាន​អាសវៈ​ ​ព្រោះ​អស់​ទៅ​នៃ​អស​វៈ​ ​ដោយ​ប្រាជ្ញា​ដ៏​ឧត្តម​ ​ដោយខ្លួនឯង​ ​ក្នុង​បច្ចុប្បន្ន​។​ ​ធម៌​ ​៥​ ​យ៉ាង​ ​តើ​ដូចម្តេច​ខ្លះ​។​ ​ម្នាល​ភិក្ខុ​ទាំងឡាយ​ ​ភិក្ខុ​ក្នុង​សាសនា​នេះ​ ​ពិចារណា​ឃើ​ញរឿយៗ​ ​ក្នុង​កាយ​ថា​ ​មិន​ស្អាត​ ​១​ ​ជា​អ្នក​សំគាល់​ ​ក្នុង​អាហារ​ ​ថា​ជា​របស់​បដិកូល​ ​១​ ​ជា​អ្នក​សំគាល់​ក្នុង​លោក​ទាំងអស់​ ​ថា​ជាស​ភាព​មិន​គួរ​ត្រេកអរ​ ​១​ ​ជា​អ្នក​ពិចារណា​ឃើ​ញរឿយៗ​ ​ក្នុង​សង្ខារ​ទាំងពួង​ថា​ ​មិន​ទៀង​ ​១​ ​ទាំង​មរណៈ​សញ្ញា​ ​របស់​បុគ្គល​នោះ​ ​ក៏​តាំងនៅ​ស៊ប់​ ​ក្នុង​សន្តាន​ ​១​។​ ​"
    },
    {
      "header": "តតិយបណ្ណាសក",
      "href": "http://ti-kh.org/books?book=45&page=41",
      "text": "រាជវគ្គ\t\tទី ៤",
      "detail": "<p class=\"BCenter\">រាជ​វគ្គ​ ​ទី៤​</p>\n<br>​<span class=\"IncreaseIndent\">&nbsp;</span>[​៣១​]​ ​ម្នាល​ភិក្ខុ​ទាំងឡាយ​ ​ព្រះរាជា​ចក្រពត្តិ​ ​ប្រកបដោយ​អង្គ​ ​៥​ ​យ៉ាង​ ​រមែង​ញុំាង​អាណាចក្រ​ ​ឲ្យ​ប្រព្រឹត្តទៅ​ ​ដោយ​កុសលធម៌​ ​អាណាចក្រ​នោះ​ ​សត្វ​ជាស​ត្រូវ​មាន​ជាតិ​ជា​មនុស្ស​ណាមួយ​ ​មិន​អាច​ឲ្យ​ប្រព្រឹតិ្តទៅ​បាន​ឡើយ​។​ ​ប្រកបដោយ​អង្គ​ ​៥​ ​យ៉ាង​ ​តើ​ដូចម្តេច​ខ្លះ​។​ ​ម្នាល​ភិក្ខុ​ទាំងឡាយ​ ​ព្រះរាជា​ចក្រពត្តិ​ ​ក្នុង​លោក​នេះ​ ​ទ្រង់​ឈ្វេងយល់​ ​នូវ​ប្រយោជន៍​ ​(​នៃ​រាជការ​)​ ​១​ ​ទ្រង់​ចាំ​នូវ​ប្រវេណី​ធម៌​ ​១​ ​ទ្រង់​ស្គាល់ប្រមាណ​ ​ក្នុង​អាជ្ញា​ ​ឬ​គ្រឿងបូជា​ ​១​ ​ទ្រង់​ស្គាល់​កាល​ ​១<sup>​(​១​)</sup>​ ​ទ្រង់​ស្គាល់​បរិសទ្យ​ ​១<sup>​(​២​)</sup>​ ​។​ ​ម្នាល​ភិក្ខុ​ទាំងឡាយ​ ​ព្រះរាជា​ចក្រពត្តិ​ប្រកបដោយ​អង្គ​ ​៥​ ​យ៉ាងនេះ​ឯង​ ​រមែង​ញ៉ាំង​ព្រះរាជអាណាចក្រ​ ​ឲ្យ​ប្រព្រឹត្តទៅ​ដោយ​ធម៌​ ​អាណាចក្រ​នោះ​ ​សត្វ​ជាស​ត្រូវ​មាន​ជាតិ​ជា​មនុស្ស​ណាមួយ​ ​មិន​អាច​ឲ្យ​ប្រព្រឹត្តទៅ​បាន​ឡើយ​។​ ​ម្នាល​ភិក្ខុ​ទាំងឡាយ​ ​ព្រះ​តថាគត​ ​ជា​អរហន្ត​ ​សម្មាសម្ពុទ្ធ​ ​ប្រកបដោយ​ធម៌​ ​៥​ ​ប្រការ​ដូច្នោះ​ដែរ​ ​ទើប​ញ៉ាំង​ធម្មចក្រ​ដ៏​ប្រសើរ​ ​ឲ្យ​ប្រព្រឹត្តទៅ​ ​ដោយ​ធម៌​បាន​ ​ធម្មចក្រ​នោះ​ឯង​ ​ទោះបី​សមណៈ​ក្តី​ ​ព្រាហ្មណ៍​ក្តី​ ​ទេវតា​ក្តី​ ​មារ​ក្តី​ ​ព្រហ្ម​ក្តី​ ​ឬបុគ្គល​ណាមួយ​ ​ក្នុង​លោក​ ​មិន​អាច​ឲ្យ​ប្រព្រឹត្តទៅ​បាន​ឡើយ​។​ ​<hr><div style=\"font-size: 14px\">​(​១​)​ ​ស្គាល់​ថា​ ​កាល​នេះ​ ​ជា​កាលគួរ​សោយសុខ​ ​ក្នុង​រាជ្យ​ ​កាល​នេះ​ ​ជា​កាលគួរ​វិនិច្ឆ័យ​ ​ជា​កាលគួរ​ទៅកាន់​ជនបទ​។​ ​(​២​)​ ​ស្គាល់​ថា​ ​អ្នកនេះ​ ​ជា​ក្សត្រិយ៍​ ​ជា​ព្រាហ្មណ៍​ ​ជា​វេស្ស​ ​ជា​សុ​ទ្រ​។​ ​អដ្ឋកថា​។​</div>"
    },
    {
      "header": "តតិយបណ្ណាសក",
      "href": "http://ti-kh.org/books?book=45&page=73",
      "text": "តិកណ្ឌកីវគ្គ\tទី ៥",
      "detail": "<p class=\"BCenter\">​តិ​កណ្ឌ​កី​វគ្គ​ ​ទី៥​</p>\n<br><span class=\"IncreaseIndent\">&nbsp;</span>​[​៤១​]​ ​ម្នាល​ភិក្ខុ​ទាំងឡាយ​ ​បុគ្កល​ ​៥​ ​ពួក​នេះ​ ​រមែង​មាន​ប្រាកដ​ក្នុង​លោក​។​ ​បុគ្គល​ ​៥​ ​ពួក​ ​ដូចម្តេច​ខ្លះ​។​ ​គឺ​បុគ្គល​ឲ្យហើយ​ ​ត្រឡប់​មើលងាយ​គេ​វិញ​ ​១​ ​មើលងាយ​ព្រោះ​ការ​នៅ​រួមគ្នា​ ​១​ ​មានការ​កាន់​យក​តាម​ពាក្យ​គេ​ជា​ប្រមាណ​ ​១​ ​ជា​អ្នក​លេះ​ឡោះ​ ​១​ ​ជា​អ្នក​ល្ងង់ខ្លៅ​ ​១​។​ ​ម្នាល​ភិក្ខុ​ទាំងឡាយ​ ​ចុះ​បុគ្គល​ឲ្យហើយ​ ​ត្រឡប់​មើលងាយ​គេ​វិញ​ ​តើ​ដូចម្តេច​។​ ​ម្នាល​ភិក្ខុ​ទាំងឡាយ​ ​បុគ្គល​ក្នុង​លោក​នេះ​ ​ឲ្យ​នូវ​ចីវរ​ ​បិណ្ឌបាត​ ​សេនាសនៈ​ ​និង​ភេសជ្ជ​បរិក្ខារ​ជា​បច្ច័យ​ ​ដល់​អ្នកមាន​ជម្ងឺ​ ​ដល់​បុគ្គល​ ​(​ដទៃ​)​។​ ​បុគ្គល​នោះ​ ​មាន​សេចក្តី​ត្រិះរិះ​ ​យ៉ាងនេះ​ថា​ ​អាត្មាអញ​ ​រមែង​ឲ្យ​ ​បុគ្គល​នេះ​រមែង​ទទួល​។​ ​លុះ​ឲ្យ​រួចហើយ​ ​ត្រឡប់​មើលងាយ​អ្នកទទួល​នោះ​វិញ​ ​ម្នាល​ភិក្ខុ​ទាំងឡាយ​ ​បុគ្គល​ឲ្យហើយ​ ​ត្រឡប់​មើលងាយ​គេ​វិញ​ ​យ៉ាងនេះ​ឯង​។​ ​ម្នាល​ភិក្ខុ​ទាំងឡាយ​ ​ចុះ​បុគ្គល​មើលងាយ​ ​ព្រោះ​ការ​នៅ​រួមគ្នា​ ​តើ​ដូចម្តេច​។​ ​ម្នាល​ភិក្ខុ​ទាំងឡាយ​ ​បុគ្គល​ក្នុង​លោក​នេះ​ ​នៅ​រួម​ជាមួយនឹង​បុគ្គល​អស់​ ​២​ ​រឺ​ ​៣​ ​ឆ្នាំ​។​ ​មើលងាយ​បុគ្គល​នោះ​ ​ព្រោះ​ការ​នៅ​រួមគ្នា​ ​ម្នាល​ភិក្ខុ​ទាំងឡាយ​ ​បុគ្គល​មើលងាយ​ ​ព្រោះ​ការ​នៅ​រួមគ្នា​ ​យ៉ាងនេះ​ឯង​។​ ​ម្នាល​ភិក្ខុ​ទាំងឡាយ​ ​ចុះ​បុគ្គល​មានការ​កាន់​យក​តាម​ពាក្យ​គេ​ជា​ប្រមាណ​ ​តើ​ដូចម្តេច​។​ ​"
    },
    {
      "header": "ចតុត្ថបណ្ណាសក",
      "href": "http://ti-kh.org/books?book=45&page=92",
      "text": "ចតុត្ថបណ្ណាសក \tសទ្ធម្មវគ្គ\tទី ១",
      "detail": "<p class=\"BCenter\">​ចតុ​ត្ថ​បណ្ណា​សក​\n<br>​សទ្ធម្ម​វគ្គ​ ​ទី១​</p>\n<br>​<span class=\"IncreaseIndent\">&nbsp;</span>[​៥១​]​ ​ម្នាល​ភិក្ខុ​ទាំងឡាយ​ ​បុគ្គល​ប្រកបដោយ​ធម៌​ ​៥​ ​យ៉ាង​ ​សូម្បី​ស្តាប់​ព្រះ​សទ្ធម្ម​ ​ក៏​មិន​គួរ​ដើម្បី​ឈាន​ចុះ​កាន់​និយាម​ ​គឺ​មគ្គ​ ​ជាស​ភាព​ដ៏​ប្រពៃ​ ​ក្នុង​កុសលធម៌​ទាំងឡាយ​បាន​។​ ​ប្រកបដោយ​ធម៌​ ​៥​ ​យ៉ាង​ ​ដូចម្តេច​ខ្លះ​។​ ​គឺ​មើលងាយ​ពាក្យ​ពោល​ ​១​ ​មើលងាយ​បុគ្គល​អ្នកពោល​ ​១​ ​មើលងាយ​ខ្លួនឯង​ ​១​ ​មានចិត្ត​រវើរវាយ​ស្តាប់ធម៌​ ​១​ ​មានចិត្ត​មិន​នឹងនួន​នៅក្នុង​អារម្មណ៍​តែមួយ​ ​គឺ​មិន​យកចិត្ត​ទុកដាក់​ ​ដោយ​ឧបាយ​ប្រាជ្ញា​ ​១​។​ ​ម្នាល​ភិក្ខុ​ទាំងឡាយ​ ​បុគ្គល​ប្រកបដោយ​ធម៌​ ​៥​ ​យ៉ាងនេះ​ ​សូម្បី​ស្តាប់​ព្រះ​សទ្ធម្ម​ ​ក៏​មិន​គួរ​ដើម្បី​ឈាន​ចុះ​កាន់​ ​ ​ ​ ​និយាម​ ​ជាស​ភាព​ដ៏​ប្រពៃ​ ​ក្នុង​កុសលធម៌​ទាំងឡាយ​បាន​។​ ​ម្នាល​ភិក្ខុ​ទាំងឡាយ​ ​បុគ្គល​ប្រកបដោយ​ធម៌​ ​៥​ ​យ៉ាង​ ​កាល​ស្តាប់​ព្រះ​សទ្ធម្ម​ ​គួរ​ដើម្បី​ឈាន​ចុះ​កាន់​និយាម​ ​ជាស​ភាព​ដ៏​ប្រពៃ​ ​ក្នុង​កុសលធម៌​ទាំងឡាយ​បាន​។​ ​ប្រកបដោយ​ធម៌​ ​៥​ ​យ៉ាង​ ​ដូចម្តេច​ខ្លះ​។​ ​គឺ​មិន​មើលងាយ​ពាក្យ​ពោល​ ​១​ ​មិន​មើលងាយ​បុគ្គល​អ្នកពោល​ ​១​ ​មិន​មើលងាយ​ខ្លួនឯង​ ​១​ ​មានចិត្ត​មិន​រវើរវាយ​ស្តាប់ធម៌​ ​១​ ​មានចិត្ត​នឹងនួន​នៅក្នុង​អារម្មណ៍​តែមួយ​ ​គឺ​យកចិត្ត​ទុកដាក់​ដោយ​ឧបាយ​ប្រាជ្ញា​ ​១​។​"
    },
    {
      "header": "ចតុត្ថបណ្ណាសក",
      "href": "http://ti-kh.org/books?book=45&page=114",
      "text": "អាឃាតវគ្គ \tទី ២",
      "detail": "<p class=\"BCenter\">អាឃាត​វគ្គ​ ​ទី២​</p>\n<br>​<span class=\"IncreaseIndent\">&nbsp;</span>[​៦១​]​ ​ម្នាល​ភិក្ខុ​ទាំងឡាយ​ ​គំនុំ​កើតឡើង​ដល់​ភិក្ខុ​ ​ភិក្ខុ​ត្រូវ​កំចាត់​បង់​ដោយសព្វគ្រប់​ ​ព្រោះ​អាឃាត​ប្ប​ដិ​វិន័យ​ណា​ ​អាឃាត​ប្ប​ដិ​វិន័យ​នេះ​ ​មាន៥យ៉ាង​។​ ​៥​ ​យ៉ាង​ ​តើ​ដូចម្តេច​ខ្លះ​។​ ​ម្នាល​ភិក្ខុ​ទាំងឡាយ​ ​គំនុំ​កើតឡើង​ ​ចំពោះ​បុគ្គល​ណា​ ​ភិក្ខុ​ត្រូវ​ចំរើន​មេត្តាចិត្ត​ ​ចំពោះ​បុគ្គល​នោះ​។​ ​ភិក្ខុ​ត្រូវ​កំចាត់​បង់​គំនុំ​ពី​បុគ្គល​នោះ​ចេញ​ ​ដោយ​ប្រការ​យ៉ាងនេះ​ ​១​។​ ​ម្នាល​ភិក្ខុ​ទាំងឡាយ​ ​គំនុំ​កើតឡើង​ចំពោះ​បុគ្គល​ណា​ ​ភិក្ខុ​ត្រូវ​ចំរើន​ករុណា​ចិត្ត​ ​ចំពោះ​បុគ្គល​នោះ​។​ ​ភិក្ខុ​ត្រូវ​កំចាត់​បង់​គំនុំ​ពី​បុគ្គល​នោះ​ចេញ​ ​ដោយ​ប្រការ​យ៉ាងនេះ​ ​១​។​ ​ម្នាល​ភិក្ខុ​ទាំងឡាយ​ ​គំនុំ​កើតឡើង​ ​ចំពោះ​បុគ្គល​ណា​ ​ភិក្ខុ​ត្រូវ​ចំរើន​ឧបេក្ខា​ចិត្ត​ ​ចំពោះ​បុគ្គល​នោះ​។​ ​ភិក្ខុ​ត្រូវ​កំចាត់​បង់​គំនុំ​ពី​បុគ្គល​នោះ​ចេញ​ ​ដោយ​ប្រការ​យ៉ាងនេះ​ ​១​។​ ​ម្នាល​ភិក្ខុ​ទាំងឡាយ​ ​គំនុំ​កើតឡើង​ចំពោះ​បុគ្គល​ណា​ ​ភិក្ខុ​ត្រូវ​ប្រតិបត្តិ​ ​នូវ​ការ​មិន​ធ្វើ​ទុក​ក្នុងចិត្ត​ ​ដោយ​ស្មារតី​ចំពោះ​បុគ្គល​នោះ​។​ ​ភិក្ខុ​ត្រូវ​កំចាត់​បង់​គំនុំ​ពី​បុគ្គល​នោះ​ចេញ​ ​ដោយ​ប្រការ​យ៉ាងនេះ​ ​១​។​ ​"
    },
    {
      "header": "ចតុត្ថបណ្ណាសក",
      "href": "http://ti-kh.org/books?book=45&page=150",
      "text": "ឧបាសកវគ្គ\tទី ៣",
      "detail": "<p class=\"BCenter\">ឧបាសក​វគ្គ​</p>\n<br>​<span class=\"IncreaseIndent\">&nbsp;</span>[​៧១​]​ ​សម័យមួយ​ ​ព្រះ​ដ៏​មាន​ព្រះ​ភាគ​ ​ទ្រង់​គង់នៅ​ក្នុង​វត្ត​ជេតពន​ ​របស់​អនាថបិណ្ឌិក​សេដ្ឋី​ ​ទៀប​ក្រុង​សាវត្ថី​។​ ​ព្រះ​ដ៏​មាន​ព្រះ​ភាគ​ ​ត្រាស់​ហៅ​ពួក​ភិក្ខុ​ ​ក្នុង​ទីនោះ​ថា​ ​ម្នាល​ភិក្ខុ​ទាំងឡាយ​។​ ​ពួក​ភិក្ខុ​ទាំងនោះ​ ​បាន​ទទួល​ព្រះពុទ្ធដីកា​ព្រះ​ដ៏​មាន​ព្រះ​ភាគ​ថា​ ​ព្រះករុណា​។​ ​ព្រះ​ដ៏​មាន​ព្រះ​ភាគ​ ​ទ្រង់​ត្រាស់​យ៉ាងនេះ​ថា​ ​ម្នាល​ភិក្ខុ​ទាំងឡាយ​ ​ឧបាសក​ ​ប្រកបដោយ​ធម៌​ ​៥​ ​យ៉ាង​ ​ជា​អ្នកមាន​ចិត្ត​ចុះ​កាន់​សេចក្តី​ញញើតញញើម​។​ ​ធម៌​ ​៥​ ​យ៉ាង​ ​តើ​ដូចម្តេច​។​ ​គឺ​ឧបាសក​ជា​អ្នកសម្លាប់​សត្វ​ ​១​ ​ជា​អ្នក​កាន់​យក​ទ្រព្យ​ ​ដែលគេ​មិនបាន​ឲ្យ​ ​១​ ​ជា​អ្នកប្រព្រឹត្តខុស​ ​ក្នុង​កាម​ទាំងឡាយ​ ​១​ ​ជា​អ្នក​និយាយ​ពាក្យ​កុហក​ ​១​ ​ជា​អ្នកផឹក​នូវ​ទឹកស្រវឹង​ ​គឺ​សុរា​ ​និង​មេរ័យ​ ​ដែល​ជាទី​តាំង​ ​នៃ​សេចក្តី​ធ្វេសប្រហែស​ ​១​។​ ​ម្នាល​ភិក្ខុ​ទាំងឡាយ​ ​ឧបាសក​ប្រកបដោយ​ធម៌​ ​៥​ ​យ៉ាងនេះ​ឯង​ ​ជា​អ្នកមាន​ចិត្ត​ចុះ​កាន់​សេចក្តី​ញញើតញញើម​។​ ​ម្នាល​ភិក្ខុ​ទាំងឡាយ​ ​ឧបាសក​ប្រកបដោយ​ធម៌​ ​៥​ ​យ៉ាង​ ​ជា​អ្នក​ក្លៀវក្លា​។​ ​ធម៌​ ​៥​ ​យ៉ាង​ ​តើ​ដូចម្តេច​។​ ​គឺ​ ​ឧបាសក​ជា​អ្នក​វៀរចាក​បាណាតិបាត​ ​១​ ​វៀរចាក​អទិន្នាទាន​ ​១​ ​វៀរចាក​កា​មេ​សុ​មិច្ឆាចារ​ ​១​ ​វៀរចាក​មុសាវាទ​ ​១​"
    },
    {
      "header": "ចតុត្ថបណ្ណាសក",
      "href": "http://ti-kh.org/books?book=45&page=183",
      "text": "អរញ្ញវគ្គ\t\tទី ៤",
      "detail": "<p class=\"BCenter\">​អរញ្ញ​វគ្គ​</p>\n<br>​<span class=\"IncreaseIndent\">&nbsp;</span>[​៨១​]​ ​ម្នាល​ភិក្ខុ​ទាំងឡាយ​ ​ពួក​ភិក្ខុ​អ្នក​នៅក្នុង​ព្រៃ​ ​(​ប្រព្រឹត្ត​អា​រញ្ញិ​កង្គ​)​ ​នេះ​ ​មាន​ ​៥​ ​ពួក​។​ ​ភិក្ខុ​អ្នក​នៅក្នុង​ព្រៃ​ ​៥​ ​ពួក​ ​តើ​ដូចម្តេច​។​ ​គឺ​ភិក្ខុ​អ្នក​នៅក្នុង​ព្រៃ​ ​ព្រោះ​មិនដឹង​ ​ព្រោះ​ខ្លៅល្ងង់​ ​១​ ​នៅក្នុង​ព្រៃ​ ​ព្រោះ​ប្រាថ្នា​លាមក​ ​លុះ​ក្នុង​សេចក្តី​ប្រាថ្នា​ ​១​ ​នៅក្នុង​ព្រៃ​ ​ព្រោះ​ឆ្កួត​រាយមាយ​ចិត្ត​ ​១​ ​នៅក្នុង​ព្រៃ​ ​ព្រោះ​គិតថា​ ​ការ​នៅក្នុង​ព្រៃ​ ​ព្រះពុទ្ធ​ទាំងឡាយ​ ​និង​ពួក​ពុទ្ធ​សាវក​សរសើរ​ហើយ​ ​១​ ​នៅក្នុង​ព្រៃ​ ​ព្រោះ​អាស្រ័យ​សេចក្តី​ប្រាថ្នា​តិច​ ​អាស្រ័យ​សេចក្តី​សន្តោស​ ​អាស្រ័យ​សេចក្តី​ដុសខាត់​ ​(​កិលេស​)​ ​អាស្រ័យ​សេចក្តី​ស្ងប់ស្ងាត់​ ​អាស្រ័យ​សេចក្តី​ត្រូវការ​ដោយ​ការប្រតិបត្តិ​ល្អ​ ​១​។​ ​ម្នាល​ភិក្ខុ​ទាំងឡាយ​ ​ភិក្ខុ​អ្នក​នៅក្នុង​ព្រៃ​ ​មាន​ ​៥​ ​ពួក​នេះឯង​។​ ​ម្នាល​ភិក្ខុ​ទាំងឡាយ​ ​បណា្ត​ភិក្ខុ​អ្នក​នៅក្នុង​ព្រៃ​ទាំង​ ​៥​ ​ពួក​នេះ​ ​ភិក្ខុ​ណា​ ​អ្នក​នៅក្នុង​ព្រៃ​ ​ដែល​ជា​អ្នក​នៅក្នុង​ព្រៃ​ ​ព្រោះ​អាស្រ័យ​សេចក្តី​ប្រាថ្នា​តិច​ ​អាស្រ័យ​សេចក្តី​សន្តោស​ ​អាស្រ័យ​សេចក្តី​ដុសខាត់​ ​(​កិលេស​)​ ​អាស្រ័យ​សេចក្តី​ស្ងប់ស្ងាត់​ ​អាស្រ័យ​សេចក្តី​ត្រូវការ​ដោយ​ការប្រតិបត្តិ​ល្អ​ ​បណ្តា​ភិក្ខុ​អ្នក​នៅក្នុង​ព្រៃ​ទាំង​ ​៥​ ​ពួក​នេះ​ ​ភិក្ខុ​អ្នក​នៅក្នុង​ព្រៃ​បែបនេះ​ ​ឈ្មោះថា​ខ្ពង់ខ្ពស់​ផង​ ​ប្រសើរ​ផង​ ​ជា​ចំបង​ផង​ ​ឧត្តម​ផង​ ​ថ្លៃថ្លា​ផង​។​ ​"
    },
    {
      "header": "ចតុត្ថបណ្ណាសក",
      "href": "http://ti-kh.org/books?book=45&page=188",
      "text": "ព្រហ្មណវគ្គ\tទី ៥",
      "detail": "<p class=\"BCenter\">​ព្រាហ្មណ​វគ្គ​</p>\n<br>​<span class=\"IncreaseIndent\">&nbsp;</span>[​៩១​]​ ​ម្នាល​ភិក្ខុ​ទាំងឡាយ​ ​ទំនៀម​របស់​ពួក​ព្រាហ្មណ៍​អំពី​បុរាណ​នេះ​ ​មាន​ ​៥​ ​យ៉ាង​ ​រមែង​ប្រាកដ​ស្មើ​ក្នុង​ពួក​សុនខ​ ​មិន​ប្រាកដ​ក្នុង​ពួក​ព្រាហ្មណ៍​ឥឡូវនេះ​ទេ​។​ ​ទំនៀម​របស់​ព្រាហ្មណ៍​ ​៥​ ​យ៉ាង​ ​តើ​ដូចម្តេច​។​ ​ម្នាល​ភិក្ខុ​ទាំងឡាយ​ ​បានឮ​មក​ ​ក្នុង​កាលពីដើម​ ​ពួក​ព្រាហ្មណ៍​តែង​គប់​រក​នាង​ព្រាហ្មណី​ ​មិន​គប់​រក​ស្រី​មិនមែន​ជា​ព្រាហ្មណី​ទេ​។​ ​ម្នាល​ភិក្ខុ​ទាំងឡាយ​ ​ឥឡូវនេះ​ ​ពួក​ព្រាហ្មណ៍​ ​គប់​រក​ស្រី​ជា​ព្រាហ្មណី​ខ្លះ​ ​គប់​រក​ស្រី​មិនមែន​ជា​ព្រាហ្មណី​ខ្លះ​។​ ​ម្នាល​ភិក្ខុ​ទាំងឡាយ​ ​ឥឡូវនេះ​ ​ពួក​សុនខ​ ​រមែង​គប់​រកតែ​សុនខ​ញី​ ​មិន​គប់​រក​ជាតិ​សត្វ​ ​មិនមែន​ជា​សុនខ​ញី​ឡើយ​ ​ម្នាល​ភិក្ខុ​ទាំងឡាយ​ ​នេះ​ជា​ទំនៀម​របស់​ពួក​ព្រាហ្មណ៍​ ​អំពី​បុរាណ​ទី​ ​១​ ​តែង​ប្រាកដ​ស្មើ​ក្នុង​ពួក​សុនខ​ ​មិន​ប្រាកដ​ក្នុង​ពួក​ព្រាហ្មណ៍​ឥឡូវនេះ​ទេ​។​ ​ម្នាល​ភិក្ខុ​ទាំងឡាយ​ ​ក្នុង​កាលពីដើម​ ​ពួក​ព្រាហ្មណ៍​ ​រមែង​គប់​រក​ព្រាហ្មណី​ ​ដែល​មាន​រដូវ​ ​មិន​គប់​រក​ព្រាហ្មណី​ ​ដែល​មិន​មាន​រដូវ​ទេ​។​ ​ម្នាល​ភិក្ខុ​ទាំងឡាយ​ ​ឥឡូវនេះ​ ​ពួក​ព្រាហ្មណ៍​តែង​គប់​រក​ព្រាហ្មណី​ ​ដែល​មាន​រដូវ​ខ្លះ​ ​គប់​រក​ព្រាហ្មណី​ ​ដែល​មិន​មាន​រដូវ​ខ្លះ​។​ ​ម្នាល​ភិក្ខុ​ទាំងឡាយ​ ​ឥឡូវនេះ​ ​ពួក​សុនខ​ ​រមែង​គប់​រក​សុនខ​ញី​ ​ដែល​មាន​រដូវ​ ​មិន​គប់​រក​សុនខ​ញី​ ​ដែល​មិន​មាន​រដូវ​ទេ​"
    },
    {
      "header": "បញ្ចមបណ្ណាសក",
      "href": "http://ti-kh.org/books?book=45&page=237",
      "text": "បញ្ចមបណ្ណាសក \tកិមិលវគ្គ\tទី ១",
      "detail": "<p class=\"BCenter\">​បញ្ច​ម​បណ្ណា​សក​\n<br>​កិ​មិល​វគ្គ​</p>\n<br>​<span class=\"IncreaseIndent\">&nbsp;</span>[​១០១​]​ ​សម័យមួយ​ ​ព្រះ​ដ៏​មាន​ព្រះ​ភាគ​ ​ទ្រង់​គង់​ក្នុង​វត្ត​វេឡុ​វន​ ​ជិត​ស្រុក​កិ​មិលា​។​ ​គ្រានោះ​ ​ព្រះ​កិ​មិលៈ​ដ៏​មាន​អាយុ​ ​ចូល​ទៅ​គាល់​ព្រះ​ដ៏​មាន​ព្រះ​ភាគ​ ​លុះ​ចូល​ទៅដល់​ហើយ​ ​ក្រាប​ថ្វាយបង្គំ​ព្រះ​ដ៏​មាន​ព្រះ​ភាគ​ ​រួច​អង្គុយ​ក្នុង​ទី​ដ៏​សមគួរ​។​ ​លុះ​ព្រះ​កិ​មិលៈ​ដ៏​មាន​អាយុ​ ​អង្គុយ​ក្នុង​ទី​ដ៏​សមគួរ​ហើយ​ ​បាន​ក្រាបបង្គំទូល​សួរ​ព្រះ​ដ៏​មាន​ព្រះ​ភាគ​ ​ដូច្នេះ​ថា​ ​បពិត្រ​ព្រះអង្គ​ដ៏​ចំរើន​ ​ចុះ​ហេតុ​ដូចម្តេច​ ​បច្ច័យ​ដូចម្តេច​ ​ដែល​ព្រះ​តថាគត​បរិនិព្វាន​ទៅ​ ​ព្រះ​សទ្ធម្ម​មិន​ប្រតិស្ឋាន​នៅ​យូរ​បាន​។​ ​ម្នាល​កិ​មិល​ ​កាល​ព្រះ​តថាគត​បរិនិព្វាន​ទៅ​ ​ពួក​ភិក្ខុ​ ​ភិក្ខុនី​ ​ឧបាសក​ ​ឧបាសិកា​ ​ក្នុង​សាសនា​នេះ​ ​មិន​គោរព​ ​មិន​កោតក្រែង​ក្នុង​ព្រះ​សាស្តា​ ​មិន​គោរព​ ​មិន​កោតក្រែង​ ​ក្នុង​ព្រះធម៌​ ​មិន​គោរព​ ​មិន​កោតក្រែង​ ​ក្នុង​ព្រះសង្ឃ​ ​មិន​គោរព​ ​មិន​កោតក្រែង​ ​ក្នុង​សិក្ខា​ ​មិន​គោរព​ ​មិន​កោតក្រែង​ ​នូវ​គ្នា​និង​គ្នា​។​ ​ម្នាល​កិ​មិលៈ​ ​នេះឯង​ជាហេតុ​ ​នេះ​ជា​បច្ច័យ​ ​"
    },
    {
      "header": "បញ្ចមបណ្ណាសក",
      "href": "http://ti-kh.org/books?book=45&page=246",
      "text": "អក្កោសកវគ្គ \tទី ២",
      "detail": "<p class=\"BCenter\">​អ​ក្កោ​សក​វគ្គ​</p>\n<br><span class=\"IncreaseIndent\">&nbsp;</span>​[​១១១​]​ ​ម្នាល​ភិក្ខុ​ទាំងឡាយ​ ​ភិក្ខុ​ណា​ជេរប្រទេច​ ​តិះដៀល​ព្រះ​អរិយៈ​ ​ចំពោះ​សព្រហ្មចារី​ទាំងឡាយ​ ​ទោស​ ​៥​ ​យ៉ាង​ ​តែង​ប្រាកដ​ឡើង​ ​ដល់​ភិក្ខុ​នោះ​។​ ​ទោស​ ​៥​ ​យ៉ាង​ ​គឺ​អ្វីខ្លះ​។​ ​គឺជា​អ្នក​ត្រូវ​បារាជិក​ ​អស់ផ្លូវ​កែខៃ​ ​១​ ​ជា​អ្នក​ត្រូវអាបត្តិ​ដ៏​សៅហ្មង​ណាមួយ​ ​១​ ​ជា​អ្នក​ប៉ះពាល់​នូវ​រោគ​យ៉ាង​ធ្ងន់​ ​១​ ​ជា​អ្នក​ស្លាប់​វង្វេងស្មារតី​ ​១​ ​លុះ​បែកធ្លាយ​រាងកាយ​ស្លាប់​ទៅ​ ​ក៏​ទៅ​កើតជា​តិរច្ឆាន​ ​ប្រេត​ ​អសុរកាយ​ ​និង​នរក​ ​១​។​ ​ម្នាល​ភិក្ខុ​ទាំងឡាយ​ ​ភិក្ខុ​ណា​ជេរ​ ​ប្រទេច​ ​តិះដៀល​ព្រះ​អរិយៈ​ ​ចំពោះ​សព្រហ្មចារី​ទាំងឡាយ​ ​ទោស​ ​៥​ ​យ៉ាងនេះ​ ​តែង​ប្រាកដ​ឡើង​ដល់​ភិក្ខុ​នោះ​។​\n<br><span class=\"IncreaseIndent\">&nbsp;</span>​[​១១២​]​ ​ម្នាល​ភិក្ខុ​ទាំងឡាយ​ ​ភិក្ខុ​ណា​ជា​អ្នកធ្វើ​នូវ​សេចក្តី​ប្រកួត​ប្រកាន់​ ​ធ្វើ​នូវ​ជំលោះ​ ​ធ្វើ​នូវ​វិវាទ​ ​ធ្វើ​នូវ​តិរច្ឆានកថា​ ​ធ្វើ​នូវ​អធិករណ៍​ក្នុង​សង្ឃ​ ​ទោស​ ​៥​ ​យ៉ាង​ ​តែង​ប្រាកដ​ឡើង​ដល់​ភិក្ខុ​នោះ​។​ ​ទោស​ ​៥​ ​យ៉ាង​ ​គឺ​អ្វីខ្លះ​។​ ​គឺ​មិនបាន​គុណវិសេស​ ​ដែល​ខ្លួន​មិនទាន់​បាន​ ​១​ ​គុណវិសេស​ ​ដែល​ខ្លួន​បាន​ហើយ​ ​សាបសូន្យ​ទៅវិញ​ ​១​ ​កិត្តិសព្ទ​អាក្រក់​ ​រមែង​ខ្ចរខ្ចាយ​ទៅ​ ​១​ ​ស្លាប់​វង្វេងស្មារតី​ ​១​ ​លុះ​បែកធ្លាយ​រាង​កា​យសា្លប់​ទៅ​ ​ក៏​ទៅ​កើតជា​តិរច្ឆាន​ ​ប្រេត​ ​អសុរកាយ​ ​និង​នរក​ ​១​។​"
    },
    {
      "header": "បញ្ចមបណ្ណាសក",
      "href": "http://ti-kh.org/books?book=45&page=255",
      "text": "ទីឃចារិកវគ្គ\tទី ៣",
      "detail": "<p class=\"BCenter\">​ទីឃ​ចារិក​វគ្គ​</p>\n<br>​<span class=\"IncreaseIndent\">&nbsp;</span>[​១២១​]​ ​ម្នាល​ភិក្ខុ​ទាំងឡាយ​ ​ទោស​ ​៥​ ​យ៉ាងនេះ​ ​រមែង​មានដល់​បុគ្គល​ប្រក​បរឿយៗ​ ​នូវ​ការ​ដើរ​ឆ្ងាយ​ ​ដើរ​មិនឈប់​។​ ​ទោស​ ​៥​ ​យ៉ាង​ ​គឺ​អ្វីខ្លះ​។​ ​គឺ​ខាន​ស្តាប់​រឿង​ ​ដែល​ខ្លួន​មិនធ្លាប់​ស្តាប់​ ​១​ ​រឿង​ដែល​ធ្លាប់​ស្តាប់​ហើយ​ ​មិន​ចូលចិត្ត​ច្បាស់​ ​១​ ​មិន​ក្លៀវក្លា​ដោយ​រឿង​ខ្លះ​ ​ដែល​បាន​ស្តាប់​ហើយ​ ​១​ ​មាន​រោគ​ធ្ងន់​មក​ប៉ះពាល់​ ​១​ ​ឥតមាន​មិត្រ​សំឡាញ់​ ​១​។​ ​ម្នាល​ភិក្ខុ​ទាំងឡាយ​ ​ទោស​ ​៥​ ​យ៉ាងនេះ​ ​រមែង​មានដល់​បុគ្គល​ប្រក​បរឿយៗ​ ​នូវ​ការ​ដើរ​ឆ្ងាយ​ ​ដើរ​មិនឈប់​។​ ​ម្នាល​ភិក្ខុ​ទាំងឡាយ​ ​អានិសង្ស​ ​៥​ ​យ៉ាងនេះ​ ​រមែង​មានដល់​បុគ្គល​ដើរ​តែ​ល្មម​ៗ​។​ ​អានិសង្ស​ ​៥​ ​យ៉ាង​ ​គឺ​អ្វីខ្លះ​។​ ​គឺ​បាន​ស្តាប់​រឿង​ដែល​មិនធ្លាប់​បាន​ស្តាប់​ ​១​ ​រឿង​ធ្លាប់​ស្តាប់​ហើយនឹង​ចូលចិត្ត​ច្បាស់​ ​១​ ​ក្លៀវក្លា​ដោយ​រឿង​ខ្លះ​ ​ដែល​បាន​ស្តាប់​ហើយ​ ​១​ ​មិន​មាន​រោគ​ជា​ទម្ងន់​មក​ប៉ះពាល់​ ​១​ ​មាន​មិត្រ​សំឡាញ់​ ​១​។​ ​ម្នាល​ភិក្ខុ​ទាំងឡាយ​ ​អានិសង្ស​ ​៥​ ​យ៉ាងនេះ​ ​រមែង​មាន​ក្នុង​បុគ្គល​ដើរ​តែ​ល្មម​ៗ​។​\n<br>​<span class=\"IncreaseIndent\">&nbsp;</span>[​១២២​]​ ​ម្នាល​ភិក្ខុ​ទាំងឡាយ​ ​ទោស​ ​៥​ ​យ៉ាងនេះ​ ​រមែង​មានដល់​បុគ្គល​ប្រក​បរឿយៗ​ ​នូវ​ការ​ដើរ​ឆ្ងាយ​ ​ដើរ​មិនឈប់​។​ ​ទោស​ ​៥​ ​យ៉ាង​ ​គឺ​អ្វីខ្លះ​។​ ​គឺ​មិនបាន​គុណវិសេស​ ​ដែល​ខ្លួន​មិនទាន់​បាន​ ​១​ ​គុណវិសេស​ដែល​ខ្លួន​បាន​ហើយ​ ​ក៏​សាបសូន្យ​ទៅវិញ​ ​១​ ​"
    },
    {
      "header": "បញ្ចមបណ្ណាសក",
      "href": "http://ti-kh.org/books?book=45&page=264",
      "text": "អាវាសិកវគ្គ\tទី ៤",
      "detail": "<p class=\"BCenter\">​អាវាសិក​វគ្គ​</p>\n<br>​<span class=\"IncreaseIndent\">&nbsp;</span>[​១៣១​]​ ​ម្នាល​ភិក្ខុ​ទាំងឡាយ​ ​ភិក្ខុ​ជា​ចៅអាវាស​ ​ប្រកបដោយ​ធម៌​ ​៥​ ​យ៉ាង​ ​មិន​គួរ​សរសើរ​ឡើយ​។​ ​ប្រកបដោយ​ធម៌​ ​៥​ ​យ៉ាង​ ​គឺ​អ្វីខ្លះ​។​ ​គឺ​ភិក្ខុ​ជា​ចៅអាវាស​ ​មិន​បរិបូណ៌​ដោយ​មារយាទ​ ​មិន​បរិបូណ៌​ដោយ​វត្ត​ ​១​ ​មិនជា​ពហុស្សូត​ ​មិន​ទ្រទ្រង់នូវ​ពុទ្ធវចនៈ​ ​ដែល​ខ្លួន​បាន​ស្តាប់​ហើយ​ ​១​ ​មិន​ត្រេកអរ​ក្នុង​ទីស្ងាត់​ ​មិន​ត្រេកអរ​ក្នុង​កុសលធម៌​ ​១​ ​មាន​វាចា​មិន​ពីរោះ​ ​និយាយ​មិន​ពីរោះ​ ​១​ ​ឥត​ប្រាជ្ញា​ ​ល្ងង់ខ្លៅ​ ​១​។​ ​ម្នាល​ភិក្ខុ​ទាំងឡាយ​ ​ភិក្ខុ​ជា​ចៅអាវាស​ ​ប្រកបដោយ​ធម៌​ ​៥​ ​យ៉ាងនេះ​ឯង​ ​មិន​គួរ​សរសើរ​ឡើយ​។​ ​ម្នាល​ភិក្ខុ​ទាំងឡាយ​ ​ភិក្ខុ​ជា​ចៅអាវាស​ ​ប្រកបដោយ​ធម៌​ ​៥​ ​យ៉ាង​ ​គួរ​សរសើរ​។​ ​ប្រកបដោយ​ធម៌​ ​៥​ ​យ៉ាង​ ​គឺ​អ្វីខ្លះ​។​ ​គឺ​ភិក្ខុ​ជា​ចៅអាវាស​ ​បរិបូណ៌​ដោយ​មារយាទ​ ​បរិបូណ៌​ដោយ​វត្ត​ ​១​ ​ជា​ពហុស្សូត​ ​ទ្រទ្រង់​ពុទ្ធវចនៈ​ ​ដែល​ខ្លួន​បាន​ស្តាប់​ហើយ​ ​១​ ​ជា​អ្នក​ដុសខាត់​ចិត្ត​ ​ត្រេកអរ​ក្នុង​ទីស្ងាត់​ ​ត្រេកអរ​ក្នុង​កុសលធម៌​ ​១​ ​ជា​អ្នកមាន​វាចា​ពីរោះ​ ​ចេះនិយាយ​ពីរោះ​ ​១​ ​ជា​អ្នកមាន​ប្រាជ្ញា​ ​មិន​ល្ងង់ខ្លៅ​ ​១​។​ ​"
    },
    {
      "header": "បញ្ចមបណ្ណាសក",
      "href": "http://ti-kh.org/books?book=45&page=274",
      "text": "ទុច្ចរិតវគ្គ ទី៥",
      "detail": "<p class=\"BCenter\">​ទុច្ចរិត​វគ្គ​</p>\n<br>​<span class=\"IncreaseIndent\">&nbsp;</span>[​១៤១​]​ ​ម្នាល​ភិក្ខុ​ទាំងឡាយ​ ​ទោស​ ​៥​ ​យ៉ាងនេះ​ ​រមែង​មានដល់​បុគ្គល​ប្រព្រឹត្ត​អាក្រក់​។​ ​ទោស​ ​៥​ ​យ៉ាង​ ​គឺ​អ្វីខ្លះ​។​ ​គឺ​ខ្លួនឯង​ ​តិះដៀល​ខ្លួនឯង​បាន​ ​១​ ​អ្នកប្រាជ្ញ​ទាំងឡាយ​ ​ពិចារណា​ហើយ​ ​តិះដៀល​បាន​ ​១​ ​កិត្តិសព្ទ​ដ៏​អាក្រក់​ខ្ចរខ្ចាយ​ទៅ​ ​១​ ​វេលា​ស្លាប់​វង្វេងស្មារតី​ ​១​ ​លុះ​បែកធ្លាយ​រាងកាយ​ស្លាប់​ទៅ​ ​រមែង​ទៅ​កើត​ក្នុង​កំណើត​តិរច្ឆាន​ ​ប្រេត​ ​អសុរកាយ​ ​និង​នរក​ ​១​។​ ​ម្នាល​ភិក្ខុ​ទាំងឡាយ​ ​ទោស​ ​៥​ ​យ៉ាងនេះ​ ​រមែង​មានដល់​បុគ្គល​ប្រព្រឹត្ត​អាក្រក់​។​ ​ម្នាល​ភិក្ខុ​ទាំងឡាយ​ ​អានិសង្ស​ ​៥​ ​យ៉ាងនេះ​ ​រមែង​មានដល់​បុគ្គល​ប្រព្រឹត្ត​ល្អ​។​ ​អានិសង្ស​ ​៥​ ​យ៉ាង​ ​គឺ​អ្វីខ្លះ​។​ ​គឺ​ខ្លួនឯង​ ​មិន​តិះដៀល​ខ្លួនឯង​បាន​ ​១​ ​អ្នកប្រាជ្ញ​ទាំងឡាយ​ ​ពិចារណា​ហើយ​ ​សរសើរ​ ​១​ ​កិត្តិសព្ទ​ដ៏​ពីរោះ​ខ្ចរខ្ចាយ​ទៅ​ ​១​ ​វេលា​ស្លាប់​មិន​វង្វេងស្មារតី​ ​១​ ​លុះ​បែកធ្លាយ​រាងកាយ​ស្លាប់​ទៅ​ ​រមែង​ទៅ​កើត​ក្នុង​សុគតិ​ ​សួគ៌​ទេវលោក​ ​១​។​ ​ម្នាល​ភិក្ខុ​ទាំងឡាយ​ ​អានិសង្ស​ ​៥​ ​យ៉ាងនេះ​ ​រមែង​មានដល់​បុគ្គល​ប្រព្រឹត្ត​ល្អ​។​\n<br>​<span class=\"IncreaseIndent\">&nbsp;</span>[​១៤២​]​ ​ម្នាល​ភិក្ខុ​ទាំងឡាយ​ ​ទោស​ ​៥​ ​យ៉ាងនេះ​ ​រមែង​មានដល់​បុគ្គល​ប្រព្រឹត្ត​អាក្រក់​ ​ដោយ​កាយ​។​បេ​។​ ​ម្នាល​ភិក្ខុ​ទាំងឡាយ​ ​អានិសង្ស​ ​៥​ ​យ៉ាងនេះ​ ​រមែង​មានដល់​បុគ្គល​ប្រព្រឹត្ត​ល្អ​ ​ដោយ​កាយ​។​បេ​។​"
    },
    {
      "header": "បញ្ចមបណ្ណាសក",
      "href": "http://ti-kh.org/books?book=45&page=283",
      "text": "ពួកសូត្រមិនសង្រ្គោះក្នុងវគ្គ",
      "detail": "<p class=\"BCenter\">​ពួក​សូត្រ​មិន​សង្រ្គោះ​ក្នុង​វគ្គ​</p>\n<br>​<span class=\"IncreaseIndent\">&nbsp;</span>[​១៥១​]​ ​ម្នាល​ភិក្ខុ​ទាំងឡាយ​ ​ភិក្ខុ​ប្រកបដោយ​ធម៌​ ​៥​ ​យ៉ាង​ ​គួរ​ញ៉ាំង​កុលបុត្ត​ឲ្យ​ឧបសម្បទា​បាន​។​ ​ប្រកបដោយ​ធម៌​ ​៥​ ​យ៉ាង​ ​គឺ​អ្វីខ្លះ​។​ ​ម្នាល​ភិក្ខុ​ទាំងឡាយ​ ​ភិក្ខុ​ក្នុង​សាសនា​នេះ​ ​ប្រកបដោយ​សីលក្ខន្ធ​ ​ជា​អសេក្ខៈ​ ​១​ ​ប្រកបដោយ​សមា​ធិ​ក្ខន្ធ​ ​ជា​អសេក្ខៈ​ ​១​ ​ប្រកប​ ​ដោយ​បញ្ញា​ខន្ធ​ ​ជា​អសេក្ខៈ​ ​១​ ​ប្រកបដោយ​វិ​មុ​តិ្ត​ក្ខន្ធ​ ​ជា​អសេក្ខៈ​ ​១​ ​ប្រកបដោយ​វិមុត្តិ​ញ្ញាណ​ទស្សន​ក្ខន្ធ​ ​ជា​អសេក្ខៈ​ ​១​។​ ​ម្នាល​ភិក្ខុ​ទាំងឡាយ​ ​ភិក្ខុ​ប្រកបដោយ​ធម៌​ ​៥​ ​យ៉ាងនេះ​ឯង​ ​គួរ​ញ៉ាំង​កុលបុត្ត​ ​ឲ្យ​ឧបសម្បទា​បាន​។​\n<br><span class=\"IncreaseIndent\">&nbsp;</span>​[​១៥២​]​ ​ម្នាល​ភិក្ខុ​ទាំងឡាយ​ ​ភិក្ខុ​ប្រកបដោយ​ធម៌​ ​៥​ ​យ៉ាង​ ​គួរឲ្យ​និស្ស័យ​បាន​។​ ​ប្រកបដោយ​ធម៌​ ​៥​ ​យ៉ាង​ ​គឺ​អ្វីខ្លះ​។​ ​ម្នាល​ភិក្ខុ​ទាំងឡាយ​ ​ភិក្ខុ​ក្នុង​សាសនា​នេះ​ ​ប្រកបដោយ​សីលក្ខន្ធ​ ​ជា​អសេក្ខៈ​ ​១​។​បេ​។​ ​ប្រកបដោយ​វិមុត្តិ​ញ្ញាណ​ទស្សន​ក្ខន្ធ​ ​ជា​អសេក្ខៈ​ ​១​។​ ​៥​ ​យ៉ាងនេះ​ឯង​។​បេ​។"
    }
  ]
}