{
  "title": "ភាគ ៤៤",
  "imageSrc": "photos/Book_44.jpg",
  "href": "http://ti-kh.org/books?book=44",
  "contents": [
    {
      "header": "អង្គុត្តរនិកាយ  បញ្ចកនិបាត\nបញ្ចមភាគ\n\nបឋមបណ្ណាសក",
      "href": "http://ti-kh.org/books?book=44&page=1",
      "text": "បឋមបណ្ណាសក \tសេក្ខពលវគ្គ\tទី ១",
      "detail": "<div style=\"text-align: center\"><p class=\"BCenter\">សុត្តន្ត​បិដក​\n<br>​អង្គុត្តរ​និកាយ​ ​បញ្ចក​និបាត​\n<br>​បញ្ច​ម​ភាគ​</p>\n<br>​សូម​ថ្វាយបង្គំ​ ​ព្រះ​ដ៏​មាន​ព្រះ​ភាគ​ ​ជា​អរហន្ត​សម្មាសម្ពុទ្ធ​ ​អង្គ​នោះ​។​\n<br><p class=\"BCenter\">​បឋម​បណ្ណា​សក​\n<br>​សេក្ខ​ពល​វគ្គ​ ​ទី​ ​១​</p></div><span class=\"IncreaseIndent\">&nbsp;</span>​[​១​]​ ​ខ្ញុំ​បាន​ស្តាប់​មក​យ៉ាងនេះ​។​ ​សម័យមួយ​ ​ព្រះ​ដ៏​មាន​ព្រះ​ភាគ​ ​ទ្រង់​គង់នៅ​ក្នុង​វត្ត​ជេតពន​ ​របស់​អនាថ​បិ​ណិ្ឌ​ក​សេដ្ឋី​ ​ជិត​ក្រុង​សាវត្ថី​។​ ​ក្នុង​ទីនោះ​ឯង​ ​ព្រះ​ដ៏​មាន​ព្រះ​ភាគ​ ​ទ្រង់​ត្រាស់​ហៅ​ភិក្ខុ​ទាំងឡាយ​ថា​ ​ម្នាល​ភិក្ខុ​ទាំងឡាយ​។​ ​ភិក្ខុ​ទាំងនោះ​ ​ទទួល​ព្រះពុទ្ធដីកា​ ​របស់​ព្រះ​ដ៏​មាន​ព្រះ​ភាគ​ថា​ ​ព្រះករុណា​ ​ព្រះអង្គ​។​ ​ទើប​ព្រះ​ដ៏​មាន​ព្រះ​ភាគ​ ​ទ្រង់​ត្រាស់​ដូច្នេះ​ថា​ ​ម្នាល​ភិក្ខុ​ទាំងឡាយ​ ​កម្លាំង​របស់​សេក្ខបុគ្គល​នេះ​ ​មាន៥យ៉ាង​។​ ​កម្លាំង​ ​៥យ៉ាង​ ​គឺ​អ្វីខ្លះ​។​ ​គឺ​ ​កម្លាំង​សទ្ធា​ ​១​ ​កម្លាំង​ហិរិ​ ​១​ ​កម្លាំង​ឱត្តប្បៈ​ ​១​ ​កម្លាំង​វីរិយៈ​ ​១​ ​កម្លាំង​បញ្ញា​ ​១​។​ ​ម្នាល​ភិក្ខុ​ទាំងឡាយ​ ​កម្លាំង​របស់​សេក្ខបុគ្គល​មាន​ ​៥​ ​យ៉ាងនេះ​ឯង​។​ ​ម្នាល​ភិក្ខុ​ទាំងឡាយ​ ​ព្រោះហេតុនោះ​ ​ភិក្ខុ​ក្នុង​សាសនា​នេះ​ ​គួរ​សិក្សា​យ៉ាងនេះ​ថា​ ​យើង​គួរ​ជា​អ្នក​ប្រកបដោយ​កម្លាំង​សទ្ធា​ ​"
    },
    {
      "header": "អង្គុត្តរនិកាយ  បញ្ចកនិបាត\nបញ្ចមភាគ\n\nបឋមបណ្ណាសក",
      "href": "http://ti-kh.org/books?book=44&page=18",
      "text": "ពលវគ្គ \tទី ២",
      "detail": "<p class=\"BCenter\">​បឋម​បណ្ណា​សក​ ​ពល​វគ្គ​</p>\n<br>​<span class=\"IncreaseIndent\">&nbsp;</span>[​១១​]​ ​ម្នាល​ភិក្ខុ​ទាំងឡាយ​ ​តថាគត​ប្តេជ្ញា​ថា​ជា​អ្នក​ដល់​នូវ​អរហត្ត​ ​ជាទីបំផុត​នៃ​ ​អភិញ្ញា​ ​និង​ត្រើយ​នៃ​អភិញ្ញា​ ​ក្នុង​ធម៌​ដែល​មិនធ្លាប់​ឮ​មក​ ​ក្នុង​កាលមុន​ ​ម្នាល​ភិក្ខុ​ទាំងឡាយ​ ​តថាគត​ប្រកបដោយ​កម្លាំង​ទាំងឡាយ​ណា​ ​ទើប​ប្តេជ្ញា​នូវ​តំណែង​ដ៏​ប្រសើរ​ ​បន្លឺ​សីហនាទ​ ​ក្នុង​កណ្តាល​បរិស័ទ​ ​ញ៉ាំង​ចក្រ​ដ៏​ប្រសើរ​ ​ឲ្យ​ប្រព្រឹត្តទៅ​ ​កម្លាំង​តថាគត​ ​របស់​តថាគត​នោះ​ ​មាន៥​ ​យ៉ាងនេះ​។​ ​កម្លាំង​ ​៥យ៉ាង​ ​តើ​អ្វីខ្លះ​។​ ​គឺ​កម្លាំង​សទ្ធា​ ​១​ ​កម្លាំង​ហិរិ​ ​១​ ​កម្លាំង​ឱត្តប្បៈ​ ​១​ ​កម្លាំង​វីរិយៈ​ ​១​ ​កម្លាំង​បញ្ញា​ ​១​។​ ​ម្នាល​ភិក្ខុ​ទាំងឡាយ​ ​ព្រះ​តថាគត​ប្រកបដោយ​កម្លាំង​ទាំងឡាយ​ណា​ ​ទើប​ប្តេជ្ញា​នូវ​តំណែង​ដ៏​ប្រសើរ​ ​បន្លឺ​សីហនាទ​ ​ក្នុង​កណ្តាល​បរិស័ទ​ ​ញ៉ាំង​ចក្រ​ដ៏​ប្រសើរ​ ​ឲ្យ​ប្រព្រឹត្តទៅ​ ​កម្លាំង​តថាគត​ ​របស់​តថាគត​នោះ​ ​មាន​ ​៥​ ​យ៉ាងនេះ​ឯង​។​"
    },
    {
      "header": "អង្គុត្តរនិកាយ  បញ្ចកនិបាត\nបញ្ចមភាគ\n\nបឋមបណ្ណាសក",
      "href": "http://ti-kh.org/books?book=44&page=28",
      "text": "បញ្ចង្គិកវគ្គ\tទី ៣",
      "detail": "<p class=\"BCenter\">​បញ្ចង្គិ​ក​វគ្គ​</p>\n<br>​<span class=\"IncreaseIndent\">&nbsp;</span>[​២១​]​ ​ម្នាល​ភិក្ខុ​ទាំងឡាយ​ ​ភិក្ខុ​នោះ​ជា​អ្នក​មិន​មាន​សេចក្តី​គោរព​ ​មិន​មាន​សេចក្តី​ ​កោតក្រែង​ ​ប្រព្រឹត្ត​មិន​ស្មើ​ ​ក្នុង​ពួក​សព្រហ្មចារី​បុគ្គល​សោះ​ ​នឹង​បំពេញ​អភិសមាចារិក​ធម៌​ ​គឺ​បញ្ញត្ត​សីល​បាន​ ​ហេតុ​នុ៎ះ​ ​រមែង​មិន​មាន​ទេ​ ​បើ​មិនបាន​បំពេញ​អភិសមាចារិក​ធម៌​ហើយ​ ​នឹង​បំពេញ​សេក្ខ​ធម៌​បាន​ ​ហេតុ​នុ៎ះ​ ​រមែង​មិន​មាន​ទេ​ ​បើ​មិន​បំពេញ​សេក្ខ​ធម៌​ហើយ​ ​នឹង​បំពេញ​សីល​បាន​ ​ហេតុ​នុ៎ះ​ ​រមែង​មិន​មាន​ទេ​ ​បើ​មិនបាន​បំពេញ​សីល​ហើយ​ ​នឹង​បំពេញ​ ​សម្មាទិដ្ឋិ​បាន​ ​ហេតុ​នុ៎ះ​ ​រមែង​មិន​មាន​ទេ​ ​បើ​មិនបាន​បំពេញ​សម្មាទិដ្ឋិ​ហើយ​ ​នឹង​បំពេញ​សម្មាសមាធិ​បាន​ ​ហេតុ​នុ៎ះ​ ​រមែង​មិន​មាន​ទេ​។​ ​ម្នាល​ភិក្ខុ​ទាំងឡាយ​ ​ភិក្ខុ​នោះ​ ​ជា​អ្នកមាន​សេចក្តី​គោរព​ ​មាន​សេចក្តី​កោតក្រែង​ ​ប្រព្រឹត្ត​ស្មើ​ ​ក្នុង​ពួក​សព្រហ្មចារី​បុគ្គល​ ​នឹង​បំពេញ​ ​អភិសមាចារិក​ធម៌​បាន​ ​ហេតុ​នុ៎ះ​ទើប​មាន​ ​"
    },
    {
      "header": "អង្គុត្តរនិកាយ  បញ្ចកនិបាត\nបញ្ចមភាគ\n\nបឋមបណ្ណាសក",
      "href": "http://ti-kh.org/books?book=44&page=63",
      "text": "សុមនវគ្គ\tទី ៤",
      "detail": "<p class=\"BCenter\">​សុ​មន​វគ្គ​</p>\n<br>​<span class=\"IncreaseIndent\">&nbsp;</span>​[​៣១​]​ ​គ្រានោះ​ ​នាង​សុមនា​រាជកុមារី​ ​មាន​រថ​ ​៥០០​ ​និង​រាជកុមារី​ ​៥០០​ ​អង្គ​ ​ហែហម​ចូល​ទៅ​គាល់​ព្រះ​ដ៏​មាន​ព្រះ​ភាគ​ ​លុះ​ចូល​ទៅដល់​ ​ថ្វាយបង្គំ​ព្រះ​ដ៏​មាន​ព្រះ​ភាគ​ ​ហើយ​ប្រថាប់​ក្នុង​ទីសម​គួរ​។​ ​លុះ​នាង​សុមនា​រាជកុមារី​ ​ប្រថាប់​ក្នុង​ទីសម​គួរ​ហើយ​ ​បាន​ទូល​សួរ​ព្រះ​ដ៏​មាន​ព្រះ​ភាគ​ ​ដូច្នេះ​ថា​ ​បពិត្រ​ព្រះអង្គ​ដ៏​ចំរើន​ ​សាវក​ពីរ​រូប​របស់​ព្រះ​ដ៏​មាន​ព្រះ​ភាគ​ ​ក្នុង​សាសនា​នេះ​ ​មាន​សទ្ធា​ស្មើគ្នា​ ​មាន​សីល​ស្មើគ្នា​ ​មាន​បញ្ញា​ស្មើគ្នា​ ​ប៉ុន្តែ​មួយ​អង្គជា​ទាយក​ ​មួយ​អង្គ​មិនមែន​ជា​ទាយក​ ​សាវក​ទាំងនោះ​ ​ដល់​បែកធ្លាយ​រាងកាយ​ ​ស្លាប់​ទៅ​ ​ក៏​ទៅ​កើត​ក្នុង​សុគតិ​សួគ៌​ ​ទេវលោក​ ​បពិត្រ​ព្រះអង្គ​ដ៏​ចំរើន​ ​សាវក​ទាំងពីរ​ដែល​កើតជា​ទេវតា​នោះ​ ​តើមាន​សេចក្តី​វិសេស​ ​មានហេតុ​ផ្សេងគ្នា​ដែរ​ឬទេ​។​ ​ព្រះ​ដ៏​មាន​ព្រះ​ភាគ​ត្រាស់​ថា​ ​ម្នាលនាង​សុមនា​ ​មាន​ដែរ​ ​ម្នាលនាង​សុមនា​ ​សាវក​ណា​ជា​ទាយក​ ​សាវក​នោះ​ ​ដល់​កើតជា​ទេវតា​ ​រមែង​គ្រប​សង្កត់​ទេវតា​ឯណោះ​ ​ដែល​មិនមែន​ជា​ទាយក​ ​ដោយហេតុ​ ​៥​ ​យ៉ាង​ ​គឺ​អាយុ​ទិព្វ​ ​១​ ​សម្បុរ​ទិព្វ​ ​១​ ​សុខ​ទិព្វ​ ​១​ ​យស​ទិព្វ​ ​១​ ​អធិបតេយ្យ​ទិព្វ​ ​១​។​ ​"
    },
    {
      "header": "អង្គុត្តរនិកាយ  បញ្ចកនិបាត\nបញ្ចមភាគ\n\nបឋមបណ្ណាសក",
      "href": "http://ti-kh.org/books?book=44&page=89",
      "text": "មុណ្ឌរាជវគ្គ ទី៥",
      "detail": "<p class=\"BCenter\">​មុ​ណ្ឌ​រាជ​វគ្គ​</p>\n<br>​<span class=\"IncreaseIndent\">&nbsp;</span>​[​៤១​]​\t​គ្រានោះ​ឯង​ ​អនាថបិណ្ឌិក​គហបតី​ ​ចូល​ទៅ​គាល់​ព្រះ​ដ៏​មាន​ព្រះ​ភាគ​ ​លុះ​ចូល​ទៅដល់​ហើយ​ ​ក៏​ថ្វាយបង្គំ​ព្រះ​ដ៏​មាន​ព្រះ​ភាគ​ ​រួច​អង្គុយ​ក្នុង​ទីសម​គួរ​។​ ​លុះ​អនាថបិណ្ឌិក​គហបតី​ ​អង្គុយ​ក្នុង​ទីសម​គួរ​ហើយ​ ​ព្រះ​ដ៏​មាន​ព្រះ​ភាគ​ ​បាន​ត្រាស់​ដូច្នេះ​ថា​ ​ម្នាល​គហបតី​ ​ការ​កាន់​យក​នូវ​ភោគៈ​នេះ​ ​មាន​ ​៥​ ​យ៉ាង​។​ ​៥យ៉ាង​ ​ដូចម្តេច​ខ្លះ​។​ ​ម្នាល​គហបតី​ ​អរិយ​សាវក​ ​ក្នុង​លោក​នេះ​ ​មាន​ភោគ​ទាំងឡាយ​ ​ដែល​ខ្លួន​បាន​មក​ដោយ​សេចក្តី​ខ្នះខ្នែង​ ​ព្យាយាម​ ​ដែល​ខ្លួន​សន្សំ​ដោយ​កម្លាំង​ដៃ​ ​មាន​ញើស​ហូរចេញ​ ​ប្រកបដោយ​ធម៌​ ​បាន​មក​ដោយ​ធម៌​ ​ហើយ​ញ៉ាំង​ខ្លួន​ឲ្យ​សុខ​ ​ឲ្យ​ឆ្អែត​ ​រក្សា​សេចក្តី​សុខ​ដោយ​ប្រពៃ​ ​ញ៉ាំង​មាតា​ ​បិតា​ឲ្យ​សុខ​ ​ឲ្យ​ឆ្អែត​ ​រក្សា​សេចក្តី​សុខ​ ​ដោយ​ប្រពៃ​ ​ញ៉ាំង​បុត្រ​ ​ភរិយា​ ​ទាសកម្មករ​ ​និង​បុរស​ទាំងឡាយ​ឲ្យ​សុខ​ ​ឲ្យ​ឆ្អែត​ ​"
    },
    {
      "header": "អង្គុត្តរនិកាយ  បញ្ចកនិបាត\nបញ្ចមភាគ\n\nបឋមបណ្ណាសក",
      "href": "http://ti-kh.org/books?book=44&page=130",
      "text": "ទុតិយបណ្ណាសក \tនីវរណវគ្គ\tទី ១",
      "detail": "<p class=\"BCenter\">​ទុ​តិ​យ​បណ្ណា​សក​\n<br>​នីវរណ​វគ្គ​</p>\n<br>​<span class=\"IncreaseIndent\">&nbsp;</span>[​៥១​]​ ​សម័យមួយ​ ​ព្រះ​ដ៏​មាន​ព្រះ​ភាគ​ ​ទ្រង់​គង់នៅ​ក្នុង​វត្ត​ជេតពន​ ​របស់​អនាថ​បិ​ណិ្ឌ​ក​សេដ្ឋី​ ​ជិត​ក្រុង​សាវត្ថី​។​ ​ក្នុង​ទីនោះ​ ​ព្រះ​ដ៏​មាន​ព្រះ​ភាគ​ ​ទ្រង់​ត្រាស់​ហៅ​ភិក្ខុ​ទាំងឡាយ​មក​ថា​ ​ម្នាល​ភិក្ខុ​ទាំងឡាយ​។​ ​ភិក្ខុ​ទាំងនោះ​ ​ក៏​ទទួល​ព្រះពុទ្ធដីកា​ ​នៃ​ព្រះ​ដ៏​មាន​ព្រះ​ភាគ​ថា​ ​ករុណា​ ​ព្រះអង្គ​។​ ​ព្រះ​ដ៏​មាន​ព្រះ​ភាគ​ ​ទ្រង់​ត្រាស់​ដូច្នេះ​ថា​ ​ម្នាល​ភិក្ខុ​ទាំងឡាយ​ ​ធម៌​ ​៥​ ​យ៉ាងនេះ​ ​ជា​គ្រឿង​ទប់​ ​រារាំង​ ​គ្រប​សង្កត់​នូវ​ចិត្ត​ ​ធ្វើ​ប្រាជ្ញា​ឲ្យមានកម្លាំង​ថយ​។​ ​ធម៌​ ​៥​ ​យ៉ាង​ ​តើ​ដូចម្តេច​។​ ​ម្នាល​ភិក្ខុ​ទាំងឡាយ​ ​គឺ​កាមច្ឆន្ទៈ​ ​ជា​គ្រឿង​ទប់​ ​រារាំង​ ​គ្រប​សង្កត់​នូវ​ចិត្ត​ ​ធ្វើ​ប្រាជ្ញា​ឲ្យមានកម្លាំង​ថយ​ ​១​ ​ម្នាល​ភិក្ខុ​ទាំងឡាយ​ ​ព្យាបាទៈ​ ​ជា​គ្រឿង​ទប់​ ​រារាំង​ ​គ្រប​សង្កត់​នូវ​ចិត្ត​ ​ធ្វើ​ប្រាជ្ញា​ឲ្យមានកម្លាំង​ថយ​ ​១​ ​ម្នាល​ភិក្ខុ​ទាំងឡាយ​ ​ថីនមិទ្ធៈ​ ​ជា​គ្រឿង​ទប់​ ​រារាំង​ ​គ្រប​សង្កត់​នូវ​ចិត្ត​ ​ធ្វើ​ប្រាជ្ញា​ឲ្យមានកម្លាំង​ថយ​ ​១​ ​ម្នាល​ភិក្ខុ​ទាំងឡាយ​ ​ឧទ្ធច្ចកុក្កុច្ចៈ​ ​ជា​គ្រឿង​ទប់​ ​រារាំង​ ​គ្រប​សង្កត់​នូវ​ចិត្ត​ ​ធ្វើ​ប្រាជ្ញា​ឲ្យមានកម្លាំង​ថយ​ ​១​ ​ម្នាល​ភិក្ខុ​ទាំងឡាយ​ ​វិចិកិច្ឆា​ ​ជា​គ្រឿង​ទប់​ ​រារាំង​ ​គ្រប​សង្កត់​នូវ​ចិត្ត​ ​ធ្វើ​ប្រាជ្ញា​ឲ្យមានកម្លាំង​ថយ​ ​១​។​"
    },
    {
      "header": "អង្គុត្តរនិកាយ  បញ្ចកនិបាត\nបញ្ចមភាគ\n\nបឋមបណ្ណាសក",
      "href": "http://ti-kh.org/books?book=44&page=172",
      "text": "យោធាជីវវគ្គ\tទី ៣",
      "detail": "<p class=\"BCenter\">​យោធា​ជីវ​វគ្គ​</p>\n<br>​<span class=\"IncreaseIndent\">&nbsp;</span>[​៧១​]​ ​ម្នាល​ភិក្ខុ​ទាំងឡាយ​ ​ធម៌​ទាំង​ ​៥​ ​យ៉ាងនេះ​ ​ដែល​បុគ្គល​បាន​ចំរើន​ ​បាន​ធ្វើឲ្យ​រឿយ​ ​ៗ​ ​ហើយ​ ​រមែង​មាន​ចេ​តោ​វិមុត្តិ​ ​ជា​ផល​ផង​ ​មាន​ចេ​តោ​វិមុត្តិ​ផល​ ​ជា​អានិសង្ស​ផង​ ​មាន​បញ្ញា​វិមុត្តិ​ ​ជា​ផល​ផង​ ​មាន​បញ្ញា​វិមុត្តិ​ផល​ ​ជា​អានិសង្ស​ផង​។​ ​ធម៌​ទាំង​ ​៥​ ​យ៉ាង​ ​តើ​ដូចម្តេច​ខ្លះ​។​ ​ម្នាល​ភិក្ខុ​ទាំងឡាយ​ ​ភិក្ខុ​ក្នុង​សាសនា​នេះ​ ​ពិចារណា​ឃើញ​រឿយ​ ​ៗ​ ​ថា​ ​មិន​ស្អាត​ ​(​ក្នុង​រូបកាយ​)​ ​១​ ​មាន​សេចក្តី​សំគាល់​ថា​ ​ជា​បដិកូល​ ​ក្នុង​អាហារ​ ​១​ ​មាន​សេចក្តី​សំគាល់​ថា​ ​មិន​គួរ​ត្រេកអរ​ ​ក្នុង​លោក​ទាំងពួង​ ​១​ ​ពិចារណា​ឃើញ​រឿយ​ ​ៗ​ ​ថា​ ​មិន​ទៀង​ ​ក្នុង​សង្ខារ​ទាំងពួង​ ​១​ ​សេចក្តី​សំគាល់​ក្នុង​មរណៈ​ ​ភិក្ខុ​នោះ​ ​ក៏បាន​ដំ​កល់​ទុក​ ​ដោយ​ប្រពៃ​ ​ខាងក្នុង​សន្តាន​ ​១​។​ ​ម្នាល​ភិក្ខុ​ទាំងឡាយ​ ​ធម៌​ទាំង​ ​៥​ ​យ៉ាងនេះ​ឯង​ ​ដែល​បុគ្គល​បាន​ចំរើន​ ​បាន​ធ្វើឲ្យ​រឿយ​ ​ៗ​ ​ហើយ​ ​រមែង​មាន​ចេ​តោ​វិមុត្តិ​ ​ជា​ផល​ផង​ ​មាន​ចេ​តោ​វិមុត្តិ​ផល​ ​ជា​អានិសង្ស​ផង​ ​មាន​បញ្ញា​វិមុត្តិ​ ​ជា​ផល​ផង​ ​មាន​បញ្ញា​វិមុត្តិ​ផល​ ​ជា​អានិសង្ស​ផង​។​ ​ម្នាល​ភិក្ខុ​ទាំងឡាយ​ ​កាលណា​ភិក្ខុ​បាន​ចេ​តោ​វិមុត្តិ​ ​និង​បញ្ញា​វិមុត្តិ​ហើយ​ ​ម្នាល​ភិក្ខុ​ទាំងឡាយ​ ​ភិក្ខុ​នេះ​ហៅថា​ ​លើកឡើង​នូវ​ជើងគុល​ ​គឺ​អវិជ្ជា​ ​ដូច្នេះ​ខ្លះ​ ​ថា​ ​បំ​ផ្លេច​បំផ្លាញ​នូវ​គូ​ ​គឺ​សង្សារវដ្ត​ ​ដូច្នេះ​ខ្លះ​ ​"
    },
    {
      "header": "អង្គុត្តរនិកាយ  បញ្ចកនិបាត\nបញ្ចមភាគ\n\nបឋមបណ្ណាសក",
      "href": "http://ti-kh.org/books?book=44&page=232",
      "text": "ថេរវគ្គ\t\tទី ៤",
      "detail": "<p class=\"BCenter\">​ថេរ​វគ្គ​</p>\n<br>​<span class=\"IncreaseIndent\">&nbsp;</span>[​៨១​]​ ​ម្នាល​ភិក្ខុ​ទាំងឡាយ​ ​ភិក្ខុ​ជា​ថេរ​ ​ដែល​ប្រកបដោយ​ធម៌​ ​៥​ ​យ៉ាង​ ​រមែង​មិនជា​ទីស្រឡាញ់​ ​មិនជា​ទី​ពេញចិត្ត​ ​មិនជា​ទី​គោរព​ ​មិនជា​ទី​សរសើរ​ ​របស់​សព្រហ្មចារី​ទាំងឡាយ​ទេ​។​ ​ធម៌​ ​៥​ ​យ៉ាង​ ​តើ​អ្វីខ្លះ​។​ ​គឺ​ភិក្ខុ​ត្រេកអរ​ ​ក្នុង​អារម្មណ៍​ជាទី​ត្រេកអរ​ ​១​ ​ប្រទូស្ត​ ​ក្នុង​អារម្មណ៍​ជាទី​ប្រទូស្ត​ ​១​ ​ភ័ន្ត​ ​វង្វេង​ ​ក្នុង​អារម្មណ៍​ជាទី​ភ័ន្ត​ ​វង្វេង​ ​១​ ​ញាប់ញ័រ​ ​ក្នុង​អារម្មណ៍​ជាទី​ញាប់ញ័រ​ ​១​ ​ស្រវឹង​ ​ក្នុង​អារម្មណ៍​ជាទី​ស្រវឹង​ ​១​។​ ​ម្នាល​ភិក្ខុ​ទាំងឡាយ​ ​ភិក្ខុ​ជា​ថេរៈ​ ​ដែល​ប្រកបដោយ​ធម៌​ ​៥​ ​យ៉ាងនេះ​ឯង​ ​រមែង​មិនជា​ទីស្រឡាញ់​ ​មិនជា​ទី​ពេញចិត្ត​ ​មិនជា​ទី​គោរព​ ​មិនជា​ទី​សរសើរ​ ​របស់​សព្រហ្មចារី​ទាំងឡាយ​ឡើយ​។​ ​ម្នាល​ភិក្ខុ​ទាំងឡាយ​ ​ភិក្ខុ​ជា​ថេរៈ​ ​ដែល​ប្រកបដោយ​ធម៌​ ​៥​ ​យ៉ាង​ ​រមែង​ជាទីស្រឡាញ់​ ​ជាទី​ពេញចិត្ត​ ​ជាទី​គោរព​ ​ជាទី​សរសើរ​ ​របស់​សព្រហ្មចារី​ទាំងឡាយ​។​ ​ធម៌​ ​៥​ ​យ៉ាង​ ​តើ​អ្វីខ្លះ​។​ ​គឺ​ភិក្ខុ​មិន​ត្រេកអរ​ ​ក្នុង​អារម្មណ៍​ជាទី​ត្រេកអរ​ ​១​ ​មិន​ប្រទូស្ត​ ​ក្នុង​អារម្មណ៍​ជាទី​ប្រទូស្ត​ ​១​ ​មិន​ភ័ន្ត​ ​វង្វេង​ ​ក្នុង​អារម្មណ៍​ជាទី​ភ័ន្ត​ ​វង្វេង​ ​១​ ​មិន​ញាប់ញ័រ​ ​ក្នុង​អារម្មណ៍​ជាទី​ញាប់ញ័រ​ ​១​ ​"
    },
    {
      "header": "អង្គុត្តរនិកាយ  បញ្ចកនិបាត\nបញ្ចមភាគ\n\nបឋមបណ្ណាសក",
      "href": "http://ti-kh.org/books?book=44&page=246",
      "text": "ភកុធវគ្គ\tទី ៥",
      "detail": "<p class=\"BCenter\">​កកុធ​វគ្គ​</p>\n<br>​<span class=\"IncreaseIndent\">&nbsp;</span>​[​៩១​]​ ​ម្នាល​ភិក្ខុ​ទាំងឡាយ​ ​សម្បទា​នេះ​ ​មាន​ ​៥​ ​យ៉ាង​។​ ​សម្បទា​ ​៥​ ​យ៉ាង​ ​គឺ​អ្វីខ្លះ​។​ ​គឺ​សទ្ធាសម្បទា​ ​១​ ​សីលសម្បទា​ ​១​ ​សុត​សម្បទា​ ​១​ ​ចាគ​សម្បទា​ ​១​ ​បញ្ញាសម្បទា​ ​១​។​ ​ម្នាល​ភិក្ខុ​ទាំងឡាយ​ ​នេះឯង​ហៅថា​ ​សម្បទា​ ​៥​ ​យ៉ាង​។​\n<br>​<span class=\"IncreaseIndent\">&nbsp;</span>[​៩២​]​ ​ម្នាល​ភិក្ខុ​ទាំងឡាយ​ ​សម្បទា​នេះ​ ​មាន​ ​៥​ ​យ៉ាង​។​ ​សម្បទា​ ​៥​ ​យ៉ាង​ ​គឺ​អ្វីខ្លះ​។​ ​គឺ​សីលសម្បទា​ ​១​ ​សមាធិ​សម្បទា​ ​១​ ​បញ្ញាសម្បទា​ ​១​ ​វិមុត្តិ​សម្បទា​ ​១​ ​វិមុត្តិ​ញ្ញាណ​ទស្សនៈ​សម្បទា​ ​១​។​ ​ម្នាល​ភិក្ខុ​ទាំងឡាយ​ ​នេះ​ឯ​ហៅថា​ ​សម្បទា​ ​៥​ ​យ៉ាង​។​\n<br>​<span class=\"IncreaseIndent\">&nbsp;</span>[​៩៣​]​ ​ម្នាល​ភិក្ខុ​ទាំងឡាយ​ ​ការព្យាករណ៍​ ​(​អួត​)​ ​អរហន្ត​ផល​នេះ​ ​មាន​ ​៥​ ​យ៉ាង​។​ ​៥​ ​យ៉ាង​ ​គឺ​អ្វីខ្លះ​។​ ​គឺ​ភិក្ខុ​ព្យាករ​អរហត្តផល​ ​ព្រោះតែ​ខ្លួន​ល្ងង់​វង្វេង​ ​១​ ​ភិក្ខុ​អ្នកមាន​សេចក្តី​ប្រាថ្នា​អាក្រក់​ ​លុះ​ក្នុង​អំណាច​សេចក្តី​ប្រាថ្នា​ ​ហើយ​ព្យាករ​អរហត្តផល​ ​១​ ​ភិក្ខុ​ព្យាករ​អរហត្តផល​ ​ព្រោះតែ​ឆ្កួត​ ​ព្រោះ​ចិត្ត​រវើរវាយ​ ​១​ ​ភិក្ខុ​ព្យាករ​អរហត្តផល​ ​ដោយ​សំគាល់​ថា​ខ្លួន​បាន​ ​១​ ​ភិក្ខុ​ព្យាករ​អរហត្តផល​ ​តាម​ត្រឹមត្រូវ​មែន​ ​១​។​ ​ម្នាល​ភិក្ខុ​ទាំងឡាយ​ ​នេះឯង​ហៅថា​ ​ការព្យាករណ៍​អរហត្តផល​ ​៥​ ​យ៉ាង​។​"
    }
  ]
}