{
  "title": "ភាគ ៤៦",
  "imageSrc": "photos/Book_46.jpg",
  "href": "http://ti-kh.org/books?book=46",
  "contents": [
    {
      "header": "សុត្តន្តបិដក\nអង្គុត្តរនិកាយ  ឆក្កនិបាត\nសត្តមភាគ\nបឋមបណ្ណាសក",
      "href": "http://ti-kh.org/books?book=46&page=1",
      "text": "បឋមបណ្ណាសក \tអាហុនេយ្យវគ្គ\tទី ១",
      "detail": "<div style=\"text-align: center\"><p class=\"BCenter\">សុត្តន្ត​បិដក​\n<br>​អង្គុត្តរ​និកាយ​ ​ឆ​ក្ក​និបាត​ ​\n<br>​​សត្តម​ភាគ​</p>\n<br>​សូម​នមស្ការ​ចំពោះ​ព្រះ​ដ៏​មាន​ព្រះ​ភាគ​ ​ជា​អរហន្ត​សម្មាសម្ពុទ្ធ​ ​ព្រះអង្គ​នោះ​។​\n<br><p class=\"BCenter\">​បឋម​បណ្ណា​សក​\n<br>​អា​ហុនេ​យ្យ​វគ្គ​</p></div><span class=\"IncreaseIndent\">&nbsp;</span>​[​១​]​ ​ខ្ញុំ​បាន​ស្តាប់​មក​យ៉ាងនេះ​។​ ​សម័យមួយ​ ​ព្រះ​ដ៏​មាន​ព្រះ​ភាគ​ ​ទ្រង់​គង់នៅ​ក្នុង​វត្ត​ជេតពន​ ​របស់​អនាថបិណ្ឌិក​សេដ្ឋី​ ​ទៀប​ក្រុង​សាវត្ថី​។​ ​ព្រះ​ដ៏​មាន​ព្រះ​ភាគ​ ​ទ្រង់​ត្រាស់​នឹង​ពួក​ភិក្ខុ​ ​ដែល​នៅក្នុង​ទីនោះ​ថា​ ​ម្នាល​ភិក្ខុ​ទាំងឡាយ​។​ ​ភិក្ខុ​ទាំងនោះ​ ​បាន​ទទួល​ស្តាប់​ព្រះ​ដ៏​មាន​ព្រះ​ភាគ​ថា​ ​ព្រះករុណា​ ​ព្រះអង្គ​។​ ​ព្រះ​ដ៏​មាន​ព្រះ​ភាគ​ ​ទ្រង់​ត្រាស់​ថា​ ​ម្នាល​ភិក្ខុ​ទាំងឡាយ​ ​ភិក្ខុ​ប្រកបដោយ​ធម៌​ ​៦យ៉ាង​ ​ជា​អ្នក​គួរ​ទទួល​នូវ​ចតុប្បច្ច័យ​ ​ដែលគេ​នាំមក​បូជា​ ​គួរ​ទទួល​វត្ថុ​ ​ដែលគេ​រៀបចំ​ដើម្បី​ភ្ញៀវ​ ​គួរ​ទទួល​ទក្ខិណាទាន​ ​គួរ​ដល់​អញ្ជលិកម្ម​ ​ជា​បុញ្ញក្ខេត្ត​ដ៏​ប្រសើរ​ ​របស់​សត្វលោក​។​ ​"
    },
    {
      "header": "សុត្តន្តបិដក\nអង្គុត្តរនិកាយ  ឆក្កនិបាត\nសត្តមភាគ\nបឋមបណ្ណាសក",
      "href": "http://ti-kh.org/books?book=46&page=20",
      "text": "សារណីយាទិវគ្គ\tទី ២",
      "detail": "<p class=\"BCenter\">​សារា​ណី​យា​ទិវ​គ្គ​</p>\n<br>​<span class=\"IncreaseIndent\">&nbsp;</span>[​១១​]​ ​ម្នាល​ភិក្ខុ​ទាំងឡាយ​ ​សារាណីយ​ធម៌​ ​(​ធម៌​គួរ​រលឹក​)​ ​នេះ​ ​មាន៦យ៉ាង​។​ ​សារាណីយ​ធម៌​ ​៦យ៉ាង​ ​តើ​ដូចម្តេច​ខ្លះ​។​ ​ម្នាល​ភិក្ខុ​ទាំងឡាយ​ ​ភិក្ខុ​ក្នុង​សាសនា​នេះ​ ​ដំ​កល់​នូវ​កាយ​កម្ម​ ​ប្រកបដោយ​មេត្តា​ ​ចំពោះ​សព្រហ្មចារី​បុគ្គល​ទាំងឡាយ​ ​ទាំង​ទី​ចំពោះមុខ​ ​ទាំង​ទី​កំបាំងមុខ​ ​នេះ​ជា​សារាណីយ​ធម៌​។​ ​ម្នាល​ភិក្ខុ​ទាំងឡាយ​ ​មួយទៀត​ ​ភិក្ខុ​ដំ​កល់​នូវ​វចីកម្ម​ ​ប្រកបដោយ​មេត្តា​ ​ចំពោះ​សព្រហ្មចារី​បុគ្គល​ទាំងឡាយ​ ​ទាំង​ទី​ចំពោះមុខ​ ​ទាំង​ទី​កំបាំងមុខ​ ​នេះ​ជា​សារាណីយ​ធម៌​។​ ​ម្នាល​ភិក្ខុ​ទាំងឡាយ​ ​មួយទៀត​ ​ភិក្ខុ​ដំ​កល់​នូវ​មនោ​កម្ម​ ​ប្រកបដោយ​មេត្តា​ ​ចំពោះ​សព្រហ្មចារី​បុគ្គល​ទាំងឡាយ​ ​ទាំង​ទី​ចំពោះមុខ​ ​ទាំង​ទី​កំបាំងមុខ​ ​នេះ​ជា​សារាណីយ​ធម៌​។​ ​ម្នាល​ភិក្ខុ​ទាំងឡាយ​ ​មួយទៀត​ ​ភិក្ខុ​អ្នក​បរិភោគ​ ​មិន​ញែក​មុខ​ដោយ​លាភ​ទាំងឡាយ​ ​ដែល​ប្រកបដោយ​ធម៌​ ​បាន​មក​ដោយ​ធម៌​ ​ដោយហោចទៅ​ ​សូម្បី​លាភ​ត្រឹមតែ​របស់​ដែល​មាន​ក្នុង​បាត្រ​ ​ជា​អ្នក​បរិភោគ​ជា​សាធារណៈ​ ​ដោយ​សព្រហ្មចារី​ទាំងឡាយ​ ​ដែល​មាន​សីល​ ​នេះ​ជា​សារាណីយ​ធម៌​។​ ​ម្នាល​ភិក្ខុ​ទាំងឡាយ​ ​មួយទៀត​ ​ភិក្ខុ​ជា​អ្នកមានសីល​ស្មើគ្នា​នឹង​សព្រហ្មចារី​ទាំងឡាយ​ ​ក្នុង​សីល​ទាំងឡាយ​ ​ដែល​ជា​សីល​មិន​ដាច់​ ​មិន​ធ្លុះ​ ​មិន​ពពាល​ ​មិន​ពព្រុស​ ​ជា​សីល​រួចខ្លួន​ ​គឺ​មិនជា​ខ្ញុំ​តណ្ហា​ ​"
    },
    {
      "header": "សុត្តន្តបិដក\nអង្គុត្តរនិកាយ  ឆក្កនិបាត\nសត្តមភាគ\nបឋមបណ្ណាសក",
      "href": "http://ti-kh.org/books?book=46&page=62",
      "text": "អនុរុត្តរិយវគ្គ\t\tទី ៣",
      "detail": "<p class=\"BCenter\">​អនុ​ត្ត​រិយ​វគ្គ​</p>\n<br>​<span class=\"IncreaseIndent\">&nbsp;</span>[​២១​]​ ​សម័យមួយ​ ​ព្រះ​ដ៏​មាន​ព្រះ​ភាគ​ ​ប្រថាប់​នៅក្នុង​វិហារ​ឈ្មោះ​ ​បោក្ខរ​ណិ​យា​ ​ជិត​សាម​គ្រាម​ ​ក្នុង​ដែន​សក្កៈ​។​ ​គ្រានោះ​ ​ទេវតា​មួយ​អង្គ​ ​មាន​រស្មី​រុងរឿង​ ​កាល​រាត្រី​បឋមយាម​កន្លង​ហើយ​ ​បណ្តាល​វិហារ​ឈ្មោះ​ ​បោក្ខរ​ណិ​យា​ទាំងមូល​ឲ្យ​ភ្លឺ​ច្រាល​ ​ហើយ​ចូល​ទៅ​គាល់​ព្រះ​ដ៏​មាន​ព្រះ​ភាគ​ ​លុះ​ចូល​ទៅដល់​ហើយ​ ​ក៏​ថ្វាយបង្គំ​ព្រះ​ដ៏​មាន​ព្រះ​ភាគ​ ​ហើយ​ឈរ​នៅក្នុង​ទីសម​គួរ​។​ ​លុះ​ទេវតា​នោះ​ ​ឈរ​នៅក្នុង​ទីសម​គួរ​ហើយ​ ​បាន​ក្រាបបង្គំទូល​ព្រះ​ដ៏​មាន​ព្រះ​ភាគ​ ​យ៉ាងនេះ​ថា​ ​បពិត្រ​ព្រះអង្គ​ដ៏​ចំរើន​ ​ធម៌​ ​៣យ៉ាងនេះ​ ​តែង​ប្រព្រឹត្តទៅ​ ​ដើម្បី​សេចក្តី​សាបសូន្យ​ដល់​ភិក្ខុ​។​ ​ធម៌​ ​៣យ៉ាង​ ​តើ​ដូចម្តេច​។​ ​គឺ​សេចក្តី​ត្រេកអរ​ក្នុង​ការងារ​ ​១​ ​សេចក្តី​ត្រេកអរ​ក្នុង​ការចរចា​ ​១​ ​សេចក្តី​ត្រេកអរ​ ​ក្នុង​ការ​ដេកលក់​ ​១​។​ ​បពិត្រ​ព្រះអង្គ​ដ៏​ចំរើន​ ​ធម៌​ ​៣យ៉ាងនេះ​ឯង​ ​តែង​ប្រព្រឹត្តទៅ​ ​ដើម្បី​សេចក្តី​សាបសូន្យ​ដល់​ភិក្ខុ​។​ ​លុះ​ទេវតា​នោះ​ ​ក្រាបបង្គំទូល​ដូច្នេះហើយ​។​ ​ព្រះ​សាស្តា​ ​ក៏​ទ្រង់​ពេញ​ព្រះ​ហ្ឫទ័យ​។​ ​ទើប​ទេវតា​នោះ​ ​ដឹង​ថា​ព្រះ​សាស្តា​របស់​អញ​ ​ទ្រង់​ពេញ​ព្រះ​ហ្ឫទ័យ​ហើយ​ ​ក៏​ថ្វាយបង្គំ​ព្រះ​ដ៏​មាន​ព្រះ​ភាគ​ ​ធ្វើ​ប្រទក្សិណ​ ​បាត់​ទៅ​ក្នុង​ទីនោះ​ឯង​។​ ​លុះ​កន្លង​រាត្រី​នោះ​ទៅ​ហើយ​ ​ទើប​ព្រះ​ដ៏​មាន​ព្រះ​ភាគ​ ​ទ្រង់​ត្រាស់​ហៅ​ភិក្ខុ​ទាំងឡាយ​ថា​"
    },
    {
      "header": "សុត្តន្តបិដក\nអង្គុត្តរនិកាយ  ឆក្កនិបាត\nសត្តមភាគ\nបឋមបណ្ណាសក",
      "href": "http://ti-kh.org/books?book=46&page=102",
      "text": "សេក្ខបរិហានិយវគ្គ\tទី ៤",
      "detail": "<p class=\"BCenter\">​សេ​ក្ខ​បរិ​ហា​និ​យ​វគ្គ​</p>\n<br>​<span class=\"IncreaseIndent\">&nbsp;</span>[​៣១​]​ ​ម្នាល​ភិក្ខុ​ទាំងឡាយ​ ​ធម៌​ ​៦យ៉ាងនេះ​ ​ប្រព្រឹត្តទៅ​ដើម្បី​សេចក្តី​សាបសូន្យ​ ​(​ចាក​គុណ​ឰដ៏​ខាងលើ​)​ ​ដល់​ភិក្ខុ​ជា​សេក្ខៈ​ ​(​ទាំង៧ពួក​)​។​ ​ធម៌​ ​៦យ៉ាង​ ​ដូចម្តេច​ខ្លះ​។​ ​គឺ​សេចក្តី​ត្រេកអរ​ក្នុង​ការងារ​ ​១​ ​សេចក្តី​ត្រេកអរ​ក្នុង​ការចរចា​ ​១​ ​សេចក្តី​ត្រេកអរ​ក្នុង​ការ​ដេក​ ​១​ ​សេចក្តី​ត្រេកអរ​ក្នុង​ពួក​គណៈ​ ​១​ ​មិន​មាន​សេចក្តី​គ្រប់គ្រង​ទ្វារ​ ​ក្នុង​ឥន្រ្ទិយ​ទាំងឡាយ​ ​១​ ​មិនដឹង​ប្រមាណ​ក្នុង​ភោជន​ ​១​។​ ​ម្នាល​ភិក្ខុ​ទាំងឡាយ​ ​ធម៌​ ​៦យ៉ាងនេះ​ឯង​ ​ប្រព្រឹត្តទៅ​ ​ដើម្បី​សេចក្តី​សាបសូន្យ​ ​ដល់​ភិក្ខុ​ជា​សេក្ខៈ​។​ ​ម្នាល​ភិក្ខុ​ទាំងឡាយ​ ​ធម៌​ ​៦យ៉ាងនេះ​ ​ប្រព្រឹត្តទៅ​ ​ដើម្បី​សេចក្តី​មិន​សាបសូន្យ​ ​ដល់​ភិក្ខុ​ជា​សេក្ខៈ​។​ ​ធម៌​ ​៦យ៉ាង​ ​ដូចម្តេច​ខ្លះ​។​ ​គឺ​សេចក្តី​មិន​ត្រេកអរ​ក្នុង​ការងារ​ ​១​ ​សេចក្តី​មិន​ត្រេកអរ​ក្នុង​ការចរចា​ ​១​ ​សេចក្តី​មិន​ត្រេកអរ​ក្នុង​ការ​ដេក​ ​១​ ​សេចក្តី​មិន​ត្រេកអរ​ក្នុង​ពួក​គណៈ​ ​១​ ​គ្រប់​គ្រង​ទា្វ​រក្នុង​ឥន្រ្ទិយ​ទាំងឡាយ​ ​១​ ​ដឹង​ប្រមាណ​ក្នុង​ភោជន​ ​១​។​ ​ម្នាល​ភិក្ខុ​ទាំងឡាយ​ ​ធម៌​ ​៦យ៉ាងនេះ​ឯង​ ​ប្រព្រឹត្តទៅ​ ​ដើម្បី​សេចក្តី​មិន​សាបសូន្យ​ ​ដល់​ភិក្ខុ​ជា​សេក្ខៈ​។​\n<br>​<span class=\"IncreaseIndent\">&nbsp;</span>[​៣២​]​ ​​គ្រានោះ​ ​មាន​ទេវតា​ ​១អង្គ​ ​កាល​រាត្រី​បឋមយាម​កន្លង​ហើយ​ ​មាន​រស្មី​ដ៏​រុងរឿង​ ​ញ៉ាំង​វត្ត​ជេតពន​ទាំងអស់​ឲ្យ​ភ្លឺស្វាង​ ​"
    },
    {
      "header": "សុត្តន្តបិដក\nអង្គុត្តរនិកាយ  ឆក្កនិបាត\nសត្តមភាគ\nបឋមបណ្ណាសក",
      "href": "http://ti-kh.org/books?book=46&page=131",
      "text": "ធម្មិកវគ្គ\t\tទី ៥",
      "detail": "<p class=\"BCenter\">ធម្មិក​វគ្គ​</p>\n<br>​<span class=\"IncreaseIndent\">&nbsp;</span>[​៤៣​]​ ​សម័យមួយ​ ​ព្រះ​ដ៏​មាន​ព្រះ​ភាគ​ ​ទ្រង់​គង់​ក្នុង​វត្ត​ជេតពន​ ​របស់​អនាថបិណ្ឌិក​សេដ្ឋី​ ​ជិត​ក្រុង​សាវត្ថី​។​ ​គ្រានោះ​ ​ព្រះ​ដ៏​មាន​ព្រះ​ភាគ​ ​ទ្រង់​ស្បង់​ ​ប្រដាប់​បាត្រ​ ​និង​ចីវរ​ ​ក្នុង​បុព្វណ្ហសម័យ​ ​ហើយ​ចូល​ទៅ​បិណ្ឌបាត​ ​ក្នុង​ក្រុង​សាវត្ថី​។​ ​លុះ​ព្រះអង្គ​ចូល​ទៅ​បិណ្ឌបាត​ ​ក្នុង​ក្រុង​សាវត្ថី​រួចហើយ​ ​ត្រឡប់​អំពី​បិណ្ឌបាត​ ​ក្នុង​វេលា​ខាងក្រោយ​នៃ​ភត្ត​ ​ទ្រង់​ត្រាស់​នឹង​ព្រះ​អានន្ទ​ដ៏​មាន​អាយុ​ថា​ ​ម្នាល​អានន្ទ​ ​មក​ ​យើង​នឹង​ចូល​ទៅ​បុព្វារាម​ ​ជា​មិគា​រមាតុ​ប្រាសាទ​ ​ដើម្បី​សម្រាក​ក្នុង​វេលា​ថ្ងៃ​។​ ​ព្រះ​អានន្ទ​ដ៏​មាន​អាយុ​ ​ទទួល​ព្រះពុទ្ធដីកា​ព្រះ​ដ៏​មាន​ព្រះ​ភាគ​ថា​ ​ព្រះករុណា​ព្រះអង្គ​។​ ​លំដាប់នោះ​ ​ព្រះ​ដ៏​មាន​ព្រះ​ភាគ​ ​ទ្រង់​ចូល​ទៅ​បុព្វារាម​ ​ជា​មិគា​រមាតុ​ប្រាសាទ​ ​ជាមួយនឹង​ព្រះ​អានន្ទ​ដ៏​មាន​អាយុ​។​ ​លំដាប់នោះ​ ​ព្រះ​ដ៏​មាន​ព្រះ​ភាគ​ ​ចេញ​អំពី​ទី​សម្ងំ​ ​ក្នុង​សាយណ្ហសម័យ​ ​ទ្រង់​មាន​ព្រះបន្ទូល​នឹង​អានន្ទ​ដ៏​មាន​អាយុ​ថា​ ​ម្នាល​អានន្ទ​ ​មក​ ​យើង​នឹង​ចូល​ទៅ​ឯ​ស្រះ​ឈ្មោះ​ ​បុព្វ​កោដ្ឋ​កៈ​ ​ដើម្បី​ស្រោច​ស្រប់​ខ្លួន​។​ ​ព្រះ​អានន្ទ​ដ៏​មាន​អាយុ​ ​ទទួល​ព្រះពុទ្ធដីកា​ ​នៃ​ព្រះ​ដ៏​មាន​ព្រះ​ភាគ​ថា​ ​ព្រះករុណា​ព្រះអង្គ​។​ ​វេលា​នោះ​ ​ព្រះ​ដ៏​មាន​ព្រះ​ភាគ​ ​ទ្រង់​ចូល​ទៅ​ឯ​ស្រះ​បុព្វ​កោដ្ឋ​កៈ​ ​ជាមួយនឹង​ព្រះ​អានន្ទ​ដ៏​មាន​អាយុ​ ​ដើម្បី​ស្រោច​ស្រប់​ព្រះអង្គ​។​ ​លុះ​ព្រះ​ដ៏​មាន​ព្រះ​ភាគ​ ​ស្រោច​ស្រប់​ព្រះអង្គ​ ​ក្នុង​ស្រះ​បុព្វ​កោដ្ឋ​កៈ​រួចហើយ​"
    },
    {
      "header": "ទុតិយបណ្ណាសក",
      "href": "http://ti-kh.org/books?book=46&page=189",
      "text": "ទុតិយបណ្ណាសក \tមហាវគ្គ\t\tទី ១",
      "detail": "​<p class=\"BCenter\">ទុ​តិ​យ​បណ្ណា​សក​\n<br>​មហាវគ្គ​</p>\n<br>​<span class=\"IncreaseIndent\">&nbsp;</span>[​៥៥​]​ ​សម័យមួយ​ ​ព្រះ​ដ៏​មាន​ព្រះ​ភាគ​ ​ទ្រង់​គង់នៅ​លើ​ភ្នំ​គិជ្ឈកូដ​ ​ជិត​ក្រុង​រាជគ្រឹះ​។​ ​សម័យ​នោះ​ឯង​ ​ព្រះ​សោ​ណៈ​ដ៏​មាន​អាយុ​ ​គង់នៅ​នា​ព្រៃស្មសាន​ ​ឈ្មោះ​សីត​វន​ ​ជិត​ក្រុង​រាជគ្រឹះ​ដែរ​។​\n<br>​<span class=\"IncreaseIndent\">&nbsp;</span>លំដាប់នោះ​ ​ព្រះ​សោ​ណៈ​ដ៏​មាន​អាយុ​ ​សម្ងំ​នៅក្នុង​ទីស្ងាត់​ ​មាន​សេចក្តី​ត្រិះរិះ​ ​ក្នុងចិត្ត​កើតឡើង​ ​យ៉ាងនេះ​ថា​ ​ពួក​ភិក្ខុ​ណាមួយ​ ​ជា​សាវក​របស់​ព្រះ​ដ៏​មាន​ព្រះ​ភាគ​ ​ជា​អ្នកមាន​ព្យាយាម​តឹងតែង​ ​បណ្តា​ភិក្ខុ​ទាំងនោះ​ ​អញ​ក៏​រាប់ថាជា​សាវក​ ​ដែល​មាន​ព្យាយាម​តឹងតែង​មួយ​ដែរ​ ​តែបើ​ទុកជា​ដូច្នោះ​ ​ចិត្ត​របស់​អញ​ ​ក៏​មិន​រួច​ស្រឡះ​ ​ចាក​កង​អាសវៈ​ ​ព្រោះ​មិន​ប្រកាន់​មាំ​បាន​ឡើយ​ ​ណ្ហើយ​ ​ភោគ​សម្បត្តិ​ក្នុង​ត្រកូល​របស់​អញ​ ​ក៏​មាន​គ្រប់គ្រាន់​ ​អញ​ក៏អាច​ប្រើប្រាស់​ភោគ​សម្បត្តិ​ ​និង​ធ្វើ​នូវ​បុណ្យ​ទាំងឡាយ​បាន​ដែរ​ ​បើ​ដូច្នោះ​ ​គួរតែ​អញ​លា​នូវ​សិក្ខា​ ​វិលត្រឡប់​មកកាន់​ហីនភេទ​ ​ប្រើប្រាស់​នូវ​ភោគ​សម្បត្តិ​ ​និង​ធ្វើបុណ្យ​ទាំងឡាយ​វិញ​។​ ​លំដាប់នោះ​ ​ព្រះ​ដ៏​មាន​ព្រះ​ភាគ​ ​បាន​ជ្រាប​ច្បាស់​ ​នូវ​សេចក្តី​ត្រិះរិះ​ក្នុងចិត្ត​ ​របស់​ព្រះ​សោ​ណៈ​ដ៏​មាន​អាយុ​ ​ដោយ​ព្រះ​ហ្ឫទ័យ​ព្រះអង្គ​ ​"
    },
    {
      "header": "ទុតិយបណ្ណាសក",
      "href": "http://ti-kh.org/books?book=46&page=284",
      "text": "ទេវតាវគ្គ \t\tទី ២",
      "detail": "​<p class=\"BCenter\">ទុ​តិ​យ​បណ្ណា​សក​ ​\n<br>​ទេវតា​វគ្គ​</p>\n<br>​<span class=\"IncreaseIndent\">&nbsp;</span>[​៦៥​]​ ​ម្នាល​ភិក្ខុ​ទាំងឡាយ​ ​បុគ្គល​មិន​លះបង់​ធម៌​ ​៦​ ​យ៉ាង​ ​មិន​គួរ​ដើម្បី​ធ្វើឲ្យ​ ​ជាក់ច្បាស់​ ​នូវ​អនាគាមិផល​បាន​ឡើយ​។​ ​ធម៌​ ​៦​ ​យ៉ាង​ ​គឺ​អ្វីខ្លះ​។​ ​គឺ​សេចក្តី​មិន​ជឿ​ ​១​ ​មិន​ខ្មាសបាប​ ​១​ ​មិន​ខ្លាច​បាប​ ​១​ ​ខ្ជិលច្រអូស​ ​១​ ​ភ្លេចស្មារតី​ ​១​ ​អប្ប​ឥត​ប្រាជ្ញា​ ​១​។​ ​ម្នាល​ភិក្ខុ​ទាំងឡាយ​ ​បុគ្គល​មិន​លះបង់​ធម៌​ ​៦​ ​យ៉ាងនេះ​ឯង​ ​មិន​គួរ​ដើម្បី​ធ្វើឲ្យ​ជាក់ច្បាស់​ ​នូវ​អនាគាមិផល​បាន​ឡើយ​។​ ​ម្នាល​ភិក្ខុ​ទាំងឡាយ​ ​បុគ្គល​លះបង់​ធម៌​ ​៦​ ​យ៉ាង​ ​គួរ​ដើម្បី​ធ្វើឲ្យ​ជាក់ច្បាស់​ ​នូវ​អនាគាមិផល​បាន​។​ ​ធម៌​ ​៦​ ​យ៉ាង​ ​គឺ​អ្វីខ្លះ​។​ ​គឺ​សេចក្តី​មិន​ជឿ​ ​១​ ​មិន​ខ្មាសបាប​ ​១​ ​មិន​ខ្លាច​បាប​ ​១​ ​ខ្ជិលច្រអូស​ ​១​ ​ភ្លេចស្មារតី​ ​១​ ​អប្ប​ឥត​ប្រាជ្ញា​ ​១​។​ ​ម្នាល​ភិក្ខុ​ទាំងឡាយ​ ​បុគ្គល​លះបង់​ធម៌​ ​៦​ ​យ៉ាងនេះ​ឯង​ ​ទើប​គួរ​ដើម្បី​ធ្វើឲ្យ​ជាក់ច្បាស់​ ​នូវ​អនាគាមិផល​បាន​។​ ​\n<br>​<span class=\"IncreaseIndent\">&nbsp;</span>[​៦៦​]​ ​ម្នាល​ភិក្ខុ​ទាំងឡាយ​ ​បុគ្គល​មិន​លះបង់​ធម៌​ ​៦​ ​យ៉ាង​ ​មិន​គួរ​ដើម្បី​ធ្វើឲ្យ​ជាក់ច្បាស់​ ​នូវ​អរហត្ត​បានទេ​។​ ​ធម៌​ ​៦​ ​យ៉ាង​ ​គឺ​អ្វីខ្លះ​។​ ​គឺ​សេចក្តី​ច្រអូស​ចិត្ត​ ​១​ ​សេចក្តី​ច្រអូស​កាយ​ ​១​ ​សេចក្តី​រាយមាយ​ចិត្ត​ ​១​ ​សេចក្តី​រសាប់រសល់​ចិត្ត​ ​១​ ​សេចក្តី​មិន​ជឿ​ ​១​ ​សេចក្តី​ធ្វេសប្រហែស​ ​១​។​ ​ម្នាល​ភិក្ខុ​ទាំងឡាយ​ ​បុគ្គល​មិន​លះបង់​ធម៌​ ​៦​ ​យ៉ាងនេះ​ឯង​ ​"
    },
    {
      "header": "ទុតិយបណ្ណាសក",
      "href": "http://ti-kh.org/books?book=46&page=299",
      "text": "អរហន្តវគ្គ\t\tទី ៣",
      "detail": "<p class=\"BCenter\">អរហន្ត​វគ្គ​</p>\n<br>​<span class=\"IncreaseIndent\">&nbsp;</span>[​៧៥​]​ ​ម្នាល​ភិក្ខុ​ទាំងឡាយ​ ​ភិក្ខុ​ប្រកបដោយ​ធម៌​ ​៦​ ​យ៉ាង​ ​តែង​នៅជា​ទុក្ខ​ ​ប្រកបដោយ​សេចក្តី​លំបាក​ ​ចង្អៀតចង្អល់​ ​ក្តៅក្រហាយ​ ​ក្នុង​បច្ចុប្បន្ន​ ​លុះ​បែកធ្លាយ​រាងកាយ​ស្លាប់​ហើយ​ ​ទៅ​កើត​ក្នុង​ទុគ្គតិ​។​ ​ធម៌​ ​៦​ ​យ៉ាង​ ​តើ​អ្វីខ្លះ​។​ ​គឺ​កាម​វិតក្កៈ​ ​១​ ​ព្យាបាទ​វិតក្កៈ​ ​១​ ​វិហឹសា​វិតក្កៈ​ ​១​ ​កាម​សញ្ញា​ ​១​ ​ព្យាបាទ​សញ្ញា​ ​១​ ​វិហឹសា​សញ្ញា​ ​១​។​ ​ម្នាល​ភិក្ខុ​ទាំងឡាយ​ ​ភិក្ខុ​ប្រកបដោយ​ធម៌​ ​៦​ ​យ៉ាងនេះ​ឯង​ ​តែង​នៅជា​ទុក្ខ​ ​ប្រកបដោយ​សេចក្តី​លំបាក​ ​ប្រកបដោយ​សេចក្តី​ចង្អៀតចង្អល់​ ​ប្រកបដោយ​សេចក្តី​ក្តៅក្រហាយ​ ​ក្នុង​បច្ចុប្បន្ន​ ​លុះ​បែកធ្លាយ​រាងកាយ​ស្លាប់​ហើយ​ ​ទៅ​កើត​ក្នុង​ទុគ្គតិ​។​ ​\n<br>​<span class=\"IncreaseIndent\">&nbsp;</span>ម្នាល​ភិក្ខុ​ទាំងឡាយ​ ​ភិក្ខុ​ប្រកបដោយ​ធម៌​ ​៦​ ​យ៉ាង​ ​តែង​នៅជា​សុខ​ ​មិន​មាន​សេចក្តី​លំបាក​ ​មិន​ចង្អៀតចង្អល់​ ​មិន​ក្តៅក្រហាយ​ ​ក្នុង​បច្ចុប្បន្ន​ ​លុះ​បែកធ្លាយ​រាងកាយ​ស្លាប់​ហើយ​ ​តែង​មាន​សុគតិ​ ​ជាទី​សង្ឃឹម​។​ ​ធម៌​ ​៦​ ​យ៉ាង​ ​តើ​អ្វីខ្លះ​។​ ​គឺ​ ​នេ​ក្ខម្ម​វិតក្កៈ​ ​១​ ​អព្យាបាទ​វិតក្កៈ​ ​១​ ​អវិហឹសា​វិតក្កៈ​ ​១​ ​នេ​ក្ខម្ម​សញ្ញា​ ​១​ ​អព្យាបាទ​សញ្ញា​ ​១​ ​\n<br>​"
    },
    {
      "header": "ទុតិយបណ្ណាសក",
      "href": "http://ti-kh.org/books?book=46&page=309",
      "text": "សីតិវគ្គ\t\tទី ៤",
      "detail": "<p class=\"BCenter\">សី​តិ​វគ្គ​</p>\n<br>​<span class=\"IncreaseIndent\">&nbsp;</span>[​៨៥​]​ ​ម្នាល​ភិក្ខុ​ទាំងឡាយ​ ​ភិក្ខុ​ប្រកបដោយ​ធម៌​ ​៦​ ​យ៉ាង​ ​ជា​អ្នក​មិន​គួរ​ដើម្បី​ធ្វើឲ្យ​ជាក់ច្បាស់​ ​នូវ​សេចក្តី​ត្រជាក់ចិត្ត​ ​ដ៏​ប្រសើរ​បាន​។​ ​ធម៌​ ​៦​ ​យ៉ាង​ ​តើ​អ្វីខ្លះ​។​ ​ម្នាល​ភិក្ខុ​ទាំងឡាយ​ ​ភិក្ខុ​ក្នុង​សាសនា​នេះ​ ​ចិត្ត​ដែល​គួរ​សង្កត់សង្កិន​ ​ក្នុង​ពេលណា​ ​មិន​សង្កត់សង្កិន​ចិត្ត​ ​ក្នុង​ពេលនោះ​ ​១​ ​ចិត្ត​ដែល​គួរ​ផ្គង​ឡើង​ ​ក្នុង​ពេលណា​ ​មិន​ផ្គង​ចិត្ត​ឡើង​ ​ក្នុង​ពេលនោះ​ ​១​ ​ចិត្ត​ដែល​គួរ​ធ្វើឲ្យ​រីករាយ​ ​ក្នុង​ពេលណា​ ​មិន​ធ្វើ​ចិត្ត​ឲ្យ​រីករាយ​ ​ក្នុង​ពេលនោះ​ ​១​ ​ចិត្ត​ដែល​គួរ​ធ្វើឲ្យ​ព្រងើយ​ ​ក្នុង​ពេលណា​ ​មិន​ធ្វើ​ចិត្ត​ឲ្យ​ព្រងើយ​ ​ក្នុង​ពេលនោះ​ ​១​ ​ជា​អ្នក​ស្លុង​ចុះ​ ​ក្នុង​ធម៌​ថោកទាប​ ​១​ ​ត្រេកអរ​នឹង​កាយ​របស់​ខ្លួន​ ​១​។​ ​ម្នាល​ភិក្ខុ​ទាំងឡាយ​ ​ភិក្ខុ​ប្រកបដោយ​ធម៌​ ​៦​ ​យ៉ាងនេះ​ឯង​ ​ជា​អ្នក​មិន​គួរ​ដើម្បី​ធ្វើឲ្យ​ជាក់ច្បាស់​ ​នូវ​សេចក្តី​ត្រជាក់ចិត្ត​ ​ដ៏​ប្រសើរ​បាន​។​ ​\n<br>​<span class=\"IncreaseIndent\">&nbsp;</span>ម្នាល​ភិក្ខុ​ទាំងឡាយ​ ​ភិក្ខុ​ប្រកបដោយ​ធម៌​ ​៦​ ​យ៉ាង​ ​ជា​អ្នក​គួរ​ដើម្បី​ធ្វើឲ្យ​ជាក់ច្បាស់​ ​នូវ​សេចក្តី​ត្រជាក់ចិត្ត​ ​ដ៏​ប្រសើរ​។​ ​ធម៌​ ​៦​ ​យ៉ាង​ ​តើ​អ្វីខ្លះ​។​ ​ម្នាល​ភិក្ខុ​ទាំងឡាយ​ ​ភិក្ខុ​ក្នុង​សាសនា​នេះ​ ​ចិត្ត​ដែល​គួរ​សង្កត់សង្កិន​ ​ក្នុង​ពេលណា​ ​ក៏​សង្កត់សង្កិន​ចិត្ត​ ​ក្នុង​ពេលនោះ​ ​១​ ​ចិត្ត​ដែល​គួរ​ផ្គង​ឡើង​ ​ក្នុង​ពេលណា​ ​\n<br>​"
    },
    {
      "header": "ទុតិយបណ្ណាសក",
      "href": "http://ti-kh.org/books?book=46&page=319",
      "text": "អនិសង្សវគ្គ\t\tទី ៥",
      "detail": "​<p class=\"BCenter\">អានិសំស​វគ្គ​</p>\n<br>​<span class=\"IncreaseIndent\">&nbsp;</span>[​៩៦​]​ ​ម្នាល​ភិក្ខុ​ទាំងឡាយ​ ​ការ​កើតឡើង​នៃ​សភាវៈ​ ​៦​ ​យ៉ាង​ ​គឺ​ ​បុគ្គល​បាន​ដោយ​ក្រ​ក្នុង​លោក​។​ ​៦យ៉ាង​ ​តើ​អ្វីខ្លះ​។​ ​គឺ​ការ​កើតឡើង​ ​នៃ​ព្រះ​តថាគត​ ​ជា​អ​រហ​ន្ត​សមា្ម​សម្ពុទ្ធ​ ​បុគ្គល​បាន​ដោយ​ក្រ​ក្នុង​លោក​ ​១​ ​បុគ្គល​ជា​អ្នក​សំដែង​ធម្មវិន័យ​ ​ដែល​ព្រះ​តថាគត​បាន​ប្រកាស​ហើយ​ ​បុគ្គល​បាន​ដោយ​ក្រ​ក្នុង​លោក​ ​១​ ​សត្វ​ត្រឡប់​មក​កើត​ក្នុង​ប្រទេស​ជាទី​នៅ​ ​នៃ​អរិយជន​ ​បុគ្គល​បាន​ដោយ​ក្រ​ ​ក្នុង​លោក​ ​១​ ​ការ​មិន​ខូចខាត​ឥន្រ្ទិយ​ទាំងឡាយ​ ​បុគ្គល​បាន​ដោយ​ក្រ​ក្នុង​លោក​ ​១​ ​ភាព​នៃ​បុគ្គល​មិន​លេលា​ ​មិន​ឆ្កួត​ ​បុគ្គល​បាន​ដោយ​ក្រ​ ​ក្នុង​លោក​ ​១​ ​សេចក្តី​ពេញចិត្ត​ ​ក្នុង​កុសលធម៌​ ​បុគ្គល​បាន​ដោយ​ក្រ​ ​ក្នុង​លោក​ ​១​។​ ​ម្នាល​ភិក្ខុ​ទាំងឡាយ​ ​ការ​កើតឡើង​នៃ​សភាវៈ​ ​៦​ ​យ៉ាងនេះ​ ​បុគ្គល​បាន​ដោយ​ក្រ​ ​ក្នុង​លោក​។​ ​\n<br>​<span class=\"IncreaseIndent\">&nbsp;</span>[​៩៧​]​ ​ម្នាល​ភិក្ខុ​ទាំងឡាយ​ ​អានិសង្ស​នៃ​កិរិយា​ធ្វើឲ្យ​ជាក់ច្បាស់​ ​នូវ​សោតាបត្តិផល​នេះ​ ​មាន​ ​៦​ ​យ៉ាង​។​ ​៦​ ​យ៉ាង​ ​តើ​អ្វីខ្លះ​។​ ​គឺ​បុគ្គល​ជា​អ្នក​ទៀងត្រង់​ ​ក្នុង​ព្រះ​សទ្ធម្ម​ ​១​ ​មានធម៌​មិន​សាបសូន្យ​ ​១​ ​សេចក្តី​ទុក្ខ​ ​មិន​មានដល់​បុគ្គល​ ​អ្នកធ្វើ​នូវ​ព្រះនិព្វាន​ ​ជាទីបំផុត​ទុក្ខ​ ​១​ ​"
    },
    {
      "header": "បណ្ណាសកាសង្គហិតវគ្គ",
      "href": "http://ti-kh.org/books?book=46&page=326",
      "text": "បណ្ណាសកាសង្គហិតវគ្គ\tតិកវគ្គ",
      "detail": "​<p class=\"BCenter\">បណ្ណា​សកា​សង្គហិ​ត​វគ្គ​\n<br>​តិក​វគ្គ​</p>\n<br>​<span class=\"IncreaseIndent\">&nbsp;</span>[​១០៧​]​ ​ម្នាល​ភិក្ខុ​ទាំងឡាយ​ ​ធម៌​ទាំងឡាយ​នេះ​ ​មាន​ ​៣​ ​យ៉ាង​។​ ​៣​ ​យ៉ាង​ ​តើ​អ្វីខ្លះ​។​ ​គឺ​រាគៈ​ ​១​ ​ទោសៈ​ ​១​ ​មោហៈ​ ​១​។​ ​ម្នាល​ភិក្ខុ​ទាំងឡាយ​ ​នេះ​ ​ធម៌​ ​៣​ ​យ៉ាង​។​ ​ម្នាល​ភិក្ខុ​ទាំងឡាយ​ ​បុគ្គល​ត្រូវ​ចំរើន​ធម៌​ ​៣​ ​ប្រការ​ ​ដើម្បី​លះ​ធម៌​ ​៣​ ​ប្រការ​នេះ​ចេញ​។​ ​ធម៌​ ​៣​ ​ប្រការ​ ​តើ​អ្វីខ្លះ​។​ ​គឺ​បុគ្គល​ត្រូវ​ចំរើន​អសុភ​ ​ដើម្បី​លះ​រាគៈ​ ​១​ ​ត្រូវ​ចំរើន​មេត្តា​ ​ដើម្បី​លះ​ទោសៈ​ ​១​ ​ត្រូវ​ចំរើន​បញ្ញា​ ​ដើម្បី​លះ​មោហៈ​ ​១​។​ ​ម្នាល​ភិក្ខុ​ទាំងឡាយ​ ​បុគ្គល​ត្រូវ​ចំរើន​ធម៌​ទាំង​ ​៣​ ​នេះ​ ​ដើម្បី​លះ​ធម៌​ ​៣​ ​យ៉ាងនេះ​។​\n<br><span class=\"IncreaseIndent\">&nbsp;</span>​[​១០៨​]​ ​ម្នាល​ភិក្ខុ​ទាំងឡាយ​ ​ធម៌​ទាំងឡាយ​នេះ​ ​មាន​ ​៣​ ​យ៉ាង​។​ ​៣​ ​យ៉ាង​ ​តើ​អ្វីខ្លះ​។​ ​គឺ​កាយទុច្ចរិត​ ​១​ ​វចីទុច្ចរិត​ ​១​ ​មនោ​ទុច្ចរិត​ ​១​។​ ​ម្នាល​ភិក្ខុ​ទាំងឡាយ​ ​នេះ​ធម៌​ ​៣​ ​យ៉ាង​។​ ​ម្នាល​ភិក្ខុ​ទាំងឡាយ​ ​ធម៌​ទាំង​ ​៣​ ​យ៉ាង​ ​បុគ្គល​ត្រូវ​ចំរើន​ ​ដើម្បី​លះ​ធម៌​ ​៣​ ​យ៉ាងនេះ​ចេញ​។​ ​៣​ ​យ៉ាង​ ​តើ​អ្វីខ្លះ​។​ ​គឺ​បុគ្គល​ត្រូវ​ចំរើន​កាយសុចរិត​ ​ដើម្បី​លះ​កាយទុច្ចរិត​ចេញ​ ​១​ ​ត្រូវ​ចំរើន​វចីសុចរិត​ ​ដើម្បី​លះ​វចីទុច្ចរិត​ចេញ​ ​១​ ​ត្រូវ​ចំរើន​មនោសុចរិត​ ​ដើម្បី​លះ​មនោ​ទុច្ចរិត​ចេញ​ ​១​។​ ​"
    }
  ]
}