{
  "title": "ភាគ ៣៧",
  "imageSrc": "photos/Book_37.jpg",
  "href": "http://ti-kh.org/books?book=37",
  "contents": [
    {
      "header": "សំយុត្តនិកាយ  មហាវារវគ្គ\nនវមភាគ",
      "href": "http://ti-kh.org/books?book=37&page=1",
      "text": "អវិជ្ជាវគ្គ",
      "detail": "<div style=\"text-align: center\"><p class=\"BCenter\">សុត្តន្ត​បិដក​\n<br>​សំយុត្ត​និកាយ​ ​មហា​វារ​វគ្គ​ ​\n<br>​នវម​ភាគ​</p>\n<br>​សូម​នមស្ការ​ព្រះ​ដ៏​មាន​ព្រះ​ភាគ​ ​ជា​អរហន្ត​សម្មាសម្ពុទ្ធ​ ​ព្រះអង្គ​នោះ​។​ ​\n<br><p class=\"BCenter\">​អវិជ្ជា​វគ្គ​</p></div><span class=\"IncreaseIndent\">&nbsp;</span>​[​១​]​ ​ខ្ញុំ​បាន​ស្តាប់​មក​ ​យ៉ាងនេះ​។​ ​សម័យមួយ​ ​ព្រះ​ដ៏​មាន​ព្រះ​ភាគ​ ​ទ្រង់​គង់នៅ​ក្នុង​វត្ត​ជេតពន​ ​របស់​អនាថបិណ្ឌិក​សេដ្ឋី​ ​ជិត​ក្រុង​សាវត្ថី​។​ ​ក្នុង​ទីនោះ​ឯង​ ​ព្រះ​ដ៏​មាន​ព្រះ​ភាគ​ ​ទ្រង់​ត្រាស់​ហៅ​ភិក្ខុ​ទាំងឡាយ​ថា​ ​ម្នាល​ភិក្ខុ​ទាំងឡាយ​ ​។​ ​ភិក្ខុ​ទាំងនោះ​ ​ទទួល​ស្តាប់​ព្រះពុទ្ធដីកា​ ​ព្រះ​ដ៏​មាន​ព្រះ​ភាគ​ថា​ ​ព្រះករុណា​ ​ព្រះអង្គ​។​ ​ព្រះ​ដ៏​មាន​ព្រះ​ភាគ​ ​ទ្រង់​មាន​ព្រះបន្ទូល​ ​ដូច្នេះ​។​"
    },
    {
      "header": "សំយុត្តនិកាយ  មហាវារវគ្គ\nនវមភាគ",
      "href": "http://ti-kh.org/books?book=37&page=28",
      "text": "វិហារវគ្គ",
      "detail": "<p class=\"BCenter\">​វិហារ​វគ្គ​</p>\n<br>​<span class=\"IncreaseIndent\">&nbsp;</span>[​៤៧​]​ ​សាវត្ថី​និទាន​។​ ​ម្នាល​ភិក្ខុ​ទាំងឡាយ​ ​តថាគត​ ​ប្រាថ្នា​ដើម្បី​សម្ងំ​នៅក្នុង​ទីស្ងាត់​អស់​កន្លះ​ខែ​ ​អ្នកណា​កុំ​គប្បី​ចូល​ទៅ​រក​តថាគត​ឡើយ​ ​វៀរលែងតែ​ភិក្ខុ​មួយ​រូប​ ​អ្នកនាំ​ ​នូវ​ចង្ហាន់​បិណ្ឌបាត​ទៅ​។​ ​ភិក្ខុ​ទាំងនោះ​ ​ទទួល​ស្តាប់​ព្រះពុទ្ធដីកា​ ​ព្រះ​ដ៏​មាន​ព្រះ​ភាគ​ថា​ ​ព្រះករុណា​ ​ព្រះអង្គ​។​ ​អ្នកណាមួយ​ ​ក៏​មិន​ហ៊ាន​ចូល​ទៅ​គាល់​ព្រះ​ដ៏​មាន​ព្រះ​ភាគ​ ​ក្នុង​ទីនោះ​ឡើយ​ ​វៀរលែងតែ​ភិក្ខុ​មួយ​រូប​ ​អ្នកនាំ​នូវ​ចង្ហាន់​បិណ្ឌបាត​ទៅ​។​ ​\n<br>​<span class=\"IncreaseIndent\">&nbsp;</span>[​៤៨​]​ ​គ្រានោះ​ ​ព្រះ​ដ៏​មាន​ព្រះ​ភាគ​ ​លុះ​កន្លង​កាល​កន្លះ​ខែ​នោះ​ហើយ​ ​ក៏​ទ្រង់​ចេញ​ចាកទី​ស្ងាត់​ ​ហើយ​ត្រាស់​នឹង​ភិក្ខុ​ទាំងឡាយ​ថា​ ​ម្នាល​ភិក្ខុ​ទាំងឡាយ​ ​តថាគត​ ​បាន​ត្រាស់​ដឹង​ជាដំបូង​ ​ដោយ​ធម៌​ ​ជា​គ្រឿង​នៅឯណា​ ​តថាគត​ ​ក៏បាន​សម្រេចសម្រាន្ត​នៅ​ដោយ​ចំណែក​ ​នៃ​ធម៌​ ​ជា​គ្រឿង​នៅ​នោះ​ ​តថាគត​ ​ដឹង​ច្បាស់​យ៉ាងនេះ​ថា​ ​ការ​សោយ​\n<br>​អារម្មណ៍​ ​ព្រោះ​មិច្ឆាទិដ្ឋិ​ ​ជា​បច្ច័យ​ ​ក៏​មាន​ ​ការ​សោយអារម្មណ៍​ព្រោះ​សម្មាទិដ្ឋិ​ ​ជា​បច្ច័យ​ក៏​មាន​។​បេ​។​ ​ការ​សោយអារម្មណ៍​ ​ព្រោះ​មិច្ឆាសមាធិ​ជា​បច្ច័យ​ ​ក៏​មាន​ ​"
    },
    {
      "header": "សំយុត្តនិកាយ  មហាវារវគ្គ\nនវមភាគ",
      "href": "http://ti-kh.org/books?book=37&page=38",
      "text": "មិច្ឆត្តវគ្គ",
      "detail": "<p class=\"BCenter\">​មិច្ឆត្ត​វគ្គ​</p>\n<br>​<span class=\"IncreaseIndent\">&nbsp;</span>[​៥៩​]​ ​សាវត្ថី​និទាន​។​ ​ម្នាល​ភិក្ខុ​ទាំងឡាយ​ ​តថាគត​ ​នឹង​សំដែង​ ​នូវ​ភាវៈ​ខុស​ផង​ ​នូវ​ភាវៈ​ត្រូវ​ផង​ ​ដល់​អ្នក​ទាំងឡាយ​ ​អ្នក​ទាំងឡាយ​ ​ចូរ​ស្តាប់​នូវ​ធម៌​នោះ​ចុះ​។​ ​\n<br>​<span class=\"IncreaseIndent\">&nbsp;</span>[​៦០​]​ ​ម្នាល​ភិក្ខុ​ទាំងឡាយ​ ​ភាវៈ​ខុស​ ​តើ​ដូចម្តេច​។​ ​អ្វីខ្លះ​។​ ​គឺ​មិច្ឆាទិដ្ឋិ១​។​បេ​។​ ​មិច្ឆាសមាធិ១​។​ ​ម្នាល​ភិក្ខុ​ទាំងឡាយ​ ​នេះ​ហៅថា​ ​ភាវៈ​ខុស​។​ ​\n<br>​<span class=\"IncreaseIndent\">&nbsp;</span>[​៦១​]​ ​ភាវៈ​ត្រូវ​ ​តើ​ដូចម្តេច​។​ ​អ្វីខ្លះ​។​ ​គឺ​សម្មាទិដ្ឋិ១​។​បេ​។​ ​សម្មាសមាធិ១​។​ ​ម្នាល​ភិក្ខុ​ទាំងឡាយ​ ​នេះ​ហៅថា​ ​ភាវៈ​ត្រូវ​។​ ​\n<br>​<span class=\"IncreaseIndent\">&nbsp;</span>[​៦២​]​ ​សាវត្ថី​និទាន​។​ ​ម្នាល​ភិក្ខុ​ទាំងឡាយ​ ​តថាគត​ ​នឹង​សំដែង​នូវ​ធម៌​ ​ជាអកុសល​ផង​ ​នូវ​ធម៌​ជាកុសល​ផង​ ​ដល់​អ្នក​ទាំងឡាយ​ ​អ្នក​ទាំងឡាយ​ ​ចូរ​ស្ដាប់​នូវ​ធម៌​នោះ​ចុះ​។​ ​\n<br>​<span class=\"IncreaseIndent\">&nbsp;</span>[​៦៣​]​ ​ម្នាល​ភិក្ខុ​ទាំងឡាយ​ ​ធម៌​ជាអកុសល​ ​តើ​ដូចម្តេច​។​ ​អ្វីខ្លះ​។​ ​គឺ​មិច្ឆាទិដ្ឋិ​ ​១​។​បេ​។​ ​មិច្ឆាសមាធិ១​។​ ​ម្នាល​ភិក្ខុ​ទាំងឡាយ​ ​នេះ​ហៅថា​ ​ធម៌​ជាអកុសល​។​"
    },
    {
      "header": "សំយុត្តនិកាយ  មហាវារវគ្គ\nនវមភាគ",
      "href": "http://ti-kh.org/books?book=37&page=48",
      "text": "បដិបត្តិវគ្គ",
      "detail": "<p class=\"BCenter\">​បដិបត្តិ​វគ្គ​</p>\n<br>​<span class=\"IncreaseIndent\">&nbsp;</span>[​៨៩​]​\t​សាវត្ថី​និទាន​។​ ​ម្នាល​ភិក្ខុ​ទាំងឡាយ​ ​តថាគត​នឹង​សំដែង​សេចក្តី​ប្រតិបត្តិ​ខុស​ ​ ​និង​សេចក្តី​ប្រតិបត្តិ​ត្រូវ​ ​ដល់​អ្នក​ទាំងឡាយ​ ​អ្នក​ទាំងឡាយ​ ​ចូរ​ស្តាប់​សេចក្តី​នោះ​ចុះ​។​ ​\n<br>​<span class=\"IncreaseIndent\">&nbsp;</span>[​៩០​]​\t​ម្នាល​ភិក្ខុ​ទាំងឡាយ​ ​ចុះ​សេចក្តី​ប្រតិបត្តិ​ខុស​ ​តើ​ដូចម្តេច​។​ ​គឺ​អ្វីខ្លះ​។​ ​គឺ​សេចក្តី​ឃើញ​ខុស១​។​បេ​។​ ​សេចក្តី​តាំងចិត្ត​ខុស១​។​ ​ម្នាល​ភិក្ខុ​ទាំងឡាយ​ ​នេះ​ហៅថា​សេចក្តី​ប្រតិបត្តិ​ខុស​។​ ​\t​\n<br>​<span class=\"IncreaseIndent\">&nbsp;</span>[​៩១​]​\t​ម្នាល​ភិក្ខុ​ទាំងឡាយ​ ​ចុះ​សេចក្តី​ប្រតិបត្តិ​ត្រូវ​ ​តើ​ដូចម្តេច​។​ ​គឺ​អ្វីខ្លះ​។​ ​គឺ​សេចក្តី​ឃើញត្រូវ១​។​បេ​។​ ​សេចក្តី​តាំងចិត្ត​ត្រូវ១​។​ ​ម្នាល​ភិក្ខុ​ទាំងឡាយ​ ​នេះ​ហៅថា​សេចក្តី​ប្រតិបត្តិ​ត្រូវ​។​ ​\n<br>​<span class=\"IncreaseIndent\">&nbsp;</span>[​៩២​]​\t​សាវត្ថី​និទាន​។​ ​ម្នាល​ភិក្ខុ​ទាំងឡាយ​ ​តថាគត​នឹង​សំដែង​បុគ្គល​ ​អ្នកប្រតិបត្តិ​ខុស​ ​ ​និង​បុគ្គល​អ្នកប្រតិបត្តិ​ត្រូវ​ ​ដល់​អ្នក​ទាំងឡាយ​ ​អ្នក​ទាំងឡាយ​ ​ចូរ​ស្តាប់​នូវ​ដំណើរ​បុគ្គល​នោះ​ចុះ​។​ ​"
    },
    {
      "header": "សំយុត្តនិកាយ  មហាវារវគ្គ\nនវមភាគ",
      "href": "http://ti-kh.org/books?book=37&page=58",
      "text": "អញ្ញតិត្ថិយវគ្គ",
      "detail": "<p class=\"BCenter\">​អញ្ញតិត្ថិយ​វគ្គ​</p>\n<br>​<span class=\"IncreaseIndent\">&nbsp;</span>​[​១១៧​]​ ​សាវត្ថី​និទាន​។​ ​ម្នាល​ភិក្ខុ​ទាំងឡាយ​ ​បើ​ពួ​ក​បរិ​ព្វា​ជ​ក​ ​ជា​អន្យតិរ្ថិយ​ ​គប្បី​សួរ​ពួក​អ្នក​ ​យ៉ាងនេះ​ថា​ ​ម្នាល​អ្នក​ដ៏​មាន​អាយុ​ ​បុគ្គល​ប្រព្រឹត្ត​ព្រហ្មចរិយៈ​ ​ក្នុង​សំណាក់​ព្រះសមណគោតម​ ​មានប្រយោជន៍​អ្វី​។​ ​ម្នាល​ភិក្ខុ​ទាំងឡាយ​ ​ពួក​អ្នក​ ​ដែលគេ​សួរ​យ៉ាងនេះ​ហើយ​ ​គប្បី​ដោះស្រាយ​ ​ដល់​ពួ​ក​បរិ​ព្វា​ជ​ក​ ​ជា​អន្យ​តិរិ្ថយ​ទាំងនោះ​ ​យ៉ាងនេះ​ថា​ ​ម្នាល​អ្នក​ដ៏​មាន​អាយុ​ ​បុគ្គល​ប្រព្រឹត្ត​ព្រហ្មចរិយៈ​ ​ក្នុង​សំណាក់​ព្រះ​ដ៏​មាន​ព្រះ​ភាគ​ ​ដើម្បី​នឿយណាយ​ ​ចាក​រាគៈ​។​ ​\n<br>​<span class=\"IncreaseIndent\">&nbsp;</span>​[​១១៨​]​ ​ម្នាល​ភិក្ខុ​ទាំងឡាយ​ ​បើ​ពួ​ក​បរិ​ព្វា​ជ​ក​ ​ជា​អន្យតិរ្ថិយ​ ​គប្បី​សួរ​ពួក​អ្នក​ ​យ៉ាងនេះ​ថា​ ​ម្នាល​អ្នក​ដ៏​មាន​អាយុ​ ​ចុះ​មគ្គ​ ​ ​និង​បដិបទា​ ​ប្រព្រឹត្តទៅ​ ​ដើម្បី​នឿយណាយ​ ​ចាក​រាគៈ​ ​មាន​ដែរ​ឬ​។​ ​ម្នាល​ភិក្ខុ​ទាំងឡាយ​ ​ពួក​អ្នក​ ​ដែលគេ​សួរ​យ៉ាងនេះ​ហើយ​ ​គប្បី​ដោះស្រាយ​ ​ដល់​ពួ​ក​បរិ​ព្វា​ជ​ក​ ​ជា​អន្យតិរ្ថិយ​ទាំងនោះ​ ​យ៉ាងនេះ​ថា​ ​ម្នាល​អ្នក​ដ៏​មាន​អាយុ​ ​មគ្គ​ ​និង​បដិបទា​ ​ប្រព្រឹត្តទៅ​ ​ដើម្បី​នឿយណាយ​ ​ចាក​រាគៈ​ ​មាន​ដែរ​។​ ​"
    },
    {
      "header": "សំយុត្តនិកាយ  មហាវារវគ្គ\nនវមភាគ",
      "href": "http://ti-kh.org/books?book=37&page=63",
      "text": "សុរិយបេយ្យាល",
      "detail": "<p class=\"BCenter\">​សុរិយ​បេយ្យាល​</p>\n<br>​<span class=\"IncreaseIndent\">&nbsp;</span>​[​១២៩​]​ ​សាវត្ថី​និទាន​។​ ​ម្នាល​ភិក្ខុ​ទាំងឡាយ​ ​ការ​រះ​ឡើង​ ​នៃ​អរុណ​ ​នេះ​ជា​ប្រធាន​ ​នេះ​ជា​បុព្វនិមិត្ត​ ​(​គ្រឿង​កំណត់​មុន​)​ ​នៃ​ព្រះអាទិត្យ​ ​ដែល​រះ​ឡើង​។​ ​ម្នាល​ភិក្ខុ​ទាំងឡាយ​ ​ការ​មាន​មិត្ត​ល្អ​ ​នេះ​ជា​ប្រធាន​ ​នេះ​ជា​បុព្វនិមិត្ត​ ​ប្រព្រឹត្តទៅ​ ​ដើម្បី​ញ៉ាំង​អរិយមគ្គ​ ​ប្រកបដោយ​អង្គ​ ​៨​ ​ឲ្យ​កើតឡើង​ ​ដល់​ភិក្ខុ​ ​ដោយ​ប្រការ​យ៉ាងនេះ​ដែរ​។​ ​ម្នាល​ភិក្ខុ​ទាំងឡាយ​ ​ដំណើរ​នេះ​ ​ជាទី​សង្ឃឹម​របស់​ភិក្ខុ​ ​ដែល​មាន​មិត្ត​ល្អ​ ​ភិក្ខុ​នោះ​ ​នឹង​ចំរើន​អរិយមគ្គ​ ​ប្រកបដោយ​អង្គ​ ​៨​ ​នឹង​ធ្វើ​អរិយមគ្គ​ ​ប្រកបដោយ​អង្គ​ ​៨​ ​ឲ្យ​ច្រើនឡើង​។​ ​\n<br>​<span class=\"IncreaseIndent\">&nbsp;</span>​[​១៣០​]​ ​ម្នាល​ភិក្ខុ​ទាំងឡាយ​ ​ចុះ​ភិក្ខុ​ដែល​មាន​មិត្ត​ល្អ​ ​រមែង​ចំរើន​អរិយមគ្គ​ ​ប្រកបដោយ​អង្គ​ ​៨​ ​រមែង​ធ្វើ​អរិយមគ្គ​ ​ប្រកបដោយ​អង្គ​ ​៨​ ​ឲ្យ​ច្រើនឡើង​ ​តើ​ដូចម្តេច​។​ ​ម្នាល​ភិក្ខុ​ទាំងឡាយ​ ​ភិក្ខុ​ក្នុង​ធម្មវិន័យ​នេះ​ ​រមែង​ចំរើន​សេចក្តី​ឃើញត្រូវ​ ​ដែល​អាស្រ័យ​សេចក្តី​ស្ងប់ស្ងាត់​ ​អាស្រ័យ​សេចក្តី​នឿយណាយ​ ​អាស្រ័យ​សេចក្តី​រលត់​ ​បង្អោន​ទៅ​ក្នុង​ការ​លះ​។​បេ​។​ ​រមែង​ចំរើន​សេចក្តី​តាំងចិត្ត​ត្រូវ​ ​អាស្រ័យ​សេចក្តី​ស្ងប់ស្ងាត់"
    },
    {
      "header": "សំយុត្តនិកាយ  មហាវារវគ្គ\nនវមភាគ",
      "href": "http://ti-kh.org/books?book=37&page=70",
      "text": "ឯកធម្មបេយ្យាល",
      "detail": "<p class=\"BCenter\">​ឯក​ធម្ម​បេយ្យាល​</p>\n<br>​<span class=\"IncreaseIndent\">&nbsp;</span>​[​១៤៧​]​ ​សាវត្ថី​និទាន​។​ ​ម្នាល​ភិក្ខុ​ទាំងឡាយ​ ​ធម៌១​ ​មាន​ឧបការៈ​ច្រើន​ ​ដើម្បី​ញ៉ាំង​អរិយមគ្គ​ ​ប្រកបដោយ​អង្គ​ ​៨​ ​ឲ្យ​កើតឡើង​។​ ​ធម៌១​ ​តើ​ដូចម្តេច​។​ ​គឺ​ការ​មាន​មិត្ត​ល្អ​។​ ​ម្នាល​ភិក្ខុ​ទាំងឡាយ​ ​ដំណើរ​នេះ​ ​ជាទី​សង្ឃឹម​របស់​ភិក្ខុ​ ​ដែល​ជា​អ្នកមាន​មិត្ត​ល្អ​ ​ភិក្ខុ​នោះ​ ​នឹង​ចំរើន​អរិយមគ្គ​ ​ប្រកបដោយ​អង្គ​ ​៨​ ​នឹង​ធ្វើ​អរិយមគ្គ​ ​ប្រកបដោយ​អង្គ​ ​៨​ ​ឲ្យ​ច្រើនឡើង​។​ ​\t​\n<br>​<span class=\"IncreaseIndent\">&nbsp;</span>​[​១៤៨​]​ ​ម្នាល​ភិក្ខុ​ទាំងឡាយ​ ​ចុះ​ភិក្ខុ​ដែល​មាន​មិត្ត​ល្អ​ ​រមែង​ចំរើន​ ​នូវ​អរិយមគ្គ​​ ​ប្រកបដោយ​អង្គ​ ​៨​ ​រមែង​ធ្វើ​អរិយមគ្គ​ ​ប្រកបដោយ​អង្គ​ ​៨​ ​ឲ្យ​ច្រើនឡើង​ ​តើ​ដូចម្តេច​។​ ​ម្នាល​ភិក្ខុ​ទាំងឡាយ​ ​ភិក្ខុ​ក្នុង​ធម្មវិន័យ​នេះ​ ​រមែង​ចំរើន​ ​នូវ​សេចក្តី​ឃើញត្រូវ​ ​ដែល​អាស្រ័យ​សេចក្តី​ស្ងប់ស្ងាត់​ ​អាស្រ័យ​សេចក្តី​នឿយណាយ​ ​អាស្រ័យ​សេចក្តី​រលត់​ ​បង្អោន​ទៅ​ ​ក្នុង​ការ​លះ​។​បេ​។​ ​រមែង​ចំរើន​សេចក្តី​តាំងចិត្ត​ត្រូវ​ ​អាស្រ័យ​សេចក្តី​ស្ងប់ស្ងាត់​ ​អាស្រ័យ​សេចក្តី​នឿយណាយ​ ​អាស្រ័យ​សេចក្តី​រលត់​ ​បង្អោន​ទៅ​ ​ក្នុង​\n<br>​"
    },
    {
      "header": "សំយុត្តនិកាយ  មហាវារវគ្គ\nនវមភាគ",
      "href": "http://ti-kh.org/books?book=37&page=76",
      "text": "នាហន្តឯកធម្មបេយ្យាល",
      "detail": "<p class=\"BCenter\">​នា​ហន្ត​ឯក​ធម្ម​បេយ្យាល​</p>\n<br><span class=\"IncreaseIndent\">&nbsp;</span>​[​១៦៥​]​ ​សាវត្ថី​និទាន​។​ ​ម្នាល​ភិក្ខុ​ទាំងឡាយ​ ​តថាគត​ពិចារណា​មិនឃើញ​ ​នូវ​ធម៌​ដទៃ​សូម្បី​មួយ​ ​ដែល​ជាហេតុ​ឲ្យ​អរិយមគ្គ​ ​ប្រកបដោយ​អង្គ​ ​៨​ ​មិនទាន់​កើង​ឡើង​ ​ឲ្យ​កើតឡើង​បាន​ក្តី​ ​ឲ្យ​អរិយមគ្គ​ ​ប្រកបដោយ​អង្គ​ ​៨​ ​ដែល​កើតឡើង​ហើយ​ ​ដល់​នូវ​ការ​ពេញ​បរិបូណ៌​ ​ដោយ​ភាវនា​ក្តី​។​ ​ម្នាល​ភិក្ខុ​ទាំងឡាយ​ ​(​តថាគត​ ​ពិចារណា​មិនឃើញ​ធម៌​ដទៃ​)​ ​ដូចជា​ការ​មាន​មិត្ត​ល្អ​នេះ​ឡើយ​។​ ​ម្នាល​ភិក្ខុ​ទាំងឡាយ​ ​ដំណើរ​នេះ​ ​ជាទី​សង្ឃឹម​របស់​ភិក្ខុ​ ​ដែល​ជា​អ្នកមាន​មិត្ត​ល្អ​ ​ភិក្ខុ​នោះ​ ​នឹង​ចំរើន​ ​នូវ​អរិយមគ្គ​ ​ប្រកបដោយ​អង្គ​ ​៨​ ​នឹង​ធ្វើ​ ​នូវ​អរិយមគ្គ​ ​ប្រកបដោយ​អង្គ​ ​៨​ ​ឲ្យ​ច្រើនឡើង​។​ ​\n<br><span class=\"IncreaseIndent\">&nbsp;</span>​[​១៦៦​]​ ​ម្នាល​ភិក្ខុ​ទាំងឡាយ​ ​ចុះ​ភិក្ខុ​ដែល​ជា​អ្នកមាន​មិត្ត​ល្អ​ ​រមែង​ចំរើន​ ​នូវ​អរិយមគ្គ​ ​ប្រកបដោយ​អង្គ​ ​៨​ ​រមែង​ធ្វើ​ ​នូវ​អរិយមគ្គ​ ​ប្រកបដោយ​អង្គ​ ​៨​ ​ឲ្យ​ច្រើនឡើង​ ​តើ​ដូចម្តេច​។​ ​ម្នាល​ភិក្ខុ​ទាំងឡាយ​ ​ភិក្ខុ​ក្នុង​ធម្មវិន័យ​នេះ​ ​រមែង​ចំរើន​សេចក្តី​ឃើញត្រូវ​ ​អាស្រ័យ​សេចក្តី​ស្ងប់ស្ងាត់​។​បេ​។​ ​រមែង​ចំរើន​សេចក្តី​តាំងចិត្ត​ត្រូវ​ ​អាស្រ័យ​សេចក្តី​ស្ងប់ស្ងាត់​ ​"
    },
    {
      "header": "សំយុត្តនិកាយ  មហាវារវគ្គ\nនវមភាគ",
      "href": "http://ti-kh.org/books?book=37&page=83",
      "text": "គង្គាបេយ្យាល",
      "detail": "<p class=\"BCenter\">​គង្គា​បេយ្យាល​</p>\n<br>​<span class=\"IncreaseIndent\">&nbsp;</span>[​១៨៣​]​ ​សាវត្ថី​និទាន​។​ ​ម្នាល​ភិក្ខុ​ទាំងឡាយ​ ​ដូច​ទន្លេ​គង្គា​ ​ជា​ធម្មជាតិ​ហូរ​ទៅកាន់​ទិសខាងកើត​ ​ទេរ​ទៅកាន់​ទិសខាងកើត​ ​ជ្រាល​ទៅកាន់​ទិសខាងកើត​ ​ដូចម្តេច​​មិញ​។​ ​ម្នាល​ភិក្ខុ​ទាំងឡាយ​ ​ភិក្ខុ​កាល​ចំរើន​ ​នូវ​អរិយមគ្គ​ ​ប្រកបដោយ​អង្គ​ ​៨​ ​កាល​ធ្វើ​នូវ​អរិយមគ្គ​ ​ប្រកបដោយ​អង្គ​ ​៨​ ​ឲ្យ​ច្រើនឡើង​ ​រមែង​បង្អោន​ ​ទៅ​រក​ព្រះនិព្វាន​ ​សសៀរ​ទៅ​រក​ព្រះនិព្វាន​ ​ជម្រាល​ទៅ​រក​ព្រះនិព្វាន​ ​ក៏​ដូច្នោះឯង​។​ ​\n<br>​<span class=\"IncreaseIndent\">&nbsp;</span>[​១៨៤​]​ ​ម្នាល​ភិក្ខុ​ទាំងឡាយ​ ​ចុះ​ភិក្ខុ​កាល​ចំរើន​ ​នូវ​អរិយមគ្គ​ ​ប្រកបដោយ​អង្គ​ ​៨​ ​កាល​ធ្វើ​នូវ​អរិយមគ្គ​ ​ប្រកបដោយ​អង្គ​ ​៨​ ​ឲ្យ​ច្រើនឡើង​ ​រមែង​បង្អោន​ ​ទៅកាន់​ព្រះនិព្វាន​ ​សសៀរ​ទៅ​រក​ព្រះនិព្វាន​ ​ជម្រាល​ទៅ​រក​ព្រះនិព្វាន​ ​តើ​ដូចម្តេច​។​ ​ម្នាល​ភិក្ខុ​ទាំងឡាយ​ ​ភិក្ខុ​ក្នុង​ធម្មវិន័យ​នេះ​ ​រមែង​ចំរើន​សេចក្តី​ឃើញត្រូវ​ ​អាស្រ័យ​សេចក្តី​ស្ងប់ស្ងាត់​ ​"
    },
    {
      "header": "សំយុត្តនិកាយ  មហាវារវគ្គ\nនវមភាគ",
      "href": "http://ti-kh.org/books?book=37&page=90",
      "text": "គង្គាបេយ្យាលី",
      "detail": "​អាស្រ័យ​សេចក្តី​នឿយណាយ​ ​អាស្រ័យ​សេចក្តី​រលត់​ ​បង្អោន​ទៅ​ក្នុង​ការ​លះ​។​បេ​។​ ​រមែង​ចំរើន​សេចក្តី​តាំងចិត្ត​ត្រូវ​ ​អាស្រ័យ​សេចក្តី​ស្ងប់ស្ងាត់​ ​អាស្រ័យ​សេចក្តី​នឿយណាយ​ ​អាស្រ័យ​សេចក្តី​រលត់​ ​បង្អោន​ទៅ​ក្នុង​ការ​លះ​។​ ​ម្នាល​ភិក្ខុ​ទាំងឡាយ​ ​ភិក្ខុ​ ​កាល​ចំរើន​ ​នូវ​អរិយមគ្គ​ ​ប្រកបដោយ​អង្គ​ ​៨​ ​កាល​ធ្វើ​នូវ​អរិយមគ្គ​ ​ប្រកបដោយ​អង្គ​ ​៨​ ​ឲ្យ​ច្រើនឡើង​ ​រមែង​បង្អោន​ ​ទៅ​រក​ព្រះនិព្វាន​ ​សសៀរ​ទៅ​រក​ព្រះនិព្វាន​ ​ជម្រាល​ទៅ​រក​ព្រះនិព្វាន​ ​ក៏​ដូច្នោះឯង​។​ ​\n<br>​<span class=\"IncreaseIndent\">&nbsp;</span>គង្គា​បេយ្យាល​វារៈ​ ​សរសេរ​ដោយសង្ខេប​ទេ​ ​អ្នកប្រាជ្ញ​ ​គួរឲ្យ​ពិស្តារ​ ​ក្នុង​បេយ្យាល​ផង​ចុះ​។​ ​\n<br><p class=\"PCenter\">​ឧទ្ទាន​នៃ​គង្គា​បេយ្យាល​នោះ​ ​គឺ​</p>\n<br><div class=\"ContentTab\">​ពោល​អំពី​ទន្លេ​ហូរ​ទៅកាន់​ទិសខាងកើត​ ​មាន៦លើក​ ​អំពី​ទន្លេ​ហូរ​ទៅកាន់​សមុទ្រ​ ​មាន៦លើក​ ​រួម​ជា​ធម៌​ ​មាន១២លើក​ ​ព្រោះហេតុនោះ​ ​ទើប​ហៅថា​ ​មួយ​វគ្គ​។​ ​និយាយ​អំពី​មគ្គ​ ​ដែល​អាស្រ័យ​សេចក្តី​ស្ងប់ស្ងាត់​ ​ដូច​ទន្លេ​ ​ដែល​ហូរ​ទៅកាន់​ទិសខាងកើត​ ​មាន​ក្នុង​គង្គា​បេយ្យាល​ ​រួម​ជា១២លើក​ ​ចាត់ថា​ចប់​ឧបមា​ទី១​។​ ​</div>"
    },
    {
      "header": "សំយុត្តនិកាយ  មហាវារវគ្គ\nនវមភាគ",
      "href": "http://ti-kh.org/books?book=37&page=111",
      "text": "អប្បមាទវគ្គ",
      "detail": "<p class=\"BCenter\">​អប្បមាទ​វគ្គ​</p>\n<br>​<span class=\"IncreaseIndent\">&nbsp;</span>[​២៤៥​]​ ​សាវត្ថី​និទាន​។​ ​ម្នាល​ភិក្ខុ​ទាំងឡាយ​ ​ពួក​សត្វ​ទាំងប៉ុន្មាន​ ​ជា​សត្វ​ឥត​ជើង​ក្តី​ ​មាន​ជើង​ពីរ​ក្តី​ ​មាន​ជើង​បួន​ក្តី​ ​មាន​ជើង​ច្រើន​ក្តី​ ​មាន​រូប​ក្តី​ ​ឥត​រូប​ក្តី​ ​មាន​សញ្ញា​ក្តី​ ​ឥត​សញ្ញា​ក្តី​ ​មាន​សញ្ញា​ក៏​មិនមែន​ ​មិន​មាន​សញ្ញា​ក៏​មិនមែន​ក្តី​ ​ព្រះ​តថាគត​ ​ជា​អរហន្ត​ ​សម្មាសម្ពុទ្ធ​ ​ប្រាកដជា​ប្រសើរ​ជាង​ពួក​សត្វ​ទាំងនោះ​។​ ​ម្នាល​ភិក្ខុ​ទាំងឡាយ​ ​កុសលធម៌​ទាំងឡាយ​ ​ឯណា​នីមួយ​ ​កុសលធម៌​ទាំងអស់​នោះ​ ​មាន​អប្បមាទ​ជា​មូល​ ​មាន​អប្បមាទ​ជាទី​ប្រជុំ​ចុះ​ ​អប្បមាទ​ធម៌​ ​ប្រាកដជា​ប្រសើរ​ជាង​ធម៌​ទាំងនេះ​ ​យ៉ាងនោះ​ដែរ​។​ ​មា្ន​លភិ​ក្ខុ​ទាំងឡាយ​ ​ពាក្យ​ថា​ប្រសើរ​នុ៎ះ​ ​ជាទី​សង្ឃឹម​ ​របស់​ភិក្ខុ​ដែល​មិន​ប្រមាទ​ ​ភិក្ខុ​អ្នក​មិន​ប្រមាទ​ ​នឹង​ចំរើន​ ​នូវ​មគ្គ​ ​ប្រកបដោយ​អង្គ​ ​៨​ ​ដ៏​ប្រសើរ​ ​នឹង​ធ្វើឲ្យ​ក្រាស់ក្រែល​ ​នូវ​មគ្គ​ ​ប្រកបដោយ​អង្គ​ ​៨​ ​ដ៏​ប្រសើរ​បាន​។​ ​"
    },
    {
      "header": "សំយុត្តនិកាយ  មហាវារវគ្គ\nនវមភាគ",
      "href": "http://ti-kh.org/books?book=37&page=122",
      "text": "ពលករណីយវគ្គ",
      "detail": "<p class=\"BCenter\">​ពល​ករណីយ​វគ្គ​</p>\n<br>​<span class=\"IncreaseIndent\">&nbsp;</span>​[​២៦៤​]​ ​សាវត្ថី​និទាន​។​ ​ម្នាល​ភិក្ខុ​ទាំងឡាយ​ ​ការងារ​ទាំងឡាយ​ឯណា​នីមួយ​ ​ដែល​បុគ្គល​ត្រូវ​ធ្វើ​ដោយ​កម្លាំង​ ​ការងារ​ទាំងអស់​នោះ​ ​បុគ្គល​ត្រូវ​អាស្រ័យ​ ​នូវ​ផែនដី​ ​ឋិតនៅ​លើ​ផែនដី​ ​ទើប​ធ្វើ​បាន​ ​ការងារ​ទាំងនោះ​ ​ដែល​បុគ្គល​ត្រូវ​ធ្វើ​ដោយ​កម្លាំង​ ​ក៏​រមែង​ធ្វើ​បាន​ប្រាកដ​ ​យ៉ាងណាមិញ​។​ ​ម្នាល​ភិក្ខុ​ទាំងឡាយ​ ​ភិក្ខុ​អាស្រ័យ​នូវ​សីល​ ​ឋិតនៅ​ក្នុង​សីល​ ​ទើប​ចំរើន​នូវ​មគ្គ​ ​ប្រកបដោយ​អង្គ​ ​៨​ ​ដ៏​ប្រសើរ​ ​ធ្វើឲ្យ​ក្រាស់ក្រែល​ ​នូវ​មគ្គ​ ​ប្រកបដោយ​អង្គ​ ​៨​ ​ដ៏​ប្រសើរ​បាន​ ​ក៏​យ៉ាងនោះ​ដែរ​។​ ​\n<br>​<span class=\"IncreaseIndent\">&nbsp;</span>[​២៦៥​]​ ​ម្នាល​ភិក្ខុ​ទាំងឡាយ​ ​ចុះ​ភិក្ខុ​អាស្រ័យ​នូវ​សីល​ ​ឋិតនៅ​ក្នុង​សីល​ ​ទើប​ចំរើន​ ​នូវ​មគ្គ​ ​ប្រកបដោយ​អង្គ​ ​៨​ ​ដ៏​ប្រសើរ​ ​ធ្វើឲ្យ​ក្រាស់ក្រែល​នូវ​មគ្គ​ ​ប្រកបដោយ​អង្គ​ ​៨​ ​ដ៏​ប្រសើរ​បាន​ ​តើ​ដោយ​ប្រការ​ដូចម្តេច​។​ ​ម្នាល​ភិក្ខុ​ទាំងឡាយ​ ​ភិក្ខុ​ក្នុង​សាសនា​នេះ​ ​ចំរើន​ ​នូវ​សម្មាទិដ្ឋិ​ ​ដែល​អាស្រ័យ​នូវ​ការ​ស្ងប់ស្ងាត់​ ​អាស្រ័យ​នូវ​ការប្រាសចាក​តម្រេក​ ​អាស្រ័យ​ ​នូវ​ការ​រលត់​ ​បង្អោន​ទៅ​រក​ការ​លះបង់​។​បេ​។​ ​ចំរើន​នូវ​សម្មាសមាធិ​ ​ដែល​អាស្រ័យ​ ​នូវ​ការ​ស្ងប់ស្ងាត់​ ​អាស្រ័យ​ ​នូវ​ការប្រាសចាក​តម្រេក​ ​"
    },
    {
      "header": "សំយុត្តនិកាយ  មហាវារវគ្គ\nនវមភាគ",
      "href": "http://ti-kh.org/books?book=37&page=146",
      "text": "ឯសនាវគ្គ",
      "detail": "<p class=\"BCenter\">​ឯសនា​វគ្គ​</p>\n<br>​<span class=\"IncreaseIndent\">&nbsp;</span>[​២៩៨​]​ ​សាវត្ថី​និទាន​។​ ​ម្នាល​ភិក្ខុ​ទាំងឡាយ​ ​ការស្វែងរក​នេះ​ ​មាន៣យ៉ាង​។​ ​ការស្វែងរក​ ​៣យ៉ាង​ ​តើ​អ្វីខ្លះ​។​ ​គឺ​ការស្វែងរក​កាម១​ ​ស្វែងរក​ភព១​ ​ស្វែងរក​ព្រហ្មចរិយ​ធម៌១​។​ ​ម្នាល​ភិក្ខុ​ទាំងឡាយ​ ​ការស្វែងរក​ ​មាន៣យ៉ាង​ ​នេះឯង​។​ ​\n<br>​<span class=\"IncreaseIndent\">&nbsp;</span>[​២៩៩​]​ ​ម្នាល​ភិក្ខុ​ទាំងឡាយ​ ​ភិក្ខុ​គប្បី​ចំរើន​ ​នូវ​មគ្គ​ ​ប្រកបដោយ​អង្គ​ ​៨​ ​ដ៏​ប្រសើរ​ ​ដើម្បី​ដឹង​ច្បាស់​ ​នូវ​ការស្វែងរក​ ​៣យ៉ាង​ ​នេះឯង​។​ ​មគ្គ​ ​ប្រកបដោយ​អង្គ​ ​៨​ ​ដ៏​ប្រសើរ​ ​តើ​ដូចម្តេច​។​ ​ម្នាល​ភិក្ខុ​ទាំងឡាយ​ ​ភិក្ខុ​ក្នុង​សាសនា​នេះ​ ​រមែង​ចំរើន​ ​នូវ​សម្មាទិដ្ឋិ​ ​ដែល​អាស្រ័យ​ ​នូវ​ការ​ស្ងប់ស្ងាត់​។​បេ​។​ ​ចំរើន​ ​នូវ​សម្មាសមាធិ​ ​ដែល​អាស្រ័យ​ ​នូវ​ការ​ស្ងប់ស្ងាត់​ ​អាស្រ័យ​ ​នូវ​ការប្រាសចាក​តម្រេក​ ​អាស្រ័យ​ ​នូវ​ការ​រំលត់​ ​បង្អោន​ទៅ​រក​ការ​លះបង់​។​ ​ម្នាល​ភិក្ខុ​ទាំងឡាយ​ ​ភិក្ខុ​គប្បី​ចំរើន​ ​នូវ​មគ្គ​ ​ប្រកបដោយ​អង្គ​ ​៨​ ​ដ៏​ប្រសើរ​នេះ​ ​ដើម្បី​ដឹង​ច្បាស់​ ​នូវ​ការស្វែងរក​ ​៣យ៉ាង​ ​នេះឯង​។​ ​"
    },
    {
      "header": "សំយុត្តនិកាយ  មហាវារវគ្គ\nនវមភាគ",
      "href": "http://ti-kh.org/books?book=37&page=159",
      "text": "ឱឃវគ្គ",
      "detail": "<p class=\"BCenter\">​ឱឃ​វគ្គ​</p>\n<br>​<span class=\"IncreaseIndent\">&nbsp;</span>[​៣៣៣​]​ ​សាវត្ថី​និទាន​។​ ​ម្នាល​ភិក្ខុ​ទាំងឡាយ​ ​ឱឃៈ​ ​(​អន្លង់​)​ ​នេះ​ ​មាន៤យ៉ាង​។​ ​ឱឃៈ​ ​មាន៤យ៉ាង​ ​តើ​អ្វីខ្លះ​។​ ​គឺ​កាមោឃៈ១​ ​ភវោឃៈ១​ ​ទិដ្ឋោឃៈ១​ ​អវិជ្ជោឃៈ១​។​ ​ម្នាល​ភិក្ខុ​ទាំងឡាយ​ ​ឱឃៈ​ ​មាន៤យ៉ាងនេះ​ឯង​។​ ​\n<br><div class=\"ContentTab\">​[​៣៣៤​]​ ​ម្នាល​ភិក្ខុ​ទាំងឡាយ​ ​(​ភិក្ខុ​គប្បី​ចំរើន​ ​នូវ​មគ្គ​)​ ​ដើម្បី​ដឹង​ច្បាស់​ ​ដើម្បី​កំណត់​ដឹង​ ​ដើម្បី​អស់​ទៅ​ ​ដើម្បី​លះបង់​ ​នូវ​ឱឃៈ៤យ៉ាងនេះ​ឯង​។​បេ​។​ ​ភិក្ខុ​គប្បី​ចំរើន​ ​នូវ​មគ្គ​ ​ប្រកបដោយ​អង្គ​ ​៨​ ​ដ៏​ប្រសើរ​នេះ​។​ ​(​បណ្ឌិត​គប្បី​ពង្រីក​សេចក្តី​ ​ឲ្យ​ពិស្តារ​ ​ដូចសេចក្តី​ស្វែងរក​ផង​ចុះ​)​។​ ​</div>\n<br>​<span class=\"IncreaseIndent\">&nbsp;</span>[​៣៣៥​]​ ​សាវត្ថី​និទាន​។​ ​ម្នាល​ភិក្ខុ​ទាំងឡាយ​ ​យោ​គៈ​ ​(​កិលេស​ជា​គ្រឿង​ ​ប្រកប​)​ ​នេះ​ ​មាន៤យ៉ាង​។​ ​យោ​គៈ​ ​មាន៤យ៉ាង​ ​តើ​អ្វីខ្លះ​។​ ​គឺ​កាម​យោ​គៈ១​ ​ភវ​យោ​គៈ១​ ​ទិដ្ឋិ​យោ​គៈ១​ ​អវិជ្ជា​យោ​គៈ១​។​ ​ម្នាល​ភិក្ខុ​ទាំងឡាយ​ ​យោ​គៈ​ ​មាន៤យ៉ាងនេះ​ឯង​។​ ​"
    },
    {
      "header": "យោគក្ខេមិវគ្គ",
      "href": "http://ti-kh.org/books?book=37&page=168",
      "text": "បព្វតវគ្គ",
      "detail": "<p class=\"PCenter\">​ពោជ្ឈង្គ​សំយុត្ត​\n<br>​បព្វត​វគ្គ​</p>\n<br>​<span class=\"IncreaseIndent\">&nbsp;</span>[​៣៥៥​]​ ​ម្នាល​ភិក្ខុ​ទាំងឡាយ​ ​នាគ​ទាំងឡាយ​ ​តែង​ធ្វើ​រាងកាយ​ឲ្យ​ចំរើន​ ​ឲ្យមានកម្លាំង​ ​ព្រោះ​អាស្រ័យ​ស្តេចភ្នំ​ឈ្មោះ​ ​ហិមវន្ត​ ​នាគ​ទាំងនោះ​ ​លុះ​ធ្វើ​រាងកាយ​ឲ្យ​ចំរើន​ ​ឲ្យមានកម្លាំង​ ​ក្នុង​ស្តេចភ្នំ​ឈ្មោះ​ ​ហិមវន្ត​នោះ​ហើយ​ ​ទើប​ចុះ​ក្នុង​បឹង​តូច​ ​លុះ​ចុះ​ក្នុង​បឹង​តូច​ហើយ​ ​ទើប​ចុះ​ក្នុង​បឹងធំ​ ​លុះ​ចុះ​ក្នុង​បឹងធំ​ហើយ​ ​ទើប​ចុះ​ក្នុង​ស្ទឹងតូច​ ​លុះ​ចុះ​ក្នុង​ស្ទឹង​ ​តូច​ហើយ​ ​ទើប​ចុះ​ក្នុង​ស្ទឹងធំ​ ​លុះ​ចុះ​ក្នុង​ស្ទឹងធំ​ហើយ​ ​ទើប​ចុះ​កាន់​មហាសមុទ្ទ​សាគរ​ ​នាគ​ទាំងនោះ​ ​រមែង​មាន​កាយ​ដល់​នូវ​ការ​ចំរើន​ ​ធំ​ទូលាយ​ ​ក្នុង​មហាសមុទ្ទ​សាគរ​នោះ​។​ ​ម្នាល​ភិក្ខុ​ទាំងឡាយ​ ​ភិក្ខុ​អាស្រ័យ​សីល​ ​តាំងស៊ប់​នៅក្នុង​សីល​ ​កាល​ចំរើន​នូវ​ពោជ្ឈង្គ​ ​(​អង្គ​នៃ​ធម៌​ ​ជា​គ្រឿង​ត្រាស់​ដឹង​)​ ​ទាំង៧​ ​កាល​ធ្វើឲ្យ​ក្រាស់ក្រែល​ ​នូវ​ពោជ្ឈង្គ​ ​ទាំង៧​ ​រមែង​ដល់​នូវ​ការ​ចំរើន​ ​ធំ​ទូលាយ​ ​ក្នុង​ធម៌​ទាំងឡាយ​ ​យ៉ាងនោះ​ឯង​។​"
    },
    {
      "header": "យោគក្ខេមិវគ្គ",
      "href": "http://ti-kh.org/books?book=37&page=202",
      "text": "គិលានវគ្គ",
      "detail": "<p class=\"BCenter\">​គិលាន​វគ្គ​</p>\n<br><span class=\"IncreaseIndent\">&nbsp;</span>​[​៤០៩​]​ ​ម្នាល​ភិក្ខុ​ទាំងឡាយ​ ​ដូច​សត្វ​ទាំងឡាយ​ណាមួយ​ ​សម្រេច​ឥរិយាបថ​​ទាំង៤​ ​គឺ​ដើរតាម​កាល​ ​ឈរ​តាមកាល​ ​អង្គុយ​តាមកាល​ ​ដេក​តាមកាល​ ​សត្វ​ទាំងអស់​នោះ​ ​អាស្រ័យ​ផែនដី​ ​តាំងស៊ប់​លើ​ផែនដី​ ​ទើប​សម្រេច​ឥរិយាបថ​ ​ទាំង៤នោះ​ ​យ៉ាងនេះ​ឯង​ ​យ៉ាងណាមិញ​។​ ​ម្នាល​ភិក្ខុ​ទាំងឡាយ​ ​ភិក្ខុ​អាស្រ័យ​សីល​ ​តាំង​មំា​ក្នុង​សីល​ ​ទើប​ចំរើន​ពោជ្ឈង្គ​ ​ទាំង៧​ ​ធ្វើ​ឲ្យ​រឿយ​ៗ​ ​នូវ​ពោជ្ឈង្គ​ ​ទាំង៧​ ​បាន​ ​ក៏​យ៉ាងនោះ​ដែរ​។​ ​\n<br>​<span class=\"IncreaseIndent\">&nbsp;</span>[​៤១០​]​ ​ម្នាល​ភិក្ខុ​ទាំងឡាយ​ ​ភិក្ខុ​អាស្រ័យ​សីល​ ​តាំង​មំា​ក្នុង​សីល​ ​ទើប​ចំរើន​ពោជ្ឈង្គ​ ​ទាំង៧​ ​ធ្វើ​ឲ្យ​រឿយ​ៗ​ ​នូវ​ពោជ្ឈង្គ​ ​ទាំង៧​ ​បាន​ ​តើ​ដូចម្តេច​។​ ​ម្នាល​ភិក្ខុ​ទាំងឡាយ​ ​ភិក្ខុ​ក្នុង​សាសនា​នេះ​ ​ចំរើន​សតិ​សម្ពោ​ជ្ឈង្គ​ ​ដែល​អាស្រ័យ​សេចក្តី​ស្ងប់ស្ងាត់​​ ​អាស្រ័យ​ការប្រាសចាក​រាគៈ​ ​"
    },
    {
      "header": "យោគក្ខេមិវគ្គ",
      "href": "http://ti-kh.org/books?book=37&page=217",
      "text": "ឧទាយិវគ្គ",
      "detail": "<p class=\"BCenter\">​ឧទាយិ​វគ្គ​</p>\n<br>​<span class=\"IncreaseIndent\">&nbsp;</span>[​៤៣៥​]​ ​គ្រានោះ​ឯង​ ​ភិក្ខុ​មួយ​រូប​ ​បាន​ចូល​ទៅ​គាល់​ព្រះ​ដ៏​មាន​ព្រះ​ភាគ​ ​លុះ​ចូល​ទៅដល់​ហើយ​ ​ក៏​ក្រាប​ថ្វាយបង្គំ​ព្រះ​ដ៏​មាន​ព្រះ​ភាគ​ ​រួច​អង្គុយ​ក្នុង​ទី​ដ៏​សមគួរ​។​ ​លុះ​ភិក្ខុ​នោះ​ ​អង្គុយ​ក្នុង​ទី​ដ៏​សមគួរ​ហើយ​ ​ក៏​ក្រាបបង្គំទូល​សួរ​ព្រះ​ដ៏​មាន​ព្រះ​ភាគ​ ​ដូច្នេះ​ថា​ ​បពិត្រ​ព្រះអង្គ​ដ៏​ចំរើន​ ​ពាក្យ​គេ​តែង​និយាយ​ថា​ ​ពោជ្ឈង្គ​ ​ពោជ្ឈង្គ​ ​ដូច្នេះ​ ​បពិត្រ​ព្រះអង្គ​ដ៏​ចំរើន​ ​ដែល​ហៅថា​ ​ពោជ្ឈង្គ​ ​តើ​ដោយហេតុ​ដូចម្តេច​។​ ​ម្នាល​ភិក្ខុ​ ​ធម៌​ទាំងឡាយ​ ​ប្រព្រឹត្តទៅ​ ​ដើម្បី​ត្រាស់​ដឹង​ ​ព្រោះហេតុនោះ​ ​ទើប​ហៅថា​ ​ពោជ្ឈង្គ​។​ ​\n<br>​<span class=\"IncreaseIndent\">&nbsp;</span>[​៤៣៦​]​ ​ម្នាល​ភិក្ខុ​ទាំងឡាយ​ ​ភិក្ខុ​ក្នុង​សាសនា​នេះ​ ​ចំរើន​ ​នូវ​សតិ​សម្ពោ​ជ្ឈង្គ​ ​ដែល​អាស្រ័យ​សេចក្តី​ស្ងប់ស្ងាត់​ ​អាស្រ័យ​សេចក្តី​នឿយណាយ​ ​អាស្រ័យ​សេចក្តី​រលត់​ ​បង្អោន​ទៅ​រក​ការ​លះបង់​។​បេ​។​ ​ចំរើន​ ​នូវ​ឧបេក្ខា​សម្ពោ​ជ្ឈង្គ​ ​ដែល​អាស្រ័យ​សេចក្តី​ស្ងប់ស្ងាត់​ ​អាស្រ័យ​សេចក្តី​នឿយណាយ​ ​អាស្រ័យ​សេចក្តី​រលត់​ ​បង្អោន​ទៅ​​រក​ការ​លះបង់​។​ ​ម្នាល​ភិក្ខុ​ ​ធម៌​ទាំងឡាយ​ ​ប្រព្រឹត្តទៅ​ ​ដើម្បី​ត្រាស់​ដឹង​ ​ព្រោះហេតុនោះ​ ​ទើប​ហៅថា​ ​ពោជ្ឈង្គ​។​"
    },
    {
      "header": "យោគក្ខេមិវគ្គ",
      "href": "http://ti-kh.org/books?book=37&page=234",
      "text": "នីវរណវគ្គ",
      "detail": "<p class=\"BCenter\">​នីវរណ​វគ្គ​</p>\n<br>​<span class=\"IncreaseIndent\">&nbsp;</span>[​៤៦៣​]​ ​ម្នាល​ភិក្ខុ​ទាំងឡាយ​ ​ធម៌​ទាំងឡាយ​ឯណា​នីមួយ​ ​ជាកុសល​ ​ជា​ចំណែក​កុសល​ ​ជា​បក្ខពួក​កុសល​ ​ធម៌​ទាំងអស់​នោះ​ ​មាន​សេចក្តី​មិន​ប្រមាទ​ ​ជា​ឫសគល់​ ​ជាទី​ប្រជុំ​ចុះ​ ​ក្នុង​សេចក្តី​មិន​ប្រមាទ​ ​សេចក្តី​មិន​ប្រមាទ​ ​ប្រាកដជា​កំពូល​ ​នៃ​កុសលធម៌​ទាំងនោះ​។​ ​ម្នាល​ភិក្ខុ​ទាំងឡាយ​ ​ដំណើរ​នោះ​ ​នឹង​ប្រាកដ​ ​ដល់​ភិក្ខុ​ដែល​មិន​ប្រមាទ​ ​ភិក្ខុ​នោះ​ ​នឹង​ចំរើន​ ​នូវ​ពោជ្ឈង្គ​ ​ទំាង៧​ ​ធ្វើឲ្យ​ច្រើន​ ​នូវ​ពោជ្ឈង្គ​ ​ទាំង៧ប្រការ​។​ ​\n<br>​<span class=\"IncreaseIndent\">&nbsp;</span>[​៤៦៣​]​ ​ម្នាល​ភិក្ខុ​ទាំងឡាយ​ ​ចុះ​ភិក្ខុ​មិន​ប្រមាទ​ ​រមែង​ចំរើន​ ​នូវ​ពោជ្ឈង្គ​ ​ទាំង៧​ ​ធ្វើឲ្យ​ច្រើន​ ​នូវ​ពោជ្ឈង្គ​ ​ទាំង៧​ ​តើ​ដូចម្តេច​។​ ​ម្នាល​ភិក្ខុ​ទាំងឡាយ​ ​ភិក្ខុ​ក្នុង​សាសនា​នេះ​ ​ចំរើន​ ​នូវ​សតិ​សម្ពោ​ជ្ឈង្គ​ ​ដែល​អាស្រ័យ​ ​នូវ​វិវេក​ ​អាស្រ័យ​ ​នូវ​វិ​រាគៈ​ ​អាស្រ័យ​ ​នូវ​និរោធ​ ​បង្អោន​ទៅ​រក​ការ​លះបង់​។​បេ​។​ ​ចំរើន​ ​នូវ​ឧបេក្ខា​សម្ពោ​ជ្ឈង្គ​ ​ដែល​អាស្រ័យ​ ​នូវ​វិវេក​ ​អាស្រ័យ​ ​នូវ​វិ​រាគៈ​ ​អាស្រ័យ​ ​នូវ​និរោធ​ ​បង្អោន​ទៅ​រក​ការ​លះបង់​។​ ​ម្នាល​ភិក្ខុ​ទាំងឡាយ​ ​ភិក្ខុ​មិន​ប្រមាទ​ ​រមែង​ចំរើន​ ​នូវ​ពោជ្ឈង្គ​ ​ទាំង៧​ ​ធ្វើឲ្យ​ច្រើន​ ​នូវ​ពោជ្ឈង្គ​ ​ទាំង៧​ ​យ៉ាងនេះ​ឯង​។​"
    },
    {
      "header": "យោគក្ខេមិវគ្គ",
      "href": "http://ti-kh.org/books?book=37&page=250",
      "text": "ចក្កវត្តិវគ្គ",
      "detail": "<p class=\"BCenter\">​ចក្កវត្តិ​វគ្គ​</p>\n<br>​<span class=\"IncreaseIndent\">&nbsp;</span>[​៥០៣​]​ ​សាវត្ថី​និទាន​។​ ​ម្នាល​ភិក្ខុ​ទាំងឡាយ​ ​សមណៈ​ ​ឬ​ព្រាហ្មណ៍​ឯណា​នីមួយ​ ​ក្នុង​កាល​កន្លងទៅ​ហើយ​ ​ជា​យូរអង្វែង​ ​បាន​លះបង់​ ​នូវ​មានះ​ ​ទាំង៣ប្រការ​ ​ចេញ​បាន​ ​ព្រោះ​សមណៈ​ ​ឬ​ព្រាហ្មណ៍​ទាំងអស់​នោះ​ ​ជា​អ្នក​ចំរើន​ ​ជា​អ្នក​ធើ្វ​ឲ្យ​ច្រើន​ ​នូវ​ពោជ្ឈង្គ​ ​ទាំង៧​។​ ​ម្នាល​ភិក្ខុ​ទាំងឡាយ​ ​សមណៈ​ ​ឬ​ព្រាហ្មណ៍​ឯណា​នីមួយ​ ​ក្នុង​កាល​ជា​អនាគត​ ​នឹង​លះបង់​ ​នូវ​មានះ​ ​ទាំង៣ប្រការ​ចេញ​បាន​ ​ព្រោះ​សមណៈ​ ​ឬ​ព្រាហ្មណ៍​ទាំងអស់​នោះ​ ​ជា​អ្នក​ចំរើន​ ​ជា​អ្នក​ធើ្វ​ឲ្យ​ច្រើន​ ​នូវ​ពោជ្ឈង្គ​ ​ទាំង៧ដែរ​។​ ​ម្នាល​ភិក្ខុ​ទាំងឡាយ​ ​ពួក​សមណៈ​ ​ឬ​ព្រាហ្មណ៍​ឯណា​នីមួយ​ ​ដែល​មាន​ក្នុង​កាល​ឥឡូវនេះ​ ​រមែង​លះបង់​ ​នូវ​មានះ​ ​ទាំង៣ប្រការ​ចេញ​បាន​ ​ព្រោះ​សមណៈ​ ​ឬ​ព្រាហ្មណ៍​ទាំងអស់​នោះ​ ​ក៏​ជា​អ្នក​ចំរើន​ ​ជា​អ្នក​ធើ្វ​ឲ្យ​ច្រើន​ ​នូវ​ពោជ្ឈង្គ​ ​ទាំង៧ដែរ​។​ ​"
    },
    {
      "header": "យោគក្ខេមិវគ្គ",
      "href": "http://ti-kh.org/books?book=37&page=259",
      "text": "ពោជ្ឈង្គឆដ្ឋក",
      "detail": "<p class=\"BCenter\">​ពោជ្ឈង្គ​ឆ​ដ្ឋ​ក​</p>\n<br>​<span class=\"IncreaseIndent\">&nbsp;</span>[​៥២២​]​ ​សាវត្ថី​និទាន​។​ ​ម្នាល​ភិក្ខុ​ទាំងឡាយ​ ​តថាគត​នឹង​សំដែង​ ​នូវ​ធម៌​ជា​អាហារ​ ​ ​និង​ធម៌​មិនមែន​ជា​អាហារ​ ​នៃ​នី​វរ​ណៈ​ ​ទាំង៥ផង​ ​នៃ​ពោជ្ឈង្គ​ ​ទាំង៧ផង​ ​ដល់​អ្នក​ទាំងឡាយ​ ​ចូរ​អ្នក​ទាំងឡាយ​ ​ស្តាប់​នូវ​ធម៌​នោះ​ចុះ​។​ ​\n<br>​<span class=\"IncreaseIndent\">&nbsp;</span>[​៥២៣​]​ ​ម្នាល​ភិក្ខុ​ទាំងឡាយ​ ​ចុះ​ធម៌​អ្វី​ ​ដែល​ជា​អាហារ​ ​របស់​កាមច្ឆន្ទៈ​ ​ដែល​មិនទាន់​កើត​ ​ឲ្យ​កើតឡើង​បាន​ ​ឬ​របស់​កាមច្ឆន្ទៈ​ ​ដែល​កើតឡើង​ហើយ​ ​ឲ្យ​រឹងរឹតតែ​កើត​ច្រើនឡើង​។​ ​ម្នាល​ភិក្ខុ​ទាំងឡាយ​ ​មានតែ​សុភនិមិត្ត​ ​ ​និង​ការ​ធ្វើឲ្យ​ច្រើន​ ​នូវ​អយោ​និ​សោ​មនសិការ​ ​ក្នុង​សុភនិមិត្ត​នោះ​ ​នេះ​ធម៌​ជា​អាហារ​ ​របស់​កាមច្ឆន្ទៈ​ ​ដែល​មិនទាន់​កើត​ ​ឲ្យ​កើតឡើង​ ​ឬ​របស់​កាមច្ឆន្ទៈ​ ​ដែល​កើតឡើង​ហើយ​ ​ឲ្យ​រឹងរឹតតែ​កើត​ច្រើនឡើង​។​ ​\n<br><span class=\"IncreaseIndent\">&nbsp;</span>​[​៥២៤​]​ ​ម្នាល​ភិក្ខុ​ទាំងឡាយ​ ​ចុះ​ធម៌​អ្វី​ ​ជា​អាហារ​របស់​ព្យាបាទ​ ​ដែល​មិនទាន់​​កើត​ ​ឲ្យ​កើតឡើង​បាន​ ​ឬ​របស់​ព្យាបាទ​ ​ដែល​កើតឡើង​ហើយ​ ​ឲ្យ​រឹងរឹតតែ​កើត​ច្រើនឡើង​។​ ​ម្នាល​ភិក្ខុ​ទាំងឡាយ​ ​មានតែ​បដិឃ​និមិត្ត​ ​ ​និង​ការ​ធ្វើ​នូវ​អយោ​និ​សោ​មនសិការ​ឲ្យ​ច្រើន​ ​ក្នុង​បដិឃ​និមិត្ត​នោះ​ ​"
    },
    {
      "header": "យោគក្ខេមិវគ្គ",
      "href": "http://ti-kh.org/books?book=37&page=321",
      "text": "ពោជ្ឈង្គ អានាបានាទិបេយ្យាល",
      "detail": "<p class=\"BCenter\">ពោជ្ឈង្គ​ ​អានាបា​នា​ទិ​បេយ្យាល​</p>\n<br>​<span class=\"IncreaseIndent\">&nbsp;</span>[​៦៣៨​]​ ​សាវត្ថី​និទាន​។​ ​ម្នាល​ភិក្ខុ​ទាំងឡាយ​ ​អដ្ឋិ​ក​សញ្ញា<sup>​(​១​)</sup>​ ​ដែល​បុគ្គល​បាន​ចំរើន​ហើយ​ ​បាន​ធ្វើឲ្យ​ច្រើន​ហើយ​ ​រមែង​មានផល​ច្រើន​ ​មាន​អានិសង្ស​ច្រើន​។​ ​ម្នាល​ភិក្ខុ​ទាំងឡាយ​ ​អដ្ឋិ​ក​សញ្ញា​ ​ដែល​បុគ្គល​បាន​ចំរើន​ហើយ​ ​ដូចម្តេច​ ​បាន​ធ្វើឲ្យ​ច្រើន​ហើយ​ដូចម្តេច​ ​ទើប​ជា​គុណជាតិ​មានផល​ច្រើន​ ​មាន​អានិសង្ស​ច្រើន​។​ ​ម្នាល​ភិក្ខុ​ទាំងឡាយ​ ​ភិក្ខុ​ក្នុង​សាសនា​នេះ​ ​ចំរើន​សតិ​សម្ពោ​ជ្ឈង្គ​ ​ប្រកបដោយ​អដ្ឋិ​ក​សញ្ញា​ ​ដែល​អាស្រ័យ​នូវ​សេចក្តី​ស្ងប់ស្ងាត់​ ​អាស្រ័យ​នូវ​សេចក្តី​ប្រាសចាក​តម្រេក​ ​អាស្រ័យ​នូវ​សេចក្តី​រលត់​ ​បង្អោន​ទៅកាន់​សេចក្តី​លះបង់​។​ ​បេ​។​ ​ចំរើន​ឧបេក្ខា​សម្ពោ​ជ្ឈង្គ​ ​ប្រកបដោយ​អដ្ឋិ​ក​សញ្ញា​ ​ដែល​អាស្រ័យ​នូវ​សេចក្តី​ស្ងប់ស្ងាត់​ ​អាស្រ័យ​នូវ​សេចក្តី​ប្រាសចាក​តម្រេក​ ​អាស្រ័យ​នូវ​សេចក្តី​រលត់​ ​បង្អោន​ទៅកាន់​សេចក្តី​លះបង់​។​ ​ម្នាល​ភិក្ខុ​ទាំងឡាយ​ ​អដ្ឋិ​ក​សញ្ញា​ ​ដែល​បុគ្គល​បាន​ចំរើន​ហើយ​ ​យ៉ាងនេះ​ ​បាន​ធ្វើឲ្យ​ច្រើន​ហើយ​ ​យ៉ាងនេះ​ ​ទើប​ជា​គុណជាតិ​មានផល​ច្រើន​ ​មាន​អានិសង្ស​ច្រើន​។​<hr><div style=\"font-size: 14px\">​(​១​)​ ​ការ​សំគាល់​ថា​ ​រាង​ឆ្អឹង​ ​ៗ​ ​ហៅថា​ ​អដ្ឋិ​ក​សញ្ញា​។​</div>"
    },
    {
      "header": "យោគក្ខេមិវគ្គ",
      "href": "http://ti-kh.org/books?book=37&page=335",
      "text": "គង្គាបេយ្យាល",
      "detail": "<p class=\"BCenter\">​គង្គា​បេយ្យាល​</p>\n<br><div class=\"ContentTab\">​អសុភ​សញ្ញា​ ​១​ ​មរណសញ្ញា​ ​១​ ​អាហា​រេប​ដិ​កូល​សញ្ញា​ ​១​ ​សព្វ​លោ​កេ​ ​អន​ភិ​រត​សញ្ញា​ ​១​ ​អនិច្ចសញ្ញា​ ​១​ ​អ​និ​ច្ចេ​ទុក្ខ​សញ្ញា​ ​១​ ​ទុ​ក្ខេ​អនត្តសញ្ញា​ ​១​ ​បហា​ន​សញ្ញា​ ​១​ ​វិរាគ​សញ្ញា​ ​១​ ​និរោធ​សញ្ញា​ ​១​ ​រួម​ទាំងអស់​ ​ត្រូវជា​ ​១០គត់​។​ ​</div>\n<br><p class=\"PCenter\">​ចប់​ ​ពោជ្ឈង្គ​សំយុត្ត​ ​និរោធ​វគ្គ​ ​ទី៨​។​</p>\n<br>​<span class=\"IncreaseIndent\">&nbsp;</span>[​៦៦៩​]​ ​សាវត្ថី​និទាន​។​ ​ម្នាល​ភិក្ខុ​ទាំងឡាយ​ ​ទន្លេ​គង្គា​ ​មាន​ទំនាប​ទៅ​ខាងកើត​ ​ជម្រាល​ទៅ​ខាងកើត​ ​ឈម​ទៅ​ខាងកើត​ ​យ៉ាងណាមិញ​។​ ​បេ​។​ ​\n<br><div class=\"ContentTab\">​និយាយ​អំពី​ទន្លេ​គង្គា​ ​មាន​ទំនាប​ទៅ​ខាងកើត​ ​៦លើក​ ​ទន្លេ​គង្គា​ ​មាន​ទំនាប​ទៅ​រក​សមុទ្រ​ ​៦លើក​ ​ទាំង​ ​៦លើក​ ​២ដងនោះ​ ​រួម​ជា​ ​១២លើក​ ​ហេតុ​នោះ​ ​បាន​ជា​លោក​ឲ្យ​ឈ្មោះថា​ ​វគ្គ​។​</div>\n<br><p class=\"PCenter\">​ចប់​ ​គង្គា​បេយ្យាល​ ​ទី៩​។​</p>"
    },
    {
      "header": "យោគក្ខេមិវគ្គ",
      "href": "http://ti-kh.org/books?book=37&page=337",
      "text": "ពលករណីយវគ្គ",
      "detail": "<p class=\"BCenter\">​ពល​ករណីយ​វគ្គ​</p>\n<br>​<span class=\"IncreaseIndent\">&nbsp;</span>[​៦៧១​]​ ​ពាក្យ​ថា​ ​ម្នាល​ភិក្ខុ​ទាំងឡាយ​ ​ដូច​ការងារ​ណាមួយ​ ​ដែល​ត្រូវ​ធ្វើ​ដោយ​ ​កម្លាំង​ ​ដូច្នេះ​ជាដើម​ ​បណ្ឌិត​ត្រូវ​សម្តែង​ឲ្យ​ពិស្តារ​ផង​ចុះ​។​ ​\n<br>​<span class=\"IncreaseIndent\">&nbsp;</span>ការងារ​ដែល​ត្រូវ​ធ្វើ​ដោយ​កម្លាំង​ ​១​ ​ពីជគាម​ ​និង​ភូតគាម​ ​(​អាស្រ័យ​ផែនដី​ ​ទើប​លូតលាស់​ឡើង​បាន​ ​)​ ​១​ ​នាគ​ ​(​អាស្រ័យ​ភ្នំ​ហិមពាន្ត​ ​ទើប​ចំរើន​កាយ​បាន​ ​)​ ​១​ ​ដើមឈើ​ទ្រេត​ទៅ​ទិសខាងកើត​ ​កាលបើ​គេ​កាត់​គល់​ ​រមែង​រលំ​ទៅ​ទិសខាងកើត​ ​១​ ​ឆ្នាំង​ផ្កាប់​ ​ទឹក​មិនដែល​ហូរ​ចូល​ ​១​ ​ចុង​ស្រួច​នៃ​ស្រូវ​ ​គេដាក់​មិន​ស្រួល​ ​ ​តែង​មុត​ដៃជើង​ ​១​ ​ខ្យល់​លើ​អាកាស​ ​រមែង​បក់​ទៅ​គ្រប់ទិស​ ​១​ ​អកាលមេឃ​ ​បក់​ផាត់​ធូលី​ឲ្យ​ស្រឡះ​ ​១​ ​ខ្យល់ព្យុះ​ ​បក់​ផាត់​មហាមេឃ​ឲ្យ​ស្រឡះ​ ​១​ ​ចំណង​នាវា​សមុទ្រ​ ​តែង​ពុក​ផុយ​ ​១​ ​ផ្ទះ​សម្រាប់​អ្នកដំណើរ​ ​១​ ​ទន្លេ​គង្គា​ ​(​ដែល​មាន​ទំនាប​ទៅ​ទិសខាងកើត​ ​មិន​អាច​អ្នកណា​បំបែរ​ ​ឲ្យ​មាន​ទំនាប​ទៅ​រក​ទិសខាងលិច​វិញ​បាន​)​ ​១​។​ ​\n<br>​<span class=\"IncreaseIndent\">&nbsp;</span>(​ពល​ករណីយ​វគ្គ​ ​បណ្ឌិត​ត្រូវ​សំដែង​ឲ្យ​ពិស្តារ​ ​តាម​ទំនង​ពោជ្ឈង្គ​ ​នៃ​ពោជ្ឈង្គ​សំយុត្ត​ផង​ចុះ​)​។​\n<br><p class=\"PCenter\">​ចប់​ ​ពល​ករណីយ​វគ្គ​ ​ទី១១​។​</p>"
    },
    {
      "header": "យោគក្ខេមិវគ្គ",
      "href": "http://ti-kh.org/books?book=37&page=339",
      "text": "ឱឃវគ្គ",
      "detail": "<span class=\"IncreaseIndent\">&nbsp;</span>​[​៦៧៤​]​ ​សាវត្ថី​និទាន​។​ ​ម្នាល​ភិក្ខុ​ទាំងឡាយ​ ​ឧទ្ធម្ភា​គិ​យសំ​យោ​ជនៈ​នេះ​ ​មាន​ ​៥​ ​យ៉ាង​។​ ​ឧទ្ធម្ភា​គិ​យសំ​យោ​ជនៈ​ ​៥​ ​យ៉ាង​ ​តើ​ដូចម្តេច​ខ្លះ​។​ ​ឧទ្ធម្ភា​គិ​យសំ​យោ​ជនៈ​ ​៥​ ​គឺ​ ​រូប​រាគៈ​ ​១​ ​អរូប​រាគៈ​ ​១​ ​មានះ​ ​១​ ​ឧទ្ធច្ចៈ​ ​១​ ​អវិជ្ជា​ ​១​។​ ​ម្នាល​ភិក្ខុ​ទាំងឡាយ​ ​ទាំង​ ​៥​ ​នេះ​ ​ឈ្មោះ​ ​ឧទ្ធម្ភា​គិ​យសំ​យោ​ជនៈ​។​ ​ម្នាល​ភិក្ខុ​ទាំងឡាយ​ ​ពោជ្ឈង្គ​ទាំង​ ​៧​ ​ភិក្ខុ​ត្រូវ​ចំរើន​ ​ដើម្បី​ដឹង​ច្បាស់​ ​ដើម្បី​កំណត់​ដឹង​ ​ដើម្បី​អស់​ទៅ​ ​ដើម្បី​លះបង់​ ​នូវ​ឧទ្ធម្ភា​គិ​យសំ​យោ​ជនៈ​ ​៥​ ​នេះឯង​។​ ​ចំរើន​ពោជ្ឈង្គ​ ​៧​ ​តើ​ដូចម្តេច​ខ្លះ​។​ ​ម្នាល​ភិក្ខុ​ទាំងឡាយ​ ​ភិក្ខុ​ក្នុង​សាសនា​នេះ​ ​ចំរើន​សតិ​សម្ពោ​ជ្ឈង្គ​ ​ដែល​អាស្រ័យ​សេចក្តី​ស្ងប់ស្ងាត់​ ​អាស្រ័យ​សេចក្តី​ប្រាសចាក​តម្រេក​ ​អាស្រ័យ​ការ​រលត់​ ​បង្អោន​ទៅកាន់​ការ​លះបង់​។​ ​បេ​។​ ​ចំរើន​ឧបេក្ខា​សម្ពោ​ជ្ឈង្គ​ ​ដែល​មានការ​លះបង់​រាគៈ​ជាទីបំផុត​ ​មានការ​លះបង់​ទោសៈ​ជាទីបំផុត​ ​មានការ​លះបង់​មោហៈ​ជាទីបំផុត​ ​ចុះ​ស៊ប់​ទៅ​រក​ព្រះនិព្វាន​ ​មាន​ព្រះនិព្វាន​នៅ​ខាងមុខ​ ​មាន​ព្រះនិព្វាន​ ​ជាទីបំផុត​ ​ជ្រាល​ទៅ​រក​ព្រះនិព្វាន​ ​ឱន​ទៅ​រក​ព្រះនិព្វាន​ ​ឈម​ទៅ​រក​ព្រះនិព្វាន​។​ ​ម្នាល​ភិក្ខុ​ទាំងឡាយ​ ​ពោជ្ឈង្គ​ទាំង​ ​៧​ ​នេះ​ ​បណ្ឌិត​ត្រូវ​ចំរើន​ ​ដើម្បី​ដឹង​ច្បាស់​ ​ដើម្បី​កំណត់​ដឹង​ ​ដើម្បី​អស់​ទៅ​ ​ដើម្បី​លះបង់​ ​នូវ​ឧទ្ធម្ភា​គិ​យសំ​យោ​ជនៈ​ ​ទាំង​ ​៥​ ​នេះឯង​។​"
    },
    {
      "header": "យោគក្ខេមិវគ្គ",
      "href": "http://ti-kh.org/books?book=37&page=341",
      "text": "ឯសនាវគ្គ",
      "detail": "<div class=\"ContentTab\">​សំ​ពត់​កាសិ​ក​ពស្ត្រ​ ​ប្រសើរ​ជាង​សំពត់​ទាំងអស់​ ​១​ ​ត្រូវជា​ ​១០​ ​គត់​។​ ​​(​អប្បមាទ​វគ្គ​ ​ត្រូវ​សំដែង​ឲ្យ​ពិស្តារ​ ​តាម​ទំនង​រាគៈ​ផង​ចុះ​)​។​</div>\n<br><p class=\"PCenter\">​ចប់​ ​វគ្គ​ ​ទី១៥​។​</p>\n<br><div class=\"ContentTab\">​ការងារ​ដែល​ត្រូវ​ធ្វើ​ដោយ​កម្លាំង​ ​១​ ​ពីជគាម​ ​និង​ភូតគាម​ ​(​អាស្រ័យ​ដី​ ​ទើប​លូតលាស់​បាន​)​ ​១​ ​នាគ​ ​(​អាស្រ័យ​ភ្នំ​ហិមពាន្ត​ ​ទើប​ចំរើន​ធំ​បាន​)​ ​១​ ​ដើមឈើ​ទ្រេត​ទៅ​ទិសខាងកើត​ ​១​ ​ឆ្នាំង​ផ្កាប់​ ​ទឹក​មិនដែល​ហូរ​ចូល​ ​១​ ​ចុង​ស្រួច​នៃ​ស្រូវ​ ​គេដាក់​មិន​ស្រួល​ ​តែង​មុត​ដៃជើង​ ​ ​១​ ​ខ្យល់​លើ​អាកាស​ ​រមែង​បក់​ទៅ​គ្រប់ទិស​ ​១​ ​អកាលមេឃ​ ​បក់​ផាត់​ផង់​\t​ធូលី​ឲ្យ​ស្រឡះ​ ​២លើក​ ​ចំណង​នាវា​សមុទ្រ​ ​តែង​ពុក​ផុយ​ ​១​ ​ផ្ទះ​សម្រាប់​អ្នកដំណើរ​ ​១​ ​ទន្លេ​គង្គា​ ​(​ដែល​មាន​ទំនាប​ទៅ​ទិសខាងកើត​ ​មិន​អាច​អ្នកណា​បំបែរ​ ​ឲ្យ​មាន​ទំនាប​ទៅ​ទិសខាងលិច​វិញ​បាន​)​ ​១​។​ ​​(​ពល​ករណីយ​វគ្គ​ ​នៃ​ពោជ្ឈង្គ​សំយុត្ត​ ​បណ្ឌិត​ត្រូវ​ធ្វើឲ្យ​ពិស្តារ​ ​តាម​ទំនង​រាគៈ​ផង​ចុះ​)​។​</div>\n<br><p class=\"PCenter\">​ចប់​ ​វគ្គ​ ​ទី១៦​។​</p>"
    }
  ]
}