{
  "title": "ភាគ ៧១",
  "imageSrc": "photos/Book_71.jpg",
  "href": "http://ti-kh.org/books?book=71",
  "contents": [
    {
      "header": "សុត្តន្តបិដក\nខុទ្ទកនិកាយ  បដិសម្ភិទាមគ្គ\nទុតិយភាគ",
      "href": "http://ti-kh.org/books?book=71&page=1",
      "text": "មហាវគ្គ មណ្ឌបេយ្យកថា",
      "detail": "<div style=\"text-align: center\">សុត្តន្ត​បិដក\n<br>ខុទ្ទកនិកាយ បដិសម្ភិទា​មគ្គ\n<br>តតិយ​ភាគ\n<br>មហាវគ្គ មណ្ឌបេ​យ្យ​កថា</div><span class=\"IncreaseIndent\">&nbsp;</span>[១] ម្នាល​ភិក្ខុ​ទាំងឡាយ កាល​ព្រះ​សាស្តា​គង់នៅ​ក្នុង​ទី​ចំពោះមុខ ព្រហ្មចរិយៈ នេះ ថ្លា​គួរ​ក្រេប​ផឹក កាល​ព្រះ​សាស្តា​គង់នៅ​ក្នុង​ទី​ចំពោះមុខ សភាព​ថ្លា​មាន ៣ យ៉ាង គឺ​ទេសនា​ថ្លា ១ អ្នកទទួល​ថ្លា ១ ព្រហ្មចរិយៈ​ថ្លា ១។\n<br><span class=\"IncreaseIndent\"> </span>ទេសនា​ថ្លា តើ​ដូចម្តេច។ ការ​ប្រាប់ ការសំដែង ការ​បញ្ញត្តិ ការ​តាំង​ទុក ការ​បើក ការ​វែកញែក ការ​ធើ្វ​ឲ្យ​រាក់​នូវ​អរិយសច្ច ៤ ការ​ប្រាប់ ការសំដែង ការ​បញ្ញត្តិ ការ​តាំង​ទុក ការ​បើក ការ​វែកញែក ការ​ធើ្វ​ឲ្យ​រាក់​នូវ​សតិ​ប្ប​ដ្ឋាន ៤។បេ។ នូវ​សម្ម​ប្ប ធាន ៤ ឥទ្ធិបាទ ៤ ឥន្រ្ទិយ ៥ ពលៈ ៥ ពោជ្ឈង្គ ៧ អរិយមគ្គ​មាន​អង្គ ៨ នេះ​ទេសនា​ថ្លា។\n<br><span class=\"IncreaseIndent\"> </span>អ្នកទទួល​ថ្លា តើ​ដូ​ចមេ្តច។ ពួក​ភិក្ខុ ភិក្ខុនី ឧបាសក ឧបាសិកា ទេវតា និង​មនុស្ស ឬ​ពួក​ជន​ដទៃ​ណាមួយ​ជា​អ្នកដឹង នេះ​អ្នកទទួល​ថ្លា។"
    },
    {
      "header": "សុត្តន្តបិដក\nខុទ្ទកនិកាយ  បដិសម្ភិទាមគ្គ\nទុតិយភាគ",
      "href": "http://ti-kh.org/books?book=71&page=15",
      "text": "យុគនទ្ធវគ្គ \t\tយុគនទ្ធកថា",
      "detail": "<p class=\"BCenter\">យុគ​នទ្ធ​វគ្គ យុគ​នទ្ធ​កថា</p>\n<br><span class=\"IncreaseIndent\">&nbsp;</span>[៥] ខ្ញុំ​បាន​ស្តាប់​មក​យ៉ាងនេះ សម័យមួយ ព្រះ​អានន្ទ​មាន​អាយុ​គង់នៅ​ក្នុង ឃោសិ​តា​រាម ទៀប​ក្រុង​កោ​សម្ពី។ ក្នុង​ទីនោះ​ឯង ព្រះ​អានន្ទ​មាន​អាយុ បាន​ហៅ​ពួក ភិក្ខុ​ថា ម្នាល​អាវុសោ​ទាំងឡាយ។ ភិក្ខុ​ទាំងនោះ​ទទួល​ស្តាប់​ព្រះ​អានន្ទ​មាន​អាយុ​ថា ករុណា អាវុសោ។ ព្រះ​អានន្ទ​មាន​អាយុ បាន​ពោល​ពាក្យ​នេះ​ថា ម្នាល​អាវុសោ​ទាំងឡាយ បព្វជិត​ណាមួយ ទោះ​ភិក្ខុ​ក្តី ភិក្ខុនី​ក្តី ព្យាករ​អរហត្ត​ក្នុង​សំណាក់​ខ្ញុំ ដោយ​មគ្គ ៤ សព្វគ្រប់ ឬដោយ​មគ្គ​ទាំង​នុ៎ះ មគ្គ​ណាមួយ តើ​មគ្គ​ទាំង ៤ ដូ​ចមេ្តច​ខ្លះ។\n<br><span class=\"IncreaseIndent\">&nbsp;</span>ម្នាល​អាវុសោ​ទាំងឡាយ ភិក្ខុ​ក្នុង​សាសនា​នេះ ចម្រើន​វិបស្សនា មាន​សមថៈ​ជា ប្រធាន កាល​ភិក្ខុ​នោះ ចម្រើន​វិបស្សនា មាន​សមថៈ​ជា​ប្រធាន មគ្គ​រមែង​កើតឡើង ភិក្ខុ នោះ ឈ្មោះថា​សេព ចម្រើន ធើ្វ​ឲ្យ​ច្រើន​នូវ​មគ្គ​នោះ កាល​ភិក្ខុ​នោះ សេព ចម្រើន ធើ្វ​ឲ្យ​ច្រើន​នូវ​មគ្គ​នោះ ភិក្ខុ​នោះ​ក៏​លះបង់​សញ្ញោជនៈ​ទាំងឡាយ អនុស័យ​ទាំងឡាយ ក៏​វិនាស។"
    },
    {
      "header": "សុត្តន្តបិដក\nខុទ្ទកនិកាយ  បដិសម្ភិទាមគ្គ\nទុតិយភាគ",
      "href": "http://ti-kh.org/books?book=71&page=41",
      "text": "សច្ចកថា",
      "detail": "<p class=\"BCenter\">យុគ​នទ្ធ​វគ្គ សច្ច​កថា\n<br>បរិបុណ្ណ​កថា​និទាន</p>\n<br><span class=\"IncreaseIndent\">&nbsp;</span>[១៥] ម្នាល​ភិក្ខុ​ទាំងឡាយ សច្ចៈ ៤ នេះ ជា​របស់​ពិត មិន​ប្រែប្រួល មិន​ឃ្លៀងឃ្លាត សច្ចៈ ៤ តើ​អ្វីខ្លះ ម្នាល​ភិក្ខុ​ទាំងឡាយ ពាក្យ​ថា​នេះ​ទុក្ខ ទុក្ខសច្ច​នុ៎ះ ជា​របស់​ពិត នុ៎ះ​ជា​របស់​មិន​ប្រែប្រួល នុ៎ះ​ជា​របស់​មិន​ឃ្លៀងឃ្លាត ពាក្យ​ថា នេះ​ទុក្ខ​សមុទ័យ ទុក្ខសមុទយ​សច្ច​នុ៎ះ ជា​របស់​ពិត នុ៎ះ​ជា​របស់​មិន​ប្រែប្រួល នុ៎ះ​ជា​របស់​មិន​ឃ្លៀងឃ្លាត ពាក្យ​ថា នេះ​ទុក្ខនិរោធ ទុក្ខនិរោធ​សច្ច នុ៎ះ​ជា​របស់​ពិត នុ៎ះ​ជា​របស់​មិន​ប្រែប្រួល នុ៎ះ​ជា​របស់​មិន​ឃ្លៀងឃ្លាត ពាក្យ​ថា នេះ​ទុក្ខនិរោធ​គាមិនី​បដិបទា ទុក្ខនិរោធ​សច្ច​នុ៎ះ​ជា​របស់​ពិត នុ៎ះ​ជា​របស់​មិន​ប្រែប្រួល នុ៎ះ​ជា​របស់​មិន​ឃ្លៀងឃ្លាត ម្នាល​ភិក្ខុ​ទាំងឡាយ សច្ចៈ ៤ នេះឯង ជា​របស់​ពិត មិន​ប្រែប្រួល មិន​ឃ្លៀងឃ្លាត។\n<br><span class=\"IncreaseIndent\">&nbsp;</span>[១៦] ទុក្ខ ឈ្មោះថា​សច្ចៈ ដោយ​អត្ថ​ថា​ជា​របស់​ពិត តើ​ដូចម្តេច។ អត្ថ​នៃ​ទុក្ខ របស់​ទុក្ខ ជាស​ភាព​ពិត មិន​ប្រែប្រួល មិន​ឃ្លៀងឃ្លាត​មាន ៤ យ៉ាង គឺ ទុក្ខ មាន​អត្ថ​ថា​បៀតបៀន ១ មាន​អត្ថ​ថា​បច្ច័យ​ប្រជុំ​តាក់តែង ១ មាន​អត្ថ​ថា​ក្តៅក្រហាយ ១ មាន​អត្ថ​ថា​ប្រែប្រួល ១ នេះ​អត្ថ​នៃ​ទុក្ខ របស់​ទុក្ខ ៤ យ៉ាង ជាស​ភាព​ពិត មិន​ប្រែប្រួល មិន​ឃ្លៀងឃ្លាត ទុក្ខ​ឈ្មោះថា​សច្ចៈ ដោយ​អត្ថ​ថា​ជា​របស់​ពិត យ៉ាងនេះ​ឯង។"
    },
    {
      "header": "សុត្តន្តបិដក\nខុទ្ទកនិកាយ  បដិសម្ភិទាមគ្គ\nទុតិយភាគ",
      "href": "http://ti-kh.org/books?book=71&page=64",
      "text": "ពោជ្ឈង្គកថា",
      "detail": "<p class=\"BCenter\">យុគ​នទ្ធ​វគ្គ ពោជ្ឈង្គ​កថា\n<br>សា​វត្ថិ​និទាន</p>\n<br><span class=\"IncreaseIndent\">&nbsp;</span>[២៨] ម្នាល​ភិក្ខុ​ទាំងឡាយ ពោជ្ឈង្គ​នេះ មាន ៧ ពោជ្ឈង្គ ៧ តើ​ដូចម្តេច សតិ​សម្ពោ​ជ្ឈង្គ ១ ធម្ម​វិ​ចយ​សម្ពោ​ជ្ឈង្គ ១ វីរិយ​សម្ពោ​ជ្ឈង្គ ១ បី​តិ​សម្ពោ​ជ្ឈង្គ ១ បស្ស​ទ្ធិ​សម្ពោ​ជ្ឈង្គ ១ សមា​ធិ​សម្ពោ​ជ្ឈង្គ ១ ឧបេក្ខា​សម្ពោ​ជ្ឈង្គ ១ ម្នាល​ភិក្ខុ​ទាំងឡាយ នេះឯង ពោជ្ឈង្គ ៧។\n<br><span class=\"IncreaseIndent\">&nbsp;</span>សំនួរ​ត្រង់​ពាក្យ​ថា ពោជ្ឈង្គ តើ​ពោជ្ឈង្គ ដោយ​អត្ថ​ថាដូចម្តេច។ ឈ្មោះថា ពោជ្ឈង្គ ព្រោះ​ហេតុប្រ​ព្រឹត្ត​ទៅ​ព្រម​ក្នុង​ការ​ត្រាស់​ដឹង ឈ្មោះថា​ពោជ្ឈង្គ ព្រោះ​ហេតុ​ត្រាស់​ដឹង ឈ្មោះថា​ពោជ្ឈង្គ ព្រោះ​ហេតុ​ត្រាស់​ដឹង​តាម ឈ្មោះថា​ពោជ្ឈង្គ ព្រោះ​ហេតុ ត្រាស់​ដឹង​ចំពោះ ឈ្មោះថា​ពោជ្ឈង្គ ព្រោះ​ហេតុ​ត្រាស់​ដឹង​ព្រម ឈ្មោះថា​ពោជ្ឈង្គ ដោយ​អត្ថ​ថា​ត្រាស់​ដឹង ឈ្មោះថា​ពោជ្ឈង្គ ដោយ​អត្ថ​ថា​ត្រាស់​ដឹង​តាម ឈ្មោះថា ពោជ្ឈង្គ ដោយ​អត្ថ​ថា​ត្រាស់​ដឹង​ចំពោះ ឈ្មោះថា​ពោជ្ឈង្គ ដោយ​អត្ថ​ថា​ត្រាស់​ដឹង​ព្រម ឈ្មោះថា​ពោជ្ឈង្គ ព្រោះ​ហេ​តុញុំា​ងជន​ឲ្យ​ត្រាស់​ដឹង ឈ្មោះថា​ពោជ្ឈង្គ ព្រោះ​ហេ​តុញុំា​ងជន​ឲ្យ​ត្រាស់​ដឹង​តាម ឈ្មោះថា​ពោជ្ឈង្គ ព្រោះ​ហេ​តុញុំា​ងជន​ឲ្យ​ត្រាស់ ដឹង​ចំពោះ ឈ្មោះថា​ពោជ្ឈង្គ ព្រោះ​ហេ​តុញុំា​ងជន​ឲ្យ​ត្រាស់​ដឹង​ព្រម ឈ្មោះថា​ពោជ្ឈង្គ ដោយ​អត្ថ​ថា​ញុំាង​ជន​ឲ្យ​ត្រាស់​ដឹង ឈ្មោះថា​ពោជ្ឈង្គ ដោយ​អត្ថ​ថា​ញុំាង​ជន​ឲ្យ​ត្រាស់​ដឹង​តាម ឈ្មោះថា​ពោជ្ឈង្គ ដោយ​អត្ថ​ថា​ញុំាង​ជន ឲ្យ​ត្រាស់​ដឹង​ចំពោះ"
    },
    {
      "header": "សុត្តន្តបិដក\nខុទ្ទកនិកាយ  បដិសម្ភិទាមគ្គ\nទុតិយភាគ",
      "href": "http://ti-kh.org/books?book=71&page=96",
      "text": "មេត្តាកថា",
      "detail": "<p class=\"BCenter\">យុគ​នទ្ធ​វគ្គ មេត្តា​កថា\n<br>សាវត្ថី​និទាន</p>\n<br><span class=\"IncreaseIndent\">&nbsp;</span>[៤៥] ម្នាល​ភិក្ខុ​ទាំងឡាយ មេត្តា​ចេ​តោ​វិមុត្តិ ដែល​បុគ្គល​បាន​សេព អប់រំ ធ្វើឲ្យ​ច្រើន ធ្វើឲ្យ​ដូចជា​យាន ធ្វើឲ្យ​ដូចជា​ទីតាំង តម្កល់​មាំ សន្សំ​ដោយ​ម៉ត់ចត់ ប្រារព្ធ​ល្អ​ហើយ នឹង​មាន​អានិសង្ស ១១ ជា​ប្រាកដ អានិសង្ស​ទាំង ១១ តើ​ដូចម្តេច​ខ្លះ គឺ មេត្តាវិហារិ​បុគ្គល រមែង​ដេកលក់​ស្រួល ១ ភ្ញាក់​ឡើង​ស្រួល ១ មិន​យល់សប្ត​អាក្រក់ ១ ជាទីស្រឡាញ់​នៃ​មនុស្ស​ទាំងឡាយ ១ ជាទីស្រឡាញ់​នៃ​អមនុស្ស​ទាំងឡាយ ១ ពួក ទេវតា​តែង​រក្សា ១ ភ្លើង​ក្តី ថ្នាំពិស​ក្តី សស្រ្តាវុធ​ក្តី រមែង​មិន​ប៉ះពាល់ ១ បុគ្គល​នោះ តម្កល់ចិត្ត​នៅនឹង​ដ៏​ឆាប់រហ័ស ១ មាន​សម្បុរ​មុខ​ស្រស់បស់ ១ មិន​វង្វេង​ធ្វើ​មរណកាល ១ កាលបើ​មិនទាន់​បាន​ត្រាស់​ដឹង​នូវ​មគ្គផល​ទេ គង់​បាន​ទៅ​កើត​ឯព្រហ្មលោក ១ ម្នាល​ភិក្ខុ​ទាំងឡាយ មេត្តា​ចេ​តោ​វិមុត្តិ ដែល​បុគ្គល​បាន​សេព អប់រំ ធ្វើឲ្យ​ច្រើន ធ្វើឲ្យ​ដូចជា​យាន ធ្វើឲ្យ​ដូចជា​ទីតាំង តម្កល់​មាំ សន្សំ​ដោយ​ម៉ត់ចត់ ប្រារព្ធ​ល្អ​ហើយ តែង​មាន​អានិសង្ស ១១ នេះឯង​ជា​ប្រាកដ។"
    },
    {
      "header": "សុត្តន្តបិដក\nខុទ្ទកនិកាយ  បដិសម្ភិទាមគ្គ\nទុតិយភាគ",
      "href": "http://ti-kh.org/books?book=71&page=119",
      "text": "វិរាគកថា",
      "detail": "<p class=\"BCenter\">យុគ​នទ្ធ​វគ្គ វិរាគ​កថា</p>\n<br><span class=\"IncreaseIndent\">&nbsp;</span>[៥៩] វិ​រាគៈ​ជាម​គ្គ វិមុត្តិ​ជា​ផល។ វិ​រាគៈ​ជាម​គ្គ តើ​ដូចម្តេច។ ក្នុង​ខណៈ​នៃ​សោតាបត្តិ​មគ្គ សម្មាទិដ្ឋិ ដោយ​អត្ថ​ថា​ឃើញ រមែង​ណាយ​ចាក​មិច្ឆាទិដ្ឋិ ណាយ​ចាក​កិលេស​ទាំងឡាយ ដែល​ប្រព្រឹត្តទៅ​តាម​មិច្ឆាទិដ្ឋិ​នោះ​ផង ចាក​ខន្ធ​ទាំងឡាយ ផង ណាយ​ចាក​និមិត្ត​ទាំងពួង​ខាងក្រៅ​ផង វិ​រាគៈ មានការ​ណាយ​ជា​អារម្មណ៍ មានការ​ណាយ​ជា​គោចរ ប្រកប​ក្នុង​ការ​ណាយ ឋិតនៅ​ក្នុង​ការ​ណាយ តម្កល់​ស៊ប់​ក្នុង​ការ​ណាយ។ ពាក្យ​ថា វិ​រាគៈ បាន​ដល់ វិ​រាគៈ ២ យ៉ាង វិ​រាគៈ គឺ​និព្វាន ១ វិ​រាគៈ គឺ​ពួក​ធម៌​ណា​កើត​ហើយ ព្រោះ​មាន​និព្វាន​ជា​អារម្មណ៍ ធម៌​ទាំងអស់​នោះ តែង​មាន​សេចក្តី​ណាយ ១ វិ​រាគៈ​ជាម​គ្គ ព្រោះ​អង្គ​ទាំង ៧ ដែល​កើតជា​មួយ​គ្នា រមែង​ដល់​នូវ​ការ​ណាយ ផ្លូវ​ប្រកបដោយ​អង្គ ៨ ឈ្មោះថា​មគ្គ ព្រោះ​ព្រះពុទ្ធ​ទាំងឡាយ និង​សាវ័ក​ទាំងឡាយ តែង​ទៅកាន់​ទិស​ដែលគេ​មិនធ្លាប់​ទៅ គឺ​និព្វាន ដោយសារ​មគ្គ​នុ៎ះ មគ្គ​ប្រកបដោយ​អង្គ ៨ ដ៏​ប្រសើរ​នេះឯង ជាម​គ្គ​ដ៏​ខ្ពង់ខ្ពស់ ប្រសើរ វិសេសវិសាល ឧត្តម ថ្លៃថ្លា ជាង​មគ្គ​របស់​ពួក​សមណព្រាហ្មណ៍​ច្រើន​នាក់ ដែល​ប្រកាន់​លទ្ធិ​ដទៃ ទាំងអម្បាល​ម៉ាន ហេតុ​នោះ មគ្គ​ប្រកប​អង្គ ៨ ប្រសើរ​ជាង​មគ្គ​ទាំងឡាយ។"
    },
    {
      "header": "សុត្តន្តបិដក\nខុទ្ទកនិកាយ  បដិសម្ភិទាមគ្គ\nទុតិយភាគ",
      "href": "http://ti-kh.org/books?book=71&page=132",
      "text": "បដិសម្ភិទាកថា",
      "detail": "<p class=\"BCenter\">យុគ​នទ្ធ​វគ្គ បដិសម្ភិទា​កថា</p>\n<br><span class=\"IncreaseIndent\">&nbsp;</span>[៦៩] ខ្ញុំបាទ​ស្តាប់​មក យ៉ាងនេះ។ សម័យមួយ ព្រះមានព្រះភាគ​ទ្រង់​គង់នៅ​ក្នុង​ឥសិបតន​មិគទាយវ័ន ទៀប​ក្រុង​ពារាណសី។ ក្នុង​ទីនោះ​ឯង ព្រះមានព្រះភាគ ទ្រង់​ត្រាស់​នឹង​បញ្ចវគ្គិយ​ភិក្ខុ​ថា ម្នាល​ភិក្ខុ​ទាំងឡាយ អន្តធម៌<sup>(១)</sup> (ធម៌​ជាទីបំផុត ឬធម៌​អម) ពីរ​នេះ បព្វជិត​មិន​គួរ​សេពគប់​ឡើយ។ អន្តធម៌​ពីរ តើ​ដូចម្តេច សេចក្តី​ព្យាយាម ប្រកប​ខ្លួន​ទុក​ក្នុង​កាមសុខ ក្នុង​វត្ថុកាម​ទាំងឡាយ (កាម​សុខល្លិកានុយោគ) ដែល​ជា​ធម៌​ថោកទាប ជា​របស់​អ្នកស្រុក ជា​របស់​បុថុជ្ជន មិនមែន​ជា​របស់​អរិយបុគ្គល មិន​ប្រកបដោយ​ប្រយោជន៍ ១ សេចក្តី​ព្យាយាម​ប្រកប​ខ្លួន​ឲ្យ​លំបាក (អត្តកិលម​ថានុយោគ) ជា​ធម៌​នាំមក​នូវ​ទុក្ខ មិនមែន​ជា​របស់​អរិយបុគ្គល មិន​ប្រកប​ដោយ​ប្រ​យោ​ជ ន៍ ១ ម្នាល​ភិក្ខុ​ទាំងឡាយ ឯមជ្ឈិមា​បដិបទា (សេចក្តី​ប្រតិបត្តិ​ជា​កណ្តាល) មិន​ប៉ះពាល់​នូវ​អន្តធម៌​ទាំងពីរ​នុ៎ះ​ទេ តថាគត​បាន​ត្រាស់​ដឹង​ហើយ ជា​សេចក្តី​ប្រតិបត្តិ​ធ្វើឲ្យ​កើត​បញ្ញាចក្ខុ ធ្វើឲ្យ​កើត​ញាណ ប្រព្រឹត្តទៅ​ដើម្បី​សេចក្តី​រម្ងាប់ (កិលេស) ដើម្បី​ស្គាល់ (នូវ​អរិយសច្ច) ដើម្បី​ត្រាស់​ដឹង (នូវ​អរិយសច្ច) ដើម្បី​និព្វាន។<hr><div style=\"font-size: 14px\">(១) ធម៌ គឺ​សេចក្តី​ប្រតិបត្តិ​ធូរ​ពេក និង​តឹង​ពេក ចាត់ទុកថា​ជា​ធម៌​ទីបំផុត​ខាងដើម និង​ខាងចុង​នៃ​មជ្ឈិមា​បដិបទា ឬចាត់ទុកថា​ជា​ធម៌​អម​នៃ​មជ្ឈិមា​បដិបទា ហេតុ​នោះ ទើប​ឈ្មោះថា អន្តធម៌។</div>"
    },
    {
      "header": "សុត្តន្តបិដក\nខុទ្ទកនិកាយ  បដិសម្ភិទាមគ្គ\nទុតិយភាគ",
      "href": "http://ti-kh.org/books?book=71&page=162",
      "text": "ធម្មចក្កកថា",
      "detail": "<p class=\"BCenter\">យុគ​នទ្ធ​វគ្គ ធម្មចក្ក​កថា</p>\n<br><span class=\"IncreaseIndent\">&nbsp;</span>[៨៥] ខ្ញុំ​បាន​ស្តាប់​មក​យ៉ាងនេះ។ សម័យមួយ ព្រះមានព្រះភាគ​ទ្រង់​គង់នៅ ទៀប​ក្រុង​ពារាណសី។បេ។ ហេតុ​នោះ ពាក្យ​ថា អញ្ញា​កោណ្ឌញ្ញៈ​នេះ បាន​មក​ជា​ឈ្មោះ របស់​ព្រះ​កោណ្ឌញ្ញៈ​មាន​អាយុ។\n<br><span class=\"IncreaseIndent\">&nbsp;</span>ចក្ខុ​កើត​ហើយ ញាណ​កើត​ហើយ បញ្ញា​កើត​ហើយ វិជ្ជា​កើត​ហើយ ពន្លឺ​កើត​ហើយ ក្នុង​ធម៌​ទាំងឡាយ​ដែល​មិនធ្លាប់​ឮក្នុង​កាលមុន​ថា នេះ​ជា​ទុក្ខអរិយសច្ច។ ពាក្យ​ថា ចក្ខុ​កើត​ហើយ ដោយ​អត្ថ​ដូចម្តេច ពាក្យ​ថា ញាណ​កើត​ហើយ ដោយ​អត្ថ​ដូចម្តេច ពាក្យ​ថា បញ្ញា​កើត​ហើយ ដោយ​អត្ថ​ដូចម្តេច ពាក្យ​ថា វិជ្ជា​កើត​ហើយ ដោយ​អត្ថ​ដូចម្តេច ពាក្យ​ថា ពន្លឺ​កើត​ហើយ ដោយ​អត្ថ​ដូចម្តេច។ ពាក្យ​ថា ចក្ខុ​កើត​ហើយ ដោយ​អត្ថ​ថា​ឃើញ ពាក្យ​ថា ញាណ​កើត​ហើយ ដោយ​អត្ថ​ថា​ដឹង ពាក្យ​ថា បញ្ញា​កើត​ហើយ ដោយ​អត្ថ​ថា​ដឹង​ច្បាស់ ពាក្យ​ថា វិជ្ជា​កើត​ហើយ ដោយ​អត្ថ​ថា​ចាក់ធ្លុះ ពាក្យ​ថា ពន្លឺ កើត​ហើយ ដោយ​អត្ថ​ថា​ភ្លឺស្វាង។"
    },
    {
      "header": "សុត្តន្តបិដក\nខុទ្ទកនិកាយ  បដិសម្ភិទាមគ្គ\nទុតិយភាគ",
      "href": "http://ti-kh.org/books?book=71&page=179",
      "text": "លោកុត្តរកថា",
      "detail": "<p class=\"BCenter\">យុគ​នទ្ធ​វគ្គ លោកុត្តរ​កថា</p>\n<br><span class=\"IncreaseIndent\">&nbsp;</span>[៩១] ពួក​ធម៌ ជា​លោ​កុត្ត​រៈ តើ​ដូចម្តេច។ សតិ​ប្ប​ដ្ឋាន ៤ សម្ម​ប្ប​ធាន ៤ ឥទ្ធិបាទ ៤ ឥន្រ្ទិយ ៥ ពលៈ ៥ ពោជ្ឈង្គ ៧ មគ្គ​ប្រកបដោយ​អង្គ ៨ អរិយមគ្គ ៤ សាមញ្ញ​ផល ៤ និង​និព្វាន នេះ ពួក​ធម៌ ជា​លោ​កុត្ត​រៈ។\n<br><span class=\"IncreaseIndent\">&nbsp;</span>សំនួរ​ត្រង់​ពាក្យ​ថា លោ​កុត្ត​រៈ តើ​លោ​កុត្ត​រៈ ដោយ​អត្ថ​ដូចម្តេច។ ធម៌​ទាំង ឡាយ​ឆ្លង​នូវ​លោក ឈ្មោះថា​លោ​កុត្ត​រៈ ធម៌​ទាំងឡាយ ឆ្លង​អំពី​លោក ឈ្មោះថា លោ​កុត្ត​រៈ ធម៌​ទាំងឡាយ ឆ្លង​ចាកលោក ឈ្មោះថា​លោ​កុត្ត​រៈ ធម៌​ទាំងឡាយ​ឆ្លង​ពី​លោក ឈ្មោះថា​លោ​កុត្ត​រៈ ធម៌​ទាំងឡាយ​កន្លង​នូវ​លោក ឈ្មោះថា​លោ​កុត្ត​រៈ ធម៌​ទាំងឡាយ​កន្លង​ហើយ​នូវ​លោក ឈ្មោះថា​លោ​កុត្ត​រៈ ធម៌​ទាំងឡាយ​ដ៏​ក្រៃលែង​ក្នុង​លោក ឈ្មោះថា​លោ​កុត្ត​រៈ ធម៌​ទាំងឡាយ រលាស់​ចេញ​ចាកលោក ឈ្មោះថា​លោ​កុត្ត​រៈ ធម៌​ទាំងឡាយ រលាស់​ចេញ​អំពី​លោក ឈ្មោះថា​លោ​កុត្ត​រៈ ធម៌​ទាំងឡាយ រលាស់​ចេញពី​លោក ឈ្មោះថា​លោ​កុត្ត​រៈ ធម៌​ទាំងឡាយ​លះ​ចេញ​ចាកលោក ឈ្មោះថា​លោ​កុត្ត​រៈ ធម៌​ទាំងឡាយ​លះ​ចេញ"
    },
    {
      "header": "សុត្តន្តបិដក\nខុទ្ទកនិកាយ  បដិសម្ភិទាមគ្គ\nទុតិយភាគ",
      "href": "http://ti-kh.org/books?book=71&page=183",
      "text": "ពលកថា",
      "detail": "<p class=\"BCenter\">យុគ​នទ្ធ​វគ្គ ពល​កថា\n<br>សាវត្ថី​និទាន</p>\n<br><span class=\"IncreaseIndent\">&nbsp;</span>[៩២] ម្នាល​ភិក្ខុ​ទាំងឡាយ ពលៈ​នេះ មាន ៥ ពលៈ ៥ តើ​អ្វីខ្លះ សទ្ធា​ពលៈ វីរិយ​ពលៈ សតិ​ពលៈ សមាធិ​ពលៈ បញ្ញា​ពលៈ ម្នាល​ភិក្ខុ​ទាំងឡាយ នេះ ពលៈ ៥។\n<br><span class=\"IncreaseIndent\">&nbsp;</span>មួយទៀត ពលៈ មាន ៦៨ គឺ សទ្ធា​ពលៈ ១ វីរិយ​ពលៈ ១ សតិ​ពលៈ ១ សមាធិ​ពលៈ ១ បញ្ញា​ពលៈ ១ ហិរិ​ពលៈ ១ ឱត្តប្ប​ពលៈ ១ បដិ​សង្ខា​នព​លៈ ១ ភាវនា​ពលៈ ១ អនវជ្ជ​ពលៈ ១ សង្គាហ​ពលៈ ១ ខន្តិ​ពលៈ ១ បញ្ញត្តិ​ពលៈ ១ និ​ជ្ឈ​ត្តិ​ពលៈ ១ ឥស្សរិយ​ពលៈ ១ អធិដ្ឋាន​ពលៈ ១ សមថ​ពលៈ ១ វិបស្សនា​ពលៈ ១ សេក្ខ​ពលៈ ១០ អសេក្ខ​ពលៈ ១០ ខីណាសវ​ពលៈ ១០ ឥទ្ធិ​ពលៈ ១០ តថាគត​ពលៈ ១០។\n<br><span class=\"IncreaseIndent\">&nbsp;</span>[៩៣] សទ្ធា​ពលៈ តើ​ដូចម្តេច។ ឈ្មោះថា​សទ្ធា​ពលៈ ព្រោះ​មិន​ញាប់ញ័រ ដោយ​វត្ថុ​មិន​គួរ​ជឿ ឈ្មោះថា សទ្ធា​ពលៈ ដោយ​អត្ថ​ថា ទំនុកបម្រុង​នូវ​សហជាត​ធម៌​ទាំងឡាយ ឈ្មោះថា​សទ្ធា​ពលៈ ដោយ​អត្ថ​ថា គ្រប​សង្កត់​នូវ​ពួក​កិលេស ឈ្មោះថា​សទ្ធា​ពលៈ ដោយ​អត្ថ​ថា ជម្រះ​នូវ​គុណ មាន​កិរិយា​ត្រាស់​ដឹង​ជាដើម"
    },
    {
      "header": "សុត្តន្តបិដក\nខុទ្ទកនិកាយ  បដិសម្ភិទាមគ្គ\nទុតិយភាគ",
      "href": "http://ti-kh.org/books?book=71&page=203",
      "text": "សុញ្ញកថា",
      "detail": "<p class=\"BCenter\">យុគ​នទ្ធ​វគ្គ សុញ្ញ​កថា</p>\n<br><span class=\"IncreaseIndent\">&nbsp;</span>[១០៤] ខ្ញុំ​បាន​ស្តាប់​មក​យ៉ាងនេះ។ សម័យមួយ ព្រះមានព្រះភាគ ទ្រង់​គង់នៅ​ក្នុង​វត្ត​ជេតពន របស់​អនាថបិណ្ឌិក​សេដ្ឋី ទៀប​ក្រុង​សាវត្ថី។ គ្រានោះ ព្រះ​អានន្ទ​មាន​អាយុ ចូល​ទៅ​គាល់​ព្រះមានព្រះភាគ លុះ​ចូល​ទៅដល់​ហើយ ថ្វាយបង្គំ​ព្រះមានព្រះភាគ រួច​គង់​ក្នុង​ទី​ដ៏​សមគួរ។ លុះ​ព្រះ​អានន្ទ​មាន​អាយុ គង់​ស៊ប់​ក្នុង​ទីសម​គួរ​ហើយ បាន​ក្រាបបង្គំទូល​ព្រះមានព្រះភាគ​យ៉ាងនេះ​ថា បពិត្រ​ព្រះអង្គ​ដ៏​ចម្រើន ព្រះអង្គ​តែង​ពោល​ថា លោក​សូន្យ លោក​សូន្យ បពិត្រ​ព្រះអង្គ​ដ៏​ចម្រើន ដែល​ព្រះអង្គ​ពោល​ថា លោក​សូន្យ តើ​ដោយហេតុ​ដូចម្តេច។ ម្នាល​អានន្ទ ធម្មជាត​ដែល​សូន្យ ចាក​ខ្លួន ឬចា​កវត្ថុជា​របស់​ខ្លួន ព្រោះ​ហេតុ​ណា​ព្រោះហេតុនោះ ទើប​តថាគត​ពោល​ថា លោក​សូន្យ ម្នាល​អានន្ទ ចុះ​ធម្មជាត​អ្វី​ដែល​សូន្យ​ចាក​ខ្លួន ឬចា​កវត្ថុជា​របស់​ខ្លួន ម្នាល​អានន្ទ ចក្ខុ​ហ្នឹងឯង ជា​ធម្មជាត​សូន្យ​ចាក​ខ្លួន ឬចា​កវត្ថុជា​របស់​ខ្លួន រូប​សូន្យ​ចាក​ខ្លួន ឬចា​កវត្ថុជា​របស់​ខ្លួន ចក្ខុវិញ្ញាណ​សូន្យ​ចាក​ខ្លួន ឬចា​កវត្ថុជា​របស់​ខ្លួន ចក្ខុ​សម្ផ័​ស្ស សូន្យ​ចាក​ខ្លួន ឬចា​កវត្ថុជា​របស់​ខ្លួន វេទនា​ណា ជា​សុខ​ក្តី ជា​ទុក្ខ​ក្តី មិនមែន​ទុក្ខ​មិនមែន"
    },
    {
      "header": "សុត្តន្តបិដក\nខុទ្ទកនិកាយ  បដិសម្ភិទាមគ្គ\nទុតិយភាគ",
      "href": "http://ti-kh.org/books?book=71&page=220",
      "text": "បញ្ញាវគ្គ \t\tមហាបញ្ញាកថា",
      "detail": "<p class=\"BCenter\">បញ្ញា​វគ្គ មហា​បញ្ញា​កថា</p>\n<br><span class=\"IncreaseIndent\">&nbsp;</span>[១៣០] អនិច្ចានុបស្សនា ដែល​បុគ្គល​អប់រំ​ហើយ ធ្វើឲ្យ​ច្រើន​ហើយ តែង​បំពេញ​នូវ​បញ្ញា​ដូចម្តេច ទុ​ក្ខានុបស្ស​នា ដែល​បុគ្គល​អប់រំ​ហើយ ធ្វើឲ្យ​ច្រើន​ហើយ តែង​បំពេញ​នូវ​បញ្ញា​ដូចម្តេច អនត្តានុបស្សនា ដែល​បុគ្គល​អប់រំ​ហើយ ធ្វើឲ្យ​ច្រើន​ហើយ តែង​បំពេញ​នូវ​បញ្ញា​ដូចម្តេច និ​ព្វិ​ទានុ​បស្ស​នា ដែល​បុគ្គល​អប់រំ​ហើយ ធ្វើឲ្យ​ច្រើន​ហើយ តែង​បំពេញ​នូវ​បញ្ញា​ដូចម្តេច វិ​រា​គា​នុបស្ស​នា​ដែល​បុគ្គល​អប់រំ​ហើយ ធ្វើឲ្យ​ច្រើន​ហើយ តែង​បំពេញ​នូវ​បញ្ញា​ដូចម្តេច និ​រោ​ធានុ​បស្ស​នា ដែល​បុគ្គល​អប់រំ​ហើយ ធ្វើឲ្យ​ច្រើន​ហើយ តែង​បំពេញ​នូវ​បញ្ញា​ដូចម្តេច បដិ​និ​ស្ស​គ្គា​នុបស្ស​នា ដែល​បុគ្គល​អប់រំ​ហើយ ធ្វើឲ្យ​ច្រើន​ហើយ តែង​បំពេញ​នូវ​បញ្ញា​ដូចម្តេច។\n<br><span class=\"IncreaseIndent\">&nbsp;</span>អនិច្ចានុបស្សនា ដែល​បុគ្គល​អប់រំ​ហើយ ធ្វើឲ្យ​ច្រើន​ហើយ តែង​បំពេញ​នូវ ជវន​ប្ប​ញ្ញា ទុ​ក្ខានុបស្ស​នា ដែល​បុគ្គល​អប់រំ​ហើយ ធ្វើឲ្យ​ច្រើន​ហើយ តែង​បំពេញ​នូវ និ​ពេ្វ​ធិ​កប្ប​ញ្ញា អនត្តានុបស្សនា ដែល​បុគ្គល​អប់រំ​ហើយ ធ្វើឲ្យ​ច្រើន​ហើយ តែង​បំពេញ​នូវ​មហា​បញ្ញា និ​ព្វិ​ទានុ​បស្ស​នា​ដែល​បុគ្គល​អប់រំ​ហើយ ធ្វើឲ្យ​ច្រើន​ហើយ តែង​បំពេញ​នូវ​តិ​ក្ខ​ប្ប​ញ្ញា វិ​រា​គា​នុបស្ស​នា ដែល​បុគ្គល​អប់រំ​ហើយ ធ្វើឲ្យ​ច្រើន​ហើយ តែង​បំពេញ​នូវ​វិ​បុ​លប្បញ្ញា និ​រោ​ធានុ​បស្ស​នា ដែល​បុគ្គល​អប់រំ​ហើយ ធ្វើឲ្យ​ច្រើន​ហើយ"
    },
    {
      "header": "សុត្តន្តបិដក\nខុទ្ទកនិកាយ  បដិសម្ភិទាមគ្គ\nទុតិយភាគ",
      "href": "http://ti-kh.org/books?book=71&page=264",
      "text": "ឥទ្ធិកថា",
      "detail": "<p class=\"BCenter\">បញ្ញា​វគ្គ ឥទ្ធិ​កថា</p>\n<br><span class=\"IncreaseIndent\">&nbsp;</span>[១៥០] ឫទ្ធិ ប្រែថា​ដូចម្តេច ឫទ្ធិ មាន​ប៉ុន្មាន ឫទ្ធិ មាន​ភូមិ​ប៉ុន្មាន មាន​បាទ​ប៉ុន្មាន មាន​បទ​ប៉ុន្មាន មាន​មូល​ប៉ុន្មាន។\n<br><span class=\"IncreaseIndent\">&nbsp;</span>ត្រង់​សំនួរ​ថា ឫទ្ធិ ប្រែថា​ដូចម្តេច ចម្លើយ​ថា ឫទ្ធិ ប្រែថា​ការសម្រេច។ ត្រង់​សំនួរ​ថា ឫទ្ធិ មាន​ប៉ុន្មាន ចម្លើយ​ថា ឫទ្ធិ មាន ១០។ ឫទ្ធិ មាន​ភូមិ ៤ មាន​បាទ ៤ មាន​បទ ៨ មាន​មូល ១៦។\n<br><span class=\"IncreaseIndent\">&nbsp;</span>[១៥១] ឫទ្ធិ ១០ តើ​ដូចម្តេច។ ឫទ្ធិ គឺ​ការ​អធិដ្ឋាន (អធិដ្ឋាន​ឥទ្ធិ) ១ ឫទ្ធិ គឺ​ការ​ធ្វើឲ្យ​ប្លែក (វិ​កុ​ព្វ​នឥទ្ធិ) ១ ឫទ្ធិ សម្រេច​អំពី​ចិត្ត (មនោ​មយ​ឥទ្ធិ) ១ ឫទ្ធិ គឺ​ការផ្សាយ​ចេញ​នៃ​ញាណ (ញាណ​វិ​បា្ផរ​ឥទ្ធិ) ១ ឫទ្ធិ គឺ​ការផ្សាយ​ចេញ​នៃ​សមាធិ (សមាធិ​វិ​បា្ផរ​ឥទ្ធិ) ១ ឫទ្ធិ គឺ​ភាព​អ្នក​ខ្ពង់ខ្ពស់ (អរិយ​ឥទ្ធិ) ១ ឫទ្ធិ កើតអំពី​ផលកម្ម (កម្មវិបាក​ជឥទ្ធិ) ១ ឫទ្ធិ​របស់​បុគ្គល​អ្នកមាន​បុណ្យ (បុញ្ញវន្ត​ឥទ្ធិ) ១ ឫទ្ធិ​សម្រេច​អំពី​វិជ្ជា (វិជ្ជា​មយ​ឥទ្ធិ) ១ ឫទ្ធិ ដោយ​អត្ថ​ថាស​ម្រេច ព្រោះ​បច្ច័យ​នៃ​ការ​ប្រកប​ត្រូវ​ក្នុង​កិច្ច​នោះ ៗ (ឥជ្ឈ​នដ្ឋ​ឥទ្ធិ) ១។\n<br><span class=\"IncreaseIndent\">&nbsp;</span>[១៥២] ឫទ្ធិ​មាន​ភូមិ ៤ តើ​ដូចម្តេច។ ភូមិ​ជាទី​កើត​នៃ​វិវេក គឺ​បឋមជ្ឈាន ១ ភូមិ​ជាទី​កើត​នៃ​បីតិ និង​សុខៈ គឺ​ទុតិយជ្ឈាន ១ ភូមិ​ជាទី​កើត​នៃ​ឧបេក្ខា និង​សុខៈ គឺ តតិយជ្ឈាន ១ ភូមិ​ជាទី​កើត​នៃ​វេទនា​មិន​ទុក្ខ​មិនសុខ"
    },
    {
      "header": "សុត្តន្តបិដក\nខុទ្ទកនិកាយ  បដិសម្ភិទាមគ្គ\nទុតិយភាគ",
      "href": "http://ti-kh.org/books?book=71&page=286",
      "text": "អភិសមយកថា",
      "detail": "<p class=\"BCenter\">បញ្ញា​វគ្គ អភិ​សមយ​កថា</p>\n<br><span class=\"IncreaseIndent\">&nbsp;</span>[១៦៦] សំនួរ​ត្រង់ ពាក្យ​ថា ការ​ត្រាស់​ដឹង តើ​បុគ្គល​ត្រាស់​ដឹង ដោយ​ធម្មជាត​អ្វី។ បុគ្គល​ត្រាស់​ដឹង​ដោយចិត្ត។ បើ​បុគ្គល​ត្រាស់​ដឹង​ដោយចិត្ត ដូច្នោះ បុគ្គល​មិន​មាន​ញាណ​ក៏​ត្រាស់​ដឹង។ បុគ្គល​មិន​មាន​ញាណ​មិន​ត្រាស់​ដឹង​ទេ ត្រាស់​ដឹង​តែ​ដោយ​ញាណ។ បើ​បុគ្គល​ត្រាស់​ដឹង​ដោយ​ញាណ ដូច្នោះ បុគ្គល​មិន​មានចិត្ត ក៏​ត្រាស់​ដឹង។ បុគ្គល​មិន​មានចិត្ត​មិន​ត្រាស់​ដឹង​ទេ ត្រាស់​ដឹង​ដោយចិត្ត​ផង ដោយ​ញាណ​ផង។ បើ​បុគ្គល​ត្រាស់​ដឹង​ដោយចិត្ត​ផង ដោយ​ញាណ​ផង ដូច្នោះ​បុគ្គល ត្រាស់​ដឹង​ដោយ​កាមាវចរចិត្ត​ផង ដោយ​ញាណ​ផង។ បុគ្គល​មិន​ត្រាស់​ដឹង​ដោយ​កាមាវចរចិត្ត​ផង ដោយ​ញាណ​ផង​ទេ។ ដូច្នោះ​បុគ្គល​ត្រាស់​ដឹង​ដោយ​រូបាវចរចិត្ត​ផង ដោយ​ញាណ​ផង។ បុគ្គល​មិន​ត្រាស់​ដឹង ដោយ​រូបាវចរចិត្ត​ផង ដោយ​ញាណ​ផង​ទេ។ ដូច្នោះ​បុគ្គល​ត្រាស់​ដឹង ដោយ​អរូបាវចរចិត្ត​ផង ដោយ​ញាណ​ផង។ បុគ្គល មិន​ត្រាស់​ដឹង​ដោយ​អរូបាវចរចិត្ត​ផង ដោយ​ញាណ​ផង​ទេ។"
    },
    {
      "header": "សុត្តន្តបិដក\nខុទ្ទកនិកាយ  បដិសម្ភិទាមគ្គ\nទុតិយភាគ",
      "href": "http://ti-kh.org/books?book=71&page=296",
      "text": "វិវេកកថា",
      "detail": "<p class=\"BCenter\">បញ្ញា​វគ្គ វិវេក​កថា\n<br>សាវត្ថី​និទាន</p>\n<br><span class=\"IncreaseIndent\">&nbsp;</span>[១៧២] ម្នាល​ភិក្ខុ​ទាំងឡាយ ការងារ​ទាំងឡាយ​ណាមួយ​ដែល​ត្រូវ​ធ្វើ​ដោយ​កំឡាំង ការងារ​ទាំងអស់​នោះ បុគ្គល​លុះតែ​អាស្រ័យ​ផែនដី ឈរ​លើ​ផែនដី ទើប​ធ្វើ​បាន ការងារ​ទាំងឡាយ ដែល​ត្រូវ​ធ្វើ​ដោយ​កំឡាំង​ទាំង​នុ៎ះ បុគ្គល​តែង​ធ្វើ​យ៉ាងនេះ មាន​ឧបមា​ដូចម្តេច​មិញ ម្នាល​ភិក្ខុ​ទាំងឡាយ មាន​ឧបមេយ្យ​ដូច ភិក្ខុ​លុះតែ​អាស្រ័យ​នូវ​សីល តាំងនៅ​ក្នុង​សីល​ហើយ ទើប​ចម្រើន​នូវ​មគ្គ​ប្រកបដោយ​អង្គ ៨ ដ៏​ប្រសើរ​បាន ទើប​ធ្វើឲ្យ​ច្រើន​នូវ​មគ្គ​ប្រកបដោយ​អង្គ ៨ ដ៏​ប្រសើរ​បាន។\n<br><span class=\"IncreaseIndent\">&nbsp;</span>[១៧៣] ម្នាល​ភិក្ខុ​ទាំងឡាយ ភិក្ខុ​លុះតែ​អាស្រ័យ​នូវ​សីល តាំងនៅ​ក្នុង​សីល​ហើយ ទើប​ចម្រើន​នូវ​មគ្គ​ប្រកបដោយ​អង្គ ៨ ដ៏​ប្រសើរ​បាន ទើប​ធ្វើឲ្យ​ច្រើន​នូវ​មគ្គ​ប្រកបដោយ​អង្គ ៨ ដ៏​ប្រសើរ​បាន តើ​ដូចម្តេច​ខ្លះ។ ម្នាល​ភិក្ខុ​ទាំងឡាយ ភិក្ខុ​ក្នុង​សាសនា​នេះ ចម្រើន​សម្មាទិដ្ឋិ ដែល​អាស្រ័យ​វិវេក អាស្រ័យ​វិ​រាគៈ អាស្រ័យ​និរោធ បង្អោន​ទៅ​ដើម្បី​លះ ចម្រើន​សម្មាសង្កប្បៈ ចម្រើន​សម្មាវាចា ចម្រើន​សម្មា​កម្មន្តៈ"
    },
    {
      "header": "សុត្តន្តបិដក\nខុទ្ទកនិកាយ  បដិសម្ភិទាមគ្គ\nទុតិយភាគ",
      "href": "http://ti-kh.org/books?book=71&page=309",
      "text": "ចរិយាកថា",
      "detail": "<p class=\"BCenter\">បញ្ញា​វគ្គ ចរិយា​កថា</p>\n<br><span class=\"IncreaseIndent\">&nbsp;</span>[១៨៦] ពាក្យ​ថា ចរិយា បាន​ដល់​ចរិយា ៨ គឺ ឥរិយាបថ​ចរិយា ១ អាយតន​ចរិយា ១ សតិ​ចរិយា ១ សមាធិ​ចរិយា ១ ញាណ​ចរិយា ១ មគ្គ​ចរិយា ១ បតិ្តច​រិយា ១ លោកត្ថចរិយា ១។\n<br><span class=\"IncreaseIndent\">&nbsp;</span>ការប្រព្រឹត្តិ​ក្នុង​ឥរិយាបថ​ទាំង ៤ ឈ្មោះថា​ឥរិយាបថ​ចរិយា។ ការប្រព្រឹត្តិ​ក្នុង​អាយតនៈ ៦ ទាំង​ខាងក្នុង និង​ខាងក្រៅ ឈ្មោះថា អាយតន​ចរិយា។ ការប្រព្រឹត្តិ​ក្នុង​សតិ​ប្ប​ដ្ឋាន ៤ ឈ្មោះថា សតិ​ចរិយា។ ការប្រព្រឹត្តិ​ក្នុង​ឈាន ៤ ឈ្មោះថា សមាធិ​ចរិយា។ ការប្រព្រឹត្តិ​ក្នុង​អរិយសច្ច ៤ ឈ្មោះថា​ញាណ​ចរិយា។ ការប្រព្រឹត្តិ​ក្នុង​អរិយសច្ច ៤ ឈ្មោះថា​មគ្គ​ចរិយា។ ការប្រព្រឹត្តិ​ក្នុង​សាមញ្ញ ៤ ឈ្មោះថា​បត្តិ​ចរិយា។ ការប្រព្រឹត្តិ​ក្នុង​ព្រះ​តថាគត​អរហន្ត​សម្មាសម្ពុទ្ធ​ទាំងឡាយ ក្នុង​ព្រះ​បច្ចេកពុទ្ធ ដោយ​ចំណែក​ខ្លះ ក្នុង​សាវ័ក​ទាំងឡាយ ដោយ​ចំណែក​ខ្លះ ឈ្មោះថា​លោកត្ថចរិយា។"
    },
    {
      "header": "សុត្តន្តបិដក\nខុទ្ទកនិកាយ  បដិសម្ភិទាមគ្គ\nទុតិយភាគ",
      "href": "http://ti-kh.org/books?book=71&page=312",
      "text": "បាដិហារិយកថា",
      "detail": "<p class=\"BCenter\">បញ្ញា​វគ្គ បាដិហារិយ​កថា</p>\n<br><span class=\"IncreaseIndent\">&nbsp;</span>[១៨៩] ម្នាល​ភិក្ខុ​ទាំងឡាយ បាដិហារ្យ​នេះ មាន ៣។ បាដិហារិយ៍ ៣ គឺ​អ្វីខ្លះ គឺ​ឥទ្ធិ​ប្បា​ដិ​ហារ្យ ១ អាទេស​នា​បាដិហារ្យ ១ អនុសាសនី​បាដិហារ្យ ១។\n<br><span class=\"IncreaseIndent\">&nbsp;</span>[១៩០] ម្នាល​ភិក្ខុ​ទាំងឡាយ ឥទ្ធិ​ប្បា​ដិ​ហារ្យ តើ​ដូចម្តេច ម្នាល​ភិក្ខុ​ទាំងឡាយ បុគ្គល​ពួក​មួយ ក្នុង​លោក​នេះ សំដែង​នូវ​ឫទ្ធិ​បាន​ច្រើនប្រការ គឺ​មនុស្សម្នាក់ ធ្វើឲ្យ​ទៅជា​ច្រើន​នាក់​ក៏បាន មនុស្ស​ច្រើន​នាក់ ធ្វើឲ្យ​ទៅជា​ម្នាក់​វិញ​ក៏បាន ដើរ​ទំ​លុះ​ទៅកាន់​ទីវាល ទី​ខាងក្រៅ។បេ។ ញុំាង​អំណាច​ឲ្យ​ប្រព្រឹត្តទៅ​ទាំង​កាយ រហូតដល់​ព្រហ្មលោក​ក៏បាន ម្នាល​ភិក្ខុ​ទាំងឡាយ នេះ​ហៅថា ឥទ្ធិ​ប្បា​ដិ​ហារ្យ។\n<br><span class=\"IncreaseIndent\">&nbsp;</span>[១៩១] ម្នាល​ភិក្ខុ​ទាំងឡាយ អាទេស​នា​បាដិហារ្យ តើ​ដូចម្តេច ម្នាល​ភិក្ខុ​ទាំងឡាយ បុគ្គល​ពួក​មួយ ក្នុង​លោក​នេះ ទាយ​ដោយ​និមិត្ត​ថា មនោ​របស់​អ្នក យ៉ាងនេះ​ខ្លះ មនោ​របស់​អ្នក មាន​ប្រការ​ដូច្នេះ​ខ្លះ ចិត្ត​របស់​អ្នក​ដូច្នេះ​ខ្លះ បើ​បុគ្គល​នោះ​ទាយ​ឲ្យ​ច្រើន ការ​ទាយ​នោះ ក៏​នៅតែ​យ៉ាង"
    },
    {
      "header": "សុត្តន្តបិដក\nខុទ្ទកនិកាយ  បដិសម្ភិទាមគ្គ\nទុតិយភាគ",
      "href": "http://ti-kh.org/books?book=71&page=318",
      "text": "សមសីសកថា",
      "detail": "<p class=\"BCenter\">បញ្ញា​វគ្គ សម​សីស​កថា</p>\n<br><span class=\"IncreaseIndent\">&nbsp;</span>[១៩៤] បញ្ញា គឺ​ការ​មិន​តាំង​ឡើង ព្រោះ​ការ​ផ្តាច់ផ្តិល​ដោយ​ប្រពៃ ព្រោះ​ការ​រលត់​នៃ​ធម៌​ទាំងពួង ឈ្មោះថា សម​សីស​ដ្ឋ​ញ្ញាណ (ញាណ​ក្នុង​អត្ថ​ថា​ស្ងប់ និង​ជា​ប្រធាន)។\n<br><span class=\"IncreaseIndent\">&nbsp;</span>ពាក្យ​ថា ធម៌​ទាំងពួង បាន​ដល់​ខន្ធ ៥ អាយតនៈ ១២ ធាតុ ១៨ កុសលធម៌ អកុសលធម៌ អព្យាកតធម៌ កាមាវចរ​ធម៌ រូបាវចរ​ធម៌ អរូបាវចរ​ធម៌ អប​រិយា​បន្ន​ធម៌។\n<br><span class=\"IncreaseIndent\">&nbsp;</span>ពាក្យ​ថា ការ​ផ្តាច់ផ្តិល​ដោយ​ប្រពៃ អធិប្បាយ​ថា ផ្តាច់ផ្តិល​ដោយ​ប្រពៃ​នូវ​កាមច្ឆន្ទៈ​ដោយ​នេក្ខម្មៈ ផ្តាច់ផ្តិល​ដោយ​ប្រពៃ​នូវ​ព្យាបាទ ដោយ​មិន​មាន​ព្យាបាទ ផ្តាច់ផ្តិល​ដោយ​ប្រពៃ​នូវ​ថីនមិទ្ធៈ ដោយ​អាលោក​សញ្ញា ផ្តាច់ផ្តិល​ដោយ​ប្រពៃ​នូវ​ឧទ្ធច្ចៈ ដោយ​ការ​មិន​រាយមាយ ផ្តាច់ផ្តិល​ដោយ​ប្រពៃ​នូវ​វិចិកិច្ឆា ដោយ​ការកំណត់​នូវ​ធម៌ ផ្តាច់ផ្តិល​ដោយ​ប្រពៃ​នូវ​អវិជ្ជា ដោយ​ញាណ ផ្តាច់ផ្តិល​ដោយ​ប្រពៃ​នូវ​សេចក្តី​មិន​ត្រេកអ ដោយ​បា​មុ​ជ្ជៈ ផ្តាច់ផ្តិល​ដោយ​ប្រពៃ​នូវ​នី​វរ​ណៈ​ទាំងឡាយ ដោយ​បឋមជ្ឈាន។បេ។ ផ្តាច់ផ្តិល​ដោយ​ប្រពៃ​នូវ​កិលេស​ទាំងពួង ដោយ​អរហត្តមគ្គ។"
    },
    {
      "header": "សុត្តន្តបិដក\nខុទ្ទកនិកាយ  បដិសម្ភិទាមគ្គ\nទុតិយភាគ",
      "href": "http://ti-kh.org/books?book=71&page=321",
      "text": "សតិប្បដ្ឋានកថា",
      "detail": "<p class=\"BCenter\">បញ្ញា​វគ្គ សតិ​ប្ប​ដ្ឋាន​កថា\n<br>សាវត្ថី​បរិបុណ្ណ​និទាន</p>\n<br><span class=\"IncreaseIndent\">&nbsp;</span>[១៩៧] ម្នាល​ភិក្ខុ​ទាំងឡាយ សតិ​ប្ប​ដ្ឋាន​នេះ មាន ៤ សតិ​ប្ប​ដ្ឋាន ៤ តើ​អ្វីខ្លះ ម្នាល​ភិក្ខុ​ទាំងឡាយ ភិក្ខុ​ក្នុង​សាសនា​នេះ ជា​អ្នក​ពិចារណា​ឃើញ​នូវ​កាយ​ក្នុង​កាយ មាន​ព្យាយាម​ជា​គ្រឿង​ដុត​កំ​ដៅ​កិលេស ជា​អ្នកដឹងខ្លួន មានស្មារតី កម្ចាត់បង់​នូវ​អភិជ្ឈា និង​ទោមនស្ស​ក្នុង​លោក ១ ជា​អ្នក​ពិចារណា​ឃើញ​នូវ​វេទនា ក្នុង​វេទនា​ទាំងឡាយ។បេ។ ១ នូវ​ចិត្ត​ក្នុងចិត្ត ១ នូវ​ធម៌​ក្នុង​ធម៌​ទាំងឡាយ មាន​ព្យាយាម​ជា​គ្រឿង​ដុត​កំ​ដៅ​កិលេស ជា​អ្នកដឹងខ្លួន មានស្មារតី គប្បី​កម្ចាត់បង់​នូវ​អភិ​ជ្ឈាន និង​ទោមនស្ស​ក្នុង​លោក ១ ម្នាល​ភិក្ខុ​ទាំងឡាយ នេះឯង សតិ​ប្ប​ដ្ឋាន ៤។\n<br><span class=\"IncreaseIndent\">&nbsp;</span>[១៩៨] ជា​អ្នក​ពិចារណា​ឃើញ​នូវ​កាយ​ក្នុង​កាយ តើ​ដូចម្តេច។ បុគ្គល​ពួក​មួយ ក្នុង​លោក​នេះ ពិចារណា​ឃើញ​នូវ​ពួក​ដី ថា​មិន​ទៀង មិនមែន​ថា​ទៀង​ទេ ពិចារណា​ឃើញ​នូវ​ពួក​ដី ថា​ជា​ទុក្ខ មិនមែន​ថា​ជា​សុខ​ទេ ពិចារណា​ឃើញ​នូវ​ពួក​ដី ថា​មិនមែន​ខ្លួន មិនមែន​ថា​ជា​ខ្លួន​ទេ រមែង​នឿយណាយ មិន​រីករាយ​ទេ"
    },
    {
      "header": "សុត្តន្តបិដក\nខុទ្ទកនិកាយ  បដិសម្ភិទាមគ្គ\nទុតិយភាគ",
      "href": "http://ti-kh.org/books?book=71&page=329",
      "text": "វិបស្សនាកថា",
      "detail": "<p class=\"BCenter\">បញ្ញា​វគ្គ វិបស្សនា​កថា\n<br>សាវត្ថី​បរិបុណ្ណ​និទាន</p>\n<br><span class=\"IncreaseIndent\">&nbsp;</span>[២០២] ។បេ។ ម្នាល​ភិក្ខុ​ទាំងឡាយ ភិក្ខុ​នោះ​ឯង កាល​ពិចារណា​ឃើញ​នូវ​សង្ខារ​នីមួយ ថា​ទៀង នឹង​ប្រកបដោយ​អនុ​លោមិ​កខន្តី ពាក្យ​ដូច្នេះ​នុ៎ះ មិន​សម​ហេតុ​ទេ ភិក្ខុ​នោះ មិន​ប្រកបដោយ​អនុ​លោមិ​កខន្តី នឹង​ចុះ​កាន់​សម្មត្តនិយាម​ធម៌ ពាក្យ​ដូច្នេះ​នុ៎ះ មិន​សម​ហេតុ​ទេ ភិក្ខុ​នោះ​កាល​មិន​ចុះ​កាន់​សម្មត្តនិយាម​ធម៌ នឹង​ធ្វើឲ្យ​ជាក់ច្បាស់​នូវ​សោតាបត្តិផល ឬសកទាគាមិផល អនាគាមិផល អរហត្តផល ពាក្យ​ដូច្នេះ​នុ៎ះ មិន​សម​ហេតុ​ទេ ម្នាល​ភិក្ខុ​ទាំងឡាយ ភិក្ខុ​នោះ​ឯង កាល​ពិចារណា​ឃើញ​នូវ​សង្ខារ​ទាំងពួង ថា​មិន​ទៀង នឹង​ប្រកបដោយ​អនុ​លោមិ​កខន្តី ពាក្យ​ដូច្នេះ​នុ៎ះ ទើបសម​ហេតុ ភិក្ខុ​នោះ​ប្រកបដោយ​អនុ​លោមិ​កខន្តី នឹង​ចុះ​កាន់​សម្មត្តនិយាម​ធម៌ ពាក្យ​ដូច្នេះ​នុ៎ះ ទើបសម​ហេតុ ភិក្ខុ​នោះ កាល​ចុះ​កាន់​សម្មត្តនិយាម​ធម៌ នឹង​ធ្វើឲ្យ​ជាក់ច្បាស់​នូវ​សោតាបត្តិផល ឬសកទាគាមិផល អនាគាមិផល អរហត្តផល ពាក្យ​ដូច្នេះ​នុ៎ះ ទើបសម​ហេតុ។"
    },
    {
      "header": "សុត្តន្តបិដក\nខុទ្ទកនិកាយ  បដិសម្ភិទាមគ្គ\nទុតិយភាគ",
      "href": "http://ti-kh.org/books?book=71&page=345",
      "text": "មាតិកកថា",
      "detail": "<p class=\"BCenter\">បញ្ញា​វគ្គ មា​តិក​កថា</p>\n<br><span class=\"IncreaseIndent\">&nbsp;</span>[២០៨] ពាក្យ​ថា បុគ្គល​មិន​មាន​សេចក្តី​ស្រេកឃ្លាន រមែង​រួច បាន​ដល់​វិមោក្ខ វិជ្ជា​វិមុត្តិ អធិសីល អធិចិត្ត អធិប្បញ្ញា បស្ស​ទ្ធិ ញាណ ទស្សនៈ សុទ្ធិ នេក្ខម្មៈ និស្សរណៈ បវិវេក វោ​ស្ស​គ្គៈ ចរិយា ឈាន វិមោក្ខ ភាវនា អធិដ្ឋាន និង​ការរស់នៅ។\n<br><span class=\"IncreaseIndent\">&nbsp;</span>ពាក្យ​ថា មិន​មាន​សេចក្តី​ស្រេកឃ្លាន គឺ មិន​មាន​សេចក្តី​ស្រេកឃ្លាន រមែង​រួចចាក​កាមច្ឆន្ទៈ ដោយ​នេក្ខម្មៈ មិន​មាន​សេចក្តី​ស្រេកឃ្លាន រមែង​រួចចាក​ព្យាបាទ ដោយ​មិន​មាន​ព្យាបាទ។បេ។ មិន​មាន​សេចក្តី​ស្រេកឃ្លាន រមែង​រួចចាក​នី​វរ​ណៈ ដោយ​បឋមជ្ឈាន។បេ។ មិន​មាន​សេចក្តី​ស្រេកឃ្លាន រមែង​រួចចាក​កិលេស​ទាំងពួង ដោយ​អរហត្តមគ្គ។\n<br><span class=\"IncreaseIndent\">&nbsp;</span>ពាក្យ​ថា វិមោក្ខ សេចក្តី​ថា សភាវៈ​រួចចាក​កាមច្ឆន្ទៈ ដោយ​នេក្ខម្មៈ ហេតុ​នោះ ឈ្មោះថា​វិមោក្ខ សភាវៈ​រួចចាក​ព្យាបាទ ដោយ​មិន​មាន​ព្យាបាទ ហេតុ​នោះ ឈ្មោះថា​វិមោក្ខ។បេ។ សភាវៈ​រួចចាក​នី​វរ​ណៈ ដោយ​បឋមជ្ឈាន ហេតុ​នោះ ឈ្មោះថា វិមោក្ខ។បេ។ សភាវៈ​រួចចាក​កិលេស​ទាំងពួង ដោយ​អរហត្តមគ្គ ហេតុ​នោះ ឈ្មោះថា​វិមោក្ខ។"
    },
    {
      "header": "សុត្តន្តបិដក\nខុទ្ទកនិកាយ  បដិសម្ភិទាមគ្គ\nទុតិយភាគ",
      "href": "http://ti-kh.org/books?book=71&page=353",
      "text": "ឧទ្ទាន",
      "detail": "<div class=\"ContentTab\"><p class=\"BCenter\">ឧទ្ទាន​ក្នុង​បដិសម្ភិទា​បក​រណៈ​នោះ គឺ</p>\n<br>ញាណ ១ ទិដ្ឋិ ១ អស្សាសៈ ១ ឥន្រ្ទិយ ១ ជាគម្រប់ ៥ នឹង​វិមោក្ខ គតិ ១ កម្ម ១ វិបល្លាស ១ មគ្គ ១ ជាគម្រប់ ១០ នឹង​មណ្ឌៈ យុគ​នទ្ធៈ ១ សច្ចៈ ១ ពោជ្ឈង្គ ១ មេត្តា ១ ជាគម្រប់ ៥ នឹង​វិ​រាគៈ បដិសម្ភិទា ១ ធម្មចក្ក ១ លោ​កុត្ត​រៈ ១ ពលៈ ១ ជាគម្រប់ ១០ នឹង​សុញ្ញៈ បញ្ញា ១ ឥទ្ធិ ១ អភិ​សមយៈ ១ វិវេក ១ ជាគម្រប់ ៥ នឹង​ចរិយា បា​ដិ​ហា​រិយៈ ១ សម​សីសៈ ១ សតិ​ប្ប​ដ្ឋាន ១ វិបស្សនា ១ ជាគម្រប់ ១០ នឹង​មាតិកា។ វគ្គ​ទាំង ៣ </div>"
    }
  ]
}