{
  "title": "ភាគ ៩១",
  "imageSrc": "photos/Book_91.jpg",
  "href": "http://ti-kh.org/books?book=91",
  "contents": [
    {
      "header": "អភិធម្មបិដក\nយមកៈ  បញ្ចមភាគ\n\nចិត្តយមកៈ ទី ៨",
      "href": "http://ti-kh.org/books?book=91&page=1",
      "text": "បុគ្គលវារុទ្ទេស",
      "detail": "<p class=\"BCenter\">អភិធម្មបិដក\n<br>យម​កៈ បញ្ច​មភាគ</p>\n<br><p class=\"PCenter\">សូម​នមស្ការ ចំពោះ​ព្រះមានព្រះភាគ អរហន្ត សម្មាសម្ពុទ្ធ អង្គ​នោះ។</p>\n<br><p class=\"BCenter\">ចិត្ត​យម​កៈ ទី៨\n<br>បុគ្គល​វា​រុទ្ទេស</p>\n<br><span class=\"IncreaseIndent\">&nbsp;</span>[១] ចិត្ត​របស់​បុគ្គល​ណា រមែង​កើតឡើង រមែង​មិន​រលត់ ចិត្ត​របស់​បុគ្គល​នោះ នឹង​រលត់ នឹង​មិនកើត​ឡើង ឬក៏​ចិត្ត​របស់​បុគ្គល​ណា នឹង​រលត់ នឹង​មិនកើត​ឡើង ចិត្ត​របស់​បុគ្គល​នោះ រមែង​កើតឡើង រមែង​មិន​រលត់។ ចិត្ត​របស់​បុគ្គល​ណា រមែង​មិនកើត​ឡើង តែង​រលត់ ចិត្ត​របស់​បុគ្គល​នោះ នឹង​មិន​រលត់ នឹង​កើតឡើង ឬក៏​ចិត្ត​របស់​បុគ្គល​ណា នឹង​មិន​រលត់ នឹង​កើតឡើង ចិត្ត​របស់​បុគ្គល​នោះ រមែង​មិនកើត​ឡើង តែង​រលត់។\n<br><span class=\"IncreaseIndent\">&nbsp;</span>[២] ចិត្ត​របស់​បុគ្គល​ណា រមែង​កើតឡើង ចិត្ត​របស់​បុគ្គល​នោះ ឈ្មោះថា​កើតឡើង​ហើយ ឬក៏​ចិត្ត​របស់​បុគ្គល​ណា កើតឡើង​ហើយ ចិត្ត​របស់​បុគ្គល​នោះ រមែង​កើតឡើង។ ចិត្ត​របស់​បុគ្គល​ណា រមែង​មិនកើត​ឡើង ចិត្ត​របស់​បុគ្គល​នោះ ឈ្មោះថា មិនកើត​ឡើង​ហើយ ឬក៏​ចិត្ត​របស់​បុគ្គល​ណា មិនកើត​ឡើង​ហើយ ចិត្ត​របស់​បុគ្គល​នោះ ឈ្មោះថា រមែង​មិនកើត​ឡើង។"
    },
    {
      "header": "អភិធម្មបិដក\nយមកៈ  បញ្ចមភាគ\n\nចិត្តយមកៈ ទី ៨",
      "href": "http://ti-kh.org/books?book=91&page=7",
      "text": "ធម្មវារុទ្ទេស",
      "detail": "ចិត្ត​មិន​រលត់​ហើយ (ក៏​មាន) កាល​មិន​រលត់ (ក៏​មាន) ចិត្ត កាល​មិន​រលត់ (ក៏​មាន) មិន​រលត់​ហើយ (ក៏​មាន)។\n<br><span class=\"IncreaseIndent\">&nbsp;</span>[១៤] ចិត្ត​របស់​បុគ្គល​ណា កាល​កើតឡើង ជា​ចិត្ត​កន្លង​នូវ​ខណៈ​ទាំងពួង<sup>(១)</sup> ឈ្មោះថា មានកាល​កន្លង​ហើយ ចិត្ត​របស់​បុគ្គល​នោះ កាល​នឹង​រលត់ ជា​ចិត្ត​កន្លង​នូវ​ខណៈ​ទាំងពួង<sup>(២)</sup> ឈ្មោះថា មានកាល​កន្លង​ហើយ ឬក៏​ចិត្ត​របស់​បុគ្គល​ណា កាល​នឹង​រលត់ ជា​ចិត្ត​កន្លង​នូវ​ខណៈ​ទាំងពួង ឈ្មោះថា មានកាល​កន្លង​ហើយ ចិត្ត​របស់​បុគ្គល​នោះ ជា​ចិត្ត​កន្លង​នូវ​ខណៈ​ទាំងពួង ឈ្មោះថា មានកាល​កន្លង​ហើយ។ ចិត្ត​របស់​បុគ្គល​ណា កាល​មិនទាន់​កើតឡើង ជា​ចិត្ត​កន្លង​នូវ​ខណៈ​ទាំងពួង ឈ្មោះថា មានកាល​កន្លង​ហើយ ចិត្ត​របស់​បុគ្គល​នោះ កាល​មិនទាន់​រលត់ ជា​ចិត្ត​កន្លង​នូវ​ខណៈ​ទាំងពួង ឈ្មោះថា មានកាល​កន្លង​ហើយ ឬក៏​ចិត្ត​របស់​បុគ្គល​ណា កាល​មិនទាន់​រលត់ ជា​ចិត្ត​កន្លង​នូវ​ខណៈ​ទាំងពួង ឈ្មោះថា មានកាល​កន្លង​ហើយ ចិត្ត​របស់​បុគ្គល​នោះ កាល​មិនទាន់​កើតឡើង ជា​ចិត្ត​កន្លង​នូវ​ខណៈ​ទាំងពួង ឈ្មោះថា មានកាល​កន្លង​ហើយ។\n<br>ធម្ម​វា​រុទ្ទេស\n<br><span class=\"IncreaseIndent\">&nbsp;</span>[១៥] ចិត្ត​ណា រមែង​កើតឡើង មិន​រលត់ ចិត្ត​នោះ នឹង​រលត់ នឹង​មិនកើត​ឡើង ឬក៏​ចិត្ត​ណា នឹង​រលត់ នឹង​មិនកើត​ឡើង ចិត្ត​នោះ<hr><div style=\"font-size: 14px\">(១) បាន​ដល់​ឧប្បាទ​ក្ខ​ណៈ។ អដ្ឋកថា។ (២) បាន​ដល់​និ​រោ​ធក្ខ​ណៈ។ អដ្ឋកថា។</div>"
    },
    {
      "header": "អភិធម្មបិដក\nយមកៈ  បញ្ចមភាគ\n\nចិត្តយមកៈ ទី ៨",
      "href": "http://ti-kh.org/books?book=91&page=13",
      "text": "បុគ្គលធម្មវារុទ្ទេស",
      "detail": "ឈ្មោះថា មានកាល​កន្លង​ហើយ ចិត្ត​នោះ កាល​មិនកើត​ឡើង ជា​ចិត្ត​កន្លង​នូវ​ខណៈ​ទាំងពួង ឈ្មោះថា មានកាល​កន្លង​ហើយ។\n<br>បុគ្គល​ធម្ម​វា​រុទ្ទេស\n<br><span class=\"IncreaseIndent\">&nbsp;</span>[២៩] ចិត្ត​ណា របស់​បុគ្គល​ណា រមែង​កើតឡើង រមែង​មិន​រលត់ ចិត្ត​នោះ របស់​បុគ្គល​នោះ ឈ្មោះថា នឹង​រលត់ នឹង​មិនកើត​ឡើង ឬក៏​ចិត្ត​ណា របស់​បុគ្គល​ណា នឹង​រលត់ នឹង​មិនកើត​ឡើង ចិត្ត​នោះ របស់​បុគ្គល​នោះ ឈ្មោះថា រមែង​កើតឡើង រមែង​មិន​រលត់។ ចិត្ត​ណា របស់​បុគ្គល​ណា រមែង​មិនកើត​ឡើង រមែង​រលត់ ចិត្ត​នោះ របស់​បុគ្គល​នោះ ឈ្មោះថា នឹង​មិន​រលត់ នឹង​កើតឡើង ឬក៏​ចិត្ត​ណា របស់​បុគ្គល​ណា នឹង​មិន​រលត់ នឹង​កើតឡើង ចិត្ត​នោះ របស់​បុគ្គល​នោះ ឈ្មោះថា រមែង​មិនកើត​ឡើង រមែង​រលត់។\n<br><span class=\"IncreaseIndent\">&nbsp;</span>[៣០] ចិត្ត​ណា របស់​បុគ្គល​ណា រមែង​កើតឡើង ចិត្ត​នោះ របស់​បុគ្គល​នោះ ឈ្មោះថា កើតឡើង​ហើយ ឬក៏​ចិត្ត​ណា របស់​បុគ្គល​ណា កើតឡើង​ហើយ ចិត្ត​នោះ របស់​បុគ្គល​នោះ ឈ្មោះថា រមែង​កើតឡើង។ ចិត្ត​ណា របស់​បុគ្គល​ណា រមែង​មិនកើត​ឡើង ចិត្ត​នោះ របស់​បុគ្គល​នោះ ឈ្មោះថា រមែង​កើតឡើង។ ចិត្ត​ណា របស់​បុគ្គល​ណា រមែង​មិនកើត​ឡើង ចិត្ត​នោះ របស់​បុគ្គល​នោះ ឈ្មោះថា មិនកើត​ឡើង​ហើយ ឬក៏​ចិត្ត​ណា របស់​បុគ្គល​ណា មិនកើត​ឡើង​ហើយ ចិត្ត​នោះ របស់​បុគ្គល​នោះ ឈ្មោះថា រមែង​មិនកើត​ឡើង។"
    },
    {
      "header": "អភិធម្មបិដក\nយមកៈ  បញ្ចមភាគ\n\nចិត្តយមកៈ ទី ៨",
      "href": "http://ti-kh.org/books?book=91&page=20",
      "text": "មិស្សកវារុទ្ទេស",
      "detail": "នូវ​ខណៈ​ទាំងពួង ឈ្មោះថា មានកាល​កន្លង​ហើយ ចិត្ត​នោះ របស់​បុគ្គល​នោះ កាល​រលត់ ជា​ចិត្ត​កន្លង​នូវ​ខណៈ​ទាំងពួង ឈ្មោះថា មានកាល​កន្លង​ហើយ ឬក៏​ចិត្ត​ណា របស់​បុគ្គល​ណា កាល​រលត់ ជា​ចិត្ត​កន្លង​នូវ​ខណៈ​ទាំងពួង ឈ្មោះថា មានកាល​កន្លង​ហើយ ចិត្ត​នោះ របស់​បុគ្គល​នោះ កាល​កើតឡើង ជា​ចិត្ត​កន្លង​នូវ​ខណៈ​ទាំងពួង ឈ្មោះថា មានកាល​កន្លង​ហើយ។ ចិត្ត​ណា របស់​បុគ្គល​ណា កាល​មិនកើត​ឡើង ជា​ចិត្ត​កន្លង​នូវ​ខណៈ​ទាំងពួង ឈ្មោះថា មានកាល​កន្លង​ហើយ ចិត្ត​នោះ របស់​បុគ្គល​នោះ កាល​មិន​រលត់ ជា​ចិត្ត​កន្លង​នូវ​ខណៈ​ទាំងពួង ឈ្មោះថា មានកាល​កន្លង​ហើយ ឬក៏​ចិត្ត​ណា របស់​បុគ្គល​ណា កាល​មិន​រលត់ ជា​ចិត្ត​កន្លង​នូវ​ខណៈ​ទាំងពួង ឈ្មោះថា មានកាល​កន្លង​ហើយ ចិត្ត​នោះ របស់​បុគ្គល​នោះ កាល​មិនកើត​ឡើង ជា​ចិត្ត​កន្លង​នូវ​ខណៈ​ទាំងពួង ឈ្មោះថា មានកាល​កន្លង​ហើយ។\n<br>មិស្ស​កវា​រុទ្ទស\n<br><span class=\"IncreaseIndent\">&nbsp;</span>[៤៣] ចិត្ត​ប្រកបដោយ​រាគៈ របស់​បុគ្គល​ណា រមែង​កើតឡើង ចិត្ត​ប្រាសចាក​រាគៈ របស់​បុគ្គល​ណា រមែង​កើតឡើង ចិត្ត​ប្រកបដោយ​ទោសៈ របស់​បុគ្គល​ណា រមែង​កើតឡើង ចិត្ត​ប្រាសចាក​ទោសៈ របស់​បុគ្គល​ណា រមែង​កើតឡើង ចិត្ត​ប្រកបដោយ​មោហៈ របស់​បុគ្គល​ណា រមែង​កើតឡើង ចិត្ត​ប្រាសចាក​មោហៈ របស់​បុគ្គល​ណា"
    },
    {
      "header": "អភិធម្មបិដក\nយមកៈ  បញ្ចមភាគ\n\nចិត្តយមកៈ ទី ៨",
      "href": "http://ti-kh.org/books?book=91&page=22",
      "text": "បុគ្គលវារនិទ្ទេស",
      "detail": "<p class=\"BCenter\">បុគ្គល​វារ​និទ្ទេស</p>\n<br><span class=\"IncreaseIndent\">&nbsp;</span>[៤៤] សួ​រៈ ចិត្ត​របស់​បុគ្គល​ណា រមែង​កើតឡើង រមែង​មិន​រលត់ ចិត្ត​របស់​បុគ្គល​នោះ នឹង​រលត់ នឹង​មិនកើត​ឡើង​ទេ​ឬ។ ឆ្លើយ ចិត្ត​របស់​ពួក​ជន​នោះ រមែង​កើតឡើង រមែង​មិន​រលត់ នឹង​រលត់ នឹង​មិនកើត​ឡើង ក្នុង​ឧប្បាទ​ក្ខ​ណៈ (ខណៈ​ជាទី​កើត) នៃ​បច្ឆិម​ចិត្ត ឯចិត្ត​របស់​ពួក​ជន​នោះ ក្រៅ​នេះ រមែង​កើតឡើង រមែង​មិន​រលត់ នឹង​រលត់​ផង នឹង​កើតឡើង​ផង ក្នុង​ឧប្បាទ​ក្ខ​ណៈ​នៃ​ចិត្ត។ ម្យ៉ាងទៀត ចិត្ត​របស់​បុគ្គល​ណា នឹង​រលត់ នឹង​មិនកើត​ឡើង ចិត្ត​របស់​បុគ្គល​នោះ រមែង​កើតឡើង រមែង​មិន​រលត់​មែន​ឬ។ អើ។ ចិត្ត​របស់​បុគ្គល​ណា រមែង​មិនកើត​ឡើង រមែង​រលត់ ចិត្ត​របស់​បុគ្គល​នោះ នឹង​មិន​រលត់ នឹង​កើតឡើង​ឬ។ មិនមែនទេ។ ម្យ៉ាងទៀត ចិត្ត​របស់​បុគ្គល​ណា នឹង​មិន​រលត់ នឹង​កើតឡើង ចិត្ត​របស់​បុគ្គល​នោះ រមែង​មិនកើត​ឡើង រមែង​រលត់​ឬ។ មិន​មាន​ទេ។\n<br><span class=\"IncreaseIndent\">&nbsp;</span>[៤៥] ចិត្ត​របស់​បុគ្គល​ណា រមែង​កើតឡើង ចិត្ត​របស់​បុគ្គល​នោះ ឈ្មោះថា កើតឡើង​ហើយ​ឬ។ អើ។ ម្យ៉ាងទៀត ចិត្ត​របស់​បុគ្គល​ណា កើតឡើង​ហើយ ចិត្ត​របស់​បុគ្គល​នោះ រមែង​កើតឡើង​ឬ។ ចិត្ត​របស់​ពួក​ជន​នោះ កើតឡើង​ហើយ ក្នុង​ភង្គ​ក្ខ​ណៈ (ខណៈ​ជាទី​បែកធ្លាយ) នៃ​ចិត្ត តែ​ចិត្ត​របស់​ពួក​ជន​នោះ រមែង​មិនកើត​ឡើង​ទេ ចិត្ត​របស់​ពួក​ជន​នោះ កើតឡើង​ហើយ​ផង រមែង​កើតឡើង​ផង ក្នុង​ឧប្បាទ​ក្ខ​ណៈ​នៃ​ចិត្ត។"
    },
    {
      "header": "អភិធម្មបិដក\nយមកៈ  បញ្ចមភាគ\n\nចិត្តយមកៈ ទី ៨",
      "href": "http://ti-kh.org/books?book=91&page=35",
      "text": "ធម្មវារនិទ្ទេស",
      "detail": "<p class=\"BCenter\">ធម្ម​វារ​និទ្ទេស</p>\n<br><span class=\"IncreaseIndent\">&nbsp;</span>[៥៨] ចិត្ត​ណា រមែង​កើតឡើង រមែង​មិន​រលត់ ចិត្ត​នោះ នឹង​រលត់ នឹង​មិនកើត​ឡើង​ទេ​ឬ។ អើ។ ម្យ៉ាងទៀត ចិត្ត​ណា នឹង​រលត់ នឹង​មិនកើត​ឡើង ចិត្ត​នោះ រមែង​កើតឡើង រមែង​មិន​រលត់​ទេ​ឬ។ អើ។ ចិត្ត​ណា រមែង​មិនកើត​ឡើង រមែង​រលត់ ចិត្ត​នោះ នឹង​មិន​រលត់ នឹង​កើតឡើង​ឬ។ មិនមែនទេ។ ម្យ៉ាងទៀត ចិត្ត​ណា នឹង​មិន​រលត់ នឹង​កើតឡើង ចិត្ត​នោះ រមែង​មិនកើត​ឡើង រមែង​រលត់​ឬ។ មិន​មាន​ទេ។\n<br><span class=\"IncreaseIndent\">&nbsp;</span>[៥៩] ចិត្ត​ណា រមែង​កើតឡើង ចិត្ត​នោះ ឈ្មោះថា កើតឡើង​ហើយ​ឬ។ អើ។ ម្យ៉ាងទៀត ចិត្ត​ណា កើតឡើង​ហើយ ចិត្ត​នោះ រមែង​កើតឡើង​ឬ។ ចិត្ត​កើតឡើង​ហើយ ក្នុង​ភង្គ​ក្ខ​ណៈ តែ​ចិត្ត​នោះ រមែង​កើតឡើង ក៏​មិនមែន ចិត្ត​កើតឡើង​ហើយ​ផង រមែង​កើតឡើង​ផង ក្នុង​ឧប្បាទ​ក្ខ​ណៈ។ ចិត្ត​ណា រមែង​មិនកើត​ឡើង ចិត្ត​នោះ មិនកើត​ឡើង​ហើយ​ឬ។ ចិត្ត​រមែង​មិនកើត​ឡើង​ក្នុង​ភង្គ​ក្ខ​ណៈ តែ​ចិត្ត​នោះ មិនកើត​ឡើង​ហើយ ក៏​មិនមែន គឺ​ចិត្តជា​អតីត និង​អនាគត រមែង​មិនកើត​ឡើង​ផង មិនកើត​ឡើង​ហើយ​ផង។ ម្យ៉ាងទៀត ចិត្ត​ណា មិនកើត​ឡើង​ហើយ ចិត្ត​នោះ រមែង​មិនកើត​ឡើង​ឬ។ អើ។\n<br><span class=\"IncreaseIndent\">&nbsp;</span>[៦០] ចិត្ត​ណា រមែង​រលត់ ចិត្ត​នោះ ឈ្មោះថា កើតឡើង​ហើយ​ឬ។ អើ។ ម្យ៉ាងទៀត ចិត្ត​ណា កើតឡើង​ហើយ ចិត្ត​នោះ"
    },
    {
      "header": "អភិធម្មបិដក\nយមកៈ  បញ្ចមភាគ\n\nចិត្តយមកៈ ទី ៨",
      "href": "http://ti-kh.org/books?book=91&page=45",
      "text": "បុគ្គលធម្មវារនិទ្ទេស",
      "detail": "ចិត្ត​ក្នុង​ភង្គ​ក្ខ​ណៈ កន្លង​នូវ​ឧប្បាទ​ក្ខ​ណៈ មិន​កន្លង​នូវ​ភង្គ​ក្ខ​ណៈ​ទេ ចិត្តជា​អតីត ទើប​ជា​ចិត្ត​កន្លង​នូវ​ឧប្បាទ​ក្ខ​ណៈ​ផង កន្លង​នូវ​ភង្គ​ក្ខ​ណៈ​ផង។ ម្យ៉ាងទៀត ចិត្ត​ណា កាល​រលត់ ជា​ចិត្ត​កន្លង​នូវ​ខណៈ​ទាំងពួង ឈ្មោះថា មានកាល​កន្លង​ហើយ ចិត្ត​នោះ កាល​នឹង​កើតឡើង ជា​ចិត្ត​កន្លង​នូវ​ខណៈ​ទាំងពួង ឈ្មោះថា មានកាល​កន្លង​ហើយ​ឬ។ ចិត្ត​កន្លង​ហើយ។ ចិត្ត​ណា កាល​មិនកើត​ឡើង ជា​ចិត្ត​កន្លង​នូវ​ខណៈ​ទាំងពួង ឈ្មោះថា មានកាល​កន្លង​ហើយ ចិត្ត​នោះ កាល​មិន​រលត់ ជា​ចិត្ត​កន្លង​នូវ​ខណៈ​ទាំងពួង ឈ្មោះថា មានកាល​កន្លង​ហើយ​ឬ។ ចំណែកខាង​ចិត្ត ក្នុង​ឧប្បាទ​ក្ខ​ណៈ មិនទាន់​មកដល់​ទេ។ ម្យ៉ាងទៀត ចិត្ត​ណា កាល​មិន​រលត់ ជា​ចិត្ត​កន្លង​នូវ​ខណៈ​ទាំងពួង ឈ្មោះថា មានកាល​កន្លង​ហើយ ចិត្ត​នោះ កាល​មិនកើត​ឡើង ជា​ចិត្ត​កន្លង​នូវ​ខណៈ​ទាំងពួង ឈ្មោះថា មានកាល​កន្លង​ហើយ​ឬ។ ចិត្ត​ក្នុង​ភង្គ​ក្ខ​ណៈ មិន​កន្លង​នូវ​ភង្គ​ក្ខ​ណៈ​ទេ តែ​មិន​កន្លង​នូវ​ឧប្បាទ​ក្ខ​ណៈ ក៏​មិនមែន ចំណែកខាង​ចិត្តជា​អនាគត ក្នុង​ឧប្បាទ​ក្ខ​ណៈ ទើប​ជា​ចិត្ត​មិន​កន្លង​នូវ​ភង្គ​ក្ខ​ណៈ​ផង មិន​កន្លង​នូវ​ឧប្បាទ​ក្ខ​ណៈ​ផង។\n<br>បុគ្គល​ធម្ម​វារ​និទ្ទេស\n<br><span class=\"IncreaseIndent\">&nbsp;</span>[៧២] ចិត្ត​ណា របស់​បុគ្គល​ណា រមែង​កើតឡើង រមែង​មិន​រលត់ ចិត្ត​នោះ របស់​បុគ្គល​នោះ នឹង​រលត់ នឹង​មិនកើត​ឡើង​ឬ។ អើ។"
    },
    {
      "header": "អភិធម្មបិដក\nយមកៈ  បញ្ចមភាគ\n\nចិត្តយមកៈ ទី ៨",
      "href": "http://ti-kh.org/books?book=91&page=51",
      "text": "មិស្សកវារនិទ្ទេស",
      "detail": "មិនមែនទេ។ ចិត្ត​ណា របស់​បុគ្គល​ណា មិនធ្លាប់​រលត់​ហើយ ចិត្ត​នោះ របស់​បុគ្គល​នោះ នឹង​មិន​រលត់​ទេ​ឬ។ ចិត្តជា​អនាគត ក្នុង​ឧប្បាទ​ក្ខ​ណៈ មិនធ្លាប់​រលត់​ហើយ តែ​ចិត្ត​នោះ របស់​បុគ្គល​នោះ នឹង​មិន​រលត់ ក៏​មិនមែន ចិត្ត​ក្នុង​ភង្គ​ក្ខ​ណៈ មិនធ្លាប់​រលត់​ហើយ​ផង នឹង​មិន​រលត់​ផង។ ម្យ៉ាងទៀត ចិត្ត​ណា របស់​បុគ្គល​ណា នឹង​មិន​រលត់ ចិត្ត​នោះ របស់​បុគ្គល​នោះ មិនធ្លាប់​រលត់​ហើយ​ទេ​ឬ។ ចិត្តជា​អតីត នឹង​មិន​រលត់​ទេ តែ​ចិត្ត​នោះ របស់​បុគ្គល​នោះ មិនធ្លាប់​រលត់​ហើយ ក៏​មិនមែន ចិត្ត​ក្នុង​ភង្គ​ក្ខ​ណៈ នឹង​មិន​រលត់​ផង មិនធ្លាប់​រលត់​ហើយ​ផង។\n<br>មិស្ស​កវារ​និទ្ទេស\n<br><span class=\"IncreaseIndent\">&nbsp;</span>[៧៧] យស្ស​ចិត្ត​កន័យ (ន័យ​ដែល​និយាយ​អំពី​ចិត្ត របស់​បុគ្គល​ណា) គឺ​លោក​សំដែង​ហើយ តាម​ភាព​របស់​ខ្លួន យំ​ចិត្ត​កន័យ (ន័យ​ដែល​និយាយ​អំពី​ចិត្ត​ណា) ក្ដី យស្ស​យំ​ចិត្ត​កន័យ (ន័យ​និយាយ​អំពី​ចិត្ត​របស់​បុគ្គល​ណា និង​ចិត្ត​ណា) ក្តី គឺ​លោក​សំដែង​ហើយ ដោយ​សេចក្តី​តែមួយ។ ចិត្ត​ប្រកបដោយ​រាគៈ​របស់​បុគ្គល​ណា។បេ។ ពួក​ធម៌​ជាកុសល ពួក​ធម៌​ជាអកុសល ពួក​ធម៌​ជា​អព្យាក្រឹត ពួក​ធម៌​ដែល​ប្រកបដោយ​សុខវេទនា ពួក​ធម៌​ដែល​ប្រកបដោយ​ទុក្ខវេទនា ពួក​ធម៌​ដែល​ប្រកបដោយ​អទុ​ក្ខម​សុខវេទនា។បេ។"
    },
    {
      "header": "ធម្មយមកៈ",
      "href": "http://ti-kh.org/books?book=91&page=53",
      "text": "បណ្ណត្តិវារៈ",
      "detail": "<p class=\"BCenter\">ធម្ម​យម​កៈ\n<br>បណ្ណ​ត្តិ​វារៈ\n<br>ឧទ្ទេស​វារៈ</p>\n<br><span class=\"IncreaseIndent\">&nbsp;</span>[៧៨] ពួក​កុសល ឈ្មោះថា កុសលធម៌ ពួក​កុសលធម៌ ឈ្មោះថា​កុសល។ ពួក​អកុសល ឈ្មោះថា អកុសលធម៌ ពួក​អកុសលធម៌ ឈ្មោះថា​អកុសល។ ពួក​អព្យាកតៈ ឈ្មោះថា​អព្យាកតធម៌ ពួក​អព្យាកតធម៌ ឈ្មោះថា អព្យាកតៈ។\n<br><span class=\"IncreaseIndent\">&nbsp;</span>[៧៩] មិនមែន​កុសល ឈ្មោះថា មិនមែន​កុសលធម៌ មិនមែន​កុសលធម៌ ឈ្មោះថា មិនមែន​កុសល។ មិនមែន​អកុសល ឈ្មោះថា មិនមែន​អកុសលធម៌ មិនមែន​អកុសលធម៌ ឈ្មោះថា មិនមែន​អកុសល។ មិនមែន​អព្យាកតៈ ឈ្មោះថា មិនមែន​អព្យាកតធម៌ មិនមែន​អព្យាកតធម៌ ឈ្មោះថា មិនមែន​អព្យាកតៈ។\n<br><span class=\"IncreaseIndent\">&nbsp;</span>[៨០] ពួក​កុសល ឈ្មោះថា​កុសលធម៌ ពួក​ធម៌ ឈ្មោះថា អកុសលធម៌។ ពួក​កុសល ឈ្មោះថា​កុសលធម៌ ពួក​ធម៌ ឈ្មោះថា​អព្យាកតធម៌។ ពួក​អកុសល ឈ្មោះថា អកុសលធម៌ ពួក​ធម៌ ឈ្មោះថា​កុសលធម៌។ ពួក​អកុសល ឈ្មោះថា​អកុសលធម៌ ពួក​ធម៌ ឈ្មោះថា​អព្យាកតធម៌។ ពួក​អព្យាកតៈ ឈ្មោះថា អព្យាកតធម៌ ពួក​ធម៌ ឈ្មោះថា​កុសលធម៌។ ពួក​អព្យាកតៈ ឈ្មោះថា​អព្យាកតធម៌ ពួក​ធម៌ ឈ្មោះថា អកុសលធម៌។"
    },
    {
      "header": "ធម្មយមកៈ",
      "href": "http://ti-kh.org/books?book=91&page=253",
      "text": "ឧទ្ទេសវារៈ"
    },
    {
      "header": "ធម្មយមកៈ",
      "href": "http://ti-kh.org/books?book=91&page=55",
      "text": "និទ្ទេសវារៈ",
      "detail": "ពួក​ធម៌ ឈ្មោះថា​កុសល។ ពួក​អកុសល ឈ្មោះថា​ធម៌ ពួក​ធម៌ ឈ្មោះថា​អព្យាកតៈ។ ពួក​អព្យាកតៈ ឈ្មោះថា​ធម៌ ពួក​ធម៌ ឈ្មោះថា​កុសល។ ពួក​អព្យាកតៈ ឈ្មោះថា​ធម៌ ពួក​ធម៌ ឈ្មោះថា​អកុសល។\n<br><span class=\"IncreaseIndent\">&nbsp;</span>[៨៥] មិនមែន​កុសល ឈ្មោះថា​មិនមែន​ធម៌ មិនមែន​ធម៌ ឈ្មោះថា​មិនមែន​អកុសល។ មិនមែន​កុសល ឈ្មោះថា​មិនមែន​ធម៌ មិនមែន​ធម៌ ឈ្មោះថា​មិនមែន​អព្យាកតៈ។ មិនមែន​អកុសល ឈ្មោះថា​មិនមែន​ធម៌ មិនមែន​ធម៌ ឈ្មោះថា​មិនមែន​កុសល។ មិនមែន​អកុសល ឈ្មោះថា​មិនមែន​ធម៌ មិនមែន​ធម៌ ឈ្មោះថា​មិនមែន​អព្យាកតៈ។ មិនមែន​អព្យាកតៈ ឈ្មោះថា​មិនមែន​ធម៌ មិនមែន​ធម៌ ឈ្មោះថា​មិនមែន​កុសល។ មិនមែន​អព្យាកតៈ ឈ្មោះថា​មិនមែន​ធម៌ មិនមែន​ធម៌ ឈ្មោះថា​មិនមែន​អកុសល។\n<br><p class=\"PCenter\">ចប់ ឧទ្ទេស​វារៈ។</p>\n<br><p class=\"BCenter\">និទ្ទេសវារៈ</p>\n<br><span class=\"IncreaseIndent\">&nbsp;</span>[៨៦] សួ​រៈ ពួក​កុសល ឈ្មោះថា​កុសលធម៌​ឬ។ ឆ្លើយៈ អើ។ ពួក​កុសលធម៌ ឈ្មោះថា​កុសល​ឬ។ អើ។ ពួក​អកុសល ឈ្មោះថា​អកុសលធម៌​ឬ។ អើ។ ពួក​អកុសលធម៌ ឈ្មោះថា​អកុសល​ឬ។ អើ។ ពួក​អព្យាកតៈ ឈ្មោះថា​អព្យាកតធម៌​ឬ។ អើ។ ពួក​អព្យាកតធម៌ ឈ្មោះថា​អព្យាកតៈ​ឬ។ អើ។\n<br><span class=\"IncreaseIndent\">&nbsp;</span>[៨៧] មិនមែន​កុសល ឈ្មោះថា​មិនមែន​កុសលធម៌​ឬ។ អើ។ មិនមែន​កុសលធម៌ ឈ្មោះថា​មិនមែន​កុសល​ឬ។ អើ។"
    },
    {
      "header": "ធម្មយមកៈ",
      "href": "http://ti-kh.org/books?book=91&page=55",
      "text": "បទសោធនវារៈ",
      "detail": "ពួក​ធម៌ ឈ្មោះថា​កុសល។ ពួក​អកុសល ឈ្មោះថា​ធម៌ ពួក​ធម៌ ឈ្មោះថា​អព្យាកតៈ។ ពួក​អព្យាកតៈ ឈ្មោះថា​ធម៌ ពួក​ធម៌ ឈ្មោះថា​កុសល។ ពួក​អព្យាកតៈ ឈ្មោះថា​ធម៌ ពួក​ធម៌ ឈ្មោះថា​អកុសល។\n<br><span class=\"IncreaseIndent\">&nbsp;</span>[៨៥] មិនមែន​កុសល ឈ្មោះថា​មិនមែន​ធម៌ មិនមែន​ធម៌ ឈ្មោះថា​មិនមែន​អកុសល។ មិនមែន​កុសល ឈ្មោះថា​មិនមែន​ធម៌ មិនមែន​ធម៌ ឈ្មោះថា​មិនមែន​អព្យាកតៈ។ មិនមែន​អកុសល ឈ្មោះថា​មិនមែន​ធម៌ មិនមែន​ធម៌ ឈ្មោះថា​មិនមែន​កុសល។ មិនមែន​អកុសល ឈ្មោះថា​មិនមែន​ធម៌ មិនមែន​ធម៌ ឈ្មោះថា​មិនមែន​អព្យាកតៈ។ មិនមែន​អព្យាកតៈ ឈ្មោះថា​មិនមែន​ធម៌ មិនមែន​ធម៌ ឈ្មោះថា​មិនមែន​កុសល។ មិនមែន​អព្យាកតៈ ឈ្មោះថា​មិនមែន​ធម៌ មិនមែន​ធម៌ ឈ្មោះថា​មិនមែន​អកុសល។\n<br><p class=\"PCenter\">ចប់ ឧទ្ទេស​វារៈ។</p>\n<br><p class=\"BCenter\">និទ្ទេសវារៈ</p>\n<br><span class=\"IncreaseIndent\">&nbsp;</span>[៨៦] សួ​រៈ ពួក​កុសល ឈ្មោះថា​កុសលធម៌​ឬ។ ឆ្លើយៈ អើ។ ពួក​កុសលធម៌ ឈ្មោះថា​កុសល​ឬ។ អើ។ ពួក​អកុសល ឈ្មោះថា​អកុសលធម៌​ឬ។ អើ។ ពួក​អកុសលធម៌ ឈ្មោះថា​អកុសល​ឬ។ អើ។ ពួក​អព្យាកតៈ ឈ្មោះថា​អព្យាកតធម៌​ឬ។ អើ។ ពួក​អព្យាកតធម៌ ឈ្មោះថា​អព្យាកតៈ​ឬ។ អើ។\n<br><span class=\"IncreaseIndent\">&nbsp;</span>[៨៧] មិនមែន​កុសល ឈ្មោះថា​មិនមែន​កុសលធម៌​ឬ។ អើ។ មិនមែន​កុសលធម៌ ឈ្មោះថា​មិនមែន​កុសល​ឬ។ អើ។"
    },
    {
      "header": "ធម្មយមកៈ",
      "href": "http://ti-kh.org/books?book=91&page=56",
      "text": "បទសោធនមូលចក្កវារៈ",
      "detail": "មិនមែន​អកុសល ឈ្មោះថា​មិនមែន​អកុសលធម៌​ឬ។ អើ។ មិនមែន​អកុសលធម៌ ឈ្មោះថា​មិនមែន​អកុសល​ឬ។ អើ។ មិនមែន​អព្យាកតៈ ឈ្មោះថា​មិនមែន​អព្យាកតធម៌​ឬ។ អើ។ មិនមែន​អព្យាកតធម៌ ឈ្មោះថា​មិនមែន​អព្យាកតៈ​ឬ។ អើ។\n<br><span class=\"IncreaseIndent\">&nbsp;</span>[៨៨] ពួក​កុសល ឈ្មោះថា​កុសលធម៌​ឬ។ អើ។ ពួក​ធម៌ ឈ្មោះថា​អកុសលធម៌​ឬ។ ពួក​អកុសលធម៌ ឈ្មោះថា​ធម៌​ផង អកុសលធម៌​ផង ពួក​ធម៌​ដ៏​សេស (ក្រៅពី​នេះ) ឈ្មោះថា​មិនមែន​អកុសលធម៌​ទេ។ ពួក​កុសល ឈ្មោះថា​កុសលធម៌​ឬ។ អើ។ ពួក​ធម៌ ឈ្មោះថា​អព្យាកតធម៌​ឬ។ ពួក​អព្យាកតធម៌ ឈ្មោះថា​ធម៌​ផង អព្យាកតធម៌​ផង ពួក​ធម៌​ដ៏​សេស ឈ្មោះថា​មិនមែន​អព្យាកតធម៌​ទេ។ ពួក​អកុសល ឈ្មោះថា អកុសលធម៌​ឬ។ អើ។ ពួក​ធម៌ ឈ្មោះថា​កុសលធម៌​ឬ។ ពួក​កុសលធម៌ ឈ្មោះថា​ធម៌​ផង កុសលធម៌​ផង ពួក​ធម៌​ដ៏​សេស ឈ្មោះថា​មិនមែន​កុសលធម៌​ទេ។ ពួក​អកុសល ឈ្មោះថា​អកុសលធម៌​ឬ។ អើ។ ពួក​ធម៌ ឈ្មោះថា​អព្យាកតធម៌​ឬ។ ពួក​អព្យាកតធម៌ ឈ្មោះថា​ធម៌​ផង អព្យាកតធម៌​ផង ពួក​ធម៌​ដ៏​សេស ឈ្មោះថា មិនមែន​អព្យាកតធម៌​ទេ។ ពួក​អព្យាកតៈ ឈ្មោះថា​អព្យាកតធម៌​ឬ។ អើ។"
    },
    {
      "header": "ធម្មយមកៈ",
      "href": "http://ti-kh.org/books?book=91&page=58",
      "text": "សុទ្ធធាតុវារៈ",
      "detail": "<span class=\"IncreaseIndent\">&nbsp;</span>[៩០] ពួក​កុសល ឈ្មោះថា​ធម៌​ឬ។ អើ។ ពួក​ធម៌ ឈ្មោះថា​កុសលធម៌​ឬ។ ពួក​កុសលធម៌ ឈ្មោះថា​ធម៌​ផង កុសលធម៌​ផង ពួក​ធម៌​ដ៏​សេស ឈ្មោះថា មិនមែន​កុសលធម៌​ទេ។ ពួក​អកុសល ឈ្មោះថា​ធម៌​ឬ។ អើ។ ពួក​ធម៌ ឈ្មោះថា អកុសលធម៌​ឬ។ ពួក​អកុសលធម៌ ឈ្មោះថា​ធម៌​ផង អកុសលធម៌​ផង ពួក​ធម៌​ដ៏​សេស ឈ្មោះថា មិនមែន​អកុសលធម៌​ទេ។ ពួក​អព្យាកតៈ ឈ្មោះថា​ធម៌​ឬ។ អើ។ ពួក​ធម៌ ឈ្មោះថា អព្យាកតធម៌​ឬ។ ពួក​អព្យាកតធម៌ ឈ្មោះថា​ធម៌​ផង អព្យាកតធម៌​ផង ពួក​ធម៌​ដ៏​សេស ឈ្មោះថា មិន​អព្យាកតធម៌​ទេ។\n<br><span class=\"IncreaseIndent\">&nbsp;</span>[៩១] មិនមែន​កុសល ឈ្មោះថា​មិនមែន​ធម៌​ឬ។ ពួក​ធម៌​ដ៏​សេស វៀរលែងតែ​កុសល​ចេញ ឈ្មោះថា មិនមែន​កុសលធម៌​ទេ ពួក​ធម៌​ដ៏​សេស វៀរលែងតែ​កុសល និង​ពួក​ធម៌​ចេញ ឈ្មោះថា មិនមែន​កុសលធម៌​ផង មិនមែន​ធម៌​ផង។ មិនមែន​ធម៌ ឈ្មោះថា មិនមែន​កុសលធម៌​ឬ។ អើ។ មិនមែន​អកុសល ឈ្មោះថា​មិនមែន​ធម៌​ឬ។ ពួក​ធម៌​ដ៏​សេស វៀរលែងតែ​អកុសល​ចេញ ឈ្មោះថា មិនមែន​អកុសលធម៌​ទេ ពួក​ធម៌​ដ៏​សេស វៀរលែងតែ​អកុសល និង​ពួក​ធម៌​ចេញ ឈ្មោះថា មិនមែន​អកុសល​ផង មិនមែន​ធម៌​ផង។ មិនមែន​ធម៌ ឈ្មោះថា មិនមែន​អកុសលធម៌​ឬ។ អើ។ មិនមែន​អព្យាកតៈ ឈ្មោះថា មិនមែន​ធម៌​ឬ។ ពួក​ធម៌​ដ៏​សេស វៀរលែងតែ​អព្យាកតៈ​ចេញ ឈ្មោះថា មិនមែន​អព្យាកតធម៌​ទេ ពួក​ធម៌​ដ៏​សេស"
    },
    {
      "header": "ធម្មយមកៈ",
      "href": "http://ti-kh.org/books?book=91&page=59",
      "text": "សុទ្ធធាតុមូលចក្កវារៈ",
      "detail": "វៀរលែងតែ​អព្យាកតៈ និង​ពួក​ធម៌​ចេញ ឈ្មោះថា មិនមែន​អព្យាកតៈ​ផង មិនមែន​ធម៌​ផង។ មិនមែន​ធម៌ ឈ្មោះថា មិនមែន​អព្យាកតធម៌​ឬ។ អើ។\n<br><span class=\"IncreaseIndent\">&nbsp;</span>[៩២] ពួក​កុសល ឈ្មោះថា​ធម៌​ឬ។ អើ។ ពួក​ធម៌ ឈ្មោះថា អកុសលធម៌​ឬ។ ពួក​អកុសលធម៌ ឈ្មោះថា​ធម៌​ផង អកុសលធម៌​ផង ពួក​ធម៌​ដ៏​សេស ឈ្មោះថា មិនមែន​អកុសលធម៌​ទេ។ ពួក​កុសល ឈ្មោះថា​ធម៌​ឬ។ អើ។ ពួក​ធម៌ ឈ្មោះថា អព្យាកតធម៌​ឬ។ ពួក​អព្យាកតធម៌ ឈ្មោះថា​ធម៌​ផង អព្យាកតធម៌​ផង ពួក​ធម៌​ដ៏​សេស ឈ្មោះថា មិនមែន​អព្យាកតធម៌​ទេ។ ពួក​អកុសល ឈ្មោះថា​ធម៌​ឬ។ អើ។ ពួក​ធម៌ ឈ្មោះថា​កុសលធម៌​ឬ។ ពួក​កុសលធម៌ ឈ្មោះថា​ធម៌​ផង កុសលធម៌​ផង ពួក​ធម៌​ដ៏​សេស ឈ្មោះថា មិនមែន​កុសលធម៌​ទេ។ ពួក​អកុសល ឈ្មោះថា​ធម៌​ឬ។ អើ។ ពួក​ធម៌ ឈ្មោះថា អព្យាកតធម៌​ឬ។ ពួក​អព្យាកតធម៌ ឈ្មោះថា​ធម៌​ផង អព្យាកតធម៌​ផង ពួក​ធម៌​ដ៏​សេស ឈ្មោះថា មិនមែន​អព្យាកតធម៌​ទេ។ ពួក​អព្យាកតៈ ឈ្មោះថា​ធម៌​ឬ។ អើ។ ពួក​ធម៌ ឈ្មោះថា កុសលធម៌​ឬ។ ពួក​កុសលធម៌ ឈ្មោះថា​ធម៌​ផង កុសលធម៌​ផង ពួក​ធម៌​ដ៏​សេស ឈ្មោះថា មិនមែន​កុសលធម៌​ទេ។ ពួក​អព្យាកតៈ ឈ្មោះថា​ធម៌​ឬ។ អើ។ ពួក​ធម៌ ឈ្មោះថា អកុសលធម៌​ឬ។"
    },
    {
      "header": "ធម្មយមកៈ",
      "href": "http://ti-kh.org/books?book=91&page=61",
      "text": "បវត្តិវារៈ",
      "detail": "មិនមែន​អព្យាកតៈ ឈ្មោះថា មិនមែន​ធម៌​ឬ។ ពួក​ធម៌​ដ៏​សេស វៀរលែងតែ​អព្យាកតៈ​ចេញ ឈ្មោះថា មិនមែន​អព្យាកតធម៌​ទេ ពួក​ធម៌​ដ៏​សេស វៀរលែងតែ​អព្យាកតៈ និង​ពួក​ធម៌​ចេញ ឈ្មោះថា មិនមែន​អព្យាកតៈ​ផង មិនមែន​ធម៌​ផង។ មិនមែន​ធម៌ ឈ្មោះថា មិនមែន​កុសលធម៌​ឬ។ អើ។ មិនមែន​អព្យាកតៈ ឈ្មោះថា​មិនមែន​ធម៌​ឬ។ ពួក​ធម៌​ដ៏​សេស វៀរលែងតែ​អព្យាកតៈ​ចេញ ឈ្មោះថា មិនមែន​អព្យាកតធម៌​ទេ ពួក​ធម៌​ដ៏​សេស វៀរលែងតែ​អព្យាកតៈ និង​ពួក​ធម៌​ចេញ ឈ្មោះថា មិនមែន​អព្យាកតៈ​ផង មិនមែន​ធម៌​ផង។ មិនមែន​ធម៌ ឈ្មោះថា មិនមែន​អកុសលធម៌​ឬ។ អើ។\n<br><p class=\"PCenter\">ចប់ និទ្ទេសវារៈ។\n<br>ចប់ បណ្ណ​ត្តិ​វារៈ។</p>\n<br><p class=\"BCenter\">បវត្តិ​វារៈ</p>\n<br><span class=\"IncreaseIndent\">&nbsp;</span>[៩៤] ពួក​កុសលធម៌ របស់​បុគ្គល​ណា កើតឡើង ពួក​អកុសលធម៌ របស់​បុគ្គល​នោះ កើតឡើង​ឬ។ មិនមែនទេ។ ម្យ៉ាងទៀត ពួក​អកុសលធម៌ របស់​បុគ្គល​ណា កើតឡើង ពួក​កុសលធម៌ របស់​បុគ្គល​នោះ កើតឡើង​ឬ។ មិនមែនទេ។\n<br><span class=\"IncreaseIndent\">&nbsp;</span>[៩៥] ពួក​កុសលធម៌​របស់​បុគ្គល​ណា កើតឡើង ពួក​អព្យាកតធម៌ របស់​បុគ្គល​នោះ កើតឡើង​ឬ។ ពួក​កុសលធម៌ របស់​ពួក​សត្វ​នោះ កើតឡើង ក្នុង​ឧប្បាទ​ក្ខ​ណៈ​នៃ​ពួក​កុសល ក្នុង​អរូបភព"
    },
    {
      "header": "ធម្មយមកៈ",
      "href": "http://ti-kh.org/books?book=91&page=61",
      "text": "ឧប្បាទវារៈ",
      "detail": "មិនមែន​អព្យាកតៈ ឈ្មោះថា មិនមែន​ធម៌​ឬ។ ពួក​ធម៌​ដ៏​សេស វៀរលែងតែ​អព្យាកតៈ​ចេញ ឈ្មោះថា មិនមែន​អព្យាកតធម៌​ទេ ពួក​ធម៌​ដ៏​សេស វៀរលែងតែ​អព្យាកតៈ និង​ពួក​ធម៌​ចេញ ឈ្មោះថា មិនមែន​អព្យាកតៈ​ផង មិនមែន​ធម៌​ផង។ មិនមែន​ធម៌ ឈ្មោះថា មិនមែន​កុសលធម៌​ឬ។ អើ។ មិនមែន​អព្យាកតៈ ឈ្មោះថា​មិនមែន​ធម៌​ឬ។ ពួក​ធម៌​ដ៏​សេស វៀរលែងតែ​អព្យាកតៈ​ចេញ ឈ្មោះថា មិនមែន​អព្យាកតធម៌​ទេ ពួក​ធម៌​ដ៏​សេស វៀរលែងតែ​អព្យាកតៈ និង​ពួក​ធម៌​ចេញ ឈ្មោះថា មិនមែន​អព្យាកតៈ​ផង មិនមែន​ធម៌​ផង។ មិនមែន​ធម៌ ឈ្មោះថា មិនមែន​អកុសលធម៌​ឬ។ អើ។\n<br><p class=\"PCenter\">ចប់ និទ្ទេសវារៈ។\n<br>ចប់ បណ្ណ​ត្តិ​វារៈ។</p>\n<br><p class=\"BCenter\">បវត្តិ​វារៈ</p>\n<br><span class=\"IncreaseIndent\">&nbsp;</span>[៩៤] ពួក​កុសលធម៌ របស់​បុគ្គល​ណា កើតឡើង ពួក​អកុសលធម៌ របស់​បុគ្គល​នោះ កើតឡើង​ឬ។ មិនមែនទេ។ ម្យ៉ាងទៀត ពួក​អកុសលធម៌ របស់​បុគ្គល​ណា កើតឡើង ពួក​កុសលធម៌ របស់​បុគ្គល​នោះ កើតឡើង​ឬ។ មិនមែនទេ។\n<br><span class=\"IncreaseIndent\">&nbsp;</span>[៩៥] ពួក​កុសលធម៌​របស់​បុគ្គល​ណា កើតឡើង ពួក​អព្យាកតធម៌ របស់​បុគ្គល​នោះ កើតឡើង​ឬ។ ពួក​កុសលធម៌ របស់​ពួក​សត្វ​នោះ កើតឡើង ក្នុង​ឧប្បាទ​ក្ខ​ណៈ​នៃ​ពួក​កុសល ក្នុង​អរូបភព"
    },
    {
      "header": "ធម្មយមកៈ",
      "href": "http://ti-kh.org/books?book=91&page=105",
      "text": "និរោធវារៈ",
      "detail": "<span class=\"IncreaseIndent\">&nbsp;</span>[១៨៨] ពួក​កុសលធម៌ របស់​បុគ្គល​ណា មិនធ្លាប់​កើតឡើង​ហើយ ក្នុង​ទីណា ពួក​អព្យាកតធម៌ របស់​បុគ្គល​នោះ នឹង​មិនកើត​ឡើង ក្នុង​ទីនោះ​ឬ។ នឹង​កើតឡើង។ ម្យ៉ាងទៀត ពួក​អព្យាកតធម៌ របស់​បុគ្គល​ណា នឹង​មិនកើត​ឡើង ក្នុង​ទីណា ពួក​កុសលធម៌ របស់​បុគ្គល​នោះ មិនធ្លាប់​កើតឡើង​ហើយ ក្នុង​ទីនោះ​ឬ។ ធ្លាប់​កើតឡើង​ហើយ។\n<br><span class=\"IncreaseIndent\">&nbsp;</span>[១៨៩] ពួក​អកុសលធម៌ របស់​បុគ្គល​ណា មិនធ្លាប់​កើតឡើង​ហើយ ក្នុង​ទីណា ពួក​អព្យាកតធម៌ របស់​បុគ្គល​នោះ នឹង​មិនកើត​ឡើង ក្នុង​ទីនោះ​ឬ។ នឹង​កើតឡើង។ ម្យ៉ាងទៀត ពួក​អព្យាកតធម៌ របស់​បុគ្គល​ណា នឹង​មិនកើត​ឡើង ក្នុង​ទីណា ពួក​អកុសលធម៌ របស់​បុគ្គល​នោះ មិនធ្លាប់​កើតឡើង​ហើយ ក្នុង​ទីនោះ​ឬ។ ធ្លាប់​កើតឡើង​ហើយ។\n<br><p class=\"PCenter\">ចប់ ឧប្បាទ​វារៈ។</p>\n<br><span class=\"IncreaseIndent\">&nbsp;</span>[១៩០] ពួក​កុសលធម៌ របស់​បុគ្គល​ណា រលត់ ពួក​អកុសលធម៌ របស់​បុគ្គល​នោះ រលត់​ដែរ​ឬ។ មិនមែនទេ។ ម្យ៉ាងទៀត ពួក​អកុសលធម៌ របស់​បុគ្គល​ណា រលត់ ពួក​កុសលធម៌ របស់​បុគ្គល​នោះ រលត់​ដែរ​ឬ។ មិនមែនទេ។\n<br><span class=\"IncreaseIndent\">&nbsp;</span>[១៩១] ពួក​កុសលធម៌ របស់​បុគ្គល​ណា រលត់ ពួក​អព្យាកតធម៌ របស់​បុគ្គល​នោះ រលត់​ដែរ​ឬ។ ពួក​កុសលធម៌ របស់​ពួក​ជន​នោះ រលត់ ក្នុង​ភង្គ​ក្ខ​ណៈ​នៃ​កុសល​ទាំងឡាយ ក្នុង​អរូបភព តែ​ពួក​អព្យាកតធម៌ របស់​ពួក​ជន​នោះ មិន​រលត់​ទេ"
    },
    {
      "header": "ធម្មយមកៈ",
      "href": "http://ti-kh.org/books?book=91&page=146",
      "text": "ឧប្បាទនិរោធវារៈ",
      "detail": "នឹង​មិន​រលត់។ ម្យ៉ាងទៀត ពួក​អព្យាកតធម៌ របស់​បុគ្គល​ណា នឹង​មិន​រលត់ ក្នុង​ទីណា​ពួក​កុសលធម៌ របស់​បុគ្គល​នោះ មិន​រលត់​ហើយ ក្នុង​ទីនោះ​ឬ។ រលត់​ហើយ។\n<br><span class=\"IncreaseIndent\">&nbsp;</span>[២៨១] ពួក​អកុសលធម៌ របស់​បុគ្គល​ណា មិន​រលត់​ហើយ ក្នុង​ទីណា ពួក​អព្យាកតធម៌ របស់​បុគ្គល​នោះ នឹង​មិន​រលត់ ក្នុង​ទីនោះ​ឬ។ នឹង​រលត់។ ម្យ៉ាងទៀត ពួក​អព្យាកតធម៌ របស់​បុគ្គល​ណា នឹង​មិន​រលត់ ក្នុង​ទីណា ពួក​អកុសលធម៌ របស់​បុគ្គល​នោះ មិន​រលត់​ហើយ ក្នុង​ទីនោះ​ឬ។ រលត់​ហើយ។\n<br><p class=\"PCenter\">ចប់ និរោធ​វារៈ។</p>\n<br><span class=\"IncreaseIndent\">&nbsp;</span>[២៨២] ពួក​កុសលធម៌ របស់​បុគ្គល​ណា កើតឡើង ពួក​អកុសលធម៌ របស់​បុគ្គល​នោះ រលត់​ដែរ​ឬ។ មិនមែនទេ។ ម្យ៉ាងទៀត ពួក​អកុសលធម៌ របស់​បុគ្គល​ណា រលត់ ពួក​កុសលធម៌ របស់​បុគ្គល​នោះ កើតឡើង​ឬ។ មិនមែនទេ។\n<br><span class=\"IncreaseIndent\">&nbsp;</span>[២៨៣] ពួក​កុសលធម៌ របស់​បុគ្គល​ណា កើតឡើង ពួក​អព្យាកតធម៌ របស់​បុគ្គល​នោះ រលត់​ដែរ​ឬ។ មិនមែនទេ។ ម្យ៉ាងទៀត ពួក​អព្យាកតធម៌ របស់​បុគ្គល​ណា រលត់ ពួក​កុសលធម៌ របស់​បុគ្គល​នោះ កើតឡើង​ឬ។ មិនមែនទេ។"
    },
    {
      "header": "ធម្មយមកៈ",
      "href": "http://ti-kh.org/books?book=91&page=188",
      "text": "ភាវនាវារៈ",
      "detail": "នឹង​រលត់។ ម្យ៉ាងទៀត ពួក​អព្យាកតធម៌ របស់​បុគ្គល​ណា នឹង​មិន​រលត់ ក្នុង​ទីណា ពួក​អកុសលធម៌ របស់​បុគ្គល​នោះ មិនកើត​ឡើង​ហើយ ក្នុង​ទីនោះ​ឬ។ កើតឡើង​ហើយ។\n<br><p class=\"PCenter\">ចប់ ឧប្បាទ​និរោធ​វារៈ។\n<br>ចប់ បវត្តិ​វារៈ។</p>\n<br><p class=\"BCenter\">ភាវនា​វារៈ</p>\n<br><span class=\"IncreaseIndent\">&nbsp;</span>[៣៧៨] បុគ្គល​ណា ចម្រើន​នូវ​កុសលធម៌ បុគ្គល​នោះ ឈ្មោះថា លះបង់​នូវ​អកុសលធម៌​ឬ។ អើ។ ម្យ៉ាងទៀត បុគ្គល​ណា លះបង់​នូវ​អកុសលធម៌ បុគ្គល​នោះ ឈ្មោះថា ចម្រើន​នូវ​កុសលធម៌​ឬ។ អើ។ បុគ្គល​ណា មិន​ចម្រើន​នូវ​កុសលធម៌ បុគ្គល​នោះ ឈ្មោះថា មិន​លះបង់​នូវ​អកុសលធម៌​ឬ។ អើ។ ម្យ៉ាងទៀត បុគ្គល​ណា មិន​លះបង់​នូវ​អកុសលធម៌ បុគ្គល​នោះ ឈ្មោះថា មិន​ចម្រើន​នូវ​កុសលធម៌​ឬ។ អើ។បេ។\n<br><p class=\"PCenter\">ចប់ ភាវនា​វារៈ។\n<br>ចប់ ធម្ម​យម​កៈ។</p>"
    }
  ]
}