{
  "title": "ភាគ ៣៦",
  "imageSrc": "photos/Book_36.jpg",
  "href": "http://ti-kh.org/books?book=36",
  "contents": [
    {
      "header": "សំយុត្តនិកាយ  សឡាយតនវគ្គ\nអដ្ឋមភាគ",
      "href": "http://ti-kh.org/books?book=36&page=1",
      "text": "វេទនាសំយុត្ត",
      "detail": "<p class=\"BCenter\">សុត្តន្ត​បិដក​\n<br>​សំយុត្ត​និកាយ​ ​ស​ឡាយ​ត​នវ​គ្គ​ ​អ​ដ្ឋ​ម​ភាគ​\n<br>​វេទនា​សំយុត្ត​\n<br>​បឋម​កស​គា​ថ​វគ្គ​</p>\n<br>​<span class=\"IncreaseIndent\">&nbsp;</span>[​១​]​ ​ម្នាល​ភិក្ខុ​ទាំងឡាយ​ ​វេទនា​នេះ​ ​មាន​ ​៣​ ​យ៉ាង​។​ ​វេទនា​ ​៣​ ​យ៉ាង​ ​តើ​ដូចម្តេច​។​ ​គឺ​សុខវេទនា​ ​១​ ​ទុក្ខវេទនា​ ​១​ ​អ​ទុ​ក្ខម​សុខវេទនា​ ​១​។​ ​ម្នាល​ភិក្ខុ​ទាំងឡាយ​ ​វេទនា​ ​មាន​ ​៣​ ​យ៉ាងនេះ​ឯង​។​ ​\n<br><div class=\"ContentTab\">​[​២​]​ ​ភិក្ខុ​ជា​សាវក​របស់​ព្រះពុទ្ធ​ ​មានចិត្ត​តម្កល់​មាំ​ ​(​ ​ដោយ​ឧបចារសមាធិ​ ​និង​អប្បនាសមាធិ​)​ ​ជា​អ្នកដឹងខ្លួន​ ​មានស្មារតី​ ​តែង​ដឹង​ច្បាស់​នូវ​វេទនា​ផង​ ​នូវ​ហេតុ​ជាទី​កើតឡើង​ ​នៃ​វេទនា​ទាំងឡាយ​ផង​។​ ​មួយវិញទៀត​ ​វេទនា​ទាំងឡាយ​នុ៎ះ​ ​រលត់​ទៅ​ក្នុង​ព្រះនិព្វាន​ឯណា​ ​ភិក្ខុ​តែង​ដឹង​ច្បាស់​ ​នូវ​ព្រះនិព្វាន​នោះ​ផង​ ​នូវ​មគ្គ​ ​ជា​ដំណើរ​ទៅកាន់​ធម៌​ ​ជាទី​ក្ស័យ​ ​</div>"
    },
    {
      "header": "សំយុត្តនិកាយ  សឡាយតនវគ្គ\nអដ្ឋមភាគ",
      "href": "http://ti-kh.org/books?book=36&page=1",
      "text": "បឋមកសគាថវគ្គ",
      "detail": "<p class=\"BCenter\">សុត្តន្ត​បិដក​\n<br>​សំយុត្ត​និកាយ​ ​ស​ឡាយ​ត​នវ​គ្គ​ ​អ​ដ្ឋ​ម​ភាគ​\n<br>​វេទនា​សំយុត្ត​\n<br>​បឋម​កស​គា​ថ​វគ្គ​</p>\n<br>​<span class=\"IncreaseIndent\">&nbsp;</span>[​១​]​ ​ម្នាល​ភិក្ខុ​ទាំងឡាយ​ ​វេទនា​នេះ​ ​មាន​ ​៣​ ​យ៉ាង​។​ ​វេទនា​ ​៣​ ​យ៉ាង​ ​តើ​ដូចម្តេច​។​ ​គឺ​សុខវេទនា​ ​១​ ​ទុក្ខវេទនា​ ​១​ ​អ​ទុ​ក្ខម​សុខវេទនា​ ​១​។​ ​ម្នាល​ភិក្ខុ​ទាំងឡាយ​ ​វេទនា​ ​មាន​ ​៣​ ​យ៉ាងនេះ​ឯង​។​ ​\n<br><div class=\"ContentTab\">​[​២​]​ ​ភិក្ខុ​ជា​សាវក​របស់​ព្រះពុទ្ធ​ ​មានចិត្ត​តម្កល់​មាំ​ ​(​ ​ដោយ​ឧបចារសមាធិ​ ​និង​អប្បនាសមាធិ​)​ ​ជា​អ្នកដឹងខ្លួន​ ​មានស្មារតី​ ​តែង​ដឹង​ច្បាស់​នូវ​វេទនា​ផង​ ​នូវ​ហេតុ​ជាទី​កើតឡើង​ ​នៃ​វេទនា​ទាំងឡាយ​ផង​។​ ​មួយវិញទៀត​ ​វេទនា​ទាំងឡាយ​នុ៎ះ​ ​រលត់​ទៅ​ក្នុង​ព្រះនិព្វាន​ឯណា​ ​ភិក្ខុ​តែង​ដឹង​ច្បាស់​ ​នូវ​ព្រះនិព្វាន​នោះ​ផង​ ​នូវ​មគ្គ​ ​ជា​ដំណើរ​ទៅកាន់​ធម៌​ ​ជាទី​ក្ស័យ​ ​</div>"
    },
    {
      "header": "សំយុត្តនិកាយ  សឡាយតនវគ្គ\nអដ្ឋមភាគ",
      "href": "http://ti-kh.org/books?book=36&page=30",
      "text": "រហោគតវគ្គ",
      "detail": "<p class=\"BCenter\">​រហោគត​វគ្គ​</p>\n<br>​<span class=\"IncreaseIndent\">&nbsp;</span>[​៣៣​]​ ​គ្រានោះ​ឯង​ ​ភិក្ខុ​មួយ​រូប​ចូល​ទៅ​គាល់​ព្រះ​ដ៏​មាន​ព្រះ​ភាគ​ ​លុះ​ចូល​ទៅដល់​ ​ក៏​ថ្វាយបង្គំ​ព្រះ​ដ៏​មាន​ព្រះ​ភាគ​ ​ហើយ​អង្គុយ​ក្នុង​ទី​ដ៏​សមគួរ​។​ ​លុះ​ភិក្ខុ​នោះ​ ​អង្គុយ​ក្នុង​ទី​ដ៏​សមគួរ​ហើយ​ ​ក៏​ក្រាបបង្គំទូល​ព្រះ​ដ៏​មាន​ព្រះ​ភាគ​ ​ដូច្នេះ​ថា​ ​បពិត្រ​ព្រះអង្គ​ដ៏​ចំរើន​ ​កាល​ខ្ញុំ​ព្រះអង្គ​ ​សម្ងំ​នៅក្នុង​ទីស្ងាត់​ឯណោះ​ ​កើត​សេចក្តី​ត្រិះរិះ​ក្នុងចិត្ត​ ​យ៉ាងនេះ​ថា​ ​វេទនា​ ​៣​ ​យ៉ាង​ ​គឺ​សុខវេទនា​ ​១​ ​ទុក្ខវេទនា​ ​១​ ​អ​ទុ​ក្ខម​សុខវេទនា​ ​១​ ​ព្រះ​ដ៏​មាន​ព្រះ​ភាគ​ ​ទ្រង់​ត្រាស់​ហើយ​ ​វេទនា​ ​៣​ ​យ៉ាងនេះ​ ​ព្រះ​ដ៏​មាន​ព្រះ​ភាគ​ ​ទ្រង់​សំដែង​ហើយ​។​ ​ក៏​ពាក្យ​ដែល​ព្រះ​ដ៏​មាន​ព្រះ​ភាគ​ ​ទ្រង់​ត្រាស់​ដូច្នេះ​ថា​ ​អារម្មណ៍​ឯណា​នីមួយ​ ​ដែល​បុគ្គល​បាន​សោយ​ហើយ​ ​អារម្មណ៍​នោះ​ ​ជា​ទុក្ខ​ ​ពាក្យ​នេះឯង​ ​ព្រះ​ដ៏​មាន​ព្រះ​ភាគ​ ​ទ្រង់​សំដៅ​អ្វី​ហ្ន៎​ ​ទើប​ទ្រង់​សំដែង​ថា​ ​អារម្មណ៍​ឯណា​នីមួយ​ ​ដែល​បុគ្គល​សោយ​ហើយ​ ​អារម្មណ៍​នោះ​ ​ក៏​ជា​ទុក្ខ​។​ ​ព្រះអង្គ​ត្រាស់​ថា​ ​ម្នាល​ភិក្ខុ​ ​ប្រពៃ​ហើយ​ ​ៗ​ ​"
    },
    {
      "header": "សំយុត្តនិកាយ  សឡាយតនវគ្គ\nអដ្ឋមភាគ",
      "href": "http://ti-kh.org/books?book=36&page=61",
      "text": "អដ្ឋសតបរិយាយវគ្គ",
      "detail": "<p class=\"BCenter\">​អដ្ឋ​សត​បរិយាយ​វគ្គ​</p>\n<br>​<span class=\"IncreaseIndent\">&nbsp;</span>[​៦៩​]​ ​សម័យមួយ​ ​ព្រះ​ដ៏​មាន​ព្រះ​ភាគ​ ​ទ្រង់​គង់នៅ​ក្នុង​វត្ត​វេឡុ​វន​ ​ជា​កលន្ទក​និវាប​ស្ថាន​ ​ទៀប​ក្រុង​រាជគ្រឹះ​។​ ​គ្រានោះ​ឯង​ ​មោ​ឡិ​យសិ​វក​បរិ​ព្វា​ជ​ក​ ​ចូល​ទៅ​គាល់​ព្រះ​ដ៏​មាន​ព្រះ​ភាគ​ ​លុះ​ចូល​ទៅដល់​ហើយ​ ​ក៏​ធ្វើ​សេចក្តី​រីករាយ​ ​ជាមួយនឹង​ព្រះ​ដ៏​មាន​ព្រះ​ភាគ​ ​លុះ​បញ្ចប់​ពាក្យ​ដែល​គួរ​រីករាយ​ ​និង​ពាក្យ​ដែល​គួរ​រព្ញ​ក​ហើយ​ ​អង្គុយ​ក្នុង​ទី​ដ៏​សមគួរ​។​ ​លុះ​មោ​ឡិ​យសិ​វក​បរិ​ព្វា​ជ​ក​ ​អង្គុយ​ក្នុង​ទី​ដ៏​សមគួរ​ហើយ​ ​ទើប​ក្រាបបង្គំទូល​ព្រះ​ដ៏​មាន​ព្រះ​ភាគ​ ​ដូច្នេះ​ថា​ ​បពិត្រ​ព្រះ​គោតម​ដ៏​ចំរើន​ ​មាន​សមណព្រាហ្មណ៍​ពួក​មួយ​ ​ជា​អ្នកមាន​វាទៈ​ ​យ៉ាងនេះ​ ​មាន​ទិដ្ឋិ​យ៉ាងនេះ​ថា​ ​បុរស​បុគ្គល​នេះ​ ​តែង​សោយ​នូវ​វេទនា​ណាមួយ​ ​ជា​សុខ​ក្តី​ ​ទុក្ខ​ក្តី​ ​មិន​ទុក្ខ​មិនសុខ​ក្តី​ ​ការ​សោយ​វេទនា​ទាំងអស់​នោះ​ ​មានកម្ម​ដែល​ខ្លួន​បាន​ធ្វើ​ហើយ​ ​ក្នុង​កាលមុន​ ​ជាហេតុ​។​ ​ចុះ​ព្រះ​គោតម​ដ៏​ចំរើន​ ​ទ្រង់​ត្រាស់​ដូចម្តេច​ ​ក្នុង​ហេតុនេះ​។​ ​ម្នាល​សិវ​កៈ​ ​ការ​សោយអារម្មណ៍​ពួក​ខ្លះ​ ​ក្នុង​លោក​នេះ​ ​មាន​ប្រមាត់​ជាស​មុ​ដ្ឋាន​កើតឡើង​ ​ក៏​មាន​។​ ​ការ​សោយអារម្មណ៍​ពួក​ខ្លះ​ ​ក្នុង​លោក​នេះ​ ​មាន​ប្រមាត់​ជាស​មុ​ដ្ឋាន​កើតឡើង​ ​ក៏​មាន​ ​យ៉ាងណា​ ​ម្នាល​សិវ​កៈ​ ​ដំណើរ​នុ៎ះ​ ​បុគ្គល​ ​គប្បី​ដឹង​ច្បាស់​ ​ដោយខ្លួនឯង​ ​យ៉ាងនោះ​ចុះ​។​ ​"
    },
    {
      "header": "សំយុត្តនិកាយ  សឡាយតនវគ្គ\nអដ្ឋមភាគ",
      "href": "http://ti-kh.org/books?book=36&page=82",
      "text": "មាតុគ្គាមសំយុត្ត",
      "detail": "<p class=\"BCenter\">មាតុគ្គាម​សំយុត្ត​\n<br>​បេយ្យាល​វគ្គ​</p>\n<br><span class=\"IncreaseIndent\">&nbsp;</span>​[​១០០​]​ ​ម្នាល​ភិក្ខុ​ទាំងឡាយ​ ​មាតុគ្រាម​ប្រកបដោយ​អង្គ​ ​៥​ ​មិនជា​ទី​ពេញចិត្ត​ ​របស់​បុរស​ដោយពិត​។​ ​អង្គ​ ​៥​ ​គឺ​អ្វីខ្លះ​។​ ​គឺ​មាតុគ្រាម​មិនបាន​រូប​ ​១​ ​មិន​មាន​ភោគៈ​ ​១​ ​មិន​មាន​សីលាចារ​ ​១​ ​ជា​អ្នក​ខ្ជិលច្រអូស​ ​១​ ​មិន​មានកូន​ជា​ទី​ញុំាង​វង្សត្រកូល​ ​នៃ​បុរស​នោះ​ ​ឲ្យ​តម្កល់​នៅ​ ​១​។​ ​ម្នាល​ភិក្ខុ​ទាំងឡាយ​ ​មាតុគ្រាម​ ​ប្រកបដោយ​អង្គ​ ​៥​ ​នេះឯង​ ​មិនជា​ទី​ពេញចិត្ត​ ​របស់​បុរស​ដោយពិត​ ​។​\n<br>​<span class=\"IncreaseIndent\">&nbsp;</span>[​១០១​]​ ​ម្នាល​ភិក្ខុ​ទាំងឡាយ​ ​មាតុគ្រាម​ ​ប្រកបដោយ​អង្គ​ ​៥​ ​ជាទី​ពេញចិត្ត​ ​របស់​បុរស​ ​ដោយពិត​។​ ​អង្គ​ ​៥​ ​គឺ​អ្វីខ្លះ​។​ ​គឺ​មាតុគ្រាម​បាន​រូប​ ​១​ ​មាន​ភោគៈ​ ​១​ ​ជា​អ្នកមាន​សីលាចារ​ ​១​ ​ជា​អ្នក​វាងវៃ​ ​មិន​ខ្ជិលច្រអូស​ ​១​ ​មានកូន​ជា​ទី​ញុំាង​វង្សត្រកូល​ ​របស់​បុរស​នោះ​ ​ឲ្យ​តម្កល់​នៅ១​។​ ​ម្នាល​ភិក្ខុ​ទាំងឡាយ​ ​មាតុគ្រាម​ ​ប្រកបដោយ​អង្គ​ ​៥​ ​នេះឯង​ ​ជាទី​ពេញចិត្ត​ ​របស់​បុរស​ ​ដោយពិត​ ​។​ ​ ​ចប់​ ​សូត្រ​ ​ទី​ ​១​ ​។​"
    },
    {
      "header": "សំយុត្តនិកាយ  សឡាយតនវគ្គ\nអដ្ឋមភាគ",
      "href": "http://ti-kh.org/books?book=36&page=82",
      "text": "បេយ្យាលវគ្គ",
      "detail": "<p class=\"BCenter\">មាតុគ្គាម​សំយុត្ត​\n<br>​បេយ្យាល​វគ្គ​</p>\n<br><span class=\"IncreaseIndent\">&nbsp;</span>​[​១០០​]​ ​ម្នាល​ភិក្ខុ​ទាំងឡាយ​ ​មាតុគ្រាម​ប្រកបដោយ​អង្គ​ ​៥​ ​មិនជា​ទី​ពេញចិត្ត​ ​របស់​បុរស​ដោយពិត​។​ ​អង្គ​ ​៥​ ​គឺ​អ្វីខ្លះ​។​ ​គឺ​មាតុគ្រាម​មិនបាន​រូប​ ​១​ ​មិន​មាន​ភោគៈ​ ​១​ ​មិន​មាន​សីលាចារ​ ​១​ ​ជា​អ្នក​ខ្ជិលច្រអូស​ ​១​ ​មិន​មានកូន​ជា​ទី​ញុំាង​វង្សត្រកូល​ ​នៃ​បុរស​នោះ​ ​ឲ្យ​តម្កល់​នៅ​ ​១​។​ ​ម្នាល​ភិក្ខុ​ទាំងឡាយ​ ​មាតុគ្រាម​ ​ប្រកបដោយ​អង្គ​ ​៥​ ​នេះឯង​ ​មិនជា​ទី​ពេញចិត្ត​ ​របស់​បុរស​ដោយពិត​ ​។​\n<br>​<span class=\"IncreaseIndent\">&nbsp;</span>[​១០១​]​ ​ម្នាល​ភិក្ខុ​ទាំងឡាយ​ ​មាតុគ្រាម​ ​ប្រកបដោយ​អង្គ​ ​៥​ ​ជាទី​ពេញចិត្ត​ ​របស់​បុរស​ ​ដោយពិត​។​ ​អង្គ​ ​៥​ ​គឺ​អ្វីខ្លះ​។​ ​គឺ​មាតុគ្រាម​បាន​រូប​ ​១​ ​មាន​ភោគៈ​ ​១​ ​ជា​អ្នកមាន​សីលាចារ​ ​១​ ​ជា​អ្នក​វាងវៃ​ ​មិន​ខ្ជិលច្រអូស​ ​១​ ​មានកូន​ជា​ទី​ញុំាង​វង្សត្រកូល​ ​របស់​បុរស​នោះ​ ​ឲ្យ​តម្កល់​នៅ១​។​ ​ម្នាល​ភិក្ខុ​ទាំងឡាយ​ ​មាតុគ្រាម​ ​ប្រកបដោយ​អង្គ​ ​៥​ ​នេះឯង​ ​ជាទី​ពេញចិត្ត​ ​របស់​បុរស​ ​ដោយពិត​ ​។​ ​ ​ចប់​ ​សូត្រ​ ​ទី​ ​១​ ​។​"
    },
    {
      "header": "សំយុត្តនិកាយ  សឡាយតនវគ្គ\nអដ្ឋមភាគ",
      "href": "http://ti-kh.org/books?book=36&page=96",
      "text": "មាតុគ្គាមពលវគ្គ",
      "detail": "<p class=\"BCenter\">​មាតុគ្គាម​ពល​វគ្គ​</p>\n<br>​<span class=\"IncreaseIndent\">&nbsp;</span>[​១២៦​]​ ​ម្នាល​ភិក្ខុ​ទាំងឡាយ​ ​កម្លាំង​របស់​មាតុគ្រាម​នេះ​ ​មាន​ ​៥យ៉ាង​។​ ​កម្លាំង​ ​៥​ ​យ៉ាង​ ​គឺ​អ្វីខ្លះ​។​ ​គឺ​កម្លាំង​រូប​ ​១​ ​កម្លាំង​ភោគៈ​ ​១​ ​កម្លាំង​ញាតិ​ ​១​ ​កម្លាំង​កូន​ ​១​ ​កម្លាំង​សីល​ ​១​។​ ​ម្នាល​ភិក្ខុ​ទាំងឡាយ​ ​កម្លាំង​របស់​មាតុគ្រាម​ ​៥​ ​យ៉ាងនេះ​ឯង​។​ ​ម្នាល​ភិក្ខុ​ទាំងឡាយ​ ​មាតុគ្រាម​ ​ប្រកបដោយ​កម្លាំង​ ​ទាំង​ ​៥​ ​យ៉ាងនេះ​ឯង​ ​ជា​អ្នកក្លាហាន​ ​នៅ​គ្រប់គ្រង​ផ្ទះ​។​ ​ចប់​ ​សូត្រ​ ​ទី​ ​១​ ​។​\n<br>​<span class=\"IncreaseIndent\">&nbsp;</span>[​១២៧​]​ ​ម្នាល​ភិក្ខុ​ទាំងឡាយ​ ​កម្លាំង​របស់​មាតុគ្រាម​នេះ​ ​មាន​ ​៥យ៉ាង​។​ ​កម្លាំង​ ​៥​ ​យ៉ាង​ ​គឺ​អ្វីខ្លះ​។​ ​គឺ​កម្លាំង​រូប​ ​១​ ​កម្លាំង​ភោគៈ​ ​១​ ​កម្លាំង​ញាតិ​ ​១​ ​កម្លាំង​កូន​ ​១​ ​កម្លាំង​សីល​ ​១​។​ ​ម្នាល​ភិក្ខុ​ទាំងឡាយ​ ​កម្លាំង​របស់​មាតុគ្រាម​ ​៥​ ​យ៉ាងនេះ​ឯង​។​ ​ម្នាល​ភិក្ខុ​ទាំងឡាយ​ ​មាតុគ្រាម​ ​ប្រកបដោយ​កម្លាំង​ ​ទាំង​ ​៥​ ​យ៉ាងនេះ​ឯង​ ​តែង​បង្គ្រប​ប្តី​ ​នៅ​គ្រប់គ្រង​ផ្ទះ​។​ ​ចប់​ ​សូត្រ​ ​ទី​ ​២​ ​។​"
    },
    {
      "header": "សំយុត្តនិកាយ  សឡាយតនវគ្គ\nអដ្ឋមភាគ",
      "href": "http://ti-kh.org/books?book=36&page=108",
      "text": "ជម្ពុខាទកសំយុត្ត",
      "detail": "<p class=\"BCenter\">​ជម្ពុ​ខាទ​ក​សំយុត្ត​</p>\n<br>​<span class=\"IncreaseIndent\">&nbsp;</span>[​១៣៩​]​ ​សម័យមួយ​ ​ព្រះ​សារីបុត្ត​ដ៏​មាន​អាយុ​ ​គង់នៅ​ក្នុង​នាល​គ្រាម​ ​នា​ដែន​មគធៈ​។​ ​គ្រានោះ​ឯង​ ​បរិ​ព្វា​ជ​ក​ឈ្មោះ​ ​ជម្ពុ​ខាទ​កៈ​ ​ ​បាន​ចូល​ទៅ​រក​ព្រះ​សារីបុត្ត​ដ៏​មាន​អាយុ​ ​លុះ​ចូល​ទៅដល់​ហើយ​ ​ក៏​ពោល​សំណេះសំណាល​ ​ជាមួយនឹង​ព្រះ​សារីបុត្ត​ ​ដ៏​មាន​អាយុ​ ​លុះ​បញ្ចប់​ពាក្យ​ ​ដែល​គួរ​រីករាយ​ ​និង​ពាក្យ​ដែល​គួរ​រឭក​ហើយ​ ​ក៏​អង្គុយ​ក្នុង​ទីសម​គួរ​។​ ​លុះ​ជម្ពុ​ខាទ​ក​បរិ​ព្វា​ជ​ក​ ​អង្គុយ​ក្នុង​ទីសម​គួរ​ហើយ​ ​ក៏​និយាយ​នឹង​ព្រះ​សារីបុត្ត​ដ៏​មាន​អាយុ​ ​ដូច្នេះ​ថា​ ​ម្នាល​អាវុសោ​ ​សារីបុត្ត​ ​គេ​តែង​និយាយ​ថា​ ​និព្វាន​ ​និព្វាន​ ​ម្នាល​អាវុសោ​ ​ដូចម្តេច​ហ្ន៎​ ​ហៅថា​និព្វាន​។​ ​ព្រះ​សារីបុត្ត​តប​ថា​ ​ម្នាល​អាវុសោ​ ​សភាវៈ​ ​ដែល​ជាទី​អស់​ទៅ​ ​នៃ​រាគៈ​ ​អស់​ទៅ​នៃ​ទោសៈ​ ​អស់​ទៅ​នៃ​មោហៈ​ ​នេះ​ហៅថា​ ​និព្វាន​។​ ​ម្នាល​អាវុសោ​ ​ចុះ​មគ្គ​ ​និង​បដិបទា​ ​ដែល​ប្រព្រឹត្តទៅ​ ​ដើម្បី​ធ្វើឲ្យ​ជាក់ច្បាស់​ ​នូវ​ព្រះនិព្វាន​នុ៎ះ​ ​មាន​ដែរ​ឬ​។​ ​ម្នាល​អាវុសោ​ ​មគ្គ​ ​និង​បដិបទា​ ​ដែល​ប្រព្រឹត្តទៅ​ ​ដើម្បី​"
    },
    {
      "header": "សំយុត្តនិកាយ  សឡាយតនវគ្គ\nអដ្ឋមភាគ",
      "href": "http://ti-kh.org/books?book=36&page=127",
      "text": "សាមណ្ឌកសំយុត្ត",
      "detail": "<p class=\"PCenter\">​ឧទ្ទាន​នៃ​ជម្ពុ​ខាទ​ក​សំយុត្ត​នោះ​គឺ​</p>\n<br><div class=\"ContentTab\">​និយាយ​អំពី​ព្រះនិព្វាន​ ​១​ ​អំពី​ព្រះ​អរហត្ត​ ​១​ ​អំពី​ធម្ម​វាទី​បុគ្គល​ ​១​ ​អំពី​ការប្រព្រឹត្តិ​ព្រហ្មចរិយៈ​ ​ដើម្បី​ប្រយោជន៍អ្វី​ ​១​ ​អំពី​ការដកដង្ហើម​ចេញ​ ​១​ ​អំពី​ការដកដង្ហើម​ចេញ​ដ៏​ឧត្តម​ ​១​ ​អំពី​វេទនា​ ​១​ ​អំពី​អាសវៈ​ ​១​ ​អំពី​អវិជ្ជា​ ​១​ ​អំពី​តណ្ហា​ ​១​ ​អំពី​ឱឃៈ​ ​១​ ​អំពី​ឧបាទាន​ ​១​ ​អំពី​ភព​ ​១​ ​អំពី​ទុក្ខ១​\t​អំ​ពី​សក្កា​យ​ ​១​ ​អំពី​សេចក្តី​ត្រេកអរ​ ​ដែល​បព្វជិត​ធ្វើ​បាន​ដោយ​កម្រ​ ​ក្នុង​ធម្មវិន័យ​នេះ​ ​១​។​</div>"
    },
    {
      "header": "សំយុត្តនិកាយ  សឡាយតនវគ្គ\nអដ្ឋមភាគ",
      "href": "http://ti-kh.org/books?book=36&page=131",
      "text": "មោគ្គល្លានសំយុត្ត",
      "detail": "<p class=\"BCenter\">​មោគ្គល្លាន​សំយុត្ត​</p>\n<br>​<span class=\"IncreaseIndent\">&nbsp;</span>[​១៥៧​]​ ​សម័យមួយ​ ​ព្រះ​មហាមោគ្គល្លាន​ដ៏​មាន​អាយុ​ ​គង់នៅ​ក្នុង​វត្ត​ជេតពន​ ​របស់​អនាថ​បណ្ឌិត​សេដ្ឋី​ ​ជិត​ក្រុង​សាវត្ថី​។​ ​ក្នុង​ទីនោះ​ឯង​ ​ព្រះ​មហាមោគ្គល្លាន​ដ៏​មាន​អាយុ​ ​ហៅ​ភិក្ខុ​ទាំងឡាយ​ ​មក​ថា​ ​ម្នាល​អាវុសោ​ភិក្ខុ​ទាំងឡាយ​។​ ​ភិក្ខុ​ទាំងនោះ​ ​ក៏​ទទួល​ស្តាប់​ព្រះ​មហាមោគ្គល្លាន​ដ៏​មាន​អាយុ​ថា​ ​អាវុសោ​។​ ​ព្រះ​មហាមោគ្គល្លាន​ដ៏​មាន​អាយុ​ ​បាន​ពោល​ទៅ​នឹង​ភិក្ខុ​ទាំងនោះ​ ​ដូច្នេះ​ថា​ ​ម្នាល​អាវុសោ​ទាំងឡាយ​ ​កាល​ខ្ញុំ​សម្ងំ​នៅក្នុង​ទីស្ងាត់​ ​ក្នុង​ទីឯណោះ​ ​មាន​សេចក្តី​បរិវិតក្ក​ ​កើតឡើង​ ​ដោយចិត្ត​ ​យ៉ាងនេះ​ថា​ ​គេ​តែង​និយាយ​ថា​ ​បឋមជ្ឈាន​ ​ៗ​ ​បឋមជ្ឈាន​ ​តើ​ដូចម្តេច​។​ ​ម្នាល​អាវុសោ​ទាំងឡាយ​ ​ខ្ញុំ​មាន​សេចក្តី​ត្រិះរិះ​ ​ដូច្នេះ​ថា​ ​ភិក្ខុ​ក្នុង​សាសនា​នេះ​ ​ស្ងាត់​ចាក​កាម​ទាំងឡាយ​ ​ស្ងាត់​ចាក​អកុសលធម៌​ទាំងឡាយ​ ​ក៏​ដល់​នូវ​បឋមជ្ឈាន​ ​ប្រកបដោយ​វិតក្ក​ ​និង​វិចារ​ ​មាន​បីតិ​ ​និង​សុខ​ ​ដែល​កើតអំពី​សេចក្តី​ស្ងប់ស្ងាត់​ ​ហើយ​សម្រេចសម្រាន្ត​នៅ​ ​ដោយ​ឥរិយាបថ​ ​ទាំង​ ​៤​ ​នេះ​ហៅថា​ ​បឋមជ្ឈាន​។​ ​ម្នាល​អាវុសោ​ទាំងឡាយ​ ​ខ្ញុំ​ស្ងាត់​"
    },
    {
      "header": "សំយុត្តនិកាយ  សឡាយតនវគ្គ\nអដ្ឋមភាគ",
      "href": "http://ti-kh.org/books?book=36&page=174",
      "text": "ចិត្តគហបតិបុច្ឆាសំយុត្ត",
      "detail": "<p class=\"BCenter\">​ចិត្ត​គហបតិ​បុច្ឆា​សំយុត្ត​</p>\n<br>​<span class=\"IncreaseIndent\">&nbsp;</span>[​១៧៩​]​ ​សម័យមួយ​ ​ភិក្ខុ​ជា​ថេរៈ​ច្រើន​រូប​ ​គង់នៅ​ក្នុង​វត្ត​អម្ពា​ដក​វន​ ​នាដងព្រៃ​ ​មច្ឆិ​កា​។​ ​សម័យ​នោះ​ឯង​ ​កាលដែល​ភិក្ខុ​ ​ជា​ថេរៈ​ច្រើន​រូប​ ​ត្រឡប់​មក​អំពី​បិណ្ឌបាត​ ​ក្នុង​កាល​ជា​ខាងក្រោយ​នៃ​ភត្ត​ ​បាន​អង្គុយ​ប្រជុំ​គ្នា​ ​ក្នុង​រោង​សម្រាប់​អង្គុយ​ ​ក៏​មាន​អន្តរា​ ​កថា​ ​នេះ​កើតឡើង​ថា​ ​ម្នាល​អាវុសោ​ទាំងឡាយ​ ​ធម៌​ទាំងនេះ​ ​គឺ​សញ្ញោជនៈ​ក្តី​ ​សញ្ញោ​ជ​និ​យ​ធម៌​ក្តី​<sup>(​១​)</sup>​ ​មាន​អត្ថ​ផ្សេងគ្នា​ ​មាន​ព្យញ្ជនៈ​ផ្សេងគ្នា​ ​ឬ​មាន​អត្ថ​ដូចគ្នា<sup>​(​២​)</sup>​ ​ផ្សេងគ្នា​តែ​ព្យញ្ជនៈ<sup>​(​៣​)</sup>​ ​។​ ​បណ្តា​ភិក្ខុ​ទាំងនោះ​ ​ភិក្ខុ​ជា​ថេរៈ​ពួក​ខ្លះ​ ​ដោះស្រាយ​យ៉ាងនេះ​ថា​ ​ម្នាល​អាវុសោ​ទាំងឡាយ​ ​ធម៌​ទាំងនេះ​ ​គឺ​សញ្ញោជនៈ​ក្តី​ ​សញ្ញោ​ជ​និ​យ​ធម៌​ក្តី​ ​មាន​អត្ថ​ផ្សេងគ្នា​ផង​ ​មាន​ព្យញ្ជនៈ​ផ្សេងគ្នា​ផង​។​ ​ភិក្ខុ​ជា​ថេរៈ​ពួក​ខ្លះ​ ​ដោះស្រាយ​យ៉ាងនេះ​ថា​ ​ម្នាល​អាវុសោ​ទាំងឡាយ​ ​ធម៌​ទាំងនេះ​ ​គឺ​សញ្ញោជនៈ​ក្តី​ ​សញ្ញោ​ជ​និ​យ​ធម៌​ក្តី​ ​មាន​អត្ថ​ដូចគ្នា​ ​ផ្សេងគ្នា​តែ​ព្យញ្ជនៈ​។​<hr><div style=\"font-size: 14px\">​(​១​)​ ​ធម៌​ជាហេតុ​នៃ​សញ្ញោជនៈ​។​ ​(​២​)​ ​រូប​សេចក្តី​។​ ​(​៣​)​ ​ជា​ឈ្មោះ​ ​ឬ​តួអក្សរ​។​</div>"
    },
    {
      "header": "សំយុត្តនិកាយ  សឡាយតនវគ្គ\nអដ្ឋមភាគ",
      "href": "http://ti-kh.org/books?book=36&page=227",
      "text": "គាមណិសំយុត្ត",
      "detail": "<p class=\"BCenter\">គាមណិ​សំយុត្ត​</p>\n<br>​<span class=\"IncreaseIndent\">&nbsp;</span>[​២២៨​]​ ​គ្រានោះ​ ​គាម​ណី<sup>​(​១​)</sup>​ ​ឈ្មោះ​ ​ចណ្ឌ​<sup>(​២​)</sup>​ ​ចូល​ទៅ​រក​ព្រះ​ដ៏​មាន​ព្រះ​ភាគ​ ​លុះ​ចូល​ទៅដល់​ ​ថ្វាយបង្គំ​ព្រះ​ដ៏​មាន​ព្រះ​ភាគ​ ​ហើយ​អង្គុយ​ក្នុង​ទីសម​គួរ​។​ ​លុះ​ចណ្ឌ​គាម​ណី​ ​អង្គុយ​ក្នុង​ទីសម​គួរ​ហើយ​ ​ក៏​ក្រាបបង្គំទូល​ព្រះ​ដ៏​មាន​ព្រះ​ភាគ​ ​ដូច្នេះ​ថា​ ​បពិត្រ​ព្រះអង្គ​ដ៏​ចំរើន​ ​ហេតុ​ដូចម្តេច​ ​បច្ច័យ​ដូចម្តេច​ ​ដែល​នាំឲ្យ​គេ​រាប់​បុគ្គល​ពួក​មួយ​ ​ក្នុង​លោក​នេះ​ថា​ ​ជា​អ្នក​កាច​ ​អ្នក​កាច​ ​បពិត្រ​ព្រះអង្គ​ដ៏​ចំរើន​ ​ចុះ​ហេតុ​ដូចម្តេច​ ​បច្ច័យ​ដូចម្តេច​ ​ដែល​នាំឲ្យ​គេ​រាប់​បុគ្គល​ពួក​មួយ​ ​ក្នុង​លោក​នេះ​ថា​ ​ជា​អ្នក​ស្លូត​ ​អ្នក​ស្លូត​។​ ​ព្រះ​ដ៏​មាន​ព្រះ​ភាគ​ ​ទ្រង់​ត្រាស់​ថា​ ​ម្នាល​គាម​ណី​ ​បុគ្គល​ពួក​មួយ​ ​ក្នុង​លោក​នេះ​ ​មិនទាន់​លះបង់​រាគៈ​ ​ព្រោះតែ​មិនទាន់​លះបង់​រាគៈ​ ​បាន​ជាពួក​ជន​ដទៃ​ ​រមែង​ធ្វើ​បុគ្គល​នោះ​ ​ឲ្យ​ក្រោធ​បាន​ ​កាលបើ​ពួក​ជន​ដទៃ​ ​ធ្វើឲ្យ​ក្រោធ​ហើយ​ ​ក៏​រមែង​ធ្វើ​សេចក្តី​ក្រោធ​ ​ឲ្យ​ប្រាកដ​ឡើង​ ​បុគ្គល​នោះ​ ​ទើប​រាប់​ថា​ ​ជា​អ្នក​កាច​។​ ​បុគ្គល​ដែល​មិនទាន់​លះបង់​ទោសៈ​ ​ព្រោះតែ​មិនទាន់​លះបង់​ទោសៈ​ ​បាន​ជាពួក​ជន​ដទៃ​ ​រមែង​ធ្វើឲ្យ​ក្រោធ​បាន​ ​កាលបើ​ពួក​ជន​ដទៃ​ ​ធ្វើឲ្យ​ក្រោធ​ហើយ​ ​ក៏​រមែង​ធ្វើ​សេចក្តី​ក្រោធ​ ​ឲ្យ​ប្រាកដ​ឡើង​ ​<hr><div style=\"font-size: 14px\">​(​១​)​ ​អ្នកធំ​ក្នុង​ស្រុក​។​ ​(​២​)​ ​ជា​មនុស្ស​កាច​។​</div>"
    },
    {
      "header": "សំយុត្តនិកាយ  សឡាយតនវគ្គ\nអដ្ឋមភាគ",
      "href": "http://ti-kh.org/books?book=36&page=349",
      "text": "អសង្ខតសំយុត្ត បឋមវគ្គ",
      "detail": "<p class=\"BCenter\">​អសង្ខត​សំយុត្ត​ ​បឋម​វគ្គ​</p>\n<br>​<span class=\"IncreaseIndent\">&nbsp;</span>[​៣១៦​]​ ​ខ្ញុំ​បាន​ស្តាប់​មក​យ៉ាងនេះ​។​ ​សម័យមួយ​ ​ព្រះ​ដ៏​មាន​ព្រះ​ភាគ​ ​គង់​ក្នុង​វត្ត​ ​ជេតពន​ ​របស់​អនាថបិណ្ឌិក​សេដ្ឋី​ ​ជិត​ក្រុង​សាវត្ថី​។​ ​ក្នុង​ទីនោះ​ឯង​ ​ព្រះ​ដ៏​មាន​ព្រះ​ភាគ​ ​ទ្រង់​ត្រាស់​នឹង​ភិក្ខុ​ទាំងឡាយ​ថា​ ​ម្នាល​ភិក្ខុ​ទាំងឡាយ​។​ ​ភិក្ខុ​ទាំងនោះ​ ​ទទួល​ព្រះពុទ្ធដីកា​ព្រះ​ដ៏​មាន​ព្រះ​ភាគ​ថា​ ​បពិត្រ​ព្រះអង្គ​ដ៏​ចំរើន​។​ ​ព្រះ​ដ៏​មាន​ព្រះ​ភាគ​ ​ទ្រង់​ត្រាស់​ដូច្នេះ​ថា​ ​ម្នាល​ភិក្ខុ​ទាំងឡាយ​ ​តថាគត​ ​នឹង​សំដែង​ ​អសង្ខតធម៌​ ​(​ធម៌​ដែល​បច្ច័យ​តាក់តែង​មិនបាន​)​ ​ផង​ ​អ​សង្ខ​ត​គាមិ​មគ្គ​ ​(​ផ្លូវ​ជា​ដំណើរ​ទៅកាន់​អសង្ខតធម៌​)​ ​ផង​ ​ដល់​អ្នក​ទាំងឡាយ​ ​អ្នក​ទាំងឡាយ​ ​ចូរ​ស្តាប់ធម៌​នោះ​ចុះ​។​ ​ម្នាល​ភិក្ខុ​ទាំងឡាយ​ ​ចុះ​អសង្ខតធម៌​ ​តើ​ដូចម្តេច​។​ ​ម្នាល​ភិក្ខុ​ទាំងឡាយ​ ​សភាវៈ​ដែល​ជាទី​ក្ស័យ​រាគៈ​ ​ក្ស័យ​ទោសៈ​ ​ក្ស័យ​ ​មោហៈ​។​ ​ម្នាល​ភិក្ខុ​ទាំងឡាយ​ ​នេះ​ហៅថា​ ​អសង្ខតធម៌​។​ ​ម្នាល​ភិក្ខុ​ទាំងឡាយ​ ​ចុះ​អ​សង្ខ​ត​គាមិ​មគ្គ​ ​តើ​ដូចម្តេច​។​ ​(​អ​សង្ខ​ត​គាមិ​មគ្គ​នោះ​)​ ​គឺ​កាយគតាសតិ​។​ ​ម្នាល​ភិក្ខុ​ទាំងឡាយ​ ​នេះ​ហៅថា​ ​អ​សង្ខ​ត​គាមិ​មគ្គ​។​ ​ម្នាល​ភិក្ខុ​ទាំងឡាយ​ ​អសង្ខតធម៌​ ​តថាគត​បាន​សំដែង​ហើយ​ ​អ​សង្ខ​ត​គាមិ​មគ្គ​ ​តថាគត​ ​ក៏បាន​សំដែង​ហើយ​ ​ដល់​អ្នក​ទាំងឡាយ​ ​ដោយ​ប្រការ​ដូច្នេះ​ឯង​។​ ​ម្នាល​ភិក្ខុ​ទាំងឡាយ​"
    },
    {
      "header": "សំយុត្តនិកាយ  សឡាយតនវគ្គ\nអដ្ឋមភាគ",
      "href": "http://ti-kh.org/books?book=36&page=354",
      "text": "អសង្ខតសំយុត្ត ទុតិយវគ្គ",
      "detail": "<p class=\"BCenter\">​អសង្ខត​សំយុត្ត​ ​ទុតិយវគ្គ​</p>\n<br>​<span class=\"IncreaseIndent\">&nbsp;</span>[​៣២៧​]​ ​ម្នាល​ភិក្ខុ​ទាំងឡាយ​ ​តថាគត​នឹង​សំដែង​អសង្ខតធម៌​ផង​ ​អ​សង្ខ​ត​គាមិ​មគ្គ​ផង​ ​ដល់​អ្នក​ទាំងឡាយ​ ​អ្នក​ទាំងឡាយ​ ​ចូរ​ស្តាប់ធម៌​នោះ​ចុះ​។​ ​ម្នាល​ភិក្ខុ​ទាំងឡាយ​ ​អសង្ខតធម៌​ ​តើ​ដូចម្តេច​។​ ​ម្នាល​ភិក្ខុ​ទាំងឡាយ​ ​សភាវៈ​ដែល​ជាទី​ក្ស័យ​រាគៈ​ ​ក្ស័យ​ទោសៈ​ ​ក្ស័យ​មោហៈ​។​ ​ម្នាល​ភិក្ខុ​ទាំងឡាយ​ ​នេះ​ហៅថា​ ​សង្ខតធម៌​។​ ​ ​ម្នាល​ភិក្ខុ​ទាំងឡាយ​ ​អ​សង្ខ​ត​គាមិ​មគ្គ​ ​តើ​ដូចម្តេច​។​ ​គឺ​សមថធម៌​។​ ​ម្នាល​ភិក្ខុ​ទាំងឡាយ​ ​នេះ​ហៅថា​ ​អ​សង្ខ​ត​គាមិ​មគ្គ​។​ ​ម្នាល​ភិក្ខុ​ទាំងឡាយ​ ​អសង្ខតធម៌​ ​តថាគត​បាន​សំដែង​ហើយ​ ​អ​សង្ខ​ត​គាមិ​មគ្គ​ ​តថាគត​ក៏បាន​សំដែង​ហើយ​ ​ដល់​អ្នក​ទាំងឡាយ​ ​ដោយ​ប្រការ​ដូច្នេះ​ឯង​។​ ​ម្នាល​ភិក្ខុ​ទាំងឡាយ​ ​កិច្ច​ឯណា​ ​ដែល​សាស្តា​ជា​អ្នក​ស្វែងរក​ប្រយោជន៍​ ​ជា​អ្នក​អនុគ្រោះ​ ​អាស្រ័យ​សេចក្តី​អនុគ្រោះ​ ​ត្រូវ​ធ្វើ​ដល់​សាវក​ទាំងឡាយ​ ​កិច្ច​នោះ​ ​តថាគត​ ​ក៏បាន​ធ្វើ​ដល់​អ្នក​ទាំងឡាយ​រួចហើយ​។​ ​ម្នាល​ភិក្ខុ​ទាំងឡាយ​ ​កិច្ច​ទាំង​នុ៎ះ"
    },
    {
      "header": "សំយុត្តនិកាយ  សឡាយតនវគ្គ\nអដ្ឋមភាគ",
      "href": "http://ti-kh.org/books?book=36&page=376",
      "text": "អព្យាកតសំយុត្ត",
      "detail": "<p class=\"BCenter\">​អព្យាកត​សំយុត្ត​</p>\n<br>​<span class=\"IncreaseIndent\">&nbsp;</span>[​៣៩៤​]​ ​សម័យមួយ​ ​ព្រះ​ដ៏​មាន​ព្រះ​ភាគ​ ​ទ្រង់​គង់​ក្នុង​វត្ត​ជេតពន​ ​របស់​អនាថបិណ្ឌិក​សេដ្ឋី​ ​ជិត​ក្រុង​សាវត្ថី​។​ ​សម័យ​នោះ​ឯង​ ​នាង​ខេមា​ភិក្ខុនី​ ​ត្រាច់​ទៅកាន់​ចារិក​ ​ក្នុង​កោសល​ជនបទ​ ​បាន​ចូល​ទៅ​អាស្រ័យ​នៅក្នុង​ស្រុក​ឈ្មោះ​ ​តោរណ​វត្ថុ​ ​ជា​ចន្លោះ​ក្រុង​សាវត្ថី​ ​និង​ចន្លោះ​ក្រុង​សាកេ​ត​។​ ​លំដាប់នោះ​ ​ព្រះបាទ​បសេនទិកោសល​ស្តេច​ចេញ​ចាក​ក្រុង​សាកេ​ត​ ​ហើយ​ទៅកាន់​ក្រុង​សាវត្ថី​ ​ស្តេច​ចូល​ទៅ​សំណាក់​អស់​មួយ​រាត្រី​ ​ក្នុង​ស្រុក​តោរណ​វត្ថុ​ ​ដែល​ជា​ចន្លោះ​នៃ​ក្រុង​សាវត្ថី​ ​និង​ក្រុង​សាកេ​ត​។​ ​គ្រានោះ​ព្រះបាទ​បសេនទិកោសល​ ​ទ្រង់​ត្រាស់​នឹង​បុរស​ម្នាក់​ថា​ ​នែ​បុរស​ដ៏​ចំរើន​ ​អ្នកឯង​មក​អាយ​ ​អ្នកឯង​ចូរ​ដឹង​ ​(​គយគន់​មើល​)​ ​នូវ​សមណៈ​ ​ឬ​ព្រាហ្មណ៍​ ​ក្នុង​ស្រុក​តោរណ​វត្ថុ​ ​ដែល​ល្មម​អញ​ចូល​ទៅ​រក​ ​ក្នុងថ្ងៃនេះ​។​ ​បុរស​នោះ​ ​ទទួល​ព្រះរាជឱង្ការ​ព្រះបាទ​បសេនទិកោសល​ថា​ ​ព្រះករុណា​ថ្លៃ​វិសេស​ ​ហើយ​ត្រាច់​រង្គាត់​ទៅ​សព្វ​ស្រុក​តោរណ​វត្ថុ​ ​ក៏​មិនឃើញ​សមណៈ​ ​ឬ​ព្រាហ្មណ៍​ណាមួយ​ ​ដែល​ល្មម​ព្រះបាទ​បសេនទិកោសល​ ​ទ្រង់​ចូល​ទៅ​រក​សោះ​ឡើយ​។​ ​"
    }
  ]
}