{
  "title": "ភាគ ៨៧",
  "imageSrc": "photos/Book_87.jpg",
  "href": "http://ti-kh.org/books?book=87",
  "contents": [
    {
      "header": "អភិធម្មបិដក\nយមកៈ  បឋមភាគ\n\nមូលយមកៈ",
      "href": "http://ti-kh.org/books?book=87&page=1",
      "text": "ឧទ្ទេសវារៈ",
      "detail": "<p class=\"BCenter\">អភិធម្មបិដក\n<br>យម​កៈ បឋម​ភាគ</p>\n<br><p class=\"PCenter\">សូម​នមស្ការ ចំពោះ​ព្រះមានព្រះភាគ អរហន្ត​សម្មា​សម្ពុទ​អង្គ​នោះ។</p>\n<br><p class=\"BCenter\">មូល​យម​កៈ\n<br>ឧទ្ទេស​វារៈ</p>\n<br><span class=\"IncreaseIndent\">&nbsp;</span>[១] ពួក​ធម៌​ណាមួយ ជាកុសល ពួក​ធម៌​ទាំងអស់​នោះ មាន​កុសល​ជា​មូល មួយ​យ៉ាង​ទៀត ពួក​ធម៌​ណា មាន​កុសល​ជា​មូល ពួក​ធម៌​ទាំងអស់​នោះ ជាកុសល។ ពួក​ធម៌​ណាមួយ ជាកុសល ពួក​ធម៌​ទាំងអស់​នោះ មាន​មូល​តែមួយ ដោយ​កុសល​មូល មួយ​យ៉ាង​ទៀត ពួក​ធម៌​ណា មាន​មូល​តែមួយ ដោយ​កុសល​មូល ពួក​ធម៌​ទាំងអស់​នោះ ជាកុសល។ ពួក​ធម៌​ណាមួយ មាន​មូល​តែមួយ ដោយ​កុសល​មូល ពួក​ធម៌​ទាំងអស់​នោះ មាន​គ្នា​និង​គ្នា​ជា​មូល ដោយ​កុសល​មូល មួយ​យ៉ាង​ទៀត ពួក​ធម៌​ណា មាន​គ្នា​និង​គ្នា​ជា​មូល ដោយ​កុសល​មូល ពួក​ធម៌​ទាំងអស់​នោះ ជាកុសល។ ពួក​ធម៌​ណាមួយ ជាកុសល ពួក​ធម៌​ទាំងអស់​នោះ មាន​កុសល​ជា​មូល មួយ​យ៉ាង​ទៀត ពួក​ធម៌​ណា មាន​កុសល​មូល​ជា​មូល ពួក​ធម៌​ទាំងអស់​នោះ ជាកុសល។ ពួក​ធម៌​ណាមួយ ជាកុសល ពួក​ធម៌​ទាំងអស់​នោះ មាន​មូល​តែមួយ​ជា​មូល ដោយ​កុសល​មូល"
    },
    {
      "header": "អភិធម្មបិដក\nយមកៈ  បឋមភាគ\n\nមូលយមកៈ",
      "href": "http://ti-kh.org/books?book=87&page=10",
      "text": "និទ្ទេសវារៈ",
      "detail": "<p class=\"BCenter\">និទ្ទេសវារៈ</p>\n<br><span class=\"IncreaseIndent\">&nbsp;</span>[៦] ពួក​ធម៌​ណាមួយ ជាកុសល ពួក​ធម៌​ទាំងអស់​នោះ ជាកុសល​មូល​ឬ។ កុសល​មូល មានត្រឹមតែ ៣ ឯ​ពួក​ធម៌​ជាកុសល​ដ៏​សេស មិនមែន​ជាកុសល​មូល​ឡើយ។ មួយ​យ៉ាង​ទៀត ពួក​ធម៌​ណា ជាកុសល​មូល ពួក​ធម៌​ទាំងអស់​នោះ ជាកុសល​ឬ។ អើ។ ពួក​ធម៌​ណាមួយ ជាកុសល ពួក​ធម៌​ទាំងអស់​នោះ មាន​មូល​តែមួយ ដោយ​កុសល​មូល​ឬ។ អើ។ មួយ​យ៉ាង​ទៀត ពួក​ធម៌​ណា មាន​មូល​តែមួយ ដោយ​កុសល​មូល ពួក​ធម៌​ទាំងអស់​នោះ ជាកុសល​ឬ។ រូប មាន​កុសល​ជាស​មុ​ដ្ឋាន មាន​មូល​តែមួយ ដោយ​កុសល​មូល តែ​មិនមែន​ជាកុសល​ឡើយ ឯកុសល មាន​មូល​តែមួយ ដោយ​កុសល​មូល​ផង ជាកុសល​ផង។ ពួក​ធម៌​ណាមួយ មាន​មូល​តែមួយ ដោយ​កុសល​មូល ពួក​ធម៌​ទាំងអស់​នោះ មាន​គ្នា​និង​គ្នា​ជា​មូល ដោយ​កុសល​មូល​ឬ។ មូល​ទាំងឡាយ​ណា ជាកុសល​មូល កើត​ក្នុង​ទី​ជាមួយគ្នា មាន​មូល​តែមួយ​ផង មាន​គ្នា​និង​គ្នា​ជា​មូល​ផង ឯ​ពួក​ធម៌​ដ៏​សេស ដែល​កើតជា​មួយ​នឹង​កុសល​មូល ឈ្មោះថា​មាន​មូល​តែមួយ ដោយ​កុសល​មូល​តែ​មិនមែន​ឈ្មោះថា មាន​គ្នា​និង​គ្នា​ជា​មូល​ឡើយ។ មួយ​យ៉ាង​ទៀត ពួក​ធម៌​ណា មាន​គ្នា​និង​គ្នា​ជា​មូល ដោយ​កុសល​មូល ពួក​ធម៌​ទាំងអស់​នោះ ជាកុសល​ឬ។ អើ។\n<br><span class=\"IncreaseIndent\">&nbsp;</span>[៧] ពួក​ធម៌​ណាមួយ ជាកុសល ពួក​ធម៌​ទាំងអស់​នោះ"
    },
    {
      "header": "អភិធម្មបិដក\nយមកៈ  បឋមភាគ\n\nមូលយមកៈ",
      "href": "http://ti-kh.org/books?book=87&page=10",
      "text": "កុសលធម្មនិទ្ទេស",
      "detail": "<p class=\"BCenter\">និទ្ទេសវារៈ</p>\n<br><span class=\"IncreaseIndent\">&nbsp;</span>[៦] ពួក​ធម៌​ណាមួយ ជាកុសល ពួក​ធម៌​ទាំងអស់​នោះ ជាកុសល​មូល​ឬ។ កុសល​មូល មានត្រឹមតែ ៣ ឯ​ពួក​ធម៌​ជាកុសល​ដ៏​សេស មិនមែន​ជាកុសល​មូល​ឡើយ។ មួយ​យ៉ាង​ទៀត ពួក​ធម៌​ណា ជាកុសល​មូល ពួក​ធម៌​ទាំងអស់​នោះ ជាកុសល​ឬ។ អើ។ ពួក​ធម៌​ណាមួយ ជាកុសល ពួក​ធម៌​ទាំងអស់​នោះ មាន​មូល​តែមួយ ដោយ​កុសល​មូល​ឬ។ អើ។ មួយ​យ៉ាង​ទៀត ពួក​ធម៌​ណា មាន​មូល​តែមួយ ដោយ​កុសល​មូល ពួក​ធម៌​ទាំងអស់​នោះ ជាកុសល​ឬ។ រូប មាន​កុសល​ជាស​មុ​ដ្ឋាន មាន​មូល​តែមួយ ដោយ​កុសល​មូល តែ​មិនមែន​ជាកុសល​ឡើយ ឯកុសល មាន​មូល​តែមួយ ដោយ​កុសល​មូល​ផង ជាកុសល​ផង។ ពួក​ធម៌​ណាមួយ មាន​មូល​តែមួយ ដោយ​កុសល​មូល ពួក​ធម៌​ទាំងអស់​នោះ មាន​គ្នា​និង​គ្នា​ជា​មូល ដោយ​កុសល​មូល​ឬ។ មូល​ទាំងឡាយ​ណា ជាកុសល​មូល កើត​ក្នុង​ទី​ជាមួយគ្នា មាន​មូល​តែមួយ​ផង មាន​គ្នា​និង​គ្នា​ជា​មូល​ផង ឯ​ពួក​ធម៌​ដ៏​សេស ដែល​កើតជា​មួយ​នឹង​កុសល​មូល ឈ្មោះថា​មាន​មូល​តែមួយ ដោយ​កុសល​មូល​តែ​មិនមែន​ឈ្មោះថា មាន​គ្នា​និង​គ្នា​ជា​មូល​ឡើយ។ មួយ​យ៉ាង​ទៀត ពួក​ធម៌​ណា មាន​គ្នា​និង​គ្នា​ជា​មូល ដោយ​កុសល​មូល ពួក​ធម៌​ទាំងអស់​នោះ ជាកុសល​ឬ។ អើ។\n<br><span class=\"IncreaseIndent\">&nbsp;</span>[៧] ពួក​ធម៌​ណាមួយ ជាកុសល ពួក​ធម៌​ទាំងអស់​នោះ"
    },
    {
      "header": "អភិធម្មបិដក\nយមកៈ  បឋមភាគ\n\nមូលយមកៈ",
      "href": "http://ti-kh.org/books?book=87&page=14",
      "text": "អកុសលធម្មនិទ្ទេស",
      "detail": "មាន​មូល​នៃ​គ្នា​និង​គ្នា​ជា​មូល ដោយ​កុសល​មូល ពួក​ធម៌​ទាំងអស់​នោះ ជាកុសល​មូល​ឬ។ អើ។\n<br><span class=\"IncreaseIndent\">&nbsp;</span>[១០] ពួក​ធម៌​ណាមួយ ជាអកុសល ពួក​ធម៌​ទាំងអស់​នោះ ជាអកុសល​មូល​ឬ។ ពួក​អកុសលមូល​មានត្រឹមតែ ៣ ឯ​ពួក​ធម៌​ជាអកុសល​ដ៏​សេស មិនមែន​ឈ្មោះថា អកុសលមូល​ឡើយ។ មួយ​យ៉ាង​ទៀត ពួក​ធម៌​ណា ជាអកុសល​មូល ពួក​ធម៌​ទាំងអស់​នោះ ជាអកុសល​ឬ។ អើ។ ពួក​ធម៌​ណាមួយ ជាអកុសល ពួក​ធម៌​ទាំងអស់​នោះ មាន​មូល​តែមួយ ដោយ​អកុសលមូល​ឬ។ អកុសល ជា​អហេតុកៈ មិនមែន​មាន​មូល​តែមួយ ដោយ​អកុសលមូល​ឡើយ ឯអកុសល ជាស​ហេតុ​កៈ ទើប​មាន​មូល​តែមួយ ដោយ​អកុសលមូល។ មួយ​យ៉ាង​ទៀត ពួក​ធម៌​ណា មាន​មូល​តែមួយ ដោយ​អកុសលមូល ពួក​ធម៌​ទាំងអស់​នោះ ជាអកុសល​ឬ។ រូប មាន​អកុសល​ជាស​មុ​ដ្ឋាន មាន​មូល​តែមួយ ដោយ​អកុសលមូល តែ​មិនមែន​ជាអកុសល​ឡើយ ឯអកុសល មាន​មូល​តែមួយ ដោយ​អកុសលមូល​ផង ជាអកុសល​ផង។ ពួក​ធម៌​ណាមួយ មាន​មូល​តែមួយ ដោយ​អកុសលមូល ពួក​ធម៌​ទាំងអស់​នោះ មាន​គ្នា​និង​គ្នា​ជា​មូល ដោយ​អកុសលមូល​ឬ។ មូល​ទាំងឡាយ​ណា ជាអកុសល​មូល កើត​ក្នុង​ទី​ជាមួយគ្នា (មូល​ទាំងឡាយ​នោះ) មាន​មូល​តែមួយ​ផង"
    },
    {
      "header": "អភិធម្មបិដក\nយមកៈ  បឋមភាគ\n\nមូលយមកៈ",
      "href": "http://ti-kh.org/books?book=87&page=19",
      "text": "អព្យាកតធម្មនិទ្ទេស",
      "detail": "ពួក​ធម៌​ទាំងអស់​នោះ ជាអកុសល​ឬ។ អើ។\n<br><span class=\"IncreaseIndent\">&nbsp;</span>[១៤] ពួក​ធម៌​ណាមួយ ជា​អព្យាក្រឹត ពួក​ធម៌​ទាំងអស់​នោះ ជា​មូល​នៃ​អព្យាក្រឹត​ឬ។ អព្យាកត​មូល​ទាំងឡាយ មានត្រឹមតែ ៣ ឯ​ពួក​ធម៌​ជា​អព្យាក្រឹត​ដ៏​សេស មិនមែន​ឈ្មោះថា​អព្យាកត​មូល​ឡើយ។ មួយ​យ៉ាង​ទៀត ពួក​ធម៌​ណាមួយ ជា​មូល​នៃ​អព្យាក្រឹត ពួក​ធម៌​ទាំងអស់​នោះ ជា​អព្យាក្រឹត​ឬ។ អើ។ ពួក​ធម៌​ណាមួយ ជា​អព្យាក្រឹត ពួក​ធម៌​ទាំងអស់​នោះ មាន​មូល​តែមួយ ដោយ​អព្យាកត​មូល​ឬ។ អព្យាក្រឹត ជា​អហេតុកៈ មិនមែន​មាន​មូល​តែមួយ ដោយ​អព្យាកត​មូល​ឡើយ ឯអព្យាក្រឹត ជាស​ហេតុ​កៈ ទើប​មាន​មូល​តែមួយ ដោយ​អព្យាកត​មូល។ មួយ​យ៉ាង​ទៀត ពួក​ធម៌​ណា មាន​មូល​តែមួយ ដោយ​អព្យាកត​មូល ពួក​ធម៌​ទាំងអស់​នោះ ជា​អព្យាក្រឹត​ឬ។ អើ។ ពួក​ធម៌​ណាមួយ មាន​មូល​តែមួយ ដោយ​អព្យាកត​មូល ពួក​ធម៌​ទាំងអស់​នោះ មាន​គ្នា​និង​គ្នា​ជា​មូល ដោយ​អព្យាកត​មូល​ឬ។ មូល​ទាំងឡាយ​ណា ជា​អព្យាកត​មូល កើត​ក្នុង​ទី​ជាមួយគ្នា (មូល​ទាំងឡាយ​នោះ) មាន​មូល​តែមួយ​ផង មាន​គ្នា​និង​គ្នា​ជា​មូល​ផង ឯ​ពួក​ធម៌​ដ៏​សេស ដែល​កើត​ព្រមគ្នា​នឹង​អព្យាកត​មូល គ្រាន់តែ​មាន​មូល​តែមួយ ដោយ​អព្យាកត​មូល តែ​មិនមែន​មាន​គ្នា​និង​គ្នា​ជា​មូល​ឡើយ។ មួយ​យ៉ាង​ទៀត ពួក​ធម៌​ណា មាន​គ្នា​និង​គ្នា​ជា​មូល ដោយ​អព្យាកត​មូល ពួក​ធម៌​ទាំងអស់​នោះ ជា​អព្យាក្រឹត​ឬ។ អើ។"
    },
    {
      "header": "អភិធម្មបិដក\nយមកៈ  បឋមភាគ\n\nមូលយមកៈ",
      "href": "http://ti-kh.org/books?book=87&page=23",
      "text": "នាមធម្មនិទ្ទេស",
      "detail": "ពួក​ធម៌​ទាំងអស់​នោះ ជា​អព្យាក្រឹត​ឬ។ អើ។\n<br><span class=\"IncreaseIndent\">&nbsp;</span>[១៨] ពួក​ធម៌​ណាមួយ ជា​នាម ពួក​ធម៌​ទាំងអស់​នោះ ជា​មូល​នៃ​នាម​ឬ។ មូល​នៃ​នាម​ទាំងឡាយ មានត្រឹមតែ ៩ ប៉ុណ្ណោះ ឯ​ពួក​ធម៌​ជា​នាម​ដ៏​សេស មិនមែន​ជា​មូល​នៃ​នាម​ឡើយ។ មួយ​យ៉ាង​ទៀត ពួក​ធម៌​ណា ជា​មូល​នៃ​នាម ពួក​ធម៌​ទាំងអស់​នោះ ជា​នាម​ឬ។ អើ។ ពួក​ធម៌​ណាមួយ ជា​នាម ពួក​ធម៌​ទាំងអស់​នោះ មាន​មូល​តែមួយ ដោយ​នាម​មូល​ឬ។ នាម ជា​អហេតុកៈ មិនមែន​មាន​មូល​តែមួយ ដោយ​នាម​មូល​ឡើយ ឯនាម ជាស​ហេតុ​កៈ ទើប​មាន​មូល​តែមួយ ដោយ​នាម​មូល។ មួយ​យ៉ាង​ទៀត ពួក​ធម៌​ណា មាន​មូល​តែមួយ ដោយ​នាម​មូល ពួក​ធម៌​ទាំងអស់​នោះ ជា​នាម​ឬ។ រូប មាន​នាម​ជាស​មុ​ដ្ឋាន មាន​មូល​តែមួយ ដោយ​នាម​មូល តែ​មិនមែន​ជា​នាម​ឡើយ ឯនាម មាន​មូល​តែមួយ ដោយ​នាម​មូល​ផង ជា​នាម​ផង។ ពួក​ធម៌​ណាមួយ មាន​មូល​តែមួយ ដោយ​នាម​មូល ពួក​ធម៌​ទាំងអស់​នោះ មាន​គ្នា​និង​គ្នា​ជា​មូល ដោយ​នាម​មូល​ឬ។ មូល​ទាំងឡាយ​ណា ជា​នាម​មូល កើត​ក្នុង​ទី​ជាមួយគ្នា (មូល​ទាំងឡាយ​នោះ) មាន​មូល​តែមួយ​ផង មាន​គ្នា​និង​គ្នា​ជា​មូល​ផង ឯ​ពួក​ធម៌​ដ៏​សេស ដែល​កើត​ព្រមគ្នា​នឹង​នាម​មូល គ្រាន់តែ​មាន​មូល​តែមួយ ដោយ​នាម​មូល តែ​មិនមែន​មាន​គ្នា​និង​គ្នា​ជា​មូល​ឡើយ។ មួយ​យ៉ាង​ទៀត ពួក​ធម៌​ណា មាន​គ្នា​និង​គ្នា​ជា​មូល ដោយ​នាម​មូល ពួក​ធម៌​ទាំងអស់​នោះ ជា​នាម​ឬ។ អើ។"
    },
    {
      "header": "ខន្ធយមកៈ",
      "href": "http://ti-kh.org/books?book=87&page=28",
      "text": "បណ្ណត្តិវារៈ",
      "detail": "<span class=\"IncreaseIndent\">&nbsp;</span>[២៣] ពួក​ខន្ធ ៥ គឺ​រូបក្ខន្ធ វេទនាខន្ធ សញ្ញាខន្ធ សង្ខារក្ខន្ធ វិញ្ញាណក្ខន្ធ។\n<br><p class=\"BCenter\">ឧទ្ទេស​វារៈ</p>\n<br><span class=\"IncreaseIndent\">&nbsp;</span>[២៤] រូប ហៅថា​រូបក្ខន្ធ រូបក្ខន្ធ ហៅថា​រូប។ វេទនា ហៅថា​វេទនាខន្ធ វេទនាខន្ធ ហៅថា​វេទនា។ សញ្ញា ហៅថា​សញ្ញាខន្ធ សញ្ញាខន្ធ ហៅថា​សញ្ញា។ ពួក​សង្ខារ ហៅថា​សង្ខារក្ខន្ធ សង្ខារក្ខន្ធ ហៅថា​ពួក​សង្ខារ។ វិញ្ញាណ ហៅថា​វិញ្ញាណក្ខន្ធ វិញ្ញាណក្ខន្ធ ហៅថា​វិញ្ញាណ។\n<br><span class=\"IncreaseIndent\">&nbsp;</span>[២៥] មិនមែន​រូប មិន​ហៅថា​រូបក្ខន្ធ មិនមែន​រូបក្ខន្ធ មិន​ហៅថា​រូប។ មិនមែន​វេទនា មិន​ហៅថា​វេទនាខន្ធ មិនមែន​វេទនាខន្ធ មិន​ហៅថា​វេទនា។ មិនមែន​សញ្ញា មិន​ហៅថា​សញ្ញាខន្ធ មិនមែន​សញ្ញាខន្ធ មិន​ហៅថា​សញ្ញា។ មិនមែន​ពួក​សង្ខារ មិន​ហៅថា​សង្ខារក្ខន្ធ មិនមែន​សង្ខារក្ខន្ធ មិន​ហៅថា​សង្ខារ។ មិនមែន​វិញ្ញាណ មិន​ហៅថា​វិញ្ញាណក្ខន្ធ មិនមែន​វិញ្ញាណក្ខន្ធ មិន​ហៅថា​វិញ្ញាណ។\n<br><span class=\"IncreaseIndent\">&nbsp;</span>[២៦] រូប ហៅថា​រូបក្ខន្ធ ខន្ធ​ទាំងឡាយ ហៅថា​វេទនាខន្ធ។ រូប ហៅថា​រូបក្ខន្ធ ខន្ធ​ទាំងឡាយ ហៅថា​សញ្ញាខន្ធ។ រូប ហៅថា​រូបក្ខន្ធ ខន្ធ​ទាំងឡាយ ហៅថា​សង្ខារក្ខន្ធ។ រូប ហៅថា​រូបក្ខន្ធ ខន្ធ​ទាំងឡាយ ហៅថា​វិញ្ញាណក្ខន្ធ។ វេទនា ហៅថា​វេទនាខន្ធ ខន្ធ​ទាំងឡាយ ហៅថា​រូបក្ខន្ធ។"
    },
    {
      "header": "ខន្ធយមកៈ",
      "href": "http://ti-kh.org/books?book=87&page=28",
      "text": "ឧទ្ទេសវារៈ",
      "detail": "<span class=\"IncreaseIndent\">&nbsp;</span>[២៣] ពួក​ខន្ធ ៥ គឺ​រូបក្ខន្ធ វេទនាខន្ធ សញ្ញាខន្ធ សង្ខារក្ខន្ធ វិញ្ញាណក្ខន្ធ។\n<br><p class=\"BCenter\">ឧទ្ទេស​វារៈ</p>\n<br><span class=\"IncreaseIndent\">&nbsp;</span>[២៤] រូប ហៅថា​រូបក្ខន្ធ រូបក្ខន្ធ ហៅថា​រូប។ វេទនា ហៅថា​វេទនាខន្ធ វេទនាខន្ធ ហៅថា​វេទនា។ សញ្ញា ហៅថា​សញ្ញាខន្ធ សញ្ញាខន្ធ ហៅថា​សញ្ញា។ ពួក​សង្ខារ ហៅថា​សង្ខារក្ខន្ធ សង្ខារក្ខន្ធ ហៅថា​ពួក​សង្ខារ។ វិញ្ញាណ ហៅថា​វិញ្ញាណក្ខន្ធ វិញ្ញាណក្ខន្ធ ហៅថា​វិញ្ញាណ។\n<br><span class=\"IncreaseIndent\">&nbsp;</span>[២៥] មិនមែន​រូប មិន​ហៅថា​រូបក្ខន្ធ មិនមែន​រូបក្ខន្ធ មិន​ហៅថា​រូប។ មិនមែន​វេទនា មិន​ហៅថា​វេទនាខន្ធ មិនមែន​វេទនាខន្ធ មិន​ហៅថា​វេទនា។ មិនមែន​សញ្ញា មិន​ហៅថា​សញ្ញាខន្ធ មិនមែន​សញ្ញាខន្ធ មិន​ហៅថា​សញ្ញា។ មិនមែន​ពួក​សង្ខារ មិន​ហៅថា​សង្ខារក្ខន្ធ មិនមែន​សង្ខារក្ខន្ធ មិន​ហៅថា​សង្ខារ។ មិនមែន​វិញ្ញាណ មិន​ហៅថា​វិញ្ញាណក្ខន្ធ មិនមែន​វិញ្ញាណក្ខន្ធ មិន​ហៅថា​វិញ្ញាណ។\n<br><span class=\"IncreaseIndent\">&nbsp;</span>[២៦] រូប ហៅថា​រូបក្ខន្ធ ខន្ធ​ទាំងឡាយ ហៅថា​វេទនាខន្ធ។ រូប ហៅថា​រូបក្ខន្ធ ខន្ធ​ទាំងឡាយ ហៅថា​សញ្ញាខន្ធ។ រូប ហៅថា​រូបក្ខន្ធ ខន្ធ​ទាំងឡាយ ហៅថា​សង្ខារក្ខន្ធ។ រូប ហៅថា​រូបក្ខន្ធ ខន្ធ​ទាំងឡាយ ហៅថា​វិញ្ញាណក្ខន្ធ។ វេទនា ហៅថា​វេទនាខន្ធ ខន្ធ​ទាំងឡាយ ហៅថា​រូបក្ខន្ធ។"
    },
    {
      "header": "ខន្ធយមកៈ",
      "href": "http://ti-kh.org/books?book=87&page=34",
      "text": "និទ្ទេសវារៈ",
      "detail": "<p class=\"BCenter\">និទ្ទេសវារៈ</p>\n<br><span class=\"IncreaseIndent\">&nbsp;</span>[៣២] រូប ហៅថា​រូបក្ខន្ធ​ឬ។ រូប​ជាទីស្រឡាញ់ រូប​ដ៏​ឆ្ងាញ់​ពិសា ហៅថា​រូប តែ​មិនមែន​ហៅថា រូបក្ខន្ធ​ទេ ឯរូបក្ខន្ធ ហៅថា​រូប​ផង ហៅថា​រូបក្ខន្ធ​ផង។ រូបក្ខន្ធ ហៅថា​រូប​ឬ។ អើ។\n<br><span class=\"IncreaseIndent\">&nbsp;</span>[៣៣] វេទនា ហៅថា​វេទនាខន្ធ​ឬ។ អើ។ វេទនាខន្ធ ហៅថា​វេទនា​ឬ។ អើ។\n<br><span class=\"IncreaseIndent\">&nbsp;</span>[៣៤] សញ្ញា ហៅថា​សញ្ញាខន្ធ​ឬ។ ទិដ្ឋិ​សញ្ញា ហៅថា​សញ្ញា តែ​មិនមែន​ហៅថា​សញ្ញាខន្ធ​ទេ ឯសញ្ញាខន្ធ ហៅថា​សញ្ញា​ផង ហៅថា​សញ្ញាខន្ធ​ផង។ សញ្ញាខន្ធ ហៅថា​សញ្ញា​ឬ។ អើ។\n<br><span class=\"IncreaseIndent\">&nbsp;</span>[៣៥] ពួក​សង្ខារ ហៅថា​សង្ខារក្ខន្ធ​ឬ។ ពួក​សង្ខារ​ដ៏​សេស លើកលែងតែ​សង្ខារក្ខន្ធ​ចេញ ហៅថា​ពួក​សង្ខារ តែ​មិនមែន​ហៅថា​សង្ខារក្ខន្ធ​ទេ ឯសង្ខារក្ខន្ធ ហៅថា​ពួក​សង្ខារ​ផង ហៅថា​សង្ខារក្ខន្ធ​ផង។ សង្ខារក្ខន្ធ ហៅថា​ពួក​សង្ខារ​ឬ។ អើ។\n<br><span class=\"IncreaseIndent\">&nbsp;</span>[៣៦] វិញ្ញាណ ហៅថា​វិញ្ញាណក្ខន្ធ​ឬ។ អើ។ វិញ្ញាណក្ខន្ធ ហៅថា​វិញ្ញាណ​ឬ។ អើ។\n<br><span class=\"IncreaseIndent\">&nbsp;</span>[៣៧] មិនមែន​រូប មិន​ហៅថា​រូបក្ខន្ធ​ឬ។ អើ។ មិនមែន​រូបក្ខន្ធ មិន​ហៅថា​រូប​ឬ។ រូប​ជាទីស្រឡាញ់ រូប​ដ៏​ឆ្ងាញ់​ពិសា មិនមែន​ហៅថា​រូបក្ខន្ធ​ទេ គ្រាន់តែ​ជា​រូប ឯធម៌​ទាំងឡាយ​ដ៏​សេស វៀរលែងតែ​រូប និង​រូបក្ខន្ធ​ចេញ មិនមែន​ហៅថា​រូប​ផង មិនមែន​ហៅថា រូបក្ខន្ធ​ផង។"
    },
    {
      "header": "ខន្ធយមកៈ",
      "href": "http://ti-kh.org/books?book=87&page=34",
      "text": "បទសោធនវារៈ",
      "detail": "<p class=\"BCenter\">និទ្ទេសវារៈ</p>\n<br><span class=\"IncreaseIndent\">&nbsp;</span>[៣២] រូប ហៅថា​រូបក្ខន្ធ​ឬ។ រូប​ជាទីស្រឡាញ់ រូប​ដ៏​ឆ្ងាញ់​ពិសា ហៅថា​រូប តែ​មិនមែន​ហៅថា រូបក្ខន្ធ​ទេ ឯរូបក្ខន្ធ ហៅថា​រូប​ផង ហៅថា​រូបក្ខន្ធ​ផង។ រូបក្ខន្ធ ហៅថា​រូប​ឬ។ អើ។\n<br><span class=\"IncreaseIndent\">&nbsp;</span>[៣៣] វេទនា ហៅថា​វេទនាខន្ធ​ឬ។ អើ។ វេទនាខន្ធ ហៅថា​វេទនា​ឬ។ អើ។\n<br><span class=\"IncreaseIndent\">&nbsp;</span>[៣៤] សញ្ញា ហៅថា​សញ្ញាខន្ធ​ឬ។ ទិដ្ឋិ​សញ្ញា ហៅថា​សញ្ញា តែ​មិនមែន​ហៅថា​សញ្ញាខន្ធ​ទេ ឯសញ្ញាខន្ធ ហៅថា​សញ្ញា​ផង ហៅថា​សញ្ញាខន្ធ​ផង។ សញ្ញាខន្ធ ហៅថា​សញ្ញា​ឬ។ អើ។\n<br><span class=\"IncreaseIndent\">&nbsp;</span>[៣៥] ពួក​សង្ខារ ហៅថា​សង្ខារក្ខន្ធ​ឬ។ ពួក​សង្ខារ​ដ៏​សេស លើកលែងតែ​សង្ខារក្ខន្ធ​ចេញ ហៅថា​ពួក​សង្ខារ តែ​មិនមែន​ហៅថា​សង្ខារក្ខន្ធ​ទេ ឯសង្ខារក្ខន្ធ ហៅថា​ពួក​សង្ខារ​ផង ហៅថា​សង្ខារក្ខន្ធ​ផង។ សង្ខារក្ខន្ធ ហៅថា​ពួក​សង្ខារ​ឬ។ អើ។\n<br><span class=\"IncreaseIndent\">&nbsp;</span>[៣៦] វិញ្ញាណ ហៅថា​វិញ្ញាណក្ខន្ធ​ឬ។ អើ។ វិញ្ញាណក្ខន្ធ ហៅថា​វិញ្ញាណ​ឬ។ អើ។\n<br><span class=\"IncreaseIndent\">&nbsp;</span>[៣៧] មិនមែន​រូប មិន​ហៅថា​រូបក្ខន្ធ​ឬ។ អើ។ មិនមែន​រូបក្ខន្ធ មិន​ហៅថា​រូប​ឬ។ រូប​ជាទីស្រឡាញ់ រូប​ដ៏​ឆ្ងាញ់​ពិសា មិនមែន​ហៅថា​រូបក្ខន្ធ​ទេ គ្រាន់តែ​ជា​រូប ឯធម៌​ទាំងឡាយ​ដ៏​សេស វៀរលែងតែ​រូប និង​រូបក្ខន្ធ​ចេញ មិនមែន​ហៅថា​រូប​ផង មិនមែន​ហៅថា រូបក្ខន្ធ​ផង។"
    },
    {
      "header": "ខន្ធយមកៈ",
      "href": "http://ti-kh.org/books?book=87&page=35",
      "text": "បទសោធនមូលចក្កវារៈ",
      "detail": "<span class=\"IncreaseIndent\">&nbsp;</span>[៣៨] មិនមែន​វេទនា មិន​ហៅថា​វេទនាខន្ធ​ឬ។ អើ។ មិនមែន​វេទនាខន្ធ មិន​ហៅថា​វេទនា​ឬ។ អើ។\n<br><span class=\"IncreaseIndent\">&nbsp;</span>[៣៩] មិនមែន​សញ្ញា មិន​ហៅថា​សញ្ញាខន្ធ​ឬ។ អើ។ មិនមែន​សញ្ញាខន្ធ មិន​ហៅថា​សញ្ញា​ឬ។ ទិដ្ឋិ​សញ្ញា មិនមែន​ហៅថា​សញ្ញាខន្ធ​ទេ គ្រាន់តែ​ជា​សញ្ញា​ប៉ុណ្ណោះ ឯ​ពួក​ធម៌​ដ៏​សេស វៀរលែងតែ​សញ្ញា និង​សញ្ញាខន្ធ​ចេញ មិនមែន​ហៅថា​សញ្ញា​ផង មិនមែន​ហៅថា​សញ្ញាខន្ធ​ផង។\n<br><span class=\"IncreaseIndent\">&nbsp;</span>[៤០] មិនមែន​ពួក​សង្ខារ មិន​ហៅថា​សង្ខារក្ខន្ធ​ឬ។ អើ។ មិនមែន​សង្ខារក្ខន្ធ មិន​ហៅថា​ពួក​សង្ខារ​ឬ។ ពួក​សង្ខារ​ដ៏​សេស វៀរលែងតែ​សង្ខារក្ខន្ធ​ចេញ មិនមែន​ហៅថា​សង្ខារក្ខន្ធ​ទេ។ គ្រាន់តែ​ជា​ពួក​សង្ខារ​ប៉ុណ្ណោះ ឯ​ពួក​ធម៌​ដ៏​សេស វៀរលែងតែ​ពួក​សង្ខារ និង​សង្ខារក្ខន្ធ​ចេញ មិនមែន​ហៅថា​ពួក​សង្ខារ​ផង មិនមែន​ហៅថា សង្ខារក្ខន្ធ​ផង។\n<br><span class=\"IncreaseIndent\">&nbsp;</span>[៤១] មិនមែន​វិញ្ញាណ មិន​ហៅថា​វិញ្ញាណក្ខន្ធ​ឬ។ អើ។ មិនមែន​វិញ្ញាណក្ខន្ធ មិន​ហៅថា​វិញ្ញាណ​ឬ។ អើ។\n<br><span class=\"IncreaseIndent\">&nbsp;</span>[៤២] រូប ហៅថា​រូបក្ខន្ធ​ឬ។ រូប​ជាទីស្រឡាញ់ រូប​ដ៏​ឆ្ងាញ់​ពិសា ហៅថា​រូប តែ​មិនមែន​ហៅថា​រូបក្ខន្ធ​ទេ ឯរូបក្ខន្ធ ហៅថា​រូប​ផង ហៅថា​រូបក្ខន្ធ​ផង។ ខន្ធ​ទាំងឡាយ ហៅថា​វេទនាខន្ធ​ឬ។ វេទនាខន្ធ ហៅថា​ខន្ធ​ផង ហៅថា​វេទនាខន្ធ​ផង ឯខន្ធ​ទាំងឡាយ​ដ៏​សេស ហៅថា​ពួក​ខន្ធ តែ​មិនមែន​ហៅថា​វេទនាខន្ធ​ទេ។"
    },
    {
      "header": "ខន្ធយមកៈ",
      "href": "http://ti-kh.org/books?book=87&page=43",
      "text": "សុទ្ធក្ខន្ធវារៈ",
      "detail": "មិន​ហៅថា​សង្ខារក្ខន្ធ​ឬ។ អើ។\n<br><span class=\"IncreaseIndent\">&nbsp;</span>[៦៧] រូប ហៅថា​ខន្ធ​ឬ។ អើ។ ខន្ធ​ទាំងឡាយ ហៅថា​រូបក្ខន្ធ​ឬ។ រូបក្ខន្ធ ហៅថា​ខន្ធ​ផង ហៅថា​រូបក្ខន្ធ​ផង ឯខន្ធ​ទាំងឡាយ​ដ៏​សេស គ្រាន់តែ​ជា​ពួក​ខន្ធ មិនមែន​ហៅថា​រូបក្ខន្ធ​ទេ។\n<br><span class=\"IncreaseIndent\"> </span>[៦៨] វេទនា ហៅថា​ខន្ធ​ឬ។ អើ។ ខន្ធ​ទាំងឡាយ ហៅថា​វេទនាខន្ធ​ឬ។ វេទនាខន្ធ ហៅថា​ខន្ធ​ផង ហៅថា​វេទនាខន្ធ​ផង ឯខន្ធ​ទាំងឡាយ​ដ៏​សេស គ្រាន់តែ​ជា​ពួក​ខន្ធ មិនមែន​ហៅថា​វេទនាខន្ធ​ទេ។\n<br><span class=\"IncreaseIndent\"> </span>[៦៩] សញ្ញា ហៅថា​ខន្ធ​ឬ។ អើ។ ខន្ធ​ទាំងឡាយ ហៅថា​សញ្ញាខន្ធ​ឬ។ សញ្ញាខន្ធ ហៅថា​ខន្ធ​ផង ហៅថា​សញ្ញាខន្ធ​ផង ឯខន្ធ​ទាំងឡាយ​ដ៏​សេស គ្រាន់តែ​ជា​ពួក​ខន្ធ មិនមែន​ហៅថា​សញ្ញាខន្ធ​ទេ។\n<br><span class=\"IncreaseIndent\"> </span>[៧០] ពួក​សង្ខារ ហៅថា​ខន្ធ​ឬ។ អើ។ ខន្ធ​ទាំងឡាយ ហៅថា​សង្ខារក្ខន្ធ​ឬ។ សង្ខារក្ខន្ធ ហៅថា​ខន្ធ​ផង ហៅថា​សង្ខារក្ខន្ធ​ផង ឯខន្ធ​ទាំងឡាយ​ដ៏​សេស គ្រាន់តែ​ជា​ពួក​ខន្ធ មិនមែន​ហៅថា សង្ខារក្ខន្ធ​ទេ។\n<br><span class=\"IncreaseIndent\"> </span>[៧១] វិញ្ញាណ ហៅថា​ខន្ធ​ឬ។ អើ។ ខន្ធ​ទាំងឡាយ ហៅថា​វិញ្ញាណក្ខន្ធ​ឬ។ វិញ្ញាណក្ខន្ធ ហៅថា​ខន្ធ​ផង ហៅថា​វិញ្ញាណក្ខន្ធ​ផង ឯខន្ធ​ទាំងឡាយ​ដ៏​សេស គ្រាន់តែ​ជា​ពួក​ខន្ធ មិនមែន​ហៅថា​វិញ្ញាណក្ខន្ធ​ទេ។"
    },
    {
      "header": "ខន្ធយមកៈ",
      "href": "http://ti-kh.org/books?book=87&page=45",
      "text": "សុទ្ធក្ខន្ធមូលចក្កវារៈ",
      "detail": "<span class=\"IncreaseIndent\">&nbsp;</span>[៧៦] មិនមែន​វិញ្ញាណ មិន​ហៅថា​ខន្ធ​ឬ។ ខន្ធ​ទាំងឡាយ​ដ៏​សេស វៀរលែងតែ​វិញ្ញាណ​ចេញ មិន​ហៅថា​វិញ្ញាណ​ទេ ហៅថា​ពួក​ខន្ធ ខន្ធ​ទាំងឡាយ​ដ៏​សេស វៀរលែងតែ​វិញ្ញាណ និង​ពួក​ខន្ធ​ចេញ មិន​ហៅថា​វិញ្ញាណ​ផង មិន​ហៅថា​ពួក​ខន្ធ​ផង​ទេ។ មិនមែន​ពួក​ខន្ធ មិន​ហៅថា​វិញ្ញាណក្ខន្ធ​ឬ។ អើ។\n<br><span class=\"IncreaseIndent\"> </span>[៧៧] រូប ហៅថា​ខន្ធ​ឬ។ អើ។ ខន្ធ​ទាំងឡាយ ហៅថា​វេទនាខន្ធ​ឬ។ វេទនាខន្ធ ហៅថា​ខន្ធ​ផង ហៅថា​វេទនាខន្ធ​ផង ឯខន្ធ​ទាំងឡាយ​ដ៏​សេស គ្រាន់តែ​ជា​ពួក​ខន្ធ មិនមែន​ហៅថា វេទនាខន្ធ​ទេ។\n<br><span class=\"IncreaseIndent\"> </span>[៧៨] រូប ហៅថា​ខន្ធ​ឬ។ អើ។ ខន្ធ​ទាំងឡាយ ហៅថា​សញ្ញាខន្ធ​ឬ។ សញ្ញាខន្ធ ហៅថា​ខន្ធ​ផង ហៅថា​សញ្ញាខន្ធ​ផង ឯខន្ធ​ទាំងឡាយ​ដ៏​សេស គ្រាន់តែ​ជា​ពួក​ខន្ធ មិនមែន​ហៅថា សញ្ញាខន្ធ​ទេ។\n<br><span class=\"IncreaseIndent\"> </span>[៧៩] រូប ហៅថា​ខន្ធ​ឬ។ អើ។ ខន្ធ​ទាំងឡាយ ហៅថា​សង្ខារក្ខន្ធ​ឬ។ សង្ខារក្ខន្ធ ហៅថា​ខន្ធ​ផង ហៅថា​សង្ខារក្ខន្ធ​ផង ឯខន្ធ​ទាំងឡាយ​ដ៏​សេស គ្រាន់តែ​ជា​ពួក​ខន្ធ មិនមែន​ហៅថា សង្ខារក្ខន្ធ​ទេ។\n<br><span class=\"IncreaseIndent\"> </span>[៨០] រូប ហៅថា​ខន្ធ​ឬ។ អើ។ ខន្ធ​ទាំងឡាយ ហៅថា​វិញ្ញាណក្ខន្ធ​ឬ។ វិញ្ញាណក្ខន្ធ ហៅថា​ខន្ធ​ផង ហៅថា​វិញ្ញាណក្ខន្ធ​ផង ឯខន្ធ​ទាំងឡាយ​ដ៏​សេស គ្រាន់តែ​ជា​ពួក​ខន្ធ មិនមែន​ហៅថា វិញ្ញាណក្ខន្ធ​ទេ។"
    },
    {
      "header": "ខន្ធយមកៈ",
      "href": "http://ti-kh.org/books?book=87&page=53",
      "text": "បវត្តិវារៈ",
      "detail": "<span class=\"IncreaseIndent\">&nbsp;</span>[១១៥] មិនមែន​វិញ្ញាណ មិន​ហៅថា​វិញ្ញាណក្ខន្ធ​ឬ។ ខន្ធ​ទាំងឡាយ​ដ៏​សេស វៀរលែងតែ​វិញ្ញាណ​ចេញ មិន​ហៅថា​វិញ្ញាណ​ទេ ហៅថា​ខន្ធ ខន្ធ​ទាំងឡាយ​ដ៏​សេស វៀរលែងតែ​វិញ្ញាណ និង​ខន្ធ​ចេញ មិន​ហៅថា​វិញ្ញាណ​ផង មិន​ហៅថា​ខន្ធ​ផង​ទេ។ មិនមែន​ខន្ធ មិន​ហៅថា​សញ្ញាខន្ធ​ឬ។ អើ។\n<br><span class=\"IncreaseIndent\">&nbsp;</span>[១១៦] មិនមែន​វិញ្ញាណ មិន​ហៅថា​ខន្ធ​ឬ។ ខន្ធ​ទាំងឡាយ​ដ៏​សេស វៀរលែងតែ​វិញ្ញាណ​ចេញ មិន​ហៅថា​វិញ្ញាណ​ទេ ហៅថា​ខន្ធ ខន្ធ​ទាំងឡាយ​ដ៏​សេស វៀរលែងតែ​វិញ្ញាណ និង​ខន្ធ​ចេញ មិន​ហៅថា​វិញ្ញាណ​ផង មិន​ហៅថា​ខន្ធ​ផង​ទេ។ មិនមែន​ខន្ធ មិន​ហៅថា សង្ខារក្ខន្ធ​ឬ។ អើ។\n<br><p class=\"PCenter\">ចប់ បណ្ណ​ត្តិ​វារៈ។</p>\n<br><p class=\"BCenter\">បវត្តិ​វារៈ</p>\n<br><span class=\"IncreaseIndent\">&nbsp;</span>[១១៧] រូបក្ខន្ធ របស់​សត្វ​ណា កើតឡើង វេទនាខន្ធ របស់​សត្វ​នោះ ក៏​កើតឡើង​ដែរ​ឬ។ ពួក​សត្វ​ចូល​ទៅកាន់​អសញ្ញ​សត្វ រូបក្ខន្ធ របស់​សត្វ​ទាំងនោះ កើតឡើង ឯវេទនាខន្ធ របស់​សត្វ​ទាំងនោះ មិនកើត​ឡើង​ទេ ពួក​សត្វ​ចូល​ទៅកាន់​បញ្ចវោការ​ភព រូបក្ខន្ធ​កើតឡើង​ផង របស់​សត្វ​ទាំងនោះ វេទនាខន្ធ កើតឡើង​ផង។"
    },
    {
      "header": "ខន្ធយមកៈ",
      "href": "http://ti-kh.org/books?book=87&page=53",
      "text": "ឧប្បាទវារៈ",
      "detail": "<span class=\"IncreaseIndent\">&nbsp;</span>[១១៥] មិនមែន​វិញ្ញាណ មិន​ហៅថា​វិញ្ញាណក្ខន្ធ​ឬ។ ខន្ធ​ទាំងឡាយ​ដ៏​សេស វៀរលែងតែ​វិញ្ញាណ​ចេញ មិន​ហៅថា​វិញ្ញាណ​ទេ ហៅថា​ខន្ធ ខន្ធ​ទាំងឡាយ​ដ៏​សេស វៀរលែងតែ​វិញ្ញាណ និង​ខន្ធ​ចេញ មិន​ហៅថា​វិញ្ញាណ​ផង មិន​ហៅថា​ខន្ធ​ផង​ទេ។ មិនមែន​ខន្ធ មិន​ហៅថា​សញ្ញាខន្ធ​ឬ។ អើ។\n<br><span class=\"IncreaseIndent\">&nbsp;</span>[១១៦] មិនមែន​វិញ្ញាណ មិន​ហៅថា​ខន្ធ​ឬ។ ខន្ធ​ទាំងឡាយ​ដ៏​សេស វៀរលែងតែ​វិញ្ញាណ​ចេញ មិន​ហៅថា​វិញ្ញាណ​ទេ ហៅថា​ខន្ធ ខន្ធ​ទាំងឡាយ​ដ៏​សេស វៀរលែងតែ​វិញ្ញាណ និង​ខន្ធ​ចេញ មិន​ហៅថា​វិញ្ញាណ​ផង មិន​ហៅថា​ខន្ធ​ផង​ទេ។ មិនមែន​ខន្ធ មិន​ហៅថា សង្ខារក្ខន្ធ​ឬ។ អើ។\n<br><p class=\"PCenter\">ចប់ បណ្ណ​ត្តិ​វារៈ។</p>\n<br><p class=\"BCenter\">បវត្តិ​វារៈ</p>\n<br><span class=\"IncreaseIndent\">&nbsp;</span>[១១៧] រូបក្ខន្ធ របស់​សត្វ​ណា កើតឡើង វេទនាខន្ធ របស់​សត្វ​នោះ ក៏​កើតឡើង​ដែរ​ឬ។ ពួក​សត្វ​ចូល​ទៅកាន់​អសញ្ញ​សត្វ រូបក្ខន្ធ របស់​សត្វ​ទាំងនោះ កើតឡើង ឯវេទនាខន្ធ របស់​សត្វ​ទាំងនោះ មិនកើត​ឡើង​ទេ ពួក​សត្វ​ចូល​ទៅកាន់​បញ្ចវោការ​ភព រូបក្ខន្ធ​កើតឡើង​ផង របស់​សត្វ​ទាំងនោះ វេទនាខន្ធ កើតឡើង​ផង។"
    },
    {
      "header": "ខន្ធយមកៈ",
      "href": "http://ti-kh.org/books?book=87&page=78",
      "text": "និរោធវារៈ",
      "detail": "<span class=\"IncreaseIndent\">&nbsp;</span>[១៧០] វេទនាខន្ធ របស់​សត្វ​ណា មិនកើត​ឡើង​ហើយ ក្នុង​ទីណា សញ្ញាខន្ធ របស់​សត្វ​នោះ នឹង​មិនកើត​ឡើង ក្នុង​ទីនោះ​ដែរ​ឬ។ អើ។ មួយ​យ៉ាង​ទៀត សញ្ញាខន្ធ​របស់​សត្វ​ណា នឹង​មិនកើត​ឡើង ក្នុង​ទីណា វេទនាខន្ធ របស់​សត្វ​នោះ មិនកើត​ឡើង​ហើយ ក្នុង​ទីនោះ​ដែរ​ឬ។ ពួក​សត្វ​ដែល​កើត​ក្នុង​បច្ឆិមភព សញ្ញាខន្ធ​របស់​សត្វ​ទាំងនោះ នឹង​មិនកើត​ឡើង​ក្នុង​ទីនោះ ឯវេទនាខន្ធ​របស់​សត្វ​ទាំងនោះ មិនមែន​ជា​មិនកើត​ឡើង​ហើយ ក្នុង​ទីនោះ​ទេ ពួក​អសញ្ញ​សត្វ​ដែល​កើត​ក្នុង​សុទ្ធាវាស សញ្ញាខន្ធ​របស់​សត្វ​ទាំងនោះ នឹង​មិនកើត​ឡើង​ផង វេទនាខន្ធ មិនកើត​ឡើង​ហើយ​ផង ក្នុង​ទីនោះ។\n<br>ចប់ ឧប្បាទ​វារៈ។\n<br><span class=\"IncreaseIndent\">&nbsp;</span>[១៧១] រូបក្ខន្ធ​របស់​សត្វ​ណា រលត់​ទៅ វេទនាខន្ធ​របស់​សត្វ​នោះ រលត់​ទៅ​ដែរ​ឬ។ ពួក​សត្វ ដែល​ច្យុត​ចាក​អសញ្ញ​សត្វ រូបក្ខន្ធ​របស់​សត្វ​ទាំងនោះ រមែង​រលត់​ទៅ ឯវេទនាខន្ធ របស់​សត្វ​ទាំងនោះ មិនមែន​រលត់​ទៅ​ទេ ពួក​សត្វ​ដែល​ច្យុត​ចាក​បញ្ចវោការ​ភព រូបក្ខន្ធ​របស់​សត្វ​ទាំងនោះ រលត់​ទៅ​ផង វេទនាខន្ធ រលត់​ទៅ​ផង។ មួយ​យ៉ាង​ទៀត វេទនាខន្ធ របស់​សត្វ​ណា រលត់​ទៅ រូបក្ខន្ធ របស់​សត្វ​នោះ រលត់​ទៅ​ដែរ​ឬ។ ពួក​សត្វ​ដែល​ច្យុត​ចាក​អរូបភព វេទនាខន្ធ របស់​សត្វ​ទាំងនោះ រលត់​ទៅ ឯរូបក្ខន្ធ របស់​សត្វ​ទាំងនោះ មិនមែន​រលត់​ទៅ​ទេ ពួក​សត្វ​ដែល​ច្យុត​ចាក​បញ្ចវោការ​ភព វេទនាខន្ធ របស់​សត្វ​ទាំងនោះ រលត់​ទៅ​ផង រូបក្ខន្ធ រលត់​ទៅ​ផង។"
    },
    {
      "header": "ខន្ធយមកៈ",
      "href": "http://ti-kh.org/books?book=87&page=100",
      "text": "ឧប្បាទនិរោធវារៈ",
      "detail": "នឹង​មិន​រលត់​ទៅ ក្នុង​ទីណា វេទនាខន្ធ របស់​សត្វ​នោះ មិន​រលត់​ហើយ ក្នុង​ទីនោះ​ដែរ​ឬ។ ពួក​សត្វ កាល​បរិនិព្វាន ក្នុង​បញ្ចវោការ​ភព សញ្ញាខន្ធ របស់​សត្វ​ទាំងនោះ នឹង​មិន​រលត់​ទៅ ក្នុង​ទីនោះ ឯវេទនាខន្ធ របស់​សត្វ​ទាំងនោះ មិនមែន​ជា​មិន​រលត់​ហើយ ក្នុង​ទីនោះ​ទេ ពួក​សត្វ កាល​បរិនិព្វាន​ក្នុង​សុទ្ធាវាស និង​ពួក​អសញ្ញ​សត្វ សញ្ញាខន្ធ របស់​សត្វ​ទាំងនោះ នឹង​មិន​រលត់​ទៅ​ផង វេទនាខន្ធ មិន​រលត់​ហើយ​ផង ក្នុង​ទីនោះ។\n<br><p class=\"PCenter\">ចប់ និរោធ​វារៈ</p>\n<br><span class=\"IncreaseIndent\">&nbsp;</span>[២២០] រូបក្ខន្ធ របស់​សត្វ​ណា កើតឡើង វេទនាខន្ធ របស់​សត្វ​នោះ រលត់​ទៅ​ដែរ​ឬ។ មិន​រលត់​ទេ។ មួយ​យ៉ាង​ទៀត វេទនាខន្ធ របស់​សត្វ​ណា រលត់​ទៅ រូប​ខន្ធ របស់​សត្វ​នោះ កើតឡើង​ដែរ​ឬ។ មិនកើត​ឡើង​ទេ។\n<br><span class=\"IncreaseIndent\">&nbsp;</span>[២២១] វេទនាខន្ធ របស់​សត្វ​ណា កើតឡើង សញ្ញាខន្ធ របស់​សត្វ​នោះ រលត់​ទៅ​ដែរ​ឬ។ មិន​រលត់​ទេ។ មួយ​យ៉ាង​ទៀត សញ្ញាខន្ធ របស់​សត្វ​ណា រលត់​ទៅ វេទនាខន្ធ របស់​សត្វ​នោះ កើតឡើង​ដែរ​ឬ។ មិនកើត​ឡើង​ទេ។\n<br><span class=\"IncreaseIndent\">&nbsp;</span>[២២២] រូបក្ខន្ធ កើតឡើង ក្នុង​ទីណា វេទនាខន្ធ រលត់​ទៅ ក្នុង​ទីនោះ​ដែរ​ឬ។ រូបក្ខន្ធ កើតឡើង​ក្នុង​អសញ្ញ​សត្វ​នោះ ឯវេទនាខន្ធ មិន​រលត់​ទៅ ក្នុង​ទីនោះ​ទេ រូបក្ខន្ធ កើតឡើង​ផង វេទនាខន្ធ រលត់​ទៅ​ផង ក្នុង​បញ្ចវោការ​ភព​នោះ។ មួយ​យ៉ាង​ទៀត វេទនាខន្ធ រលត់​ទៅ"
    },
    {
      "header": "ខន្ធយមកៈ",
      "href": "http://ti-kh.org/books?book=87&page=120",
      "text": "បរិញ្ញាវារៈ",
      "detail": "មិនកើត​ឡើង​ហើយ ក្នុង​ទីនោះ ឯសញ្ញាខន្ធ របស់​សត្វ​ទាំងនោះ មិនមែន​ជា​មិន​រលត់​ទៅ ក្នុង​ទីនោះ​ទេ ពួក​សត្វ កាល​បរិនិព្វាន ក្នុង​សុទ្ធាវាស និង​ពួក​អសញ្ញ​សត្វ វេទនាខន្ធ របស់​សត្វ​ទាំងនោះ មិនកើត​ឡើង​ហើយ​ផង សញ្ញាខន្ធ នឹង​មិន​រលត់​ទៅ​ផង ក្នុង​ទីនោះ។ មួយ​យ៉ាង​ទៀត សញ្ញាខន្ធ របស់​សត្វ​ណា នឹង​មិន​រលត់​ទៅ​ក្នុង​ទីណា វេទនាខន្ធ របស់​សត្វ​នោះ មិនកើត​ឡើង​ហើយ ក្នុង​ទីនោះ​ដែរ​ឬ។ ពួក​សត្វ កាល​បរិនិព្វាន សញ្ញាខន្ធ របស់​សត្វ​ទាំងនោះ នឹង​មិន​រលត់​ទៅ​ក្នុង​ទីនោះ ឯវេទនាខន្ធ របស់​សត្វ​ទាំងនោះ មិនមែន​ជា​មិនកើត​ឡើង​ហើយ ក្នុង​ទីនោះ​ទេ ពួក​សត្វ កាល​បរិនិព្វាន ក្នុង​សុទ្ធាវាស និង​ពួក​អសញ្ញ​សត្វ សញ្ញាខន្ធ របស់​សត្វ​ទាំងនោះ នឹង​មិន​រលត់​ទៅ​ផង វេទនាខន្ធ មិនកើត​ឡើង​ហើយ​ផង ក្នុង​ទីនោះ។\n<br><p class=\"PCenter\">ចប់ ឧប្បាទ​និរោធ​វារៈ។\n<br>ចប់ បវត្តិ​វារៈ។</p>\n<br><p class=\"BCenter\">បរិញ្ញា​វារៈ</p>\n<br><span class=\"IncreaseIndent\">&nbsp;</span>[២៧៣] បុគ្គល​ណា កំណត់​ដឹង​នូវ​រូបក្ខន្ធ បុគ្គល​នោះ ឈ្មោះថា​កំណត់​ដឹង​នូវ​វេទនាខន្ធ​ដែរ​ឬ។ អើ។ មួយ​យ៉ាង​ទៀត បុគ្គល​ណា កំណត់​ដឹង នូវ​វេទនាខន្ធ បុគ្គល​នោះ ឈ្មោះថា​កំណត់​ដឹង​នូវ​រូបក្ខន្ធ​ដែរ​ឬ។ អើ។ បុគ្គល​ណា មិនកំណត់​ដឹង​នូវ​រូបក្ខន្ធ បុគ្គល​នោះ ឈ្មោះថា​មិនកំណត់​ដឹង​នូវ​វេទនាខន្ធ​ដែរ​ឬ។ អើ។"
    },
    {
      "header": "អាយតនយមកៈ",
      "href": "http://ti-kh.org/books?book=87&page=125",
      "text": "បណ្ណត្តិវារៈ",
      "detail": "<p class=\"BCenter\">អាយតន​យម​កៈ\n<br>បណ្ណ​ត្តិ​វារៈ</p>\n<br><span class=\"IncreaseIndent\">&nbsp;</span>[២៧៩] អាយតនៈ ១២ គឺ ចក្ខា​យតនៈ ១ សោតាយតនៈ ១ ឃានាយតនៈ ១ ជិវ្ហាយតនៈ ១ កាយាយតនៈ ១ រូបាយតនៈ ១ សទ្ទាយតនៈ ១ គន្ធាយតនៈ ១ រសាយតនៈ ១ ផោដ្ឋព្វា​យតនៈ ១ មនាយតនៈ ១ ធម្មាយតនៈ ១។\n<br><p class=\"BCenter\">ឧទេ្ទ​វារៈ</p>\n<br><span class=\"IncreaseIndent\">&nbsp;</span>[២៨០] ចក្ខុ ហៅ​ថា​ចក្ខា​យតនៈ ចក្ខា​យតនៈ ហៅថា​ចក្ខុ។ សោតៈ ហៅថា​សោតាយតនៈ សោតាយតនៈ ហៅថា​សោតៈ។ ឃានៈ ហៅថា​ឃានាយតនៈ ឃានាយតនៈ ហៅថា​ឃានៈ។ ជិវ្ហា ហៅថា​ជិវ្ហាយតនៈ ជិវ្ហាយតនៈ ហៅថា​ជិវ្ហា។ កាយ ហៅថា​កាយាយតនៈ កាយាយតនៈ ហៅថា​កាយ។ រូប ហៅថា​រូបាយតនៈ រូបាយតនៈ ហៅថា​រូប។ សទ្ទៈ ហៅថា​សទ្ទាយតនៈ សទ្ទាយតនៈ ហៅ​ថា​សទ្ទៈ។ គន្ធៈ ហៅថា​គន្ធាយតនៈ គន្ធាយតនៈ ហៅ​ថា​គន្ធៈ។ រសៈ ហៅថា​រសាយតនៈ រសាយតនៈ ហៅ​ថា​រសៈ។ ផោដ្ឋព្វៈ ហៅ​ថា​ផោដ្ឋព្វា​យតនៈ ផោដ្ឋព្វា​យតនៈ ហៅថា​ផោដ្ឋព្វៈ។ មនៈ ហៅថា មនាយតនៈ មនាយតនៈ ហៅថា មនៈ។ ធម្មៈ ហៅថា​ធម្មាយតនៈ ធម្មាយតនៈ ហៅថា​ធម្មៈ។"
    },
    {
      "header": "អាយតនយមកៈ",
      "href": "http://ti-kh.org/books?book=87&page=125",
      "text": "ឧទ្ទេសវារៈ",
      "detail": "<p class=\"BCenter\">អាយតន​យម​កៈ\n<br>បណ្ណ​ត្តិ​វារៈ</p>\n<br><span class=\"IncreaseIndent\">&nbsp;</span>[២៧៩] អាយតនៈ ១២ គឺ ចក្ខា​យតនៈ ១ សោតាយតនៈ ១ ឃានាយតនៈ ១ ជិវ្ហាយតនៈ ១ កាយាយតនៈ ១ រូបាយតនៈ ១ សទ្ទាយតនៈ ១ គន្ធាយតនៈ ១ រសាយតនៈ ១ ផោដ្ឋព្វា​យតនៈ ១ មនាយតនៈ ១ ធម្មាយតនៈ ១។\n<br><p class=\"BCenter\">ឧទេ្ទ​វារៈ</p>\n<br><span class=\"IncreaseIndent\">&nbsp;</span>[២៨០] ចក្ខុ ហៅ​ថា​ចក្ខា​យតនៈ ចក្ខា​យតនៈ ហៅថា​ចក្ខុ។ សោតៈ ហៅថា​សោតាយតនៈ សោតាយតនៈ ហៅថា​សោតៈ។ ឃានៈ ហៅថា​ឃានាយតនៈ ឃានាយតនៈ ហៅថា​ឃានៈ។ ជិវ្ហា ហៅថា​ជិវ្ហាយតនៈ ជិវ្ហាយតនៈ ហៅថា​ជិវ្ហា។ កាយ ហៅថា​កាយាយតនៈ កាយាយតនៈ ហៅថា​កាយ។ រូប ហៅថា​រូបាយតនៈ រូបាយតនៈ ហៅថា​រូប។ សទ្ទៈ ហៅថា​សទ្ទាយតនៈ សទ្ទាយតនៈ ហៅ​ថា​សទ្ទៈ។ គន្ធៈ ហៅថា​គន្ធាយតនៈ គន្ធាយតនៈ ហៅ​ថា​គន្ធៈ។ រសៈ ហៅថា​រសាយតនៈ រសាយតនៈ ហៅ​ថា​រសៈ។ ផោដ្ឋព្វៈ ហៅ​ថា​ផោដ្ឋព្វា​យតនៈ ផោដ្ឋព្វា​យតនៈ ហៅថា​ផោដ្ឋព្វៈ។ មនៈ ហៅថា មនាយតនៈ មនាយតនៈ ហៅថា មនៈ។ ធម្មៈ ហៅថា​ធម្មាយតនៈ ធម្មាយតនៈ ហៅថា​ធម្មៈ។"
    },
    {
      "header": "អាយតនយមកៈ",
      "href": "http://ti-kh.org/books?book=87&page=131",
      "text": "និទ្ទេសវារៈ",
      "detail": "មិន​ហៅថា ធម្មៈ។ មិនមែន​ឃានៈ មិន​ហៅថា អាយតនៈ មិនមែន​អាយតនៈ​ទាំងឡាយ មិន​ហៅថា ចក្ខុ។បេ។ មិនមែន​អាយតនៈ​ទាំងឡាយ មិន​ហៅថា ធម្មៈ។ មិនមែន​ធម្មៈ មិន​ហៅថា អាយតនៈ មិនមែន​អាយតនៈ​ទាំងឡាយ មិន​ហៅថា ចក្ខុ។ មិនមែន​ធម្មៈ មិន​ហៅថា អាយតនៈ មិនមែន​អាយតនៈ​ទាំងឡាយ មិន​ហៅថា​សោតៈ។បេ។ មិនមែន​អាយតនៈ​ទាំងឡាយ មិន​ហៅថា មនៈ។ (ចក្កៈ បណ្ឌិត​គប្បី​ចងទុក)។\n<br><p class=\"PCenter\">ចប់ ឧទេ្ទ​សវា​រៈ។</p>\n<br><p class=\"BCenter\">និទ្ទេសវារៈ</p>\n<br><span class=\"IncreaseIndent\">&nbsp;</span>[២៨៨] ចក្ខុ ហៅថា ចក្ខា​យតនៈ​ឬ។ ទិព្វចក្ខុ បញ្ញាចក្ខុ ហៅថា​ចក្ខុ មិន​ហៅថា ចក្ខា​យតនៈ​ទេ ចក្ខា​យតនៈ ហៅថា​ចក្ខុ​ផង ហៅ​ថា​ចក្ខា​យតនៈ​ផង។ ចក្ខា​យតនៈ ហៅថា​ចក្ខុ​ដែរ​ឬ។ អើ។ សោតៈ ហៅថា សោតាយតនៈ​ដែរ​ឬ។ ទិព្វ​សោតៈ តណ្ហា​សោតៈ ហៅថា​សោតៈ មិន​ហៅថា សោតាយតនៈ​ទេ សោតាយតនៈ ហៅថា សោតៈ​ផង ហៅថា សោតាយតនៈ​ផង។ សោតាយតនៈ ហៅថា សោតៈ​ដែរ​ឬ។ អើ។ ឃានៈ ហៅថា ឃានាយតនៈ​ដែរ​ឬ។ អើ។ ឃានាយតនៈ ហៅថា ឃានៈ​ដែរ​ឬ។ អើ។ ជិវ្ហា ហៅថា ជិវ្ហាយតនៈ​ដែរ​ឬ។ អើ។ ជិវ្ហាយតនៈ ហៅថា ជិវ្ហា​ដែរ​ឬ។ អើ។ កាយ ហៅថា កាយាយតនៈ​ដែរ​ឬ។"
    },
    {
      "header": "អាយតនយមកៈ",
      "href": "http://ti-kh.org/books?book=87&page=131",
      "text": "បទសោធនវារៈ",
      "detail": "មិន​ហៅថា ធម្មៈ។ មិនមែន​ឃានៈ មិន​ហៅថា អាយតនៈ មិនមែន​អាយតនៈ​ទាំងឡាយ មិន​ហៅថា ចក្ខុ។បេ។ មិនមែន​អាយតនៈ​ទាំងឡាយ មិន​ហៅថា ធម្មៈ។ មិនមែន​ធម្មៈ មិន​ហៅថា អាយតនៈ មិនមែន​អាយតនៈ​ទាំងឡាយ មិន​ហៅថា ចក្ខុ។ មិនមែន​ធម្មៈ មិន​ហៅថា អាយតនៈ មិនមែន​អាយតនៈ​ទាំងឡាយ មិន​ហៅថា​សោតៈ។បេ។ មិនមែន​អាយតនៈ​ទាំងឡាយ មិន​ហៅថា មនៈ។ (ចក្កៈ បណ្ឌិត​គប្បី​ចងទុក)។\n<br><p class=\"PCenter\">ចប់ ឧទេ្ទ​សវា​រៈ។</p>\n<br><p class=\"BCenter\">និទ្ទេសវារៈ</p>\n<br><span class=\"IncreaseIndent\">&nbsp;</span>[២៨៨] ចក្ខុ ហៅថា ចក្ខា​យតនៈ​ឬ។ ទិព្វចក្ខុ បញ្ញាចក្ខុ ហៅថា​ចក្ខុ មិន​ហៅថា ចក្ខា​យតនៈ​ទេ ចក្ខា​យតនៈ ហៅថា​ចក្ខុ​ផង ហៅ​ថា​ចក្ខា​យតនៈ​ផង។ ចក្ខា​យតនៈ ហៅថា​ចក្ខុ​ដែរ​ឬ។ អើ។ សោតៈ ហៅថា សោតាយតនៈ​ដែរ​ឬ។ ទិព្វ​សោតៈ តណ្ហា​សោតៈ ហៅថា​សោតៈ មិន​ហៅថា សោតាយតនៈ​ទេ សោតាយតនៈ ហៅថា សោតៈ​ផង ហៅថា សោតាយតនៈ​ផង។ សោតាយតនៈ ហៅថា សោតៈ​ដែរ​ឬ។ អើ។ ឃានៈ ហៅថា ឃានាយតនៈ​ដែរ​ឬ។ អើ។ ឃានាយតនៈ ហៅថា ឃានៈ​ដែរ​ឬ។ អើ។ ជិវ្ហា ហៅថា ជិវ្ហាយតនៈ​ដែរ​ឬ។ អើ។ ជិវ្ហាយតនៈ ហៅថា ជិវ្ហា​ដែរ​ឬ។ អើ។ កាយ ហៅថា កាយាយតនៈ​ដែរ​ឬ។"
    },
    {
      "header": "អាយតនយមកៈ",
      "href": "http://ti-kh.org/books?book=87&page=135",
      "text": "បទសោធនមូលចក្កវារៈ",
      "detail": "មិន​មែន​ផោដ្ឋព្វា​យតនៈ មិន​ហៅថា ផោដ្ឋព្វៈ​ទេ​ឬ។ អើ។ មិន​មែន​មនៈ មិន​ហៅថា មនាយតនៈ​ទេ​ឬ។ អើ។ មិនមែន​មនាយតនៈ មិន​ហៅថា មនៈ​ទេ​ឬ។ អើ។ មិនមែន​ធម្មៈ មិន​ហៅថា ធម្មាយតនៈ​ទេ​ឬ។ អើ។ មិនមែន​ធម្មាយតនៈ មិន​ហៅថា ធម្មៈ​ទេ​ឬ។ ធម៌​ដ៏​សេស វៀរលែងតែ​ធម្មាយតនៈ​ចេញ មិន​ហៅថា ធម្មាយតនៈ​ទេ ហៅថា ធម្មៈ សភាវៈ​ដ៏​សេស វៀរលែងតែ​ធម្មៈ និង​ធម្មាយតនៈ​ចេញ មិន​ហៅថា ធម្មៈ​ផង មិន​ហៅថា ធម្មាយតនៈ​ផង។\n<br><span class=\"IncreaseIndent\">&nbsp;</span>[២៩០] ចក្ខុ ហៅថា ចក្ខា​យតនៈ​ដែរ​ឬ។ ទិព្វចក្ខុ បញ្ញាចក្ខុ ហៅថា ចក្ខុ មិន​ហៅថា ចក្ខា​យតនៈ​ទេ ចក្ខា​យតនៈ ហៅថា ចក្ខុ​ផង ហៅថា ចក្ខា​យតនៈ​ផង។ អាយតនៈ​ទាំងឡាយ ហៅថា សោតាយតនៈ​ដែរ​ឬ។ សោតាយតនៈ ហៅថា​អាយតនៈ​ផង ហៅថា​សោតាយតនៈ​ផង។ អាយតនៈ​ទាំងឡាយ​ដ៏​សេស ហៅថា អាយតនៈ​ទាំងឡាយ មិន​ហៅថា សោតាយតនៈ​ទេ។ ចក្ខុ ហៅ​ថា​ចក្ខា​យតនៈ​ដែរ​ឬ។ ទិព្វចក្ខុ បញ្ញាចក្ខុ ហៅថា​ចក្ខុ មិន​ហៅថា ចក្ខា​យតនៈ​ទេ ចក្ខា​យតនៈ ហៅថា ចក្ខុ​ផង ហៅថា ចក្ខា​យតនៈ​ផង។ អាយតនៈ​ទាំងឡាយ ហៅថា ឃានាយតនៈ​ដែរ​ឬ។បេ។ អាយតនៈ​ទាំងឡាយ ហៅថា ធម្មាយតនៈ​ដែរ​ឬ។ ធម្មាយតនៈ ហៅថា អាយតនៈ​ផង ហៅថា​ធម្មាយតនៈ​ផង អាយតនៈ​ទាំងឡាយ​ដ៏​សេស ហៅថា អាយតនៈ​ទាំងឡាយ"
    },
    {
      "header": "អាយតនយមកៈ",
      "href": "http://ti-kh.org/books?book=87&page=137",
      "text": "សុទ្ធាយតនវារៈ",
      "detail": "មិនមែន​អាយតនៈ​ទាំងឡាយ មិន​ហៅថា ធម្មាយតនៈ​ទេ​ឬ។ អើ។ មិនមែន​សោតៈ មិន​ហៅថា សោតាយតនៈ​ទេ​ឬ។ អើ។ មិនមែន​អាយតនៈ​ទាំងឡាយ មិន​ហៅថា ចក្ខា​យតនៈ​ទេ​ឬ។បេ។ មិនមែន​អាយតនៈ​ទាំងឡាយ មិន​ហៅថា ធម្មាយតនៈ​ទេ​ឬ។ អើ។ មិនមែន​ឃានៈ មិន​ហៅថា ឃានាយតនៈ​ទេ​ឬ។បេ។ មិនមែន​ធម្មៈ មិន​ហៅថា ធម្មាយតនៈ​ទេ​ឬ។ អើ។ មិនមែន​អាយតនៈ​ទាំងឡាយ មិន​ហៅថា ចក្ខា​យតនៈ​ទេ​ឬ។ អើ។ មិនមែន​ធម្មៈ មិន​ហៅថា ធម្មាយតនៈ​ទេ​ឬ។ អើ។ មិនមែន​អាយតនៈ​ទាំងឡាយ មិន​ហៅថា សោតាយតនៈ​ទេ​ឬ។បេ។ មិនមែន​អាយតនៈ​ទាំងឡាយ មិន​ហៅថា មនាយតនៈ​ទេ​ឬ។ អើ។ (បណ្ឌិត កាល​ចង​នូវ​ចក្កៈ គប្បី​ធ្វើ​នូវ​ពាក្យ​ថា អើ គ្រប់​បទ​ទាំងអស់)។\n<br><span class=\"IncreaseIndent\">&nbsp;</span>[២៩២] ចក្ខុ ហៅថា អាយតនៈ​ដែរ​ឬ។ អើ។ អាយតនៈ​ទាំងឡាយ ហៅថា ចក្ខា​យតនៈ​ដែរ​ឬ។ ចក្ខា​យតនៈ ហៅថា អាយតនៈ​ផង ហៅថា ចក្ខា​យតនៈ​ផង អាយតនៈ​ទាំងឡាយ​ដ៏​សេស ហៅថា អាយតនៈ​ទាំងឡាយ មិន​ហៅថា ចក្ខា​យតនៈ​ទេ។ សោតៈ ហៅថា អាយតនៈ​ដែរ​ឬ។ អើ។បេ។ ឃានៈ ជិវ្ហា កាយៈ រូបៈ សទ្ទៈ គន្ធៈ រសៈ ផោដ្ឋព្វៈ មនៈ។ ធម្មៈ ហៅថា អាយតនៈ​ដែរ​ឬ។"
    },
    {
      "header": "អាយតនយមកៈ",
      "href": "http://ti-kh.org/books?book=87&page=139",
      "text": "សុទ្ធាយតនមូលចក្កវារៈ",
      "detail": "មិន​ហៅ​ថាម​នៈ​ផង មិន​ហៅថា​អាយតនៈ​ទាំងឡាយ​ផង។ មិនមែន​អាយតនៈ​ទាំងឡាយ មិន​ហៅថា មនាយតនៈ​ទេ​ឬ។ អើ។ មិនមែន​ធម្មៈ មិន​ហៅថា អាយតនៈ​ទេ​ឬ។ អើ។ មិនមែន​អាយតនៈ​ទាំងឡាយ មិន​ហៅថា ធម្មាយតនៈ​ទេ​ឬ។ អើ។\n<br><span class=\"IncreaseIndent\">&nbsp;</span>[២៩៤] ចក្ខុ ហៅថា អាយតនៈ​ដែរ​ឬ។ អើ។ អាយតនៈ​ទាំងឡាយ ហៅថា សោតាយតនៈ​ដែរ​ឬ។ សោតាយតនៈ ហៅថា អាយតនៈ​ផង ហៅថា សោតាយតនៈ​ផង អាយតនៈ​ទាំងឡាយ​ដ៏​សេស ហៅថា អាយតនៈ​ទាំងឡាយ មិន​ហៅថា សោតាយតនៈ​ទេ។ ចក្ខុ ហៅថា អាយតនៈ​ដែរ​ឬ។ អើ។ អាយតនៈ​ទាំងឡាយ ហៅថា ឃានាយតនៈ។បេ។ អាយតនៈ​ទាំងឡាយ ហៅថា ធម្មាយតនៈ​ដែរ​ឬ។ ធម្មាយតនៈ ហៅថា អាយតនៈ​ផង ហៅថា ធម្មាយតនៈ​ផង អាយតនៈ​ទាំងឡាយ​ដ៏​សេស ហៅថា អាយតនៈ​ទាំងឡាយ មិន​ហៅថា ធម្មាយតនៈ​ទេ។ សោតៈ ហៅថា អាយតនៈ​ដែរ​ឬ។ អើ។ អាយតនៈ​ទាំងឡាយ ហៅថា ចក្ខា​យតនៈ​ដែរ។បេ។ មិន​ហៅថា ចក្ខា​យតនៈ​ទេ។បេ។ អាយតនៈ​ទាំងឡាយ ហៅថា ធម្មាយតនៈ​ដែរ​ឬ។បេ។ មិន​ហៅថា ធម្មាយតនៈ​ទេ។ ឃានៈ ជិវ្ហា។បេ។ ធម្មៈ ហៅថា អាយតនៈ​ដែរ​ឬ។ អើ។ អាយតនៈ​ទាំងឡាយ ហៅថា ចក្ខា​យតនៈ។បេ។ អាយតនៈ​ទាំងឡាយ"
    },
    {
      "header": "អាយតនយមកៈ",
      "href": "http://ti-kh.org/books?book=87&page=141",
      "text": "បវត្តិវារៈ",
      "detail": "មិន​ហៅថា អាយតនៈ​ទេ​ឬ។ អើ។ មិនមែន​អាយតនៈ​ទាំងឡាយ មិន​ហៅថា ចក្ខា​យតនៈ​ទេ​ឬ។ អើ។បេ។ មិនមែន​អាយតនៈ​ទាំងឡាយ មិន​ហៅថា ធម្មាយតនៈ​ទេ​ឬ។ អើ។បេ។ មិនមែន​ធម្មៈ មិន​ហៅថា អាយតនៈ​ទេ​ឬ។ អើ។ មិនមែន​អាយតនៈ​ទាំងឡាយ មិន​ហៅថា ចក្ខា​យតនៈ​ទេ​ឬ។ អើ។ មិនមែន​ធម្មៈ មិន​ហៅថា អាយតនៈ​ទេ​ឬ។ អើ។ មិនមែន​អាយតនៈ​ទាំងឡាយ មិន​ហៅថា សោតាយតនៈ​ទេ​ឬ។ អើ។បេ។ មិនមែន​អាយតនៈ​ទាំងឡាយ មិន​ហៅថា មនាយតនៈ​ទេ​ឬ។ អើ។ (ចក្កៈ បណ្ឌិត​គប្បី​ចងក្រង​ទុក)។\n<br><p class=\"PCenter\">ចប់ បណ្ណ​ត្តិ​វារៈ ។</p>\n<br><p class=\"BCenter\">បវត្តិ​វារៈ</p>\n<br><span class=\"IncreaseIndent\">&nbsp;</span>[២៩៦] ចក្ខា​យតនៈ របស់​សត្វ​ណា កើតឡើង សោតាយតនៈ របស់​សត្វ​នោះ កើតឡើង​ដែរ​ឬ។ ពួក​សត្វ​ដែល​ប្រកបដោយ​ចក្ខុ មិន​មាន​សោតៈ កាល​ចាប់បដិសន្ធិ ចក្ខា​យតនៈ របស់​សត្វ​ទាំងនោះ កើតឡើង តែ​សោតាយតនៈ របស់​សត្វ​ទាំងនោះ មិនកើត​ឡើង​ទេ ពួក​សត្វ​ដែល​ប្រកបដោយ​ចក្ខុ ប្រកបដោយ​សោតៈ កាល​ចាប់បដិសន្ធិ ចក្ខា​យតនៈ​របស់​សត្វ​ទាំងនោះ កើតឡើង​ផង"
    },
    {
      "header": "អាយតនយមកៈ",
      "href": "http://ti-kh.org/books?book=87&page=141",
      "text": "ឧប្បាទវារៈ",
      "detail": "មិន​ហៅថា អាយតនៈ​ទេ​ឬ។ អើ។ មិនមែន​អាយតនៈ​ទាំងឡាយ មិន​ហៅថា ចក្ខា​យតនៈ​ទេ​ឬ។ អើ។បេ។ មិនមែន​អាយតនៈ​ទាំងឡាយ មិន​ហៅថា ធម្មាយតនៈ​ទេ​ឬ។ អើ។បេ។ មិនមែន​ធម្មៈ មិន​ហៅថា អាយតនៈ​ទេ​ឬ។ អើ។ មិនមែន​អាយតនៈ​ទាំងឡាយ មិន​ហៅថា ចក្ខា​យតនៈ​ទេ​ឬ។ អើ។ មិនមែន​ធម្មៈ មិន​ហៅថា អាយតនៈ​ទេ​ឬ។ អើ។ មិនមែន​អាយតនៈ​ទាំងឡាយ មិន​ហៅថា សោតាយតនៈ​ទេ​ឬ។ អើ។បេ។ មិនមែន​អាយតនៈ​ទាំងឡាយ មិន​ហៅថា មនាយតនៈ​ទេ​ឬ។ អើ។ (ចក្កៈ បណ្ឌិត​គប្បី​ចងក្រង​ទុក)។\n<br><p class=\"PCenter\">ចប់ បណ្ណ​ត្តិ​វារៈ ។</p>\n<br><p class=\"BCenter\">បវត្តិ​វារៈ</p>\n<br><span class=\"IncreaseIndent\">&nbsp;</span>[២៩៦] ចក្ខា​យតនៈ របស់​សត្វ​ណា កើតឡើង សោតាយតនៈ របស់​សត្វ​នោះ កើតឡើង​ដែរ​ឬ។ ពួក​សត្វ​ដែល​ប្រកបដោយ​ចក្ខុ មិន​មាន​សោតៈ កាល​ចាប់បដិសន្ធិ ចក្ខា​យតនៈ របស់​សត្វ​ទាំងនោះ កើតឡើង តែ​សោតាយតនៈ របស់​សត្វ​ទាំងនោះ មិនកើត​ឡើង​ទេ ពួក​សត្វ​ដែល​ប្រកបដោយ​ចក្ខុ ប្រកបដោយ​សោតៈ កាល​ចាប់បដិសន្ធិ ចក្ខា​យតនៈ​របស់​សត្វ​ទាំងនោះ កើតឡើង​ផង"
    },
    {
      "header": "អាយតនយមកៈ",
      "href": "http://ti-kh.org/books?book=87&page=269",
      "text": "និរោធវារៈ",
      "detail": "មនាយតនៈ របស់​អសញ្ញ​សត្វ​ទាំងនោះ មិនកើត​ឡើង​ហើយ ក្នុង​ទីនោះ តែ​ធម្មាយតនៈ របស់​សត្វ​ទាំងនោះ មិនមែន​ជា​នឹង​មិនកើត​ឡើង ក្នុង​ទីនោះ​ទេ មនាយតនៈ របស់​ពួក​សុទ្ធាវាស​សត្វ​នោះ មិនកើត​ឡើង​ហើយ​ផង ធម្មាយតនៈ នឹង​មិនកើត​ឡើង​ផង ក្នុង​ទីនោះ។ មួយ​យ៉ាង​ទៀត ធម្មាយតនៈ របស់​សត្វ​ណា នឹង​មិនកើត​ឡើង ក្នុង​ទីណា មនាយតនៈ របស់​សត្វ​នោះ មិនកើត​ឡើង​ហើយ ក្នុង​ទីនោះ​ទេ​ឬ។ ធម្មាយតនៈ របស់​សត្វ​ទាំងនោះ ដែល​កើត​ក្នុង​បច្ឆិមភព នឹង​មិនកើត​ឡើង ក្នុង​ទីនោះ តែម​នាយ​តនៈ របស់​សត្វ​ទាំងនោះ មិនមែន​ជា​មិនកើត​ឡើង​ហើយ ក្នុង​ទីនោះ​ទេ ធម្មាយតនៈ របស់​ពួក​សុទ្ធាវាស​សត្វ​នោះ នឹង​មិនកើត​ឡើង​ផង មនាយតនៈ មិនកើត​ឡើង​ហើយ​ផង ក្នុង​ទីនោះ។\n<br><p class=\"PCenter\">ចប់ ឧប្បាទ​វារៈ។</p>\n<br><span class=\"IncreaseIndent\">&nbsp;</span>[៥២១] ចក្ខា​យតនៈ របស់​សត្វ​ណា រលត់​ទៅ សោតាយតនៈ របស់​សត្វ​នោះ រលត់​ទៅ​ដែរ​ឬ។ ពួក​សត្វ​ដែល​ប្រកបដោយ​ចក្ខុ មិន​មាន​សោតៈ កាល​ច្យុត ចក្ខា​យតនៈ របស់​សត្វ​ទាំងនោះ រលត់​ទៅ តែ​សោតាយតនៈ របស់​សត្វ​ទាំងនោះ មិន​រលត់​ទៅ​ទេ ពួក​សត្វ​ដែល​ប្រកបដោយ​ចក្ខុ ប្រកបដោយ​សោតៈ កាល​ច្យុត ចក្ខា​យតនៈ របស់​សត្វ​ទាំងនោះ រលត់​ទៅ​ផង សោតាយតនៈ រលត់​ទៅ​ផង។ មួយ​យ៉ាង​ទៀត សោតាយតនៈ របស់​សត្វ​ណា"
    },
    {
      "header": "អាយតនយមកៈ",
      "href": "http://ti-kh.org/books?book=87&page=368",
      "text": "ឧប្បាទនិរោធវារៈ",
      "detail": "<span class=\"IncreaseIndent\">&nbsp;</span>[៦៨៧] ចក្ខា​យតនៈ របស់​សត្វ​ណា កើតឡើង សោតាយតនៈ របស់​សត្វ​នោះ រលត់​ទៅ​ដែរ​ឬ។ មិនមែនទេ។ មួយ​យ៉ាង​ទៀត សោតាយតនៈ របស់​សត្វ​ណា រលត់​ទៅ ចក្ខា​យតនៈ របស់​សត្វ​នោះ កើតឡើង​ដែរ​ឬ។ មិនមែនទេ។\n<br><span class=\"IncreaseIndent\">&nbsp;</span>[៦៨៨] ចក្ខា​យតនៈ របស់​សត្វ​ណា កើតឡើង ឃានាយតនៈ រូបាយតនៈ មនាយតនៈ ធម្មាយតនៈ របស់​សត្វ​នោះ រលត់​ទៅ​ដែរ​ឬ។ មិនមែនទេ។ មួយ​យ៉ាង​ទៀត ធម្មាយតនៈ របស់​សត្វ​ណា រលត់​ទៅ ចក្ខា​យតនៈ របស់​សត្វ​នោះ កើតឡើង​ដែរ​ឬ។ មិនមែនទេ។បេ។\n<br><span class=\"IncreaseIndent\">&nbsp;</span>[៦៨៩] មនាយតនៈ របស់​សត្វ​ណា កើតឡើង ធម្មាយតនៈ របស់​សត្វ​នោះ រលត់​ទៅ​ដែរ​ឬ។ មិនមែនទេ។ មួយ​យ៉ាង​ទៀត ធម្មាយតនៈ របស់​សត្វ​ណា រលត់​ទៅ មនាយតនៈ របស់​សត្វ​នោះ កើតឡើង​ដែរ​ឬ។ មិនមែនទេ។\n<br><span class=\"IncreaseIndent\">&nbsp;</span>[៦៩០] ចក្ខា​យតនៈ កើតឡើង ក្នុង​ទីណា។បេ។ ប្រយោគ ដែល​ប្រកបដោយ​ពាក្យ​ថា ក្នុង​ទីណា បណ្ឌិត គប្បី​ធ្វើ​ដោយ​ពាក្យបដិសេធ​ថា មិនមែន ឬមិន​មាន​ទេ។ ប្រយោគ ដែល​ប្រកបដោយ​ពាក្យ​ថា ក្នុង​ទីណា បណ្ឌិត គប្បី​ធ្វើឲ្យ​ដូចគ្នា នឹង​ពួក​ប្រយោគ​ដែល​ថា ប្រកប​ក្នុង​ទីណា ក្រៅ​នេះ ប្រយោគ ដែល​ប្រកបដោយ​ពាក្យ​ថា ក្នុង​ទីណា ដូចគ្នា ក្នុង​វារៈ​ទាំង​បី។"
    },
    {
      "header": "អាយតនយមកៈ",
      "href": "http://ti-kh.org/books?book=87&page=425",
      "text": "បរិញ្ញាវារៈ",
      "detail": "<p class=\"BCenter\">បរិញ្ញា​វារៈ</p>\n<br><span class=\"IncreaseIndent\">&nbsp;</span>[៧៨៨] សត្វ​ណា កំណត់​ដឹង​នូវ​ចក្ខា​យតនៈ សត្វ​នោះ ឈ្មោះថា​កំណត់​ដឹង​នូវ​សោតាយតនៈ​ដែរ​ឬ។ អើ។ មួយ​យ៉ាង​ទៀត សត្វ​ណា កំណត់​ដឹង​នូវ​សោតាយតនៈ សត្វ​នោះ ឈ្មោះថា​កំណត់​ដឹង​នូវ​ចក្ខា​យតនៈ​ដែរ​ឬ។ អើ។ សត្វ​ណា មិនកំណត់​ដឹង​នូវ​ចក្ខា​យតនៈ សត្វ​នោះ ឈ្មោះថា​មិនកំណត់​ដឹង​នូវ​សោតាយតនៈ​ដែរ​ឬ។ អើ។ មួយ​យ៉ាង​ទៀត សត្វ​ណា មិនកំណត់​ដឹង​នូវ​សោតាយតនៈ សត្វ​នោះ ឈ្មោះថា​មិនកំណត់​ដឹង​នូវ​ចក្ខា​យតនៈ​ដែរ​ឬ។ អើ។\n<br><span class=\"IncreaseIndent\">&nbsp;</span>[៧៨៩] សត្វ​ណា កំណត់​ដឹង​ហើយ​នូវ​ចក្ខា​យតនៈ សត្វ​នោះ ឈ្មោះថា កំណត់​ដឹង​ហើយ​នូវ​សោតាយតនៈ​ដែរ​ឬ។ អើ។ មួយ​យ៉ាង​ទៀត សត្វ​ណា កំណត់​ដឹង​ហើយ​នូវ​សោតាយតនៈ សត្វ​នោះ ឈ្មោះថា​កំណត់​ដឹង​ហើយ​នូវ​ចក្ខា​យតនៈ​ដែរ​ឬ។ អើ។ សត្វ​ណា មិនកំណត់​ដឹង​ហើយ​នូវ​ចក្ខា​យតនៈ សត្វ​នោះ ឈ្មោះថា​មិនកំណត់​ដឹង​ហើយ នូវ​សោតាយតនៈ​ដែរ​ឬ។ អើ។ មួយ​យ៉ាង​ទៀត សត្វ​ណា មិនកំណត់​ដឹង​ហើយ​នូវ​សោតាយតនៈ សត្វ​នោះ ឈ្មោះថា​មិនកំណត់​ដឹង​ហើយ​នូវ​ចក្ខា​យតនៈ​ដែរ​ឬ។ អើ។"
    }
  ]
}