{
  "title": "ភាគ ៨០",
  "imageSrc": "photos/Book_80.jpg",
  "href": "http://ti-kh.org/books?book=80",
  "contents": [
    {
      "header": "អភិធម្មបិដក\nវិភង្គ  បឋមភាគ\n\nខន្ធវិភង្គ",
      "href": "http://ti-kh.org/books?book=80&page=1",
      "text": "ខន្ធវិភង្គ \t\t\tសុត្តន្តភាជនីយ",
      "detail": "<div style=\"text-align: center\">អភិធម្មបិដក\n<br>វិភង្គ បឋម​ភាគ\n<br>សូ​មន​មសា្ករ ចំពោះ​ព្រះមានព្រះភាគ អរហ​ន្ត​សមា្មសម្ពុទ្ឋ​អង្គ​នោះ។</div><p class=\"BCenter\">ខន្ធ​វិភង្គ</p>\n<br><span class=\"IncreaseIndent\">&nbsp;</span>[១] ខន្ធ ៥ គឺ រូបក្ខន្ធ វេទនាខន្ធ សញ្ញាខន្ធ សងា្ខ​រក្ខ​ន្ធ វិញ្ញាណក្ខន្ធ។\n<br><span class=\"IncreaseIndent\">&nbsp;</span>[២] បណា្ត​ខន្ធ​ទាំង ៥ នោះ រូបក្ខន្ធ តើ​ដូ​ចមេ្តច។ រូប​ណាមួយ​ជា​អតីត អនាគត បច្ចុប្បន្ន ដែល​ជា​អជ្ឈត្ត​រូប (រូប​ខាងក្នុង) កី្ត ពហិ​ទ្ធា​រូប (រូប​ខាងក្រៅ) កី្ត ឱឡារិករូប (រូប​គ្រោតគ្រាត) ក្តី សុខុមរូប (រូប​លិ្អ​ត) កី្ត ហីន​រូប (រូប​ថោកទាប) ក្តី បណីត​រូប (រូ​បថៃ្ល​ថា្ល) ក្តី ទូ​រេ​រូប (រូប​ក្នុង​ទី​ឆ្ងាយ) ក្តី សនិ្ត​កេរូ​ប (រូប​ក្នុង​ទី​ជិត) កី្ត នេះ​ហៅថា រូបក្ខន្ធ ព្រោះ​ប្រមូល​រួបរួម​នូវ​រូប​ទាំងអស់​នោះ ក្នុង​ទី​ជាមួយ​គា្ន។\n<br><span class=\"IncreaseIndent\">&nbsp;</span>[៣] បណា្ត​រូប​ទាំងនោះ រូប​ជា​អតីត តើ​ដូ​ចមេ្តច។ រូប​ណា​កន្លងទៅ រលត់​ទៅ ប្រាស​ទៅ ប្រែប្រួល​ទៅ អស់​ទៅ បាត់បង់​ទៅ កើត​ហើយ​បា្រ​សទៅ​វិញ ជា​អតីត សង្គ្រោះ​ដោយ​ចំណែក​ជា​អតីត បាន​ដល់​មហាភូតរូប ៤ ផង ឧបា​ទាយ​រូប​នៃ​មហាភូតរូប ៤ ផង នេះ​ហៅថា រូប​ជា​អតីត។ បណា្ត​រូប​ទាំងនោះ រូប​ជា​អនាគត តើ​ដូ​ចមេ្តច។ រូប​ណា​មិនទាន់​កើត មិនទាន់​មាន មិនទាន់​ដុះដាល មិនទាន់​វិល​មក មិនទាន់​ត្រឡប់​មក មិន​ទាន់​បា្រ​កដ មិនទាន់​លេចឡើង មិនទាន់​ដុះឡើង មិនទាន់​តាំង​ឡើង"
    },
    {
      "header": "អភិធម្មបិដក\nវិភង្គ  បឋមភាគ\n\nខន្ធវិភង្គ",
      "href": "http://ti-kh.org/books?book=80&page=24",
      "text": "អភិធម្មភាជនីយ",
      "detail": "តាំងនៅ​ក្នុង​ទី​ជិត​នៃ​វិញ្ញាណ​របស់​បុគ្គល​មិន​មាន​សមា​បតិ្ត វិញ្ញាណ​របស់​បុគ្គល​មាន​សមា​បតិ្ត តាំងនៅ​ក្នុង​ទី​ជិត​នៃ​វិញ្ញាណ​របស់​បុគ្គល​មាន​សមាបត្តិ វិញ្ញាណ​ប្រកបដោយ​អាសវៈ តាំងនៅ​ក្នុង​ទី​ជិត​នៃ​វិញ្ញាណ​ប្រកបដោយ​អាសវៈ វិញ្ញាណ​មិន​មាន​អាសវៈ តាំងនៅ​ក្នុង​ទី​ជិត​នៃ​វិញ្ញាណ​មិន​មាន​អាសវៈ នេះ​ហៅថា សនិ្ត​កេវិ​ញ្ញាណ មួយទៀត ទូ​រេ​វិញ្ញាណ បើ​ប្រៀបផ្ទឹម​នឹង​វិញ្ញា​ណនោះៗ បណិ្ឌ​តគប្បី​ឃើញថា ដូច​សនិ្ត​កេវិ​ញ្ញាណ​ដែរ។\n<br><p class=\"PCenter\">ចប់ សុត្តន្ត​ភា​ជនីយ។</p>\n<br><span class=\"IncreaseIndent\">&nbsp;</span>[៣២] ខន្ធ ៥ គឺ រូបក្ខន្ធ វេទនាខន្ធ សញ្ញាខន្ធ សង្ខារក្ខន្ធ និង​វិញ្ញាណក្ខន្ធ។\n<br>បណ្តា​ខន្ធ​ទាំងនោះ រូបក្ខន្ធ តើ​ដូចម្តេច។\n<br><span class=\"IncreaseIndent\">&nbsp;</span>[៣៣] រូបក្ខន្ធ​មាន​ប្រការ ១ បាន​ដល់​រូប​ទាំងពួង មិនមែន​ហេតុ ឥត​ហេតុ បា្រស​ចាក​ហេតុ ប្រកបដោយ​បច្ច័យ ត្រូវ​បច្ច័យ​តាក់តែង រូប​ជា​លោកិយ ប្រកបដោយ​អាសវៈ ជា​ប្រយោជន៍​ដល់​សំយោជនៈ ដែល​គន្ថៈ​គប្បី​ដោត​ក្រង ដែល​ឱឃៈ​គប្បី​ប្រព្រឹត្ត​កន្លង ដែល​យោ​គៈ​គប្បី​ប្រព្រឹត្ត​កន្លង ជា​ប្រយោជន៍​ដល់​នី​វរ​ណៈ ដែល​បរា​មា​សៈ​សា្ទប​អងែ្អល ជា​ប្រយោជន៍​ដល់​ឧបាទាន គួរ​ដល់​សេ​ចកី្ត​សៅហ្មង ជា​អព្យាក្រឹត មិនមែន​អារម្មណ៍ មិនមែន​ចេតសិក ប្រាសចាក​ចិត្ត ជាស​ភាវៈ​មិនមែន​វិបាក មិនមែន​មាន​វិបាក​ជាប្រក្រតី ជា​រូប​មិន​សៅហ្មង តែ​គួរ​ដល់​សេ​ចកី្ត​សៅហ្មង"
    },
    {
      "header": "អភិធម្មបិដក\nវិភង្គ  បឋមភាគ\n\nខន្ធវិភង្គ",
      "href": "http://ti-kh.org/books?book=80&page=105",
      "text": "បញ្ហាបុច្ឆកៈ",
      "detail": "ជា​អរូបាវចរ​ក៏​មាន ជា​អប​រិយា​បន្នៈ​ក៏​មាន វិញ្ញាណក្ខន្ធ ព្រោះ​សោ​តសម្ផ័​ស្ស​ជា​បច្ច័យ។បេ។ ព្រោះ​ឃាន​សម្ផ័​ស្ស​ជា​បច្ច័យ។បេ។ ព្រោះ​ជិវ្ហា​សម្ផ័​ស្ស​ជា​បច្ច័យ។បេ។ ព្រោះ​កា​យស​ម្ផ័ស្ស​ជា​បច្ច័យ។បេ។ ព្រោះ​មនោ​សម្ផ័​ស្ស​ជា​បច្ច័យ មាន​អារម្មណ៍​ខាងក្នុង​ក៏​មាន មាន​អារម្មណ៍​ខាងក្រៅ​ក៏​មាន មាន​អារម្មណ៍​ទាំង​ខាងក្នុង ទាំង​ខាងក្រៅ​ក៏​មាន ជា​កាមាវចរ​ក៏​មាន ជា​រូបាវចរ​ក៏​មាន ជា​អរូបាវចរ​ក៏​មាន ជា​អប​រិយា​បន្នៈ​ក៏​មាន ចក្ខុវិញ្ញាណ។បេ។ មនោវិញ្ញាណ វិញ្ញាណក្ខន្ធ មាន​ច្រើនប្រការ​យ៉ាងនេះ​ឯង។\n<br><p class=\"PCenter\">នេះ​ហៅថា វិញ្ញាណក្ខន្ធ។\n<br>ចប់ អភិធម្ម​ភា​ជនីយ។</p>\n<br><span class=\"IncreaseIndent\">&nbsp;</span>[៨៤] ខន្ធ ៥ គឺ រូបក្ខន្ធ វេទនាខន្ធ សញ្ញាខន្ធ សង្ខារក្ខន្ធ វិញ្ញាណក្ខន្ធ។ បណ្តា​ខន្ធ ៥ ខន្ធ ជាកុសល​ប៉ុន្មាន ជាអកុសល​ប៉ុន្មាន ជា​អព្យាក្រឹត​ប៉ុន្មាន។បេ។ ប្រកបដោយ​សត្រូវ​ប៉ុន្មាន មិន​មាន​សត្រូវ​ប៉ុន្មាន។\n<br><span class=\"IncreaseIndent\">&nbsp;</span>[៨៥] រូប​ខន្ធ ជា​អព្យាក្រឹត ឯខន្ធ ៤ ជាកុសល​ក៏​មាន ជាអកុសល​ក៏​មាន ជា​អព្យាក្រឹត​ក៏​មាន។ ខន្ធ ២ មិន​គប្បី​ពោល​ថា ប្រកបដោយ​សុខវេទនា​ផង ថា​ប្រកបដោយ​ទុក្ខវេទនា​ផង ថា"
    },
    {
      "header": "អាយតនវិភង្គ",
      "href": "http://ti-kh.org/books?book=80&page=127",
      "text": "អាយតនវិភង្គ \t\t\tសុត្តន្តភាជនីយ",
      "detail": "<p class=\"BCenter\">អាយតន​វិភង្គ</p>\n<br><span class=\"IncreaseIndent\">&nbsp;</span>[៩៧] អាយតនៈ ១២ គឺ ចក្ខា​យតនៈ រូបាយតនៈ សោតាយតនៈ សទ្ទាយតនៈ ឃានាយតនៈ គន្ធាយតនៈ ជិវ្ហាយតនៈ រសាយតនៈ កាយាយតនៈ ផោដ្ឋព្វា​យតនៈ មនាយតនៈ ធម្មាយតនៈ។\n<br><span class=\"IncreaseIndent\">&nbsp;</span>[៩៨] ភ្នែក មិន​ទៀង ជា​ទុក្ខ ជា​របស់​សោះសូន្យ មាន​សភាព​ប្រែប្រួល រូប​មិន​ទៀង​ជា​ទុក្ខ ជា​របស់​សោះសូន្យ មាន​សភាព​ប្រែប្រួល ត្រចៀក​មិន​ទៀង ជា​ទុក្ខ ជា​របស់​សោះសូន្យ មាន​សភាព​ប្រែប្រួល សំឡេង​មិន​ទៀង ជា​ទុក្ខ ជា​របស់​សោះសូន្យ មាន​សភាព​ប្រែប្រួល ច្រមុះ​មិន​ទៀង ជា​ទុក្ខ ជា​របស់​សោះសូន្យ មាន​សភាព​ប្រែប្រួល ក្លិន​មិន​ទៀង ជា​ទុក្ខ ជា​របស់​សោះសូន្យ មាន​សភាព​ប្រែប្រួល អណ្តាត​មិន​ទៀង ជា​ទុក្ខ ជា​របស់​សោះសូន្យ មាន​សភាព​ប្រែប្រួល រស​មិន​ទៀង ជា​ទុក្ខ ជា​របស់​សោះសូន្យ មាន​សភាព​ប្រែប្រួល កាយ​មិន​ទៀង ជា​ទុក្ខ ជា​របស់​សោះសូន្យ មាន​សភាព​ប្រែប្រួល សម្ផ័​ស្ស​មិន​ទៀង ជា​ទុក្ខ ជា​របស់​សោះសូន្យ មាន​សភាព​ប្រែប្រួល មនោ​មិន​ទៀង ជា​ទុក្ខ ជា​របស់​សោះសូន្យ មាន​សភាព​ប្រែប្រួល ធម៌​មិន​ទៀង ជា​ទុក្ខ ជា​របស់​សោះសូន្យ មាន​សភាព​ប្រែប្រួល។\n<br><p class=\"PCenter\">ចប់ សុត្តន្ត​ភា​ជនីយ។</p>"
    },
    {
      "header": "អាយតនវិភង្គ",
      "href": "http://ti-kh.org/books?book=80&page=128",
      "text": "អភិធម្មភាជនីយ",
      "detail": "<span class=\"IncreaseIndent\">&nbsp;</span>[៩៩] អាយតនៈ ១២ គឺ ចក្ខា​យតនៈ សោតាយតនៈ ឃា​នាយ​តៈ ជិវ្ហាយតនៈ​កាយាយតនៈ មនាយតនៈ រូបាយតនៈ សទ្ទាយតនៈ គន្ធាយតនៈ រសាយតនៈ ផោដ្ឋព្វា​យតនៈ ធម្មាយតនៈ ។\n<br><span class=\"IncreaseIndent\">&nbsp;</span>[១០០] បណ្តា​អាយតនៈ​ទាំងនោះ ចក្ខា​យតនៈ តើ​ដូចម្តេច។ ចក្ខុ​ណា គឺ​ប្រសាទ​អាស្រ័យ​មហាភូត ៤។បេ។ ហៅថា​ស្រុក​ទំនេរ​ក៏បាន នេះ​ហៅថា ចក្ខា​យតនៈ។ បណ្តា​អាយតនៈ​ទាំងនោះ សោតាយតនៈ ឃានាយតនៈ ជិវ្ហាយតនៈ កាយាយតនៈ តើ​ដូចម្តេច។ កាយ​ណា គឺ​ប្រសាទ អាស្រ័យ​មហាភូត ៤។បេ។ ហៅថា​ស្រុក​ទំនេរ​ក៏បាន នេះ​ហៅថា​កាយាយតនៈ។ បណ្តា​អាយតនៈ​ទាំងនោះ មនាយតនៈ តើ​ដូចម្តេច។ មនាយតនៈ មាន​ប្រការ​មួយ បាន​ដល់​មនាយតនៈ ដែល​ប្រកបដោយ​ផស្សៈ។ មនាយតនៈ មាន​ប្រការ ២គឺ មនាយតនៈ​ប្រព្រឹត្តទៅ​ជាមួយនឹង​ហេតុ​ក៏​មាន មិន​មានហេតុ​ក៏​មាន។ មនាយតនៈ​មាន​ប្រការ ៣ គឺ​មនាយតនៈ ជាកុសល​ក៏​មាន ជាអកុសល​ក៏​មាន ជា​អព្យាក្រឹត​ក៏​មាន។បេ។ មនាយតនៈ មាន​ច្រើនប្រការ​យ៉ាងនេះ​ឯង នេះ​ហៅថា មនាយតនៈ។ បណ្តា​អាយតនៈ​ទាំងនោះ រូបាយតនៈ តើ​ដូចម្តេច។ រូប​ណា គឺ​ពណ៌ ឬពន្លឺ អាស្រ័យ​មហាភូត ៤។បេ។"
    },
    {
      "header": "អាយតនវិភង្គ",
      "href": "http://ti-kh.org/books?book=80&page=130",
      "text": "បញ្ហាបុច្ឆកៈ",
      "detail": "ជា​អប្បដិឃៈ រាល់​បញ្ចូល​ក្នុង​ធម្មាយតនៈ។ បណ្តា​អាយតនៈ​ទាំងនោះ​អសង្ខតធាតុ តើ​ដូចម្តេច។ ការ​អស់​រាគៈ ការ​អស់​ទោសៈ ការ​អស់​មោហៈ នេះ​ហៅថា អសង្ខតធាតុ។ នេះ​ហៅថា ធម្មាយតនៈ។\n<br><p class=\"PCenter\">ចប់ អភិធម្ម​ភា​ជនីយ។</p>\n<br><span class=\"IncreaseIndent\">&nbsp;</span>[១០១] អាយតនៈ ១២ គឺ ចក្ខា​យតនៈ រូបាយតនៈ។បេ។ មនាយតនៈ ធម្មាយតនៈ។ បណ្តា​អាយតនៈ ១២ អាយតនៈ ជាកុសល​ប៉ុន្មាន ជាអកុសល​ប៉ុន្មាន ជា​អព្យាក្រឹត​ប៉ុន្មាន។បេ។ ប្រកបដោយ​សត្រូវ​ប៉ុន្មាន មិន​មាន​សត្រូវ​ប៉ុន្មាន។\n<br><span class=\"IncreaseIndent\">&nbsp;</span>[១០២] អាយតនៈ ១០ ជា​អព្យាក្រឹត អាយតនៈ ២ ជាកុសល​ក៏​មាន ជាអកុសល​ក៏​មាន ជា​អព្យាក្រឹត​ក៏​មាន។ អាយតនៈ ១០ មិន​គប្បី​ពោល​ថា ប្រកបដោយ​សុខវេទនា​ផង ថា ប្រកបដោយ​ទុក្ខវេទនា​ផង ថា​ប្រកបដោយ​អទុ​ក្ខម​សុខវេទនា​ផង​ឡើយ មនាយតនៈ ប្រកបដោយ​សុខវេទនា​ក៏​មាន ប្រកបដោយ​ទុក្ខវេទនា​ក៏​មាន ប្រកបដោយ​អទុ​ក្ខម​សុខវេទនា​ក៏​មាន ធម្មាយតនៈ ប្រកបដោយ​សុខវេទនា​ក៏​មាន ប្រកបដោយ​ទុក្ខវេទនា​ក៏​មាន ប្រកបដោយ​អទុ​ក្ខម​សុខវេទនា​ក៏​មាន មិន​គប្បី​ពោល​ថា"
    },
    {
      "header": "ធាតុវិភង្គ",
      "href": "http://ti-kh.org/books?book=80&page=152",
      "text": "ធាតុវិភង្គ \t\t\tសុត្តន្តភាជនីយ",
      "detail": "<p class=\"BCenter\">ធាតុ​វិភង្គ</p>\n<br><span class=\"IncreaseIndent\">&nbsp;</span>[១១៤] ធាតុ ៦ គឺ បឋវីធាតុ អាបោធាតុ តេជោធាតុ វាយោធាតុ អាកាសធាតុ វិញ្ញាណ​ធាតុ។\n<br><span class=\"IncreaseIndent\">&nbsp;</span>[១១៥] បណ្តា​ធាតុ ៦ នោះ បឋវីធាតុ តើ​ដូចម្តេច។ បឋវីធាតុ មាន ២ គឺ​បឋវីធាតុ​ខាងក្នុង​ក៏​មាន ខាងក្រៅ​ក៏​មាន។ បណ្តា​ធាតុ ២ នោះ បឋវីធាតុ​ខាងក្នុង តើ​ដូចម្តេច។ ធម្មជាត​ណា​ជា​ខាងក្នុង អាស្រ័យ​នូវ​ខ្លួន រឹង ខះ មាន​អាការ​រឹង មាន​សភាព​រឹង ជា​ខាងក្នុង ដែល​វិញ្ញាណ​ចូល​ទៅកាន់​យក​បាន គឺ សក់ រោម ក្រចក ធ្មេញ ស្បែក សាច់ សរសៃ ឆ្អឹង ខួរ​ក្នុង​ឆ្អឹង តម្រង​បស្សាវៈ បេះដូង ថ្លើម វាវ ក្រពះ សួត ពោះវៀនធំ ពោះវៀនតូច អាហារ​ថ្មី អាហារ​ចាស់ ឬក៏​ធម្មជាត​ដទៃ​ណា ជា​ខាងក្នុង អាស្រ័យ​នូវ​ខ្លួន រឹង ខះ មាន​អាការ​រឹង មាន​សភាព​រឹងជា​ខាងក្នុង ដែល​វិញ្ញាណ​ចូល​ទៅកាន់​យក​បាន នេះ​ហៅថា បឋវីធាតុ​ខាងក្នុង។ បណ្តា​ធាតុ ២ នោះ បឋវីធាតុ​ខាងក្រៅ តើ​ដូចម្តេច។ ធម្មជាត​ណា​ជា​ខាងក្រៅ រឹង ខះ មាន​អាការ​រឹង មាន​សភាព​រឹង ជា​ខាងក្រៅ ដែល​វិញ្ញាណ​មិន​ចូល​ទៅកាន់​យក​បានទេ គឺ ដែក លោហៈ សំណប៉ាហាំង សំណភក់ ប្រាក់ កែវ​មុក្តា កែវមណី កែវ​ពៃទូរ្យ ស័ង្ខ ថ្ម កែ​វប្រ​ពាឡ ប្រាក់ មាស កែវ​ក្រហម"
    },
    {
      "header": "ធាតុវិភង្គ",
      "href": "http://ti-kh.org/books?book=80&page=163",
      "text": "អភិធម្មភាជនីយ",
      "detail": "ស្រឡាញ់ អាការ​ប្រព្រឹត្ត​ស្រឡាញ់ ភាព​នៃ​អាការ​ប្រព្រឹត្ត​ស្រឡាញ់ គឺ​មេត្តា​ចេ​តោ​វិមុត្តិ​ណា ក្នុង​ពួក​សត្វ នេះ​ហៅថា អព្យាបាទ​ធាតុ។ បណ្តា​ធាតុ ៦ នោះ អវិហឹសា​ធាតុ តើ​ដូចម្តេច។ សេចក្តី​ត្រិះរិះ ការ​ត្រិះ​រិះ​ផ្សេងៗ តម្រិះ ការ​រំពឹង ការ​ជញ្ជឹង ការ​លើកឡើង​នូវ​ចិត្ត ដែល​ប្រកបដោយ​អវិហឹសា គឺ​សម្មាសង្កប្បៈ នេះ​ហៅថា អវិហឹសា​ធាតុ។ ការ​អាណិត អាការ​ប្រព្រឹត្ត​អាណិត ភាព​នៃ​អាការ​ប្រព្រឹត្ត​អាណិត គឺ​ករុណា​ចេ​តោ​វិមុត្តិ​ណា ក្នុង​សត្វ​ទាំងឡាយ នេះ​ហៅថា អវិហឹសា​ធាតុ។ នេះ​ធាតុ ៦។\n<br><span class=\"IncreaseIndent\">&nbsp;</span>[១២៣] ពួក​ធាតុ ៦ បីដង​នេះ រួម​ជា​ធាតុ ១៨ ព្រោះ​ប្រមូល​បំប្រួញ​ធាតុ​ទាំងនោះ ក្នុង​ទី​ជាមួយគ្នា ដោយ​ប្រការ​ដូច្នេះ។\n<br><p class=\"PCenter\">ចប់ សុត្តន្ត​ភា​ជនីយ។</p>\n<br><span class=\"IncreaseIndent\">&nbsp;</span>[១២៤] ធាតុ ១៨ គឺ ចក្ខុ​ធាតុ រូបធាតុ ចក្ខុវិញ្ញាណ​ធាតុ សោត​ធាតុ សទ្ទ​ធាតុ សោតវិញ្ញាណ​ធាតុ ឃាន​ធាតុ គន្ធ​ធាតុ ឃានវិញ្ញាណ​ធាតុ ជិវ្ហា​ធាតុ រសធាតុ ជិវ្ហា​វិញ្ញាណ​ធាតុ កាយ​ធាតុ ផោដ្ឋព្វ​ធាតុ កាយវិញ្ញាណ​ធាតុ មនោ​ធាតុ ធម្មធាតុ មនោវិញ្ញាណ​ធាតុ។"
    },
    {
      "header": "ធាតុវិភង្គ",
      "href": "http://ti-kh.org/books?book=80&page=170",
      "text": "បញ្ហាបុច្ឆកៈ",
      "detail": "<span class=\"IncreaseIndent\">&nbsp;</span>[១៣១] ធាតុ ១៨ គឺ ចក្ខុ​ធាតុ រូបធាតុ ចក្ខុវិញ្ញាណ​ធាតុ សោត​ធាតុ សទ្ទ​ធាតុ សោតវិញ្ញាណ​ធាតុ ឃាន​ធាតុ គន្ធ​ធាតុ ឃានវិញ្ញាណ​ធាតុ ជិវ្ហា​ធាតុ រសធាតុ ជិវ្ហា​វិញ្ញាណ​ធាតុ កាយ​ធាតុ ផោដ្ឋព្វ​ធាតុ កាយវិញ្ញាណ​ធាតុ មនោ​ធាតុ ធម្មធាតុ មនោវិញ្ញាណ​ធាតុ។ បណ្តា​ធាតុ ១៨ នោះ ធាតុ​ជាកុសល​ប៉ុន្មាន ជាអកុសល​ប៉ុន្មាន ជា​អព្យាក្រឹត​ប៉ុន្មាន។បេ។ ប្រកបដោយ​សត្រូវ​ប៉ុន្មាន មិន​មាន​សត្រូវ​ប៉ុន្មាន។\n<br><span class=\"IncreaseIndent\">&nbsp;</span>[១៣២] ធាតុ ១៦ ជា​អព្យាក្រឹត ធាតុ ២ ជាកុសល​ក៏​មាន ជាអកុសល​ក៏​មាន ជា​អព្យាក្រឹត​ក៏​មាន។ ធាតុ ១០ មិន​គប្បី​ពោល​ថា ប្រកបដោយ​សុខវេទនា​ផង ថា​ប្រកបដោយ​ទុក្ខវេទនា​ផង ថា​ប្រកបដោយ​អទុ​ក្ខម​សុខវេទនា​ផង​ឡើយ ធាតុ ៥ ប្រកបដោយ​អទុ​ក្ខម​សុខវេទនា កាយវិញ្ញាណ​ធាតុ ប្រកបដោយ​សុខវេទនា​ក៏​មាន ប្រកបដោយ​ទុក្ខវេទនា​ក៏​មាន មនោវិញ្ញាណ​ធាតុ ប្រកបដោយ​សុខវេទនា​ក៏​មាន ប្រកបដោយ​ទុក្ខវេទនា​ក៏​មាន ប្រកបដោយ​អទុ​ក្ខម​សុខវេទនា​ក៏​មាន ធម្មធាតុ ប្រកបដោយ​សុខវេទនា​ក៏​មាន ប្រកបដោយ​ទុក្ខវេទនា​ក៏​មាន"
    },
    {
      "header": "សច្ចវិភង្គ",
      "href": "http://ti-kh.org/books?book=80&page=194",
      "text": "សច្ចវិភង្គ \t\t\tសុត្តន្តភាជនីយ",
      "detail": "<p class=\"BCenter\">សច្ច​វិភង្គ</p>\n<br><span class=\"IncreaseIndent\">&nbsp;</span>[១៤៤] អរិយសច្ច ៤ គឺ ទុក្ខអរិយសច្ច ទុក្ខសមុទយ​អរិយសច្ច ទុក្ខនិរោធ​អរិយសច្ច ទុក្ខនិរោធ​គាមិនី​បដិបទា​អរិយសច្ច។\n<br><span class=\"IncreaseIndent\">&nbsp;</span>[១៤៥] បណ្តា​អរិយសច្ច ៤ នោះ ទុក្ខអរិយសច្ច តើ​ដូចម្តេច។ ការ​កើត ជា​ទុក្ខ ការ​ចាស់​គ្រាំគ្រា ជា​ទុក្ខ សេចក្តី​ស្លាប់ ជា​ទុក្ខ សេចក្តី​សោក ខ្សឹកខ្សួល លំបាក​កាយ អាក់អន់​ចិត្ត តានតឹង​ចិត្ត ជា​ទុក្ខ ការ​ជួប​ប្រសព្វ​ដោយ​សត្វ និង​សង្ខារ​មិនជា​ទីស្រឡាញ់ ជា​ទុក្ខ ការ​ព្រាត់ប្រាស​ចាក​សត្វ និង​សង្ខារ​ជាទីស្រឡាញ់ ជា​ទុក្ខ បុគ្គល​កាល​ចង់បាន​របស់​ណា តែ​មិនបាន​របស់​នោះ ការ​មិនបាន​នោះ ជា​ទុក្ខ ដោយ​បំព្រួញ ឧបាទានក្ខន្ធ​ទាំង ៥ ក៏​ជា​ទុក្ខ។\n<br><span class=\"IncreaseIndent\">&nbsp;</span>[១៤៦] បណ្តា​ទុក្ខ​ទាំងនោះ ការ​កើត តើ​ដូចម្តេច។ ការ​កើត កិរិយា​កើត​ព្រម ការ​ចុះ​ចាប់​ផ្ទៃ ការ​កើត​ចំពោះ ការ​កើត​ប្រាកដ​នៃ​ខន្ធ​ទាំងឡាយ ការបាន​អាយតនៈ​ទាំងឡាយ​ណា របស់​សត្វ​ទាំង​ឡាយ​នោះៗ ក្នុង​ពួក​សត្វ​នោះៗ នេះ​ហៅថា ការ​កើត។\n<br><span class=\"IncreaseIndent\">&nbsp;</span>[១៤៧] បណ្តា​ទុក្ខ​ទាំងនោះ ការ​ចាស់​គ្រាំគ្រា តើ​ដូចម្តេច។ សេចក្តី​គ្រាំគ្រា ភាព​នៃ​ការ​ទ្រុឌទ្រោម ធ្មេញ​បាក់ សក់ស្កូវ ស្បែក​ជ្រួញជ្រីវ យុរយារ ការ​ថយ​ចុះ​នៃ​អាយុ ការ​ចាស់ទុំ​នៃ​ឥន្រ្ទិយ​ទាំងឡាយ​ណា របស់​សត្វ​ទាំង​ឡាយ​នោះៗ ក្នុង​ពូក​សត្វ​នោះៗ នេះ​ហៅថា ការ​ចាស់​គ្រាំគ្រា។"
    },
    {
      "header": "សច្ចវិភង្គ",
      "href": "http://ti-kh.org/books?book=80&page=211",
      "text": "អភិធម្មភាជនីយ",
      "detail": "ភិក្ខុ​មានចិត្ត​នឿយណាយ​ចាក​បីតិ​ហើយ ប្រកបដោយ​ឧបេក្ខា មានស្មារតី​ល្អ ជា​អ្នកដឹងខ្លួន​ដោយ​ប្រពៃ បាន​ទទួល​នូវ​សុខ​ដោយ​នាមកាយ ព្រះ​អរិយៈ​ទាំងឡាយ តែង​សរសើរ​បុគ្គល​ដែល​បាន​ឈាន ទី៣ នោះ​ថា បុគ្គល​ដែល​បាន​ឈាន ទី៣ រមែង​ប្រកបដោយ​ឧបេក្ខា មានស្មារតី​ល្អ មានធម៌​ជា​គ្រឿង​នៅជា​សុខ ដូច្នេះ ព្រោះ​ហេតុ​នៃ​ឈាន ទី៣ ណា ក៏បាន​ដល់​នូវ​ឈាន ទី៣ នោះ ភិក្ខុ​បាន​លះបង់​សុខ និង​ទុក្ខ​អស់ហើយ មាន​សោមនស្ស និង​ទោមនស្ស​អស់ហើយ ក្នុង​កាលមុន ក៏បាន​ដល់​នូវ​ឈាន ទី៤ មាន​វេទនា​មិនមែន​ទុក្ខ មិនមែន​សុខ គឺ​ឧបេក្ខា មានសតិ​ដ៏​បរិសុទ្ធ​ដោយ​ឧបេក្ខា ហើយ​សម្រេចសម្រាន្ត​នៅ នេះ​ហៅថា សម្មាសមាធិ។ នេះ​ហៅថា ទុក្ខនិរោធ​គាមិនី​បដិបទា​អរិយសច្ច។\n<br><p class=\"PCenter\">ចប់ សុត្តន្ត​ភា​ជនីយ។</p>\n<br><span class=\"IncreaseIndent\">&nbsp;</span>[១៧១] សច្ចៈ ៤ គឺ ទុក្ខ ១ ទុក្ខ​សមុទ័យ ១ ទុក្ខនិរោធ ១ ទុក្ខនិរោធ​គាមិនី​បដិបទា ១។\n<br><span class=\"IncreaseIndent\">&nbsp;</span>[១៧២] បណ្តា​សច្ចៈ​ទាំង ៤ នោះ ទុក្ខ​សមុទ័យ តើ​ដូចម្តេច។ តណ្ហា នេះ​ហៅថា ទុក្ខ​សមុទ័យ។"
    },
    {
      "header": "សច្ចវិភង្គ",
      "href": "http://ti-kh.org/books?book=80&page=226",
      "text": "បញ្ហាបុច្ឆកៈ",
      "detail": "ក៏បាន​ដល់​នូវ​បឋមជ្ឈាន ជា​ទុក្ខា​បដិ​បទាទន្ធា​ភិ​ញ្ញា សម័យ​នោះ ផស្សៈ​ក៏​កើតមាន។បេ។ សេចក្តី​មិន​រាយមាយ ក៏​កើតមាន នេះ​ហៅថា ទុក្ខនិរោធ​គាមិនី​បដិបទា។\n<br><p class=\"PCenter\">ចប់ អភិធម្ម​ភា​ជនីយ។</p>\n<br><span class=\"IncreaseIndent\">&nbsp;</span>[២២៣] អរិយសច្ច ៤ គឺ ទុក្ខអរិយសច្ច ១ ទុក្ខសមុទយ​អរិយសច្ច ១ ទុក្ខនិរោធ​អរិយសច្ច ១ ទុក្ខនិរោធ​គាមិនី​បដិបទា​អរិយសច្ច ១។ បណ្តា​អរិយសច្ច​ទាំង ៤ អរិយសច្ច ជាកុសល​ប៉ុន្មាន ជាអកុសល​ប៉ុន្មាន ជា​អព្យាក្រឹត​ប៉ុន្មាន។បេ។ ប្រកបដោយ​សត្រូវ​ប៉ុន្មាន មិន​មាន​សត្រូវ​ប៉ុន្មាន។\n<br><span class=\"IncreaseIndent\">&nbsp;</span>[២២៤] សមុទយសច្ច ជាអកុសល មគ្គសច្ច ជាកុសល និរោធ​សច្ច ជា​អព្យាក្រឹត ទុក្ខសច្ច ជាកុសល​ក៏​មាន ជាអកុសល​ក៏​មាន ជា​អព្យាក្រឹត​ក៏​មាន។ សច្ចៈ ២ ប្រកបដោយ​សុខវេទនា​ក៏​មាន ប្រកបដោយ​អទុ​ក្ខម​សុខវេទនា​ក៏​មាន និរោធ​សច្ច មិន​គួរ​ពោល​ថា ប្រកបដោយ​សុខវេទនា​ផង ថា​ប្រកបដោយ​ទុក្ខវេទនា​ផង ថា​ប្រកបដោយ​អទុ​ក្ខម​សុខវេទនា​ផង​ឡើយ ទុក្ខ​សច្ចៈ ប្រកបដោយ​សុខវេទនា​ក៏​មាន ប្រកបដោយ​ទុក្ខវេទនា​ក៏​មាន ប្រកបដោយ​អទុ​ក្ខម​សុខវេទនា​ក៏​មាន"
    },
    {
      "header": "ឥន្រ្ទិយវិភង្គ",
      "href": "http://ti-kh.org/books?book=80&page=247",
      "text": "ឥន្រ្ទិយវិភង្គ \t\t\tអភិធម្មភាជនីយ",
      "detail": "<p class=\"BCenter\">ឥន្ទ្រិយ​វិភង្គ</p>\n<br><span class=\"IncreaseIndent\">&nbsp;</span>[២៣៦] ឥន្ទ្រិយ ២២ គឺ ចក្ខុន្ទ្រិយ (ឥន្ទ្រិយ គឺ​ភ្នែក) សោ​តិ​ន្ទ្រិយ (ឥន្ទ្រិយ គឺ​ត្រចៀក) ឃា​និ​ន្ទ្រិយ (ឥន្ទ្រិយ គឺ​ច្រមុះ) ជិ​វិ្ហន្ទ្រិយ (ឥន្ទ្រិយ គឺ​អណ្តាត) កាយិន្ទ្រិយ (ឥន្ទ្រិយ គឺ​កាយ) មនិន្ទ្រិយ (ឥន្ទ្រិយ គឺ​ចិត្ត) ឥត្ថិន្ទ្រិយ (ឥន្ទ្រិយ គឺ​ភេទ​ស្រី) បុរិ​សិន្ទ្រិយ (ឥន្ទ្រិយ គឺ​ភេទប្រុស) ជីវិតិន្ទ្រិយ (ឥន្ទ្រិយ គឺ​ជីវិត) សុ​ខិន្ទ្រិយ (ឥន្ទ្រិយ គឺ​សុខ) ទុ​ក្ខិន្ទ្រិយ (ឥន្ទ្រិយ គឺ​ទុក្ខ) សោ​មនស្សិ​ន្ទ្រិយ (ឥន្ទ្រិយ គឺ​សោមនស្ស) ទោ​មនស្សិ​ន្ទ្រិយ (ឥន្ទ្រិយ គឺ​ទោមនស្ស) ឧបេ​ក្ខិន្ទ្រិយ (ឥន្ទ្រិយ គឺ​ឧបេក្ខា) សទ្ធិន្ទ្រិយ (ឥន្ទ្រិយ គឺ​សទ្ធា) វីរិយិ​ន្ទ្រិយ (ឥន្ទ្រិយ គឺ​វីរិយៈ) សតិ​ន្ទ្រិយ (ឥន្ទ្រិយ គឺ​សតិ) សមា​ធិន្ទ្រិយ (ឥន្ទ្រិយ គឺ​សមាធិ) បញ្ញិ​ន្ទ្រិយ (ឥន្ទ្រិយ គឺ​បញ្ញា) អនញ្ញ​តញ្ញស្សា​មី​តិ​ន្ទ្រិយ<sup>(១)</sup> អញ្ញិ​ន្ទ្រិយ<sup>(២)</sup> អញ្ញាតា​វិន្ទ្រិយ<sup>(៣)</sup> ។\n<br><span class=\"IncreaseIndent\">&nbsp;</span>[២៣៧] បណ្តា​ឥន្ទ្រិយ​ទាំងនោះ ចក្ខុន្ទ្រិយ តើ​ដូ​ចមេ្តច។ ចក្ខុ​ណា គឺ​ប្រសាទ អាស្រ័យ​មហាភូត ទាំង ៤។បេ។ ហៅថា ស្រុក​ទំនេរ​ក៏បាន នេះ​ហៅថា ចក្ខុន្ទ្រិយ។ បណ្តា​ឥន្ទ្រិយ​ទាំងនោះ<hr><div style=\"font-size: 14px\">(១) ឥន្ទ្រិយ​របស់​បុគ្គល​ដែល​ប្រតិបត្តិ​ដោយ​គិតថា អាត្មាអញ​នឹង​ដឹង​ច្បាស់​នូវ​ធម៌ ដែល​ជន​ដទៃ​មិនដឹង​ហើយ គឺ​អមត​និព្វាន ឬចតុ​ស្ស​ច្ច​ធម៌។ (២) ឥន្ទ្រិយ​គឺ​ការ​ដឹង​ច្បាស់​នូវ​អមត​និព្វាន ឬចតុ​ស្ស​ច្ច​ធម៌។ (៣) ឥន្ទ្រិយ​របស់​បុគ្គល​អ្នកដឹង​ច្បាស់​នូវ​អមត​និព្វាន ឬចតុ​ស្ស​ច្ច​ធម៌ គឺ​ព្រះ​ខីណាស្រព ដែល​មាន​ញាណ​កិច្ច​សម្រេច​ហើយ ក្នុង​សច្ចៈ​ទាំង ៤។</div>"
    },
    {
      "header": "ឥន្រ្ទិយវិភង្គ",
      "href": "http://ti-kh.org/books?book=80&page=252",
      "text": "បញ្ហាបុច្ឆកៈ",
      "detail": "នូវ​ធម៌​ទាំងនោះ របស់​បុគ្គល​អ្នកដឹង​ច្បាស់​ទាំងឡាយ។បេ។ សេចក្តី​មិន​វង្វេង គឺ​ធម្ម​វិ​ចយៈ សម្មាទិដ្ឋិ ធម្ម​វិ​ចយ​សម្ពា​ជ្ឈង្គ ជា​អង្គ​នៃ​មគ្គ រាប់បញ្ចូល​ក្នុង​មគ្គ​ណា នេះ​ហៅ​ថា​អញ្ញាតា​វិន្ទ្រិយ។\n<br><p class=\"PCenter\">ចប់ អភិធម្ម​ភា​ជនីយ។</p>\n<br><span class=\"IncreaseIndent\">&nbsp;</span>[២៤២] ឥន្ទ្រិយ ២២ គឺ​ចក្ខុន្ទ្រិយ សោ​តិ​ន្ទ្រិយ ឃា​និ​ន្ទ្រិយ ជី​វិ្ហន្ទ្រិយ កាយិន្ទ្រិយ មនិន្ទ្រិយ ឥត្ថិន្ទ្រិយ បុរិ​សិន្ទ្រិយ ជីវិតិន្ទ្រិយ សុ​ខិន្ទ្រិយ ទុ​ក្ខិន្ទ្រិយ សោ​មនស្សិ​ន្ទ្រិយ ទោ​មនស្សិ​ន្ទ្រិយ ឧបេ​ក្ខិន្ទ្រិយ សទ្ធិន្ទ្រិយ វីរិយិ​ន្ទ្រិយ សតិ​ន្ទ្រិយ សមា​ធិន្ទ្រិយ បញ្ញិ​ន្ទ្រិយ អនញ្ញ​តញ្ញស្សា​មី​តិ​ន្ទ្រិយ អញ្ញិ​ន្ទ្រិយ អញ្ញាតា​វិន្ទ្រិយ។ បណ្តា​ឥន្ទ្រិយ ២២ ឥន្ទ្រិយ​ជាកុសល​ប៉ុន្មាន ជាអកុសល​ប៉ុន្មាន ជា​អព្យាក្រឹត​ប៉ុន្មាន។បេ។ ប្រកបដោយ​សត្រូវ​ប៉ុន្មាន មិន​មាន​សត្រូវ​ប៉ុន្មាន។\n<br><span class=\"IncreaseIndent\">&nbsp;</span>[២៤៣] ឥន្ទ្រិយ ១០ ជា​អព្យាក្រឹត ទោ​មនស្សិ​ន្ទ្រិយ ជាអកុសល អនញ្ញ​តញ្ញស្សា​មី​តិ​ន្ទ្រិយ ជាអកុសល ឥន្ទ្រិយ ៤ ជាកុសល​ក៏​មាន ជា​អព្យាក្រឹត​ក៏​មាន ឥន្ទ្រិយ ៦ ជាកុសល​ក៏​មាន ជាអកុសល​ក៏​មាន"
    }
  ]
}