{
  "title": "ភាគ ៤៧",
  "imageSrc": "photos/Book_47.jpg",
  "href": "http://ti-kh.org/books?book=47",
  "contents": [
    {
      "header": "សុត្តន្តបិដក\nអង្គុត្តរនិកាយ  សត្តកនិបាត\nអដ្ឋមភាគ\nបឋមបណ្ណាសក",
      "href": "http://ti-kh.org/books?book=47&page=1",
      "text": "បឋមបណ្ណាសក \t\tធនវគ្គ\t\tទី ១",
      "detail": "<div style=\"text-align: center\"><p class=\"BCenter\">សុត្តន្ត​បិដក​\n<br>​អង្គុត្តរ​និកាយ​ ​សត្ត​ក​និបាត​ ​\n<br>​អ​ដ្ឋ​ម​ភាគ​</p>\n<br>​សូម​នមស្ការ​ចំពោះ​ព្រះមានព្រះភាគ​ ​ជា​អរហន្ត​សម្មាសម្ពុទ្ធ​ព្រះអង្គ​នោះ​។​\n<br>​<p class=\"BCenter\">បឋម​បណ្ណា​សក​\n<br>​ធន​វគ្គ​</p></div><span class=\"IncreaseIndent\">&nbsp;</span>​[​១​]​ ​ខ្ញុំ​បាន​ស្តាប់​មក​យ៉ាងនេះ​។​ ​សម័យមួយ​ ​ព្រះមានព្រះភាគ​ ​ទ្រង់​គង់នៅ​ក្នុង​វត្ត​ជេតពន​ ​របស់​អនាថបិណ្ឌិក​សេដ្ឋី​ ​ជិត​ក្រុង​សាវត្ថី​។​ ​ព្រះមានព្រះភាគ​ ​ទ្រង់​ត្រាស់​ហៅ​ភិក្ខុ​ទាំងឡាយ​ក្នុង​ទីនោះ​ថា​ ​ម្នាល​ភិក្ខុ​ទាំងឡាយ​។​ ​ភិក្ខុ​ទាំងនោះ​ ​ឆ្លើយតប​ព្រះពុទ្ធដីកា​ ​នៃ​ព្រះមានព្រះភាគ​ថា​ ​បពិត្រ​ព្រះអង្គ​ដ៏​ចំរើន​។​ ​ព្រះមានព្រះភាគ​ ​ទ្រង់​ត្រាស់​ពាក្យ​នេះ​ថា​ ​ម្នាល​ភិក្ខុ​ទាំងឡាយ​ ​ភិក្ខុ​ប្រកបដោយ​ធម៌​ ​៧​ ​យ៉ាង​ ​រមែង​មិនជា​ទីស្រឡាញ់​ផង​ ​មិនជា​ទី​ពេញចិត្ត​ផង​ ​មិនជា​ទី​គោរព​ផង​ ​មិនជា​ទី​សរសើរ​ផង​ ​របស់​សព្រហ្មចារី​ទាំងឡាយ​។​ ​ធម៌​ ​៧​ ​យ៉ាង​ ​តើ​អ្វីខ្លះ​។​ ​ម្នាល​ភិក្ខុ​ទាំងឡាយ​ ​ភិក្ខុ​ក្នុង​សាសនា​នេះ​ ​ជា​អ្នក​ប្រាថ្នា​លាភ​ ​១​ ​ប្រាថ្នា​សក្ការៈ​ ​១​ ​"
    },
    {
      "header": "សុត្តន្តបិដក\nអង្គុត្តរនិកាយ  សត្តកនិបាត\nអដ្ឋមភាគ\nបឋមបណ្ណាសក",
      "href": "http://ti-kh.org/books?book=47&page=14",
      "text": "អនុសយវគ្គ\tទី ២",
      "detail": "<p class=\"BCenter\">​អនុ​សយ​វគ្គ​</p>\n<br>​<span class=\"IncreaseIndent\">&nbsp;</span>[​១១​]​ ​ម្នាល​ភិក្ខុ​ទាំងឡាយ​ ​អនុ​សយៈ​នេះ​ ​មាន​ ​៧​ ​យ៉ាង​។​ ​៧​ ​យ៉ាង​ ​តើ​អ្វីខ្លះ​។​ ​គឺ​កាម​រា​គា​នុ​សយៈ​ ​១​ ​បដិ​ឃានុ​សយៈ​ ​១​ ​ទិ​ដ្ឋានុ​សយៈ​ ​១​ ​វិ​ចិ​កិ​ច្ឆា​នុ​សយៈ​ ​១​ ​មា​នា​នុ​សយៈ​ ​១​ ​ភវ​រា​គា​នុ​សយៈ​ ​១​ ​អ​វិ​ជ្ជានុ​សយៈ​ ​១​ ​ម្នាល​ភិក្ខុ​ទាំងឡាយ​ ​នេះ​ ​អនុ​សយៈ​ ​៧​ ​យ៉ាង​។​\n<br>​<span class=\"IncreaseIndent\">&nbsp;</span>[​១២​]​ ​ម្នាល​ភិក្ខុ​ទាំងឡាយ​ ​ភិក្ខុ​ប្រព្រឹត្ត​ព្រហ្មចរិយ​ធម៌​ ​ដើម្បី​លះ​ ​ដើម្បី​ផ្តាច់ផ្តិល​ ​នូវ​អនុ​សយៈ​ ​ទាំង​ ​៧​។​ ​៧​ ​យ៉ាង​ ​តើ​ដូចម្តេច​ខ្លះ​។​ ​គឺ​ភិក្ខុ​ប្រព្រឹត្ត​ព្រហ្មចរិយ​ធម៌​ ​ដើម្បី​លះ​ ​ដើម្បី​ផ្តាច់ផ្តិល​ ​នូវ​កាម​រា​គា​នុ​សយៈ​ ​បដិ​ឃានុ​សយៈ​។​បេ​។​ ​ភិក្ខុ​ប្រព្រឹត្ត​ព្រហ្មចរិយ​ធម៌​ ​ដើម្បី​លះ​ ​ដើម្បី​ផ្តាច់ផ្តិល​ ​នូវ​ទិ​ដ្ឋានុ​សយៈ​ ​វិ​ចិ​កិ​ច្ឆា​នុ​សយៈ​ ​មា​នា​នុ​សយៈ​ ​ភវ​រា​គា​នុ​សយៈ​ ​អ​វិ​ជ្ជានុ​សយៈ​។​ ​ម្នាល​ភិក្ខុ​ទាំងឡាយ​ ​ភិក្ខុ​ប្រព្រឹត្ត​ព្រហ្មចរិយ​ធម៌​ ​ដើម្បី​លះ​ ​ដើម្បី​ផ្តាច់ផ្តិល​ ​នូវ​អនុ​សយៈ​ ​៧​ ​យ៉ាងនេះ​ឯង​។​ ​ម្នាល​ភិក្ខុ​ទាំងឡាយ​ ​កាលណា​កាម​រា​គា​នុ​សយៈ​ ​ភិក្ខុ​បាន​លះ​ស្រឡះ​ហើយ​ ​បាន​ផ្តាច់ផ្តិល​ឫសគល់​អស់ហើយ​ ​ធ្វើ​មិន​ឲ្យ​មាន​ទី​កើត​ ​ដូចជា​ត្នោត​កំបុតក​ ​ធ្វើឲ្យ​លែង​មាន​បែបភាព​ ​មិន​មាន​ទី​កើត​តទៅទៀត​ជា​ធម្មតា​ ​បដិ​ឃានុ​សយៈ​។​បេ​។​ ​ទិ​ដ្ឋានុ​សយៈ​ ​វិ​ចិ​កិ​ច្ឆា​នុ​សយៈ​ ​មា​នា​នុ​សយៈ​ ​"
    },
    {
      "header": "សុត្តន្តបិដក\nអង្គុត្តរនិកាយ  សត្តកនិបាត\nអដ្ឋមភាគ\nបឋមបណ្ណាសក",
      "href": "http://ti-kh.org/books?book=47&page=27",
      "text": "វជ្ជិវគ្គ\t\tទី ៣",
      "detail": "<p class=\"BCenter\">​វជ្ជី​វគ្គ​</p>\n<br><span class=\"IncreaseIndent\">&nbsp;</span>​[​១៩​]​ ​សម័យមួយ​ ​ព្រះ​ដ៏​មាន​ព្រះ​ភាគ​ ​កាល​គង់​ក្នុង​សា​រន្ទទ​ចេតិយ​ ​ជិត​ក្រុង​វេសាលី​។​ ​គ្រានោះ​ឯង​ ​ពួក​ស្តេច​លិ​ច្ឆ​វី​ជាច្រើន​ ​ចូល​ទៅ​គាល់​ព្រះ​ដ៏​មាន​ព្រះ​ភាគ​ ​លុះ​ចូល​ទៅដល់​ហើយ​ ​ក៏​ថ្វាយបង្គំ​ព្រះ​ដ៏​មាន​ព្រះ​ភាគ​ ​ហើយ​អង្គុយ​ក្នុង​ទី​ដ៏​សមគួរ​។​ ​លុះ​ពួក​ស្តេច​លិ​ច្ឆ​វី​ទាំងនោះ​ ​អង្គុយ​ក្នុង​ទី​ដ៏​សមគួរ​ហើយ​ ​ព្រះ​ដ៏​មាន​ព្រះ​ភាគ​ ​ទ្រង់​ត្រាស់​ពាក្យ​នេះ​ថា​ ​បពិត្រ​ស្តេច​លិ​ច្ឆ​វី​ទាំងឡាយ​ ​តថាគត​នឹង​សម្តែង​នូវ​អ​បរិ​ហា​និ​យ​ធម៌​ ​៧​ ​យ៉ាង​ ​ដល់​អ្នក​ទាំងឡាយ​ ​ចូរ​អ្នក​ទាំងឡាយ​ ​ប្រុង​ស្តាប់​ភាសិត​នោះ​ ​ចូរ​ប្រុង​ធ្វើ​ទុក​ក្នុងចិត្ត​ឲ្យ​ល្អ​ចុះ​ ​តថាគត​នឹង​សម្តែង​ប្រាប់​។​ ​ពួក​ស្តេច​លិ​ច្ឆ​វី​ទាំងនោះ​ ​បាន​ទទួល​ស្តាប់​ព្រះបន្ទូល​ព្រះ​ដ៏​មាន​ព្រះ​ភាគ​ថា​ ​ព្រះករុណា​ ​ព្រះអង្គ​។​ ​ព្រះ​ដ៏​មាន​ព្រះ​ភាគ​ ​ទ្រង់​ត្រាស់​ដូច្នេះ​ថា​ ​បពិត្រ​ស្តេច​លិ​ច្ឆ​វី​ទាំងឡាយ​ ​ចុះ​អ​បរិ​ហា​និ​យ​ធម៌​ ​៧​ ​យ៉ាង​ ​តើ​អ្វីខ្លះ​។​ ​បពិត្រ​ស្តេច​លិ​ច្ឆ​វី​ទាំងឡាយ​ ​បើ​ពួក​ស្តេច​ ​ក្នុង​ដែន​វជ្ជី​ ​នឹង​មានការ​ប្រជុំ​គ្នា​រឿយ​ ​ៗ​ ​មានការ​ប្រជុំ​គ្នា​ដោយ​ច្រើន​ ​អស់​កាល​ត្រឹមណា​ ​បពិត្រ​ស្តេច​លិ​ច្ឆ​វី​ទាំងឡាយ​ ​សេចក្តី​ចំរើន​ ​តែង​មាន​ប្រាកដ​ ​ដល់​ពួក​ស្តេច​ក្នុង​ដែន​វជ្ជី​ ​សេចក្តី​សាបសូន្យ​ ​មិន​មាន​ឡើយ​ ​(​អស់​កាល​ត្រឹមណោះ​)​ ​១​។​ ​បពិត្រ​ស្តេច​លិ​ច្ឆ​វី​ទាំងឡាយ​ ​ពួក​ស្តេច​ក្នុង​ដែន​វជ្ជី​ ​ព្រមព្រៀង​គា្ន​ប្រជុំ​ ​ព្រមព្រៀង​គ្នា​លើកលែង​ប្រជុំ​ ​ព្រមព្រៀង​គ្នា​ធ្វើ​កិច្ច​ ​ក្នុង​ដែន​វជ្ជី​ ​អស់​កាល​ត្រឹមណា​ ​"
    },
    {
      "header": "សុត្តន្តបិដក\nអង្គុត្តរនិកាយ  សត្តកនិបាត\nអដ្ឋមភាគ\nបឋមបណ្ណាសក",
      "href": "http://ti-kh.org/books?book=47&page=52",
      "text": "ទេវតាវគ្គ\tទី ៤",
      "detail": "<p class=\"BCenter\">​ទេវតា​វគ្គ​</p>\n<br>​<span class=\"IncreaseIndent\">&nbsp;</span>[​២៩​]​ ​លំដាប់នោះ​ឯង​ ​ទេវតា​មួយ​អង្គ​ ​មាន​រស្មី​ដ៏​រុងរឿង​ ​កាលដែល​វេលា​រាត្រី​ ​បឋមយាម​កន្លង​ផុត​ទៅ​ ​ក៏​ធ្វើ​វត្ត​ជេតវន​ទាំងមូល​ ​ឲ្យ​ភ្លឺស្វាង​ ​ហើយ​ចូល​ទៅ​គាល់​ព្រះ​ដ៏​មាន​ព្រះ​ភាគ​ ​លុះ​ចូល​ទៅដល់​ហើយ​ ​ថ្វាយបង្គំ​ព្រះ​ដ៏​មាន​ព្រះ​ភាគ​ ​ឋិតនៅ​ក្នុង​ទីសម​គួរ​។​ ​លុះ​ទេវតា​នោះ​ ​ឋិតនៅ​ក្នុង​ទីសម​គួរ​ហើយ​ ​ទើប​ក្រាបបង្គំទូល​ព្រះ​ដ៏​មាន​ព្រះ​ភាគ​ ​ដូច្នេះ​ថា​ ​បពិត្រ​ព្រះអង្គ​ដ៏​ចំរើន​ ​ធម៌​ ​៧​ ​ប្រការ​នេះ​ ​តែង​ប្រព្រឹត្តទៅ​ ​ដើម្បី​មិន​សាបសូន្យ​ដល់​ភិក្ខុ​។​ ​ធម៌​ ​៧​ ​ប្រការ​ ​តើ​ដូចម្តេច​ខ្លះ​។​ ​គឺ​សេចក្តី​គោរព​ព្រះ​សាស្តា​ ​១​ ​គោរព​ព្រះធម៌​ ​១​ ​គោរព​ព្រះសង្ឃ​ ​១​ ​គោរព​សិក្ខា​ ​១​ ​គោរព​សមាធិ​ ​១​ ​គោរព​ការ​មិន​ប្រមាទ​ ​១​ ​គោរព​ការ​ធ្វើ​បដិសណ្ឋារៈ​ ​១​។​ ​បពិត្រ​ព្រះអង្គ​ដ៏​ចំរើន​ ​ធម៌​ ​៧​ ​ប្រការ​នេះឯង​ ​តែង​ប្រព្រឹត្តទៅ​ ​ដើម្បី​មិន​សាបសូន្យ​ ​ដល់​ភិក្ខុ​។​ ​លុះ​ទេវតា​នោះ​ ​ក្រាបបង្គំទូល​សេចក្តី​នេះ​ចប់ហើយ​ ​ព្រះ​សាស្តា​ក៏​ទ្រង់​សព្វ​ព្រះ​ហ្ឫទ័យ​។​ ​លំដាប់នោះ​ ​ទេវតា​នោះ​គិតថា​ ​ព្រះ​សាស្តា​ ​ទ្រង់​សព្វ​ព្រះ​ហ្ឫទ័យ​នឹង​អាត្មាអញ​ ​ដូច្នេះហើយ​ ​ក៏​ថ្វាយបង្គំលា​ព្រះ​ដ៏​មាន​ព្រះ​ភាគ​ ​ធ្វើ​ប្រទក្សិណ​ ​រួច​បាត់​អំពី​ទីនោះ​ឯង​។​ ​លុះ​វេលា​កន្លង​រាត្រី​នោះ​មក​ ​ព្រះ​ដ៏​មាន​ព្រះ​ភាគ​ ​បាន​ត្រាស់​នឹង​ភិក្ខុ​ទាំងឡាយ​ថា​ ​ម្នាល​ភិក្ខុ​ទាំងឡាយ​ ​វេលា​យប់មិញ​នេះ​ ​"
    },
    {
      "header": "សុត្តន្តបិដក\nអង្គុត្តរនិកាយ  សត្តកនិបាត\nអដ្ឋមភាគ\nបឋមបណ្ណាសក",
      "href": "http://ti-kh.org/books?book=47&page=74",
      "text": "មហាយញ្ញវគ្គ\tទី ៥",
      "detail": "<p class=\"BCenter\">​មហាយញ្ញ​វគ្គ​</p>\n<br>​<span class=\"IncreaseIndent\">&nbsp;</span>[​៤១​]​ ​ម្នាល​ភិក្ខុ​ទាំងឡាយ​ ​វិញ្ញា​ណ​ដ្ឋិ​តិ​ ​(​ទីតាំង​នៃ​វិញ្ញាណ​)​ ​នេះ​ ​មាន​ ​៧​ ​ប្រការ​។​ ​វិញ្ញា​ណ​ដ្ឋិ​តិ​ ​៧​ ​ប្រការ​ ​តើ​ដូចម្តេច​ខ្លះ​។​ ​ម្នាល​ភិក្ខុ​ទាំងឡាយ​ ​ពួក​សត្វ​មាន​កាយ​ផ្សេងគ្នា​ ​មាន​សញ្ញា​ផ្សេងគ្នា​ ​ដូច​ពួក​មនុស្ស​ខ្លះ​ ​ទេវតា​ពួក​ខ្លះ​ ​និង​វិនិបាត​ពួក​ខ្លះ​ ​នេះ​ជា​វិញ្ញា​ណ​ដ្ឋិ​តិ​ ​ទី១​។​ ​ម្នាល​ភិក្ខុ​ទាំងឡាយ​ ​ពួក​សត្វ​មាន​កាយ​ផ្សេងគ្នា​ ​មាន​សញ្ញា​ដូចគ្នា​ ​ដូច​ទេវតា​ក្នុង​ពួក​ព្រហ្ម​ ​ដែល​កើត​ក្នុង​ជាន់​បឋមជ្ឈាន​ភូមិ​ ​នេះ​ជា​វិញ្ញា​ណ​ដ្ឋិ​តិ​ ​ទី២​។​ ​ម្នាល​ភិក្ខុ​ទាំងឡាយ​ ​ពួក​សត្វ​មាន​កាយ​ដូចគ្នា​ ​មាន​សញ្ញា​ផ្សេងគ្នា​ ​ដូច​ពួក​ទេវតា​ ​ក្នុង​ជាន់​អាភស្សរៈ​ ​នេះ​ជា​វិញ្ញា​ណ​ដ្ឋិ​តិ​ ​ទី៣​។​ ​ម្នាល​ភិក្ខុ​ទាំងឡាយ​ ​ពួក​សត្វ​មាន​កាយ​ដូចគ្នា​ ​មាន​សញ្ញា​ដូចគ្នា​ ​ដូច​ពួក​ទេវតា​ក្នុង​ជាន់​សុភ​កិ​ណ្ហៈ​ ​នេះ​ជា​វិញ្ញា​ណ​ដ្ឋិ​តិ​ ​ទី៤​។​ ​ម្នាល​ភិក្ខុ​ទាំងឡាយ​ ​ពួក​សត្វ​ចូលកាន់​អាកាសានញ្ចាយតន​ជ្ឈាន​ ​ដោយ​គិតថា​ ​អាកាស​មិន​មាន​ទីបំផុត​ ​ព្រោះ​កន្លង​បង់​ ​នូវ​រូបសញ្ញា​ ​ព្រោះ​វិនាស​ទៅ​នៃ​បដិឃ​សញ្ញា​ ​ព្រោះ​មិន​ធ្វើ​ទុក​ក្នុងចិត្ត​នូវ​នានត្ត​សញ្ញា​ ​ដោយ​ប្រការ​ទាំងពួង​ ​នេះ​ជា​វិញ្ញា​ណ​ដ្ឋិ​តិ​ ​ទី៥​។"
    },
    {
      "header": "បណ្ណាសកាសង្គហិតវគ្គ",
      "href": "http://ti-kh.org/books?book=47&page=125",
      "text": "បណ្ណាសកាសង្គហិតវគ្គ \tអព្យាកតវគ្គ\tទី ១",
      "detail": "<p class=\"BCenter\">​បណ្ណា​សកា​សង្គហិ​ត​វគ្គ​\n<br>​អព្យាកត​វគ្គ​</p>\n<br>​<span class=\"IncreaseIndent\">&nbsp;</span>[​៥១​]​ ​គ្រានោះ​ ​ភិក្ខុ​មួយ​រូប​ ​ចូល​ទៅ​គាល់​ព្រះមានព្រះភាគ​ ​លុះ​ចូល​ទៅដល់​ហើយ​ ​ក៏​ក្រាប​ថ្វាយបង្គំ​ព្រះមានព្រះភាគ​ ​ហើយ​អង្គុយ​ក្នុង​ទី​ដ៏​សមគួរ​។​ ​លុះ​ភិក្ខុ​នោះ​ ​អង្គុយ​ក្នុង​ទី​ដ៏​សមគួរ​ហើយ​ ​បាន​ក្រាបបង្គំទូល​ព្រះមានព្រះភាគ​ដូច្នេះ​ថា​ ​បពិត្រ​ព្រះអង្គ​ដ៏​ចំរើន​ ​អ្វី​ជាហេតុ​ ​អ្វី​ជា​បច្ច័យ​ ​ដែល​នាំឲ្យ​វិចិកិច្ឆា​របស់​អរិយ​សាវក​ ​អ្នកមាន​សេចក្តី​ចេះដឹង​ ​មិនកើត​ឡើង​ ​ក្នុង​អព្យាកត​វត្ថុ​ទាំងឡាយ​។​ ​ម្នាល​ភិក្ខុ​ ​វិចិកិច្ឆា​របស់​អរិយ​សាវក​ ​អ្នកមាន​សេចក្តី​ចេះដឹង​ ​រមែង​មិនកើត​ឡើង​ ​ក្នុង​អព្យាកត​វត្ថុ​ទាំងឡាយ​ ​ព្រោះ​រលត់​ទិដ្ឋិ​។​ ​ម្នាល​ភិក្ខុ​ ​ទិដ្ឋិ​កើតឡើង​ថា​ ​សត្វ​ស្លាប់​ទៅ​ ​រមែង​កើត​ទៀត​ ​ម្នាល​ភិក្ខុ​ ​ទិដ្ឋិ​កើតឡើង​ថា​ ​សត្វ​ស្លាប់​ទៅ​ ​មិនកើត​ទៀត​ ​"
    },
    {
      "header": "បណ្ណាសកាសង្គហិតវគ្គ",
      "href": "http://ti-kh.org/books?book=47&page=182",
      "text": "មហាវគ្គ \tទី ២",
      "detail": "<p class=\"BCenter\">មហាវគ្គ​</p>\n<br>​<span class=\"IncreaseIndent\">&nbsp;</span>[​៦២​]​ ​ម្នាល​ភិក្ខុ​ទាំងឡាយ​ ​កាលបើ​ហិរិ​ ​និង​ឱត្តប្បៈ​ ​មិន​មាន​ឥន្រ្ទិយ​សំវរៈ​នៃ​បុគ្គល​អ្នក​វិបត្តិ​ចាក​ហិរិ​ ​និង​ឱត្តប្បៈ​ ​ឈ្មោះថា​ ​មានហេតុ​សាបសូន្យ​ ​កាលបើ​ឥន្រ្ទិយ​សំវរៈ​មិន​មាន​ ​សីល​នៃ​បុគ្គល​អ្នក​វិបត្តិ​ចាក​ឥន្រ្ទិយ​សំវរៈ​ ​ឈ្មោះថា​ ​មានហេតុ​សាបសូន្យ​ ​កាលបើ​សីល​មិន​មាន​ ​សម្មាសមាធិ​នៃ​បុគ្គល​អ្នក​វិបត្តិ​ចាក​សីល​ ​ឈ្មោះថា​ ​មានហេតុ​សាបសូន្យ​ ​កាលបើ​សម្មាសមាធិ​មិន​មាន​ ​យថាភូត​ញ្ញាណ​ទស្សនៈ​នៃ​បុគ្គល​អ្នក​វិបត្តិ​ចាក​សម្មាសមាធិ​ ​ឈ្មោះថា​ ​មានហេតុ​សាបសូន្យ​ ​កាលបើ​យថាភូត​ញ្ញាណ​ទស្សនៈ​ ​មិន​មាន​ ​និ​ព្វិ​ទា​វិ​រាគៈ​នៃ​បុគ្គល​អ្នក​វិបត្តិ​ចាក​យថាភូត​ញ្ញាណ​ទស្សនៈ​ ​ឈ្មោះថា​ ​មានហេតុ​សាបសូន្យ​ ​កាលបើ​និ​ព្វិ​ទា​វិ​រាគៈ​មិន​មាន​ ​វិមុត្តិ​ញ្ញាណ​ទស្សនៈ​នៃ​បុគ្គល​អ្នក​វិបត្តិ​ចាក​និ​ព្វិ​ទា​វិ​រាគៈ​ ​ឈ្មោះថា​ ​មានហេតុ​សាបសូន្យ​។​ ​ម្នាល​ភិក្ខុ​ទាំងឡាយ​ ​ដូចជា​ដើមឈើ​ដែល​វិបត្តិ​ចាក​មែក​ ​និង​ស្លឹក​ ​ក្រមរ​នៃ​ឈើ​នោះ​ក្តី​ ​ក៏​មិនសូវ​បរិបូណ៌​ ​សំបក​ក្តី​ ​ស្រាយ​ក្តី​ ​ខ្លឹម​ក្តី​ ​ក៏​មិនសូវ​បរិបូណ៌​ ​យ៉ាងណាមិញ​ ​ម្នាល​ភិក្ខុ​ទាំងឡាយ​ ​កាលបើ​ហិរិ​ ​និង​ឱត្តប្បៈ​ ​មិន​មាន​ ​ឥន្រ្ទិយ​សំវរៈ​នៃ​បុគ្គល​អ្នក​វិបត្តិ​ចាក​ហិរិ​ ​និង​ឱត្តប្បៈ​ ​ឈ្មោះថា​ ​មានហេតុ​សាបសូន្យ​។​បេ​។​ ​វិមុត្តិ​ញ្ញាណ​ទស្សនៈ​ ​ក៏​យ៉ាងនោះ​ដែរ​។​ ​"
    },
    {
      "header": "បណ្ណាសកាសង្គហិតវគ្គ",
      "href": "http://ti-kh.org/books?book=47&page=255",
      "text": "វិនយវគ្គ\tទី ៣",
      "detail": "<p class=\"BCenter\">​វិនយ​វគ្គ​</p>\n<br>​<span class=\"IncreaseIndent\">&nbsp;</span>[​៧២​]​ ​ម្នាល​ភិក្ខុ​ទាំងឡាយ​ ​ភិក្ខុ​ប្រកបដោយ​ធម៌​ ​៧​ ​យ៉ាង​ ​ឈ្មោះថា​ ​វិនយ​ធរ​ ​(​អ្នក​ទ្រទ្រង់​វិន័យ​)​។​ ​ប្រកបដោយ​ធម៌​ ​៧​ ​យ៉ាង​ ​តើ​ដូចម្តេច​ខ្លះ​។​ ​គឺ​ភិក្ខុ​ស្គាល់​អាបត្តិ​ ​១​ ​ស្គាល់​អនាបត្តិ​ ​១​ ​ស្គាល់​លហុកាបត្តិ​ ​១​ ​ស្គាល់​គរុកាបត្តិ​ ​១​ ​ជា​អ្នកមានសីល​ ​សង្រួម​ក្នុង​បាតិមោក្ខ​សំវរៈ​ ​បរិបូណ៌​ដោយ​អាចារៈ​ ​និង​គោ​ចរៈ​ ​ជា​អ្នក​ឃើញ​ភ័យ​ក្នុង​ទោស​ទាំងឡាយ​បន្តិចបន្តួច​ ​សមាទាន​ ​សិក្សា​ក្នុង​សិក្ខាបទ​ទាំងឡាយ​ ​១​ ​ជា​អ្នក​បាន​តាមប្រាថ្នា​ ​បាន​ដោយ​ងាយ​ ​បាន​ដោយ​ស្រួល​ ​នូវ​ឈាន​ទាំង​ ​៤​ ​ដែល​ប្រព្រឹត្តទៅ​ក្នុងចិត្ត​ដ៏​ថ្លៃថ្លា​ ​ជា​គ្រឿង​នៅជា​សុខ​ ​ក្នុង​បច្ចុប្បន្ន​ ​១​ ​ធ្វើឲ្យ​ជាក់ច្បាស់​ ​សម្រេច​នូវ​ចេ​តោ​វិមុត្តិ​ ​និង​បញ្ញា​វិមុត្តិ​ ​ដែល​មិន​មាន​អាសវៈ​ ​ព្រោះ​អស់​អាសវៈ​ទាំងឡាយ​ ​ដោយខ្លួនឯង​ក្នុង​បច្ចុប្បន្ន​ ​១​។​ ​ម្នាល​ភិក្ខុ​ទាំងឡាយ​ ​ភិក្ខុ​ប្រកបដោយ​ធម៌​ទាំង​ ​៧​ ​យ៉ាងនេះ​ ​ឈ្មោះថា​ ​វិនយ​ធរ​។​\n<br>​<span class=\"IncreaseIndent\">&nbsp;</span>[​៧៣​]​ ​ម្នាល​ភិក្ខុ​ទាំងឡាយ​ ​ភិក្ខុ​ប្រកបដោយ​ធម៌​ ​៧​ ​យ៉ាង​ ​ឈ្មោះថា​ ​វិនយ​ធរ​។​ ​ប្រកបដោយ​ធម៌​ ​៧​ ​យ៉ាង​ ​តើ​ដូចម្តេច​ខ្លះ​។​ ​គឺ​ស្គាល់​អាបត្តិ​ ​១​ ​ស្គាល់​អនាបត្តិ​ ​១​ ​ស្គាល់​លហុកាបត្តិ​ ​១​ ​ស្គាល់​គរុកាបត្តិ​ ​១​ ​បាតិមោក្ខ​ទាំងពីរ​ ​ក៏​ភិក្ខុ​នោះ​ចេះចាំ​ដោយ​ត្រឹមត្រូវ​ល្អ​យ៉ាង​ពិស្តារ​ ​"
    },
    {
      "header": "បណ្ណាសកាសង្គហិតវគ្គ",
      "href": "http://ti-kh.org/books?book=47&page=262",
      "text": "វគ្គាសង្គហិតសុត្តន្ត",
      "detail": "<p class=\"BCenter\">​វគ្គា​សង្គហិ​ត​ ​សុត្តន្ត​</p>\n<br><span class=\"IncreaseIndent\">&nbsp;</span>​[​៨២​]​ ​ម្នាល​ភិក្ខុ​ទាំងឡាយ​ ​បុគ្គល​ដែល​ហៅថា​ ​ភិក្ខុ​ ​ព្រោះ​បាន​ទម្លាយ​នូវ​ធម៌​ ​៧​ ​យ៉ាង​។​ ​ធម៌​ ​៧​ ​យ៉ាង​ ​តើ​ដូចម្តេច​ខ្លះ​។​ ​គឺជា​អ្នក​បាន​ទម្លាយ​សក្កា​យ​ទិដ្ឋិ​ ​១​ ​ទម្លាយ​វិចិកិច្ឆា​ ​១​ ​ទម្លាយ​សីលព្វត​បរា​មា​សៈ​ ​១​ ​ទម្លាយ​រាគៈ​ ​១​ ​ទម្លាយ​ទោសៈ​ ​១​ ​ទម្លាយ​មោហៈ​ ​១​ ​ទម្លាយ​មានះ​ ​១​។​ ​ម្នាល​ភិក្ខុ​ទាំងឡាយ​ ​បុគ្គល​ដែល​ហៅថា​ ​ភិក្ខុ​ ​ព្រោះ​បាន​ទម្លាយ​នូវ​ធម៌​ទាំង​ ​៧​ ​យ៉ាងនេះ​។​\n<br>​<span class=\"IncreaseIndent\">&nbsp;</span>[​៨៣​]​ ​ម្នាល​ភិក្ខុ​ទាំងឡាយ​ ​បុគ្គល​ដែល​ហៅថា​ ​សមណៈ​ ​ព្រោះ​បាន​រម្ងាប់​ធម៌​ ​៧​ ​យ៉ាង​។​បេ​។​ ​បុគ្គល​ដែល​ហៅថា​ ​ព្រាហ្មណ៍​ ​ព្រោះ​បាន​បន្សាត់​។​បេ​។​ ​បុគ្គល​ដែល​ហៅថា​ ​សោ​ត្តិ​កៈ​ ​ព្រោះ​ជា​អ្នក​ប្រាសចាក​។​បេ​។​ ​បុគ្គល​ដែល​ហៅថា​ ​នហាតកៈ​ ​ព្រោះ​ជា​អ្នក​លាង​ជម្រះ​។​បេ​។​ ​បុគ្គល​ដែល​ហៅថា​ ​វេទគូ​ ​ព្រោះ​ជា​អ្នក​ត្រាស់​ដឹង​។​បេ​។​ ​បុគ្គល​ដែល​ហៅថា​ ​អរហន្ត​ ​ព្រោះ​ជា​អ្នក​ឆ្ងាយ​។​ ​ធម៌​ ​៧​ ​យ៉ាង​ ​តើ​ដូចម្តេច​ខ្លះ​។​ ​គឺ​ឆ្ងាយ​ចា​ក​សក្កា​យ​ទិដ្ឋិ​ ​១​ ​ឆ្ងាយ​ចាក​វិចិកិច្ឆា​ ​១​ ​ឆ្ងាយ​ចាក​សីលព្វត​បរា​មា​សៈ​ ​១​ ​ឆ្ងាយ​ចាក​រាគៈ​ ​១​ ​ឆ្ងាយ​ចាក​ទោសៈ​ ​១​ ​"
    }
  ]
}