{
  "title": "ភាគ ៦១",
  "imageSrc": "photos/Book_61.jpg",
  "href": "http://ti-kh.org/books?book=61",
  "contents": [
    {
      "header": "សុត្តន្តបិដក  ខុទ្ទកនិកាយ\nជាតក\nទសមភាគ\nបញ្ញាសនិបាតជាតក",
      "href": "http://ti-kh.org/books?book=61&page=1",
      "text": "បញ្ញាសនិបាត \t\tនឡិនិកាជាតក\tទី ១",
      "detail": "<div style=\"text-align: center\"><p class=\"BCenter\">សុត្តន្ត​បិដក​\n<br>​ខុទ្ទកនិកាយ​ ​ជាតក​\n<br>​ទសម​ភាគ​</p>\n<br>​សូម​នមស្ការ​ព្រះមានព្រះភាគ​ ​អរហន្ត​សម្មាសម្ពុទ្ធ​ព្រះអង្គ​នោះ​។​\n<br><p class=\"BCenter\">​បញ្ញា​សនិ​បាត​ជាតក​\n<br>​ន​ឡិនិ​កា​ជាតក​ ​ទី១​</p></div><span class=\"IncreaseIndent\">&nbsp;</span>​[​១​]​ ​(​ព្រះបាទ​ព្រហ្មទត្ត​ ​ត្រាស់​ថា​)​ ​ម្នាល​នា​ងន​ឡិនិ​កា​ ​ជនបទ​ក្តៅ​ស្ងួត​ ​ទាំង​ដែន​ក៏​វិនាស​ ​ចូរ​នាង​មក​ ​ចូរ​នាង​ទៅ​ញ៉ាំង​ព្រាហ្មណ៍​ ​(​អ្នកធ្វើ​នូវ​សេចក្តី​វិនាស​)​ ​ដល់​អញ​នោះ​ ​ឲ្យ​មក​លុះអំណាច​របស់​ខ្លួន​។​\n<br>​<span class=\"IncreaseIndent\">&nbsp;</span>[​២​]​ ​(​នា​ងន​ឡិនិ​កា​ ​ក្រាបទូល​ថា​)​ ​បពិត្រ​ព្រះរាជា​ ​ខ្ញុំម្ចាស់​អត់ទ្រាំ​សេចក្តី​លំបាក​ពុំ​បាន​ ​ខ្ញុំម្ចាស់​មិន​ស្ទាត់​ផ្លូវ​ឆ្ងាយ​ ​ខ្ញុំម្ចាស់​នឹង​ទៅកាន់​ព្រៃ​ ​ដែល​មាន​ដំរី​នៅ​អាស្រ័យ​ ​ដូចម្តេច​បាន​។​\n<br><span class=\"IncreaseIndent\">&nbsp;</span>​[​៣​]​ ​(​ព្រះរាជា​…​)​ ​ម្នាល​នា​ងន​ឡិនិ​កា​ ​នាង​ចូរ​ទៅកាន់​ជនបទ​ដ៏​ស្តុកស្តម្ភ​ ​ហើយ​ទៅ​ដោយ​ដំរី​ផង​ ​ដោយ​រថ​ផង​ ​ដោយ​យាន​ ​(​ទូក​)​ ​ដែលគេ​គាប​ដោយ​ឈើ​ផង​ ​យ៉ាងនេះ​ចុះ​។​ ​"
    },
    {
      "header": "សុត្តន្តបិដក  ខុទ្ទកនិកាយ\nជាតក\nទសមភាគ\nបញ្ញាសនិបាតជាតក",
      "href": "http://ti-kh.org/books?book=61&page=14",
      "text": "ឧម្មាទន្តីជាតក\tទី ២",
      "detail": "​បើ​អ្នក​ឃើញ​នូវ​ព្រហ្មចារី​ ​(​នោះ​ទៀត​)​ ​បើ​អ្នកចរចា​ជាមួយនឹង​ព្រហ្មចារី​ ​(​នោះ​ទៀត​)​ ​អ្នក​នឹង​បំផ្លាញ​នូវ​ត​បោ​គុណ​នេះ​យ៉ាង​ឆាប់​មិនខាន​ ​ដូចជា​សន្ទូង​ដ៏​ល្អ​បរិបូណ៌​ ​ដែល​ទឹកធំ​បំផ្លាញ​ដូច្នោះ​។​ ​បើ​អ្នក​នឹង​ឃើញ​នូវ​ព្រហ្មចារី​ ​(​នោះ​)​ ​ទៀត​ ​បើ​អ្នកចរចា​ជាមួយនឹង​ព្រហ្មចារី​ ​(​នោះ​)​ ​ទៀត​ ​អ្នក​នឹង​បំផ្លាញ​នូវ​តេជះ​របស់​សមណៈ​នេះ​យ៉ាង​ឆាប់​មិនខាន​ ​ដូចជា​សន្ទូង​ល្អ​បរិបូណ៌​ ​ដែល​ទឹកធំ​បំផ្លាញ​ដូច្នោះ​។​ ​នែកូន​ ​ភូត​ទាំងឡាយ​នេះ​ ​តែង​ត្រាច់​ទៅ​ក្នុង​មនុស្សលោក​ ​ដោយ​បែបភាព​នៃ​រូប​ផ្សេង​ៗ​ ​ជន​អ្នកមាន​ប្រាជ្ញា​ ​មិន​ត្រូវ​គប់​រក​នឹង​ភូត​ទាំងឡាយ​នោះ​ឡើយ​ ​បុគ្គល​ជា​អ្នក​ប្រព្រឹត្ត​ធម៌​ដ៏​ប្រសើរ​ ​តែង​វិនាស​ទៅ​ ​(​ព្រោះ​ដល់​)​ ​នូវ​ការ​ជាប់​ចំពាក់​ ​(​នឹង​ភូត​បែប​នោះ​ឯង​)​។​\n<br><p class=\"PCenter\">​ចប់​ ​ន​ឡិនិ​កា​ជាតក​ ​ទី១​។​</p>\n<br><p class=\"BCenter\">​ឧម្មា​ទន្តី​ជាតក​ ​ទី២​</p>\n<br>​<span class=\"IncreaseIndent\">&nbsp;</span>[​២០​]​ ​(​ព្រះបាទ​សិវិ​ ​ត្រាស់​សួរ​សារថី​ថា​)​ ​ហៃ​សុ​នន្ទៈ​ ​នេះ​ជាទី​លំនៅ​របស់​នរណា​ហ្ន៎​ ​ដែល​ព័ន្ធព័ទ្ធ​ដោយ​កំពែង​ ​ធ្វើ​ដោយ​ឥដ្ឋ​ពណ៌ក្រហម​ ​ស្រ្តី​អ្វី​ប្រាកដ​ដូច​អណ្តាត​ភ្លើង​ ​ក្នុង​ទី​ឆ្ងាយ​ ​ឬដូច​ជា​អណ្តាត​ភ្លើង​ ​ឰដ៏​អាកាស​លើកំពូល​ភ្នំ​។​ ​"
    },
    {
      "header": "សុត្តន្តបិដក  ខុទ្ទកនិកាយ\nជាតក\nទសមភាគ\nបញ្ញាសនិបាតជាតក",
      "href": "http://ti-kh.org/books?book=61&page=30",
      "text": "មហាពោធិជាតក\tទី ៣",
      "detail": "<p class=\"BCenter\">​មហាពោធិ​ជាតក​ ​ទី៣​</p>\n<br>​<span class=\"IncreaseIndent\">&nbsp;</span>[​៥២​]​ ​(​ព្រះបាទ​ព្រហ្មទត្ត​ត្រាស់​សួរ​ថា​)​ ​បពិត្រ​ព្រាហ្មណ៍​ ​ហេតុអ្វី​ក៏​លោក​ប្រញាប់​ប្រញាល់​កាន់​យក​ឈើច្រត់​ផង​ ​ស្បែក​ខ្លាឃ្មុំ​ផង​ ​ឆ័ត្រ​ផង​ ​ស្បែកជើង​ផង​ ​ទំពក់​ផង​ ​បាត្រ​ផង​ ​សង្ឃាដិ​ផង​ ​លោក​ប្រាថ្នា​ ​(​ដើម្បី​ទៅ​)​ ​កាន់​ទិស​ណា​ហ្ន៎​។​\n<br>​<span class=\"IncreaseIndent\">&nbsp;</span>[​៥៣​]​ ​(​ព្រះ​មហាសត្ត​ឆ្លើយ​ថា​)​ ​អាត្មាភាព​នៅក្នុង​សំណាក់​ព្រះអង្គ​អស់​ ​១២​ ​ឆ្នាំនេះ​ហើយ​ ​មិនដែល​ស្គាល់​សំឡេង​ដែល​ឆ្កែ​ក្រ​ហម​ព្រុះ​ម្តង​ឡើយ​។​ ​ឆ្កែ​នោះ​បញ្ចេញ​ចង្កូម​សស្ងាច​ ​ព្រុះ​ដូចជា​សាហាវ​ ​ព្រោះ​ឮ​ ​(​ព្រះបន្ទូល​)​ ​របស់​ព្រះអង្គ​ ​ព្រមទាំង​អគ្គមហេសី​ ​ដែល​មាន​ជំនឿ​ទៅ​ប្រាស​ហើយ​ ​ក្នុង​រវាង​អាត្មាភាព​។​\n<br>​<span class=\"IncreaseIndent\">&nbsp;</span>[​៥៤​]​ ​(​ព្រះរាជា​…​)​ ​បពិត្រ​ព្រាហ្មណ៍​ ​ទោស​នុ៎ះ​ខ្ញុំ​បាន​ធ្វើ​ហើយ​ ​ដូចជា​លោក​ពោល​ ​ខ្ញុំ​នោះ​ ​ជ្រះថ្លា​លើស​ដើម​ ​បពិត្រ​ព្រាហ្មណ៍​ ​សូម​លោក​គង់នៅ​ ​ចូរ​កុំទៅ​។​\n<br>​<span class=\"IncreaseIndent\">&nbsp;</span>[​៥៥​]​ ​(​ព្រះ​មហាសត្វ​…​)​ ​កាលពីដើម​ ​បាយស​សុទ្ធ​ ​តពីនោះមក​ ​បាយ​ពព្រុះ​ ​ឥឡូវនេះ​ ​បាយ​ក្រហម​សុទ្ធ​ ​(​កាល​នេះ​)​ ​ជា​កាលគួរ​ ​អាត្មាភាព​ចៀសចេញ​ទៅ​ហើយ​។​"
    },
    {
      "header": "សដ្ឋិនិបាតជាតក",
      "href": "http://ti-kh.org/books?book=61&page=42",
      "text": "សដ្ឋិនិបាត \t\t\tសោណកជាតក\tទី ១",
      "detail": "<p class=\"BCenter\">​ស​ដ្ឋិ​និបាត​ ​សោ​ណ​កជា​ត​ក​ ​ទី១​\n<br>​ស​ដ្ឋិ​និបាតជាតក​\n<br>​សោ​ណ​កជា​ត​ក​ ​ទី១​</p>\n<br>​<span class=\"IncreaseIndent\">&nbsp;</span>[​៦៦​]​ ​(​ព្រះរាជា​ព្រះនាម​អរិន្ទ​មៈ​ ​ទ្រង់​ត្រាស់​ថា​)​ ​អ្នកណា​បានឮ​ ​អញ​នឹង​ឲ្យ​ទ្រព្យ​មួយ​រយ​ ​អ្នកណា​បានឃើញ​សោ​ណ​កៈ​ ​អញ​នឹង​ឲ្យ​ទ្រព្យ​មួយ​ពាន់​ ​អ្នកណា​នឹង​ប្រាប់​អញ​នូវ​សោ​ណ​កៈ​ជា​សំឡាញ់​ដែល​លេង​ដី​ជាមួយគ្នា​។​\n<br>​<span class=\"IncreaseIndent\">&nbsp;</span>(​អភិ​សម្ពុទ្ធ​គាថា​)​ ​គ្រានោះ​ ​មាណព​ក្មេង​មាន​ជុក​ ​៥​ ​បាន​ក្រាបបង្គំទូល​ថា​ ​ទូលព្រះបង្គំជាខ្ញុំ​បានឮ​ ​សូម​ព្រះអង្គ​ប្រទាន​ទ្រព្យ​មួយ​រយ​ ​ទូលព្រះបង្គំជាខ្ញុំ​បានឃើញ​សោ​ណ​កៈ​ ​សូម​ព្រះអង្គ​ប្រទាន​ទ្រព្យ​មួយ​ពាន់​ ​ទូលព្រះបង្គំជាខ្ញុំ​នឹង​ក្រាបទូល​ដល់​ព្រះអង្គ​នូវ​សោ​ណ​កៈ​ជា​សំឡាញ់​ ​ដែល​លេង​ដី​ជាមួយគ្នា​។​\n<br><span class=\"IncreaseIndent\">&nbsp;</span>​[​៦៧​]​ ​(​ព្រះរាជា​…​)​ ​សោ​ណ​កៈ​នោះ​ ​នៅក្នុង​ជនបទ​ណា​ ​ក្នុង​ដែន​ណា​ ​ក្នុង​និគម​ណា​ ​ឯង​បានឃើញ​សោ​ណ​កៈ​ក្នុង​ទីណា​ ​អញ​សួរ​ហើយ​ ​ឯង​ចូរ​ប្រាប់​ពី​សោ​ណ​កៈ​នោះ​។​\n<br>​<span class=\"IncreaseIndent\">&nbsp;</span>[​៦៨​]​ ​(​កុមារ​…​)​ ​បពិត្រ​ព្រះ​សម្មតិទេព​ ​ត្រង់​ទី​ឧទ្យាន​របស់​ព្រះអង្គ​ ​ក្នុង​ដែន​របស់​ព្រះអង្គ​ហ្នឹងឯង​ ​មាន​ពួក​ឈើ​ធំ​ ​មាន​ដើម​ត្រង់​ ​មាន​ពន្លឺ​ខៀវ​ ​ជា​តម្រេក​នៃ​ចិត្ត​ ​ពួក​ឈើ​ទាំងនោះ​ ​មាន​ពណ៌​ដូច​ផ្ទៃមេឃ​ ​គួរឲ្យ​ត្រេកអរ​ ​ដុះ​ទាក់ទងគ្នា​ទៅវិញទៅមក​ ​"
    },
    {
      "header": "សដ្ឋិនិបាតជាតក",
      "href": "http://ti-kh.org/books?book=61&page=54",
      "text": "សង្កិច្ចជាតក\t\tទី ២",
      "detail": "​យើង​សូម​សួ​រស​ង្កិ​ច្ច​ឥសី​ ​ដែលគេ​សន្មត​ថា​ជា​សប្បុរស​របស់​ពួក​ឥសី​ ​ដែល​ពួក​ឥសី​ចោមរោម​ហើយ​ ​គង់​ក្នុង​ទាយ​បស្ស​ឧទ្យាន​។​ ​ពួក​ជន​អ្នក​ប្រព្រឹត្ត​រំលង​ធម៌​ ​លុះ​ស្លាប់​ទៅវិញ​ ​ទៅកាន់​គតិ​ណា​ ​ធម៌​ ​គឺ​បិតុឃាតកម្ម​ ​ខ្ញុំ​បាន​ប្រព្រឹត្ត​កន្លង​ហើយ​ ​ខ្ញុំ​សួរ​ហើយ​ ​សូម​លោក​ប្រាប់​សេចក្តី​នោះ​ដល់​ខ្ញុំ​។​ ​\n<br>​<span class=\"IncreaseIndent\">&nbsp;</span>[​៩១​]​ ​សង្កិ​ច្ច​ឥសី​ ​បាន​ពោល​នឹង​ព្រះរាជា​អ្នក​ញ៉ាំង​ដែន​កាសី​ឲ្យ​ចំរើន​ ​គង់​ក្នុង​ទាយ​បស្ស​ឧទ្យាន​ថា​ ​បពិត្រមហារាជ​ ​សូម​ព្រះអង្គ​ទ្រង់ព្រះ​សណ្តាប់​ពាក្យ​របស់​អាត្មាភាព​។​ ​អ្នកណា​ប្រាប់ផ្លូវ​ដល់​បុគ្គល​អ្នកដើរ​ផ្លូវខុស​ ​បើ​បុគ្គល​នោះ​ ​ធ្វើតាម​ពាក្យ​របស់​អ្នក​ប្រាប់​នោះ​ ​បន្លា​ ​(​ចោរ​)​ ​មិន​គប្បី​ជួបនឹង​បុគ្គល​អ្នកធ្វើ​តាម​នោះ​ទេ​។​ ​អ្នកណា​ប្រៀនប្រដៅ​ធម៌​ដល់​បុគ្គល​ប្រតិបត្តិ​អធម៌​ ​បើ​បុគ្គល​នោះ​ធ្វើតាម​ពាក្យ​របស់​អ្នក​ប្រដៅ​នោះ​ ​បុគ្គល​នោះ​មិន​គប្បី​ទៅកាន់​ទុគ្គតិ​ទេ​។​\n<br>​<span class=\"IncreaseIndent\">&nbsp;</span>[​៩២​]​ ​បពិត្រមហារាជ​ ​ធម៌​ជា​ផ្លូវត្រូវ​ ​ឯ​អធម៌​ជា​ផ្លូវខុស​ ​អធម៌​នាំ​សត្វ​ទៅកាន់​នរក​ ​ធម៌​ញ៉ាំង​សត្វ​ឲ្យ​ដល់​សុគតិ​។​ ​បពិត្រ​ព្រះរាជា​ ​ពួក​ជន​អ្នក​មិន​ប្រព្រឹត្ត​ធម៌​ ​ចិញ្ចឹមជីវិត​ខុសគន្លងធម៌​ ​លុះ​ស្លាប់​ទៅវិញ​ហើយ​ ​រមែង​ទៅកាន់​គតិ​ ​(​នរក​)​ ​ណា​ ​សូម​ព្រះអង្គ​ទ្រង់ព្រះ​សណ្តាប់​ពាក្យ​អាត្មាភាព​ ​(​ដែល​សំដែង​អំពី​នរក​)​ ​ទាំងនោះ​។​ ​"
    },
    {
      "header": "សត្តតិនិបាតជាតក",
      "href": "http://ti-kh.org/books?book=61&page=64",
      "text": "សត្តតិនិបាត \t\t\tកុសជាតក\t\tទី ១",
      "detail": "<p class=\"BCenter\">​សត្ត​តិ​និបាតជាតក​\n<br>​កុស​ជាតក​ ​ទី១​</p>\n<br><span class=\"IncreaseIndent\">&nbsp;</span>​[​៩៤​]​ ​(​ព្រះបាទ​កុស​រាជ​ពោធិសត្វ​ ​ត្រាស់​ថា​)​ ​បពិត្រ​ព្រះមាតា​ ​ដែន​របស់​ព្រះមាតា​នេះ​ ​ប្រកបដោយ​ទ្រព្យ​ ​ប្រកបដោយ​យាន​ ​ប្រកបដោយ​គ្រឿង​សំរាប់​រាជ្យ​ ​បរិបូណ៌​ដោយ​កាម​គ្រប់យ៉ាង​ ​សូម​ព្រះមាតា​ត្រួតត្រា​ដែន​របស់​ព្រះមាតា​នេះ​ចុះ​ ​ខ្ញុំ​នឹង​ទៅកាន់​នគរ​ ​ជាទី​នៅ​របស់​នាង​បភាវ​តី​ជាទីស្រឡាញ់​។​\n<br><span class=\"IncreaseIndent\">&nbsp;</span>​[​៩៥​]​ ​(​នាង​បភាវ​តី​ ​ពោល​ថា​)​ ​ព្រះអង្គ​មាន​ព្រះទ័យ​មិន​ត្រង់​ ​នាំ​យក​អម្រែក​ធំ​ ​(​រងទុក្ខ​)​ ​ទាំងថ្ងៃទាំងយប់​ ​ទាំង​ពេល​អធ្រាត្រ​ ​សូម​ព្រះអង្គ​ត្រឡប់ទៅ​ក្រុង​កុសា​វតី​វិញ​ឲ្យឆាប់​ ​ខ្ញុំម្ចាស់​មិន​ចង់បាន​ព្រះអង្គ​ ​ដែល​មាន​រាងរៅ​អាក្រក់​ ​មក​នៅ​ ​(​ក្នុង​ទីនេះ​)​ ​ទេ​។​\n<br><span class=\"IncreaseIndent\">&nbsp;</span>​[​៩៦​]​ ​(​ព្រះពោធិសត្វ​ ​…​)​ ​ហៃ​នាង​បភាវ​តី​ ​អញ​នឹង​មិនទៅ​អំពី​ទីនេះ​ ​កាន់​ក្រុង​កុសា​វតី​ទេ​ ​ព្រោះ​អញ​ជាប់ចិត្ត​នឹង​វណ្ណៈ​របស់​នាង​ ​ទើប​ត្រេកអរ​ក្នុង​ដំណាក់​ជាទី​ត្រេកអរ​របស់​ព្រះបាទ​មទ្ទៈ​ ​ស៊ូ​លះបង់​ដែន​ ​មក​ត្រេកអរ​ក្នុង​ការ​ឃើញ​នាង​។​ ​ហៃ​នាង​បភាវ​តី​ ​អញ​ជាប់ចិត្ត​នឹង​វណ្ណៈ​របស់​នាង​ ​មាន​សភាព​វង្វេង​ ​ត្រាច់​រង្គាត់​ទៅកាន់​ផែនដី​ ​មិន​ស្គាល់​ទិស​ថា​ ​អញ​មក​អំពី​ទីណា​ ​ហៃ​នាង​មាន​ភ្នែក​ថ្លា​ដូច​ភ្នែក​ម្រឹគ​ ​អញ​ជា​មនុស្ស​វក់ចិត្ត​ក្នុង​នាង​។​ ​"
    },
    {
      "header": "សត្តតិនិបាតជាតក",
      "href": "http://ti-kh.org/books?book=61&page=81",
      "text": "សោណនន្ទជាតក\tទី ២",
      "detail": "​ចំណែក​ឯ​ព្រះ​បា​ទកុ​សៈ​មាន​កម្លាំង​ច្រើន​ ​បាន​នាំ​យក​នាង​បភាវ​តី​ ​និង​កែវមណី​ ​ឈ្មោះ​វេ​រោចនៈ​ដ៏​ល្អ​ ​ហើយ​ទ្រង់​ស្តេច​វិលត្រឡប់​ទៅកាន់​ក្រុង​កុសា​វតី​វិញ​។​ ​ក្សត្រិយ៍​ទាំងនោះ​ ​គង់​លើ​រថ​ជាមួយគ្នា​ ​បរ​សំដៅ​ចូល​ទៅកាន់​ក្រុង​កុសា​វតី​ ​ស្មើគ្នា​ដោយ​វណ្ណៈ​ ​និង​រូប​ ​មិន​រុងរឿង​ជាង​គ្នា​ង​ប៉ុន្មាន​ទេ​។​ ​ព្រះមាតា​បាន​ជួបជុំ​ដោយ​បុត្រ​ ​ចំណែក​អគ្គមហេសី​ ​និង​ព្រះរាជ​ស្វាមី​ទាំងពីរ​ព្រះអង្គ​នោះ​ ​បាន​ព្រម​ព្រាង​គ្នា​ ​នៅ​គ្រប់គ្រង​រាជ​ធរណី​ដ៏​សម្បូណ៌​សប្បាយ​ក្នុង​កាលនោះ​។​\n<br><p class=\"PCenter\">​ចប់​ ​កុស​ជាតក​ ​ទី១​។​</p>\n<br><p class=\"BCenter\">​សោ​ណ​នន្ទ​ជាតក​ ​ទី២​</p>\n<br>​<span class=\"IncreaseIndent\">&nbsp;</span>[​១៣៤​]​ ​(​ព្រះរាជា​ព្រះនាម​មនោ​ជៈ​ ​ត្រាស់​សួរ​ថា​)​ ​លោក​ជា​ទេវតា​ ​ឬ​ជា​គន្ធព្វ​ ​ជាស​ក្ក​បុរិន្ទ​ទៈ​ ​ឬ​ជា​មនុស្ស​មាន​ឫទ្ធិ​ ​ធ្វើ​ដូចម្តេច​ ​យើង​នឹង​ស្គាល់​លោក​បាន​។​\n<br>​<span class=\"IncreaseIndent\">&nbsp;</span>[​១៣៥​]​ ​(​តាបស​ឈ្មោះ​នន្ទ​បណ្ឌិត​ពោល​ថា​)​ ​អាត្មាភាព​ ​មិនមែន​ជា​ទេវតា​ ​មិនមែន​ជា​គន្ធព្វ​ ​មិនមែន​ជាស​ក្ក​បុរិន្ទ​ទៈ​ទេ​ ​អាត្មាភាព​ជា​មនុស្ស​មាន​ឫទ្ធិ​ ​បពិត្រ​ព្រះរាជា​ ​ទ្រទ្រង់នូវ​ភារៈ​ ​(​ដែន​)​ ​សូម​ព្រះអង្គ​ជ្រាប​យ៉ាងនេះ​ចុះ​។​"
    },
    {
      "header": "អសីតិនិបាតជាតក",
      "href": "http://ti-kh.org/books?book=61&page=97",
      "text": "អសីតិនិបាត \t\t\tចុល្លហំសជាតក\tទី ១",
      "detail": "<p class=\"BCenter\">​អសីតិ​និបាតជាតក​\n<br>​ចុល្ល​ហំសជាត​ក​ ​ទី១​</p>\n<br>​<span class=\"IncreaseIndent\">&nbsp;</span>[​១៦៣​]​ ​(​រាជហង្ស​ឈ្មោះ​ធ​ត​រដ្ឋៈ​ពោល​ថា​)​ ​ម្នាល​ហង្ស​ឈ្មោះ​សុ​មុ​ខៈ​ ​ពួក​បក្សី​ ​កាល​មិន​គយគន់​មើល​ ​ហើរចេញ​ទៅ​ ​អ្នក​ចូរ​ទៅចុះ​ ​កុំ​ប្រាថ្នា​ ​(​នៅក្នុង​ទីនេះ​ឡើយ​ ​ព្រោះថា​)​ ​ភាព​នៃ​អ្នកជា​សំឡាញ់​នឹង​យើង​ដែល​ជាប់ចំណង​ ​មិន​មាន​ទេ​។​\n<br>​<span class=\"IncreaseIndent\">&nbsp;</span>[​១៦៤​]​ ​(​ហង្ស​សេនាបតី​ឈ្មោះ​សុ​មុ​ខៈ​ ​ក្រាបបង្គំទូល​ថា​)​ ​ទូលព្រះបង្គំជាខ្ញុំ​ទៅ​ក្តី​ ​មិនទៅ​ក្តី​ ​ទូលព្រះបង្គំជាខ្ញុំ​មិនមែន​មិន​ស្លាប់​ដោយ​ការ​ទៅ​ ​ឬ​ការ​មិនទៅ​នោះ​ទេ​ ​ទូលព្រះបង្គំជាខ្ញុំ​ចូល​ទៅ​រក​ព្រះអង្គ​ដែល​ដល់​នូវ​សេចក្តី​សុខ​ហើយ​ ​នឹង​លះ​ព្រះអង្គ​ដែល​ដល់​នូវ​សេចក្តី​ទុក្ខ​ដូចម្តេច​កើត​។​ ​សេចក្តី​ស្លាប់​ជាមួយនឹង​ព្រះអង្គ​ក្តី​ ​ការរស់នៅ​វៀរចាក​ព្រះអង្គ​ក្តី​ ​សេចក្តី​ស្លាប់​នោះ​ប្រសើរ​ជាង​ ​ទូលព្រះបង្គំជាខ្ញុំ​តែ​វៀរចាក​ព្រះអង្គ​ហើយ​ ​រស់នៅ​ ​មិន​ប្រសើរ​សោះ​ឡើយ​។​ ​បពិត្រមហារាជ​ ​ទូលព្រះបង្គំជាខ្ញុំ​លះ​ចោល​ព្រះអង្គ​ដែល​ដល់​ ​(​នូវ​សេចក្តី​ទុក្ខ​)​ ​យ៉ាងនេះ​ ​ដោយ​សភាវៈ​ណា​ ​សភាវៈ​នោះ​ ​មិនមែន​ជា​ធម៌​ទេ​ ​បពិត្រ​ព្រះអង្គ​ជាធំ​លើ​បក្សី​ ​ដំណើរ​ណា​ ​របស់​ព្រះអង្គ​ ​ដំណើរ​នោះ​ទូលព្រះបង្គំជាខ្ញុំ​ក៏​គាប់ចិត្ត​ដែរ​។​"
    },
    {
      "header": "អសីតិនិបាតជាតក",
      "href": "http://ti-kh.org/books?book=61&page=112",
      "text": "មហាហំសជាតក\tទី ២",
      "detail": "​<span class=\"IncreaseIndent\">&nbsp;</span>[​១៩៨​]​ ​ប្រយោជន៍​ទាំងអស់​ ​របស់​ពួក​ជន​អ្នកមាន​មិត្ត​ ​រមែង​សម្រេច​សេចក្តី​សុខ​យ៉ាងនេះ​ ​ដូចជា​ហង្ស​ឈ្មោះ​ធ​ត​រដ្ឋៈ​ ​និង​ហង្ស​ឈ្មោះ​សុ​មុ​ខៈ​ ​បាន​ហើរ​ចូល​ទៅ​រក​ពួក​ញាតិ​ដូច្នោះ​។​\n<br><p class=\"PCenter\">​ចប់​ ​ចុល្ល​ហង្ស​ជាតក​ ​ទី១​។​</p>\n<br><p class=\"BCenter\">​មហា​ហំសជាត​ក​ ​ទី២​</p>\n<br><span class=\"IncreaseIndent\">&nbsp;</span>​[​១៩៩​]​ ​(​រាជហង្ស​ពោល​ថា​)​ ​ហង្ស​ទាំងឡាយ​នេះ​ ​ត្រូវ​ភ័យ​គំរាម​ហើយ​ ​នាំគ្នា​ហើរ​ទៅ​ ​ម្នាល​សុ​មុ​ខៈ​ ​អ្នកមាន​ស្បែក​ដូច​មាស​ ​មាន​សម្បុរ​ដូច​មាស​ ​អ្នក​ចូរ​ហើរ​ទៅតាម​ប្រាថ្នា​ចុះ​។​ ​ពួក​បក្សី​ជា​ញាតិ​បាន​លះ​ចោល​នូវ​យើង​ ​ដែល​លុះអំណាច​នៃ​អន្ទាក់​តែម្នាក់ឯង​ ​មិន​អាល័យ​ហើរ​ទៅ​ ​អ្នក​ក្រាញ​នៅតែ​ម្នាក់ឯង​ដូចម្តេច​។​ ​ម្នាល​អ្នក​ដ៏​ប្រសើរ​ជាង​ពួក​បក្សី​ ​អ្នក​ចូរ​ហើរ​ទៅចុះ​ ​ព្រោះថា​ ​ភាពជា​សំឡាញ់​នឹង​យើង​ដែល​ជាប់ចំណង​ ​មិន​មាន​ទេ​ ​អ្នក​កុំ​ធ្វើខ្លួន​ឲ្យ​សាបសូន្យ​ចាក​សេចក្តី​សុខ​ឡើយ​ ​ម្នាល​សុ​មុ​ខៈ​ ​អ្នក​ចូរ​ហើរ​ទៅតាម​ប្រាថ្នា​ចុះ​។​\n<br>​<span class=\"IncreaseIndent\">&nbsp;</span>[​២០០​]​ ​(​ហង្ស​សេនាបតី​ឈ្មោះ​សុ​មុ​ខៈ​ពោល​ថា​)​ ​បពិត្រ​ព្រះបាទ​ធ​ត​រដ្ឋៈ​ ​ទូលព្រះបង្គំជាខ្ញុំ​ ​សូម្បី​សេចក្តី​ទុក្ខ​គ្រប​សង្កត់​ហើយ​ ​ក៏​មិន​គប្បី​លះ​ចោល​ព្រះអង្គ​ ​ជីវិត​ ​ឬ​សេចក្តី​ស្លាប់​របស់​ទូលព្រះបង្គំជាខ្ញុំ​ ​នឹង​មាន​ជាមួយ​ព្រះអង្គ​។​ ​បពិត្រ​ព្រះបាទ​ធ​ត​រដ្ឋៈ​ ​ទូលព្រះបង្គំជាខ្ញុំ​ ​សូម្បី​សេចក្តី​ទុក្ខ​គ្រប​សង្កត់​ហើយ​ ​ក៏​មិន​គប្បី​លះ​ចោល​ព្រះអង្គ​ ​ទាំង​ព្រះអង្គ​ ​ក៏​មិន​គួរ​ប្រកប​ទូលព្រះបង្គំជាខ្ញុំ​ ​ក្នុង​អំពើ​មិន​ប្រសើរ​ទេ​។​"
    },
    {
      "header": "អសីតិនិបាតជាតក",
      "href": "http://ti-kh.org/books?book=61&page=131",
      "text": "សុធាភោជនជាតក\tទី ៣",
      "detail": "<span class=\"IncreaseIndent\">&nbsp;</span>​[​២៤៧​]​ ​ហង្ស​ទាំងឡាយ​ ​លុះ​បានឃើញ​បក្សី​ហង្ស​ដ៏​ប្រសើរ​ទាំងពីរ​នោះ​ ​មិន​មាន​រោគ​ ​មកដល់​ហើយ​ ​ក៏​ធ្វើ​នូវ​សម្លេង​ថា​ ​កេកា​ៗ​ ​ដូច្នេះ​ ​សូរសព្ទ​រំពង​ក៏​កើតឡើង​។​ ​បក្សី​ហង្ស​ជា​អណ្ឌ​ជាតិ​ទាំងនោះ​ ​មានចិត្ត​រីករាយ​ ​ព្រោះ​ម្ចាស់​រួចហើយ​ ​ជា​សត្វ​គោរព​ម្ចាស់​ ​ជា​សត្វ​បាន​នូវ​ទីពឹង​ ​ក៏​ចោមរោម​ម្ចាស់​ដោយ​ជុំវិញ​។​\n<br>​<span class=\"IncreaseIndent\">&nbsp;</span>[​២៤៨​]​ ​ប្រយោជន៍​គ្រប់យ៉ាង​របស់​ពួក​ជន​អ្នកមាន​មិត្ត​ល្អ​ ​រមែង​ជា​ប្រយោជន៍​គួរ​ចំរើន​ ​ដូច​ហង្ស​ឈ្មោះ​ធ​ត​រដ្ឋៈ​ ​និង​ហង្ស​ឈ្មោះ​សុ​មុ​ខៈ​ ​បាន​ចូល​ទៅ​ចួប​នឹង​ពួក​ញាតិ​។​\n<br><p class=\"PCenter\">​ចប់​ ​មហាហង្ស​ជាតក​ ​ទី២​។​</p>\n<br><p class=\"BCenter\">​សុធាភោជន​ជាតក​ ​ទី៣​</p>\n<br>​<span class=\"IncreaseIndent\">&nbsp;</span>[​២៤៩​]​ ​(​កោសិយ​សេដ្ឋី​ ​ពោល​ថា​)​ ​ខ្ញុំ​មិនមែន​ទិញ​ ​មិនមែន​លក់​ទេ​ ​មួយទៀត​ ​ការ​សន្សំទុក​របស់ខ្ញុំ​ ​ក៏​មិន​មាន​ក្នុង​ទីនេះ​ដែរ​ ​របស់​នេះ​ ​មាន​ប្រមាណ​តិច​ ​មាន​សភាព​ដ៏​ក្រ​ណាស់​ ​បាយ​ចំនួន​អង្ករ​មួយ​នាឡិ​នេះ​ ​មិន​ល្មម​ដល់​ជន​ពីរ​នាក់​ទេ​។​\n<br>​<span class=\"IncreaseIndent\">&nbsp;</span>[​២៥០​]​ ​(​សក្កទេវរាជ​ ​ពោល​ថា​)​ ​បុគ្គល​គប្បី​ឲ្យ​វត្ថុ​តិច​អំពី​វត្ថុ​តិច​ ​គួរឲ្យ​វត្ថុ​ពាក់កណ្តាល​អំពី​វត្ថុ​ពាក់កណ្តាល​ ​គួរឲ្យ​វត្ថុ​ច្រើន​អំពី​វត្ថុ​ច្រើន​ ​ការ​មិន​ឲ្យ​ ​មិនកើត​ទេ​។​"
    },
    {
      "header": "អសីតិនិបាតជាតក",
      "href": "http://ti-kh.org/books?book=61&page=154",
      "text": "កុណាលជាតក\tទី ៤",
      "detail": "​នារទ​តាបស​ ​គឺ​សារីបុត្ត​ ​ឯ​ព្រះ​វា​សៈ​ ​គឺ​តថាគត​ជា​ព្រះសម្ពុទ្ធ​។​\n<br><p class=\"PCenter\">​ចប់​ ​សុធាភោជន​ជាតក​ ​ទី៣​។​</p>\n<br><p class=\"BCenter\">​កុ​ណា​ល​ជាតក​ ​ទី៤​</p>\n<br>​<span class=\"IncreaseIndent\">&nbsp;</span>[​២៩៦​]​ ​ហេម​វន្ត​ប្រទេស​ ​ដែលគេ​តែង​ពោល​យ៉ាងនេះ​ ​តែង​ឮ​យ៉ាងនេះ​ ​មាន​សេចក្តី​តំណាល​ថា​ ​បក្សី​កុ​ណាល​ ​(​តា​វ៉ៅ​)​ ​មាន​សម្បុរ​ដ៏​វិចិត្រ​ក្រៃលែង​ ​មាន​ស្លាប​ជា​គ្រឿង​បិទបាំង​ដ៏​វិចិត្រ​ក្រៃលែង​ ​តែង​នៅ​អាស្រ័យ​ក្នុង​ដងព្រៃ​ជាទី​រីករាយ​ ​មាន​សភាព​យ៉ាងនេះ​ ​ជា​ប្រទេស​ទ្រទ្រង់នូវ​ធរណី​ ​ប្រកបដោយ​ឱសធ​គ្រប់យ៉ាង​ ​រយោង​រយាន​ដោយ​ចង្កោម​ផ្កា​ជាច្រើន​ ​ជា​ប្រទេស​ជាទី​ចរ​ទៅ​មក​រឿយ​ៗ​ ​នៃ​ដំរី​ ​គោ​ ​ក្របី​ ​ប្រើស​មាស​ ​ចាមរី​ ​ក្តាន់​ ​រមាស​ ​ខ្ទីង​ ​សីហៈ​ ​ខ្លាធំ​ ​ខ្លា​ដម្បង​ ​ខ្លាឃ្មុំ​ ​ឆ្កែព្រៃ​ ​ខ្លារខិន​ ​ភេ​ ​ឈ្លូស​ ​ខ្លាត្រី​ ​ទន្សាយ​ ​រមាំង​ ​ជាទី​អាស្រ័យ​នៅ​នៃ​ហ្វូង​ដំ​រី​តូច​ៗ​ ​និង​ដំរី​ធំ​ ​និង​មេ​ដំរី​ក្នុង​នាគ​ត្រកូល​ ​ដ៏​ដេរដាស​ ​ជាទី​អាស្រ័យ​នៅ​នៃ​ខ្លាឃ្មុំ​ ​ស្វា​សរ​ភៈ​ ​ម្រឹគ​ ​ទ្រាយ​ ​ក្តាន់​បុរិ​សាលុ​ ​(​យក្ខិនី​មានមុខ​ដូច​សេះ​)​ ​កិន្នរ​ ​យក្ស​ ​អារក្សទឹក​ ​ជា​ព្រៃ​ដ៏​ដេរដាស​ដោយ​ពួក​ឈើ​ជាច្រើន​យ៉ាង​ ​គឺ​ឈើ​មាន​ផ្កាក្រពុំ​ ​ឈើ​មាន​ត្រួយ​លាស់​រហង់​ ​សឹង​ដ៏​ខ្ញៀវខ្ញារ​ដោយ​ហ្វូងបក្សី​ជាច្រើន​ ​គឺ​សត្វ​អក​ ​លលកទ្រាំង​ ​ហត្ថិលិង្គ​ ​ក្ងោក​ ​ទីទុយ​ ​ប៉ោលតោក​ ​ចាប​ ​កុកក្រក​ ​សម្បក​ត្រពាំង​ ​ករវិក​"
    },
    {
      "header": "អសីតិនិបាតជាតក",
      "href": "http://ti-kh.org/books?book=61&page=185",
      "text": "មហាសុតសោមជាតកទី ៥",
      "detail": "​គុណជាតិ​ដ៏​ក្សេមក្សាន្ត​ ​គឺ​ព្រះនិព្វាន​ ​ជាទី​កន្លង​ផុត​ចាក​ទុក្ខ​ទាំងពួង​ ​ជា​អ​ច្ច​ន្ត​សុខ​ ​មិន​កម្រើក​ ​មិន​មា​នប​ច័្ច​យតា​ក់​តែង​ ​បុគ្គល​មិន​ត្រូវការ​ដោយ​ស្រី​ ​ហើយ​ប្រព្រឹត្ត​ ​(​ព្រហ្មចរិយ​ធម៌​)​ ​ជា​អ្នក​ស្អាត​ ​មាន​កិលេស​រលត់​ ​មិនមែន​បាន​ដោយ​ក្រ​ទេ​។​\n<br>​<span class=\"IncreaseIndent\">&nbsp;</span>[​៣១៤​]​ ​(​ព្រះ​សាស្តា​ ​ទ្រង់​ប្រជុំជាតក​នេះ​ថា​)​ ​ក្នុង​កាលណោះ​ ​កុ​ណា​លប​ក្សី​ ​បាន​មក​ជាត​ថា​គត​ ​បុស្ស​កោ​កិល​បក្សី​ ​បាន​មក​ជា​ឧទាយិ​ភិក្ខុ​ ​ស្តេច​ត្មាត​ ​បាន​មក​ជា​អានន្ទ​ ​នារទ​ព្រាហ្មណ៍​ ​បាន​មក​ជា​សារីបុត្ត​ ​ពួក​បរិស័ទ​បាន​មក​ជា​ពុទ្ធបរិស័ទ​ ​អ្នក​ទាំងឡាយ​ចូរ​ចាំទុក​ជាតក​យ៉ាងនេះ​។​\n<br><p class=\"PCenter\">​ចប់​ ​កុ​ណា​ល​ជាតក​ ​ទី៤​។​</p>\n<br><p class=\"BCenter\">​មហា​សុត​សោម​ជាតក​ ​ទី៥​</p>\n<br>​<span class=\"IncreaseIndent\">&nbsp;</span>[​៣១៥​]​ ​(​សេនាបតី​ ​សួរ​ថា​)​ ​ម្នាល​រសកៈ​ ​(​នាយ​ពិសេស​)​ ​ព្រោះ​ហេតុអ្វី​ ​អ្នកធ្វើ​នូវ​អំពើ​ដ៏​លាមក​ក្រៃលែង​ប្រាកដ​ដូច្នេះ​ ​អ្នកជា​បុគ្គល​វង្វេង​ ​សម្លាប់​ពួក​ស្រី​ ​និង​ប្រុស​ ​ព្រោះ​ហេតុ​សាច់​ ​ឬ​ព្រោះ​ហេតុ​ទ្រព្យ​។​"
    }
  ]
}