{
  "title": "ភាគ ៧៨",
  "imageSrc": "photos/Book_78.jpg",
  "href": "http://ti-kh.org/books?book=78",
  "contents": [
    {
      "header": "អភិធម្មបិដក\nធម្មសង្គណិ   បឋមភាគ\n\nមាតិកា",
      "href": "http://ti-kh.org/books?book=78&page=1",
      "text": "អភិធម្មមាតិកា",
      "detail": "<div style=\"text-align: center\">អភិធម្មបិដក\n<br>ធម្ម​សង្គ​ណិ បឋម​ភាគ\n<br>សូម​នមស្ការ​ព្រះមានព្រះភាគ អរហន្ត​សម្មាសម្ពុទ្ធ​អង្គ​នោះ។\n<br>មាតិកា</div><span class=\"IncreaseIndent\">&nbsp;</span>[១] ពួក​ធម៌​ជាកុសល<sup>(១)</sup> ពួក​ធម៌​ជាអកុសល<sup>(២)</sup> ពួក​ធម៌​ជា​អព្យាក្រឹត<sup>(៣)</sup> ពួក​ធម៌​ប្រកបដោយ​សុខវេទនា<sup>(៤)</sup> ពួក​ធម៌​ប្រកបដោយ​ទុក្ខវេទនា<sup>(៥)</sup> ពួក​ធម៌​ប្រកបដោយ​វេទនា​មិនជា​ទុក្ខ មិនជា​សុខ<sup>(៦)</sup> ពួក​ធម៌​ជា​វិបាក<sup>(៧)</sup> ពួក​ធម៌​មាន​វិបាក​ជាប្រក្រតី ពួក​ធម៌​មិនមែន​ជា​វិបាក មិនមែន​មាន​វិបាក​ជាប្រក្រតី ពួក​ធម៌​ដែល​មានកម្ម​ប្រកបដោយ​កិលេស មាន​តណ្ហា​ជាដើម កាន់​យក​ហើយ ទាំង​ជា​ប្រយោជន៍​ដល់​ឧបាទាន<sup>(៨)</sup> ពួក​ធម៌​ដែល​មិន​មានកម្ម​ប្រកបដោយ​កិលេស មាន​តណ្ហា​ជាដើម កាន់​យក​ហើយ តែ​ជា​ប្រយោជន៍​ដល់​ឧបាទាន ពួក​ធម៌​ដែល​មិន​មានកម្ម​ប្រកបដោយ​កិលេស មាន​តណ្ហា​ជាដើម កាន់​យក​ហើយ ទាំង​មិនជា​ប្រយោជន៍​ដល់​ឧបាទាន<hr><div style=\"font-size: 14px\">(១) ធម៌​ក្នុង​ទីនេះ សំដៅយក​សភាវៈ​មិនមែន​សត្វ មិនមែន​ជីវិត, កុសល ក្នុង​ទីនេះ ប្រែថា ធម្មជាត​មិន​មានទោស ១ មានផល​ជា​សុខ ១ បានខាង​កុសល​ក្នុង​ភូមិ​ទាំង ៤ គឺ​កាមាវចរ​ភូមិ ១ រូបាវចរភូមិ ១ អរូបាវចរភូមិ ១ លោកុត្តរ​ភូមិ ១។ (២) អកុសល ប្រែថា ធម្មជាត​ប្រកបដោយ​ទោស ១ មានផល​ជា​ទុក្ខ ១។ (៣) អព្យាក្រឹត ព្រះមានបុណ្យ​មិន​សំដែង​ដោយ​សភាព​ជាកុសល និង​អកុសល អព្យាក្រឹត​នេះ មាន​លក្ខណៈ​ឥត​ផល។ (៤) [សោយអារម្មណ៍​ជាទី​សប្បាយ។ (៥) សោយអារម្មណ៍​ដ៏​លំបាក។ (៦) ឧបេក្ខា​វេទនា។ (៧) ផល​របស់​កុសល និង​អកុសល។ (ដីកា)។ (៨) សេចក្តី​ប្រកាន់​មាំ។</div>"
    },
    {
      "header": "អភិធម្មបិដក\nធម្មសង្គណិ   បឋមភាគ\n\nមាតិកា",
      "href": "http://ti-kh.org/books?book=78&page=13",
      "text": "សុត្តន្តមាតិកា",
      "detail": "ពួក​ធម៌​មិនមែន​ជា​និយ្យានិកៈ ពួក​ធម៌​ទៀង ពួក​ធម៌​មិន​ទៀង ពួក​ធម៌​ប្រកបដោយ​ឧត្តរៈ (ការ​រើ​ឡើង​នៃ​ខ្លួន) ពួក​ធម៌​មិន​មាន​ឧត្តរៈ ពួក​ធម៌​ប្រកបដោយ​រណៈ (សត្រូវ) ពួក​ធម៌​មិន​មាន​រណៈ។\n<br><p class=\"PCenter\">ចប់ បិដ្ឋិ​ទុ​កៈ។\n<br>ចប់ អភិធម្ម​មាតិកា។</p>\n<br><p class=\"BCenter\">សុត្តន្ត​មាតិកា</p>\n<br><span class=\"IncreaseIndent\">&nbsp;</span>[១៥] ពួក​ធម៌​ប្រព្រឹត្តទៅ​ក្នុង​ចំណែក​នៃ​វិជ្ជា ពួក​ធម៌​ប្រព្រឹត្តទៅ​ក្នុង​ចំណែក​នៃ​អវិជ្ជា ពួក​ធម៌​ប្រៀប​ដូច​ផ្លេកបន្ទោរ<sup>(១)</sup> ពួក​ធម៌​ប្រៀប​ដូច​ពេជ្រ<sup>(២)</sup> ពួក​ធម៌​ពាល<sup>(៣)</sup> ពួក​ធម៌​បណ្ឌិត<sup>(៤)</sup> ពួក​ធម៌​ខ្មៅ<sup>(៥)</sup> ពួក​ធម៌​ស<sup>(៦)</sup> ពួក​ធម៌​ដុត​កំ​ដៅ<sup>(៧)</sup> ពួក​ធម៌​មិន​ដុត​កំ​ដៅ ពួក​ធម៌​ជា​ឈ្មោះ ពួក​ធម៌​ជា​គន្លង​នៃ​ឈ្មោះ ពួក​ធម៌​ជា​និរុត្តិ<sup>(៨)</sup> ពួក​ធម៌​ជា​គន្លង​នៃ​និរុត្តិ ពួក​ធម៌​ជា​បញ្ញត្តិ ពួក​ធម៌​ជា<hr><div style=\"font-size: 14px\">(១) ធម៌​ដែល​មាន​កំឡាំង​រស្មី​ស្តួចស្តើង មិន​អាច​នឹង​កំចាត់​ងងឹត គឺ​កិលេស​បាន។ (២) ធម៌​ដែល​មាន​កំឡាំង​រស្មី​ក្លៀវក្លា​អាច​នឹង​កំចាត់​ងងឹត គឺ​កិលេស​បាន។ (៣) ធម៌​តាំងនៅ​ក្នុង​មនុស្ស​ពាល ឬធ្វើ​មនុស្ស​ឲ្យ​ទៅជា​ពាល​វិញ។ (៤) ធម៌​តាំងនៅ​ក្នុង​បណ្ឌិត ឬធ្វើ​មនុស្ស​ឲ្យ​ទៅជា​បណ្ឌិត​វិញ។ (៥) ធម៌​ធ្វើ​ចិត្ត​ឲ្យ​អាប់​ឥត​រស្មី។ (៦) ធម៌​ធ្វើ​ចិត្ត​ឲ្យ​មាន​រស្មី​ភ្លឺ​ថ្លា។ (៧) ធម៌​ញុំាង​សត្វ​ឲ្យ​ក្តៅ​ក្នុង​លោក​នេះ និង​លោកខាងមុខ។ (៨) ប្រែថា ការ​ពោល​ដោយ​មិន​សល់ សំដៅយក​ពាក្យ​វិគ្គហៈ ឬវិគ្រោះ អធិប្បាយ​ប្រាប់​ហេតុ ប្រាប់​ផល ដូច​ពាក្យ​ថា សភាវៈ​ណា​តាក់តែង​សត្វ សភាវៈ​នោះ ហៅថា សង្ខារ ជាដើម។</div>"
    },
    {
      "header": "ចិត្តុប្បាទក័ណ្ឌ",
      "href": "http://ti-kh.org/books?book=78&page=16",
      "text": "កុសលជាកាមាវចរ \t\tបទភាជនីយ",
      "detail": "<p class=\"BCenter\">បទ​ភា​ជនីយ</p>\n<br><span class=\"IncreaseIndent\">&nbsp;</span>[១៦] ពួក​ធម៌​ជាកុសល ដូចម្តេច​ខ្លះ។ ចិត្តជា​កាមាវចរ​កុសល ច្រឡំ​ដោយ​សោមនស្ស ប្រកបដោយ​ញាណ មាន​រូប​ជា​អារម្មណ៍​ក្តី មាន​សំឡេង​ជា​អារម្មណ៍​ក្តី មាន​ក្លិន​ជា​អារម្មណ៍​ក្តី មាន​រស​ជា​អារម្មណ៍​ក្តី មាន​ផោដ្ឋព្វៈ​ជា​អារម្មណ៍​ក្តី មានធម៌​ជា​អារម្មណ៍​ក្តី ឬថា ប្រារព្ធ​តែ​អារម្មណ៍​ណាមួយ​ហើយ​កើតឡើង ក្នុង​សម័យ​ណា ផស្សៈ​ក៏​កើតមាន​ក្នុង​សម័យ​នោះ វេទនា សញ្ញា ចេតនា ចិត្ត វិតក្កៈ វិចារៈ បីតិ សុខ ឯកគ្គតា​របស់​ចិត្ត សទ្ធិន្ទ្រិយ វីរិយិ​ន្ទ្រិយ សតិ​ន្ទ្រិយ សមា​ធិន្ទ្រិយ បញ្ញិ​ន្ទ្រិយ មនិន្ទ្រិយ សោ​មនស្សិ​ន្ទ្រិយ ជីវិតិន្ទ្រិយ សម្មាទិដ្ឋិ សម្មាសង្កប្បៈ សម្មា​វាយាមៈ សម្មាសតិ សម្មាសមាធិ សទ្ធា​ពលៈ វីរិយ​ពលៈ សតិ​ពលៈ សមាធិ​ពលៈ បញ្ញា​ពលៈ"
    },
    {
      "header": "ចិត្តុប្បាទក័ណ្ឌ",
      "href": "http://ti-kh.org/books?book=78&page=38",
      "text": "កោដ្ឋាសវារៈ",
      "detail": "<span class=\"IncreaseIndent\">&nbsp;</span>[៧២] សេចក្តី​មិន​រាយមាយ កើតមាន​ក្នុង​សម័យ​នោះ តើ​ដូចម្តេច។ ការឋិតនៅ កា​រតំ​កល់​នៅនឹង ការតាំងនៅ​ស៊ប់ ការ​មិន​ឃ្លេងឃ្លោង ការ​មិន​រាយមាយ​របស់​ចិត្ត សភាព​នៃ​ចិត្ត​មិន​ឃ្លេងឃ្លោង ការ​ស្ងប់​រម្ងាប់ចិត្ត គឺ​សមា​ធិន្ទ្រិយ សមាធិ​ពលៈ សម្មាសមាធិ ណា ក្នុង​សម័យ​នោះ នេះ សេចក្តី​មិន​រាយមាយ កើតមាន​ក្នុង​សម័យ​នោះ។\n<br><span class=\"IncreaseIndent\">&nbsp;</span>[៧៣] មួយទៀត ពួក​អរូបធម៌​ដទៃ​ណា ដែល​កើតឡើង​ដោយ​អាស្រ័យហេតុ រមែង​កើតមាន​ក្នុង​សម័យ​នោះ នេះ​ពួក​ធម៌​ជាកុសល។\n<br><p class=\"PCenter\">ចប់ បទ​ភា​ជនីយ។\n<br>ចប់ បឋម​ភាណវារៈ។</p>\n<br><span class=\"IncreaseIndent\">&nbsp;</span>[៧៤] ខន្ធ ៤ កើតមាន​ក្នុង​សម័យ​នោះ អាយតនៈ ២ ធាតុ ២ អាហារ ៣ ឥន្ទ្រិយ ៨ ឈាន​ប្រកបដោយ​អង្គ ៥ មគ្គ​ប្រកបដោយ​អង្គ ៥"
    },
    {
      "header": "ចិត្តុប្បាទក័ណ្ឌ",
      "href": "http://ti-kh.org/books?book=78&page=61",
      "text": "សុញ្ញតវារៈ",
      "detail": "<span class=\"IncreaseIndent\">&nbsp;</span>[៩៩] ពួក​ធម៌ កើតមាន​ក្នុង​សម័យ​នោះ ពួក​ខន្ធ ពួក​អាយតនៈ ពួក​ធាតុ ពួក​អាហារ ពួក​ឥន្ទ្រិយ ឈាន មគ្គ ពួក​ពលៈ ពួក​ហេតុ ផស្សៈ វេទនា សញ្ញា ចេតនា ចិត្ត វេទនាខន្ធ សញ្ញាខន្ធ សង្ខារក្ខន្ធ វិញ្ញាណក្ខន្ធ មនាយតនៈ មនិន្ទ្រិយ មនោវិញ្ញាណ​ធាតុ ធម្មាយតនៈ ធម្មធាតុ កើតមាន​ក្នុង​សម័យ​នោះ ឬថា ពួក​អរូបធម៌​ដទៃ​ណា ដែល​កើតឡើង​ព្រោះ​អាស្រ័យហេតុ កើតមាន​ក្នុង​សម័យ​នោះ នេះ​ពួក​ធម៌​ជាកុសល។\n<br><span class=\"IncreaseIndent\">&nbsp;</span>[១០០] ពួក​ធម៌ កើតមាន​ក្នុង​សម័យ​នោះ តើ​ដូចម្តេច។ វេទនាខន្ធ សញ្ញាខន្ធ សង្ខារក្ខន្ធ វិញ្ញាណក្ខន្ធ នេះ​ពួក​ធម៌ កើតមាន​ក្នុង​សម័យ​នោះ។\n<br><span class=\"IncreaseIndent\">&nbsp;</span>[១០១] ពួក​ខន្ធ កើតមាន​ក្នុង​សម័យ​នោះ តើ​ដូចម្តេច។ វេទនាខន្ធ សញ្ញាខន្ធ សង្ខារក្ខន្ធ វិញ្ញាណក្ខន្ធ នេះ​ពួក​ខន្ធ កើតមាន​ក្នុង​សម័យ​នោះ។"
    },
    {
      "header": "ចិត្តុប្បាទក័ណ្ឌ",
      "href": "http://ti-kh.org/books?book=78&page=67",
      "text": "មហាកុសលចិត្តដ៏សេស",
      "detail": "<span class=\"IncreaseIndent\">&nbsp;</span>[១២៦] ពួក​ធម៌​ជាកុសល តើ​ដូចម្តេច។ ចិត្តជា​កាមាវច​រៈ​កុសល ច្រឡំ​ដោយ​សោមនស្ស ប្រាសចាក​ញាណ មាន​រូប​ជា​អារម្មណ៍​ក្តី។បេ។ មានធម៌​ជា​អារម្មណ៍​ក្តី ឬប្រារព្ធ​តែ​អារម្មណ៍​ណាមួយ ហើយ​កើតឡើង​ក្នុង​សម័យ​ណា ផស្សៈ​ក៏​កើតមាន​ក្នុង សម័យ​នោះ វេទនា សញ្ញា ចេតនា ចិត្ត វិតក្កៈ វិចារៈ បីតិ សុខ ឯកគ្គតា​របស់​ចិត្ត សទ្ធិន្ទ្រិយ វីរិយិ​ន្ទ្រិយ សតិ​ន្ទ្រិយ សមា​ធិន្ទ្រិយ មនិន្ទ្រិយ សោ​មនស្សិ​ន្ទ្រិយ ជីវិតិន្ទ្រិយ សម្មាសង្កប្បៈ សម្មា​វាយាមៈ សម្មាសតិ សម្មាសមាធិ សទ្ធា​ពលៈ វីរិយ​ពលៈ សតិ​ពលៈ សមាធិ​ពលៈ ហិរិ​ពលៈ ឱត្តប្ប​ពលៈ អលោភៈ អទោសៈ អន​ភិ​ជ្ឈា អព្យាបាទ ហិរិ ឱត្តប្បៈ សេចក្តី​ស្ងប់​កាយ សេចក្តី​ស្ងប់ចិត្ត"
    },
    {
      "header": "ចិត្តុប្បាទក័ណ្ឌ",
      "href": "http://ti-kh.org/books?book=78&page=80",
      "text": "កសិណជ្ឈាន",
      "detail": "<span class=\"IncreaseIndent\">&nbsp;</span>[១៣៨] ពួក​ធម៌​ជាកុសល តើ​ដូចម្តេច។ ចិត្តជា​កាមាវចរ​កុសល ច្រឡំ​ដោយ​ឧបេក្ខា ប្រាសចាក​ញាណ ប្រកបដោយ​សង្ខារ មាន​រូប​ជា​អារម្មណ៍​ក្តី។បេ។ មានធម៌​ជា​អារម្មណ៍​ក្តី ឬប្រារព្ធ​តែ​អារម្មណ៍​ណាមួយ ហើយ​កើតឡើង​ក្នុង​សម័យ​ណា ផស្សៈ កើតមាន​ក្នុង​សម័យ​នោះ។បេ។ សេចក្តី​មិន​រាយមាយ កើតមាន។បេ។ នេះ​ពួក​ធម៌​ជាកុសល។\n<br><p class=\"PCenter\">ចប់ អដ្ឋ​មចិត្ត។\n<br>ចប់ កាមាវចរ​មហាកុសល​ចិត្ត​ទាំង ៨។\n<br>ចប់ ទុតិយ​ភាណវារៈ។</p>\n<br><span class=\"IncreaseIndent\">&nbsp;</span>[១៣៩] ពួក​ធម៌​ជាកុសល តើ​ដូចម្តេច។ បុគ្គល​ចម្រើន​នូវ​មគ្គ ដើម្បី​ទៅ​កើត​ក្នុង​រូបភព បាន​ស្ងាត់​ចាក​កាម​ទាំងឡាយ ស្ងាត់​ចាក​អកុសលធម៌​ទាំងឡាយ ហើយ​បាន​ដល់​នូវ​បឋមជ្ឈាន ឈ្មោះ​បឋវីកសិណ ប្រកបដោយ​វិតក្កៈ ប្រកបដោយ​វិចារៈ មាន​បីតិ និង​សុខៈ ដែល​កើតអំពី​សេចក្តី​ស្ងាត់​នោះ ក្នុង​សម័យ​ណា ផស្សៈ កើតមាន​ក្នុង​សម័យ​នោះ។បេ។ សេចក្តី​មិន​រាយមាយ កើតមាន។បេ។ នេះ​ពួក​ធម៌​ជាកុសល។"
    },
    {
      "header": "ចិត្តុប្បាទក័ណ្ឌ",
      "href": "http://ti-kh.org/books?book=78&page=109",
      "text": "អភិភាយតនៈ",
      "detail": "<span class=\"IncreaseIndent\">&nbsp;</span>[១៧៧] ពួក​ធម៌​ជាកុសល តើ​ដូចម្តេច។ បុគ្គល​ចម្រើន​នូវ​មគ្គ ដើម្បី​ទៅ​កើត​ក្នុង​រូបភព បាន​ស្ងាត់​ចាក​កាម​ទាំងឡាយ។បេ។ បាន​ដល់​បឋមជ្ឈាន ឈ្មោះ​អាបោកសិណ។បេ។ ឈ្មោះ​តេជោកសិណ។បេ។ ឈ្មោះ​វាយោកសិណ។បេ។ ឈ្មោះ​នីល​កសិណ។បេ។ ឈ្មោះ​បីត​កសិណ។បេ។ ឈ្មោះ​លោហិត​កសិណ។បេ។ ឈ្មោះ​ឱទា​តកសិណ ក្នុង​សម័យ​ណា ផស្សៈ ក៏​កើតមាន​ក្នុង​សម័យ​នោះ។បេ។ សេចក្តី​មិន​រាយមាយ ក៏​កើតមាន​ក្នុង​សម័យ​នោះ។បេ។ នេះ​ពួក​ធម៌​ជាកុសល។\n<br><p class=\"PCenter\">ចប់ កសិណ ៨ មាន​វារៈ ១៦។</p>\n<br><span class=\"IncreaseIndent\">&nbsp;</span>[១៧៨] ពួក​ធម៌​ជាកុសល តើ​ដូចម្តេច។ បុគ្គល​ចម្រើន​នូវ​មគ្គ ដើម្បី​ទៅ​កើត​ក្នុង​រូបភព មិន​សំគាល់​នូវ​រូប​ខាងក្នុង ឃើញ​នូវ​ពួក​រូប​ខាងក្រៅ ជា​រូប​មាន​ប្រមាណ​តូច គ្រប​សង្កត់​រូប​ទាំងនោះ ហើយ​គិតថា អាត្មាអញ​នឹង​ដឹង ឃើញ ដូច្នេះ បាន​ស្ងាត់​ចាក​កាម​ទាំងឡាយ។បេ។"
    },
    {
      "header": "ចិត្តុប្បាទក័ណ្ឌ",
      "href": "http://ti-kh.org/books?book=78&page=135",
      "text": "វិមោក្ខ",
      "detail": "ជា​រូប​ស មាន​ពណ៌ស ជាទី​ចង្អុល​ប្រាប់​ថា ស មា​នព​ន្លឺស គ្រប​សង្កត់​នូវ​រូប​ទាំងនោះ ហើយ​គិតថា អាត្មាអញ​នឹង​ដឹង ឃើញ ដូច្នេះ បាន​ស្ងាត់​ចាក​កាម​ទាំងឡាយ។បេ។ បាន​ដល់​បឋមជ្ឈាន ក្នុង​សម័យ​ណា ផស្សៈ ក៏​កើតមាន​ក្នុង​សម័យ​នោះ។បេ។ សេចក្តី​មិន​រាយមាយ ក៏​កើតមាន​ក្នុង​សម័យ​នោះ។បេ។ នេះ​ពួក​ធម៌​ជាកុសល។បេ។\n<br><p class=\"PCenter\">នេះ​ជា​អភិ​ភាយ​តនៈ មាន​វារៈ ១៦។</p>\n<br><span class=\"IncreaseIndent\">&nbsp;</span>[១៨៩] ពួក​ធម៌​ជាកុសល តើ​ដូចម្តេច។ បុគ្គល​ចម្រើន​នូវ​មគ្គ ដើម្បី​ទៅ​កើត​ក្នុង​រូបភព បាន​នូវ​រូបជ្ឈាន ឃើញ​នូវ​ពួក​រូប បាន​ស្ងាត់​ចាក​កាម​ទាំងឡាយ។បេ។ បាន​ដល់​បឋមជ្ឈាន ក្នុង​សម័យ​ណា ផស្សៈ ក៏​កើតមាន​ក្នុង​សម័យ​នោះ។បេ។ សេចក្តី​មិន​រាយមាយ ក៏​កើតមាន ក្នុង​សម័យ​នោះ។បេ។ នេះ​ពួក​ធម៌​ជាកុសល។ ពួក​ធម៌​ជាកុសល តើ​ដូចម្តេច។ បុគ្គល​ចម្រើន​នូវ​មគ្គ ដើម្បី​ទៅ​កើត​ក្នុង​រូបភព មិន​សំគាល់​នូវ​រូប​ខាងក្នុង ឃើញ​នូវ​ពួក​រូប ខាងក្រៅ បាន​ស្ងាត់​ចាក​កាម​ទាំងឡាយ​ហើយ។បេ។"
    },
    {
      "header": "ចិត្តុប្បាទក័ណ្ឌ",
      "href": "http://ti-kh.org/books?book=78&page=136",
      "text": "ព្រហ្មវិហារជ្ឈាន",
      "detail": "បាន​ដល់​បឋមជ្ឈាន ក្នុង​សម័យ​ណា ផស្សៈ ក៏​កើតមាន​ក្នុង​សម័យ​នោះ។បេ។ សេចក្តី​មិន​រាយមាយ ក៏​កើតមាន ក្នុង​សម័យ​នោះ។បេ។ នេះ​ពួក​ធម៌​ជាកុសល។ ពួក​ធម៌​ជាកុសល តើ​ដូចម្តេច។ បុគ្គល​ចម្រើន​នូវ​មគ្គ ដើម្បី​ទៅ​កើត​ក្នុង​រូបភព មានចិត្ត​ត្រាច់​ចុះ​កាន់​អារម្មណ៍ល្អ(១) បាន​ស្ងាត់​ចាក​កាម​ទាំងឡាយ។បេ។ បាន​ដល់​បឋមជ្ឈាន ក្នុង​សម័យ​ណា ផស្សៈ ក៏​កើតមាន​ក្នុង​សម័យ​នោះ។បេ។ សេចក្តី​មិន​រាយមាយ ក៏​កើតមាន​ក្នុង​សម័យ​នោះ។បេ។ នេះ​ពួក​ធម៌​ជាកុសល។បេ។\n<br><p class=\"PCenter\">នេះ​វិមោក្ខ ៣ មាន​វារៈ ១៦។</p>\n<br><span class=\"IncreaseIndent\">&nbsp;</span>[១៩០] ពួក​ធម៌​ជាកុសល តើ​ដូចម្តេច។ បុគ្គល​ចម្រើន​នូវ​មគ្គ ដើម្បី​ទៅ​កើត​ក្នុង​រូបភព បាន​ស្ងាត់​ចាក​កាម​ទាំងឡាយ។បេ។ បាន​ដល់​បឋមជ្ឈាន ប្រកបដោយ​មេត្តា ក្នុង​សម័យ​ណា ផស្សៈ ក៏​កើតមាន​ក្នុង​សម័យ​នោះ។បេ។ សេចក្តី​មិន​រាយមាយ ក៏​កើតមាន​ក្នុង​សម័យ​នោះ។បេ។ នេះ​ពួក​ធម៌​ជាកុសល។ ពួក​ធម៌​ជាកុសល តើ​ដូចម្តេច។ បុគ្គល​ចម្រើន​នូវ​មគ្គ ដើម្បី​ទៅ​កើត​ក្នុង​រូបភព បាន​រម្ងាប់​វិតក្កៈ និង​វិចារៈ​រួចហើយ។បេ។ បាន​ដល់​ទុតិយជ្ឈាន ប្រកបដោយ​មេត្តា ក្នុង​សម័យ​ណា ផស្សៈ ក៏​កើតមាន​ក្នុង​សម័យ​នោះ។បេ។<hr><div style=\"font-size: 14px\">(១) សំដៅយក​ឈាន ដែល​កើតអំពី​វណ្ណ​កសិណ​ទាំង ៤ មាន​នីល​កសិណ​ជាដើម។</div>"
    },
    {
      "header": "ចិត្តុប្បាទក័ណ្ឌ",
      "href": "http://ti-kh.org/books?book=78&page=140",
      "text": "អសុភជ្ឈាន",
      "detail": "បឋមជ្ឈាន។បេ។ បាន​ដល់​ចតុត្ថជ្ឈាន ប្រកបដោយ​មុទិតា ក្នុង​សម័យ​ណា ផស្សៈ ក៏​កើតមាន ក្នុង​សម័យ​នោះ។បេ។ សេចក្តី​មិន​រាយមាយ ក៏​កើតមាន ក្នុង​សម័យ​នោះ។បេ។ នេះ​ពួក​ធម៌​ជាកុសល។ ពួក​ធម៌​ជាកុសល តើ​ដូចម្តេច។ បុគ្គល​ចម្រើន​នូវ​មគ្គ ដើម្បី​ទៅ​កើត​ក្នុង​រូបភព បាន​លះ​សុខ​ផង។បេ។ បាន​ដល់​ចតុត្ថជ្ឈាន ប្រកបដោយ​ឧបេក្ខា ក្នុង​សម័យ​ណា ផស្សៈ ក៏​កើតមាន ក្នុង​សម័យ​នោះ។បេ។ សេចក្តី​មិន​រាយមាយ ក៏​កើតមាន ក្នុង​សម័យ​នោះ។បេ។ នេះ​ពួក​ធម៌​ជាកុសល។\n<br><p class=\"PCenter\">ចប់ ព្រហ្មវិហារ​ជ្ឈាន​ទាំង ៤ មាន​វារៈ ១៦។</p>\n<br><span class=\"IncreaseIndent\">&nbsp;</span>[១៩១] ពួក​ធម៌​ជាកុសល តើ​ដូចម្តេច។ បុគ្គល​ចម្រើន​នូវ​មគ្គ ដើម្បី​ទៅ​កើត​ក្នុង​រូបភព បាន​ស្ងាត់​ចាក​កាម​ទាំងឡាយ។បេ។ បាន​ដល់​បឋមជ្ឈាន ប្រកបដោយ​សេចក្តី​សំគាល់​នូវ​អសុភ​ហើមប៉ោង ក្នុង​សម័យ​ណា ផស្សៈ ក៏​កើតមាន​ក្នុង​សម័យ​នោះ។បេ។ សេចក្តី​មិន​រាយមាយ ក៏​កើតមាន​ក្នុង​សម័យ​នោះ។បេ។ នេះ​ពួក​ធម៌​ជាកុសល។ ពួក​ធម៌​ជាកុសល តើ​ដូចម្តេច។ បុគ្គល​ចម្រើន​នូវ​មគ្គ ដើម្បី​ទៅ​កើត​ក្នុង​រូបភព បាន​ស្ងាត់​ចាក​កាម​ទាំងឡាយ។បេ។"
    },
    {
      "header": "ចិត្តុប្បាទក័ណ្ឌ",
      "href": "http://ti-kh.org/books?book=78&page=141",
      "text": "អរូបជ្ឈាន",
      "detail": "បាន​ដល់​បឋមជ្ឈាន ប្រកបដោយ​សេចក្តី​សំគាល់​នូវ​អសុភ​មាន​ពណ៌ខៀវ។បេ។ ប្រកបដោយ​សេចក្តី​សំគាល់​នូវ​អសុភ​មាន​ខ្ទុះ​ហូរចេញ។បេ។ ប្រកបដោយ​សេចក្តី​សំគាល់​នូវ​អសុភ​ដាច់​ពាក់កណ្តាល​ខ្លួន។បេ។ ប្រកបដោយ​សេចក្តី​សំគាល់ នូវ​អសុភ​ដែល​សត្វ​កកេរ​ស៊ី។បេ។ ប្រកបដោយ​សេចក្តី​សំគាល់​នូវ​អសុភ​ដែល​រាត់រាយ។បេ។ ប្រកបដោយ​សេចក្តី​សំគាល់​នូវ​អសុភ​ដែលគេ​កាប់​ចិញ្ច្រាំ។បេ។ ប្រកបដោយ​សេចក្តី​សំគាល់​នូវ​អសុភ​ដែល​ប្រឡាក់ឈាម។បេ។ ប្រកបដោយ​សេចក្តី​សំគាល់​នូវ​អសុភ​ដែល​មាន​ដង្កូវ​ចោះ។បេ។ ប្រកបដោយ​សេចក្តី​សំគាល់​នូវ​អសុភ​ដែល​សល់​តែ រាង​ឆ្អឹង ក្នុង​សម័យ​ណា ផស្សៈ ក៏​កើតមាន ក្នុង​សម័យ​នោះ។បេ។ សេចក្តី​មិន​រាយមាយ ក៏​កើតមាន ក្នុង​សម័យ​នោះ។បេ។ នេះ​ពួក​ធម៌​ជាកុសល។\n<br><p class=\"PCenter\">ចប់ អសុភ​ជ្ឈាន មាន​វារៈ ១៦។\n<br>ចប់ រូបាវចរ​កុសល។</p>\n<br><span class=\"IncreaseIndent\">&nbsp;</span>[១៩២] ពួក​ធម៌​ជាកុសល តើ​ដូចម្តេច។ បុគ្គល​ចម្រើន​នូវ​មគ្គ ដើម្បី​ទៅ​កើត​ក្នុង​អរូបភព ព្រោះ​កន្លង​បង់​នូវ​ពួក​រូបសញ្ញា ព្រោះ​វិនាស​បដិឃ​សញ្ញា ព្រោះ​មិន​ធ្វើ​ទុក​ក្នុងចិត្ត នូវ​ពួក​នានត្ត​សញ្ញា ព្រោះ​លះបង់​សុខ​ផង ដោយ​អាការ​ទាំងពួង។បេ។ បាន​ដល់​ចតុត្ថជ្ឈាន ប្រកបដោយ​អាកាសានញ្ចាយតន​សញ្ញា ដ៏​ប្រកបដោយ​ឧបេក្ខា"
    },
    {
      "header": "ចិត្តុប្បាទក័ណ្ឌ",
      "href": "http://ti-kh.org/books?book=78&page=143",
      "text": "ពួកកុសលធម៌ប្រព្រឹត្តទៅក្នុងភូមិ ៣ ផ្សេងដោយហីនៈជាដើម",
      "detail": "នេះ​ពួក​ធម៌​ជាកុសល។ ពួក​ធម៌​ជាកុសល តើ​ដូចម្តេច។ បុគ្គល​ចម្រើន​នូវ​មគ្គ ដើម្បី​ទៅ​កើត​ក្នុង​អរូបភព ព្រោះ​កន្លង​បង់​នូវ​អា​កិ​ញ្ចញ្ញា​យតនៈ ព្រោះ​លះបង់​សុខ​ផង ដោយ​អាការ​ទាំងពួង។បេ។ បាន​ដល់​ចតុត្ថជ្ឈាន ប្រកប​ដោយ​នេវ​សញ្ញា​នា​សញ្ញា​យត​នសញ្ញា ដ៏​ប្រកបដោយ​ឧបេក្ខា ក្នុង​សម័យ​ណា ផស្សៈ ក៏​កើតមាន ក្នុង​សម័យ​នោះ។បេ។ សេចក្តី​មិន​រាយមាយ ក៏​កើតមាន ក្នុង​សម័យ​នោះ។បេ។ នេះ​ពួក​ធម៌​ជាកុសល។\n<br><p class=\"PCenter\">ចប់ អរូបជ្ឈាន ៤ មាន​វារៈ ១៦។\n<br>ចប់ អរូបាវចរ​កុសល។</p>\n<br><span class=\"IncreaseIndent\">&nbsp;</span>[១៩៣] ពួក​ធម៌​ជាកុសល តើ​ដូចម្តេច។ ចិត្តជា​កាមាវចរ​កុសល កើតឡើង ជា​ចិត្ត​ច្រឡំ​ដោយ​សោមនស្ស ប្រកបដោយ​ញាណ​ដ៏​ថោកទាប។បេ។ ជា​កណ្តាល។បេ។ ដ៏​ឧត្តម។បេ។ មាន​ឆន្ទៈ​ជា​អធិបតី។បេ។ មាន​វីរិយៈ​ជា​អធិបតី។បេ។ មានចិត្តជា​អធិបតី។បេ។ មាន​វីមំសា​ជា​អធិបតី។បេ។ មាន​ឆន្ទៈ​ជា​អធិបតី​ដ៏​ថោកទាប។បេ។ ជា​កណ្តាល។បេ។ ដ៏​ឧត្តម។បេ។"
    },
    {
      "header": "ចិត្តុប្បាទក័ណ្ឌ",
      "href": "http://ti-kh.org/books?book=78&page=151",
      "text": "លោកុត្តរកុសល \t\tបទភាជនីយ",
      "detail": "<span class=\"IncreaseIndent\">&nbsp;</span>[១៩៦] ពួក​ធម៌​ជាកុសល តើ​ដូចម្តេច។ បុគ្គល​ចម្រើន​នូវ​លោកុត្តរ​ជ្ឈាន ជា​គ្រឿង​ចេញ​ចាក​វដ្តៈ ជា​ឈាន​ដល់​នូវ​ការ​មិន​សន្សំ​កពូន​ឡើង ដើម្បី​លះបង់​នូវ​ទិដ្ឋិ ដើម្បី​ដល់​នូវ​ភូមិ​ជាដំបូង បាន​ស្ងាត់​ចាក​កាម​ទាំងឡាយ ស្ងាត់​ចាក​អកុសលធម៌​ទាំងឡាយ ហើយ បាន​ដល់​បឋមជ្ឈាន ប្រកបដោយ​វិតក្កៈ ប្រកបដោយ​វិចារៈ មានតែ​បីតិ និង​សុខ ដ៏​កើតអំពី​ទីស្ងាត់​នោះ មាន​សេចក្តី​ប្រតិបត្តិ​លំបាក មាន​សេចក្តី​ត្រាស់​ដឹង​យឺតយូរ ក្នុង​សម័យ​ណា ផស្សៈ ក៏​កើតមាន​ក្នុង​សម័យ​នោះ វេទនា សញ្ញា ចេតនា ចិត្ត វិតក្កៈ វិចារៈ បីតិ សុខ ឯកគ្គតា​របស់​ចិត្ត សទ្ធិន្ទ្រិយ វីរិយិ​ន្ទ្រិយ សតិ​ន្ទ្រិយ សមា​ធិន្ទ្រិយ បញ្ញិ​ន្ទ្រិយ មនិន្ទ្រិយ សោ​មនស្សិ​ន្ទ្រិយ ជីវិតិន្ទ្រិយ អនញ្ញ​តញ្ញស្សា​មី​តិ​ន្ទ្រិយ<sup>(១)</sup> សម្មាទិដ្ឋិ សម្មាសង្កប្បៈ សម្មាវាចា សម្មា​កម្មន្តៈ សម្មាអាជីវៈ សម្មា​វាយាមៈ សម្មាសតិ សម្មាសមាធិ សទ្ធា​ពលៈ<hr><div style=\"font-size: 14px\">(១) ឥន្ទ្រិយ ដែល​កើតឡើង​ដោយ​បុព្វភាគ ដល់​បុគ្គល​ដែល​ប្រតិបត្តិ ដោយ​គិតថា អាត្មាអញ នឹង​ដឹង​ច្បាស់​នូវ​ចតុ​ស្ស​ច្ច​ធម៌ ជា​ផ្លូវ​ព្រះនិព្វាន ដែល​សត្វ​មិនបាន​ដឹង​ក្នុង​សង្សារវដ្ត មាន​ទីបំផុត​ខាងដើម​មិន​ប្រាកដ (អដ្ឋ​សាលិ​នី)។</div>"
    },
    {
      "header": "ចិត្តុប្បាទក័ណ្ឌ",
      "href": "http://ti-kh.org/books?book=78&page=176",
      "text": "កោដ្ឋាសវារៈ",
      "detail": "<span class=\"IncreaseIndent\">&nbsp;</span>[២៥៦] សេចក្តី​មិន​រាយមាយ កើតមាន​ក្នុង​សម័យ​នោះ តើ​ដូចម្តេច។ ការឋិតនៅ កា​រតំ​កល់​នៅនឹង ការតាំងនៅ​ស៊ប់ ការ​មិន​ឃ្លេងឃ្លោង ការ​មិន​រាយមាយ សភាព​នៃ​ចិត្ត មិន​ឃ្លេងឃ្លោង ការ​ស្ងប់​រម្ងាប់ គឺ​សមា​ធិន្ទ្រិយ សមាធិ​ពលៈ សម្មាសមាធិ សមា​ធិ​សម្ពោ​ជ្ឈង្គៈ ជា​អង្គ​នៃ​មគ្គ រាប់បញ្ចូល​ក្នុង​មគ្គ​ណា​របស់​ចិត្ត ក្នុង​សម័យ​នោះ នេះ​សេចក្តី​មិន​រាយមាយ កើតមាន​ក្នុង​សម័យ​នោះ។\n<br><span class=\"IncreaseIndent\">&nbsp;</span>[២៥៧] មួយទៀត ពួក​អរូបធម៌​ដទៃ​ណា ដែល​កើតឡើង​ដោយ​អាស្រ័យហេតុ ក៏​កើតមាន​ក្នុង​សម័យ​នោះ នេះ​ពួក​ធម៌​ជាកុសល។\n<br><span class=\"IncreaseIndent\">&nbsp;</span>[២៥៨] ខន្ធ៤ កើតមាន​ក្នុង​សម័យ​នោះ អាយ​នៈ ២ ធាតុ ២ អាហារ ៣ ឥន្ទ្រិយ ៩ ឈាន​ប្រកបដោយ​អង្គ ៥ មគ្គ​ប្រកបដោយ​អង្គ ៨ ពលៈ ៧ ហេតុ ៣ ផស្សៈ ១ វេទនា ១"
    },
    {
      "header": "ចិត្តុប្បាទក័ណ្ឌ",
      "href": "http://ti-kh.org/books?book=78&page=178",
      "text": "បដិបទា",
      "detail": "សម្មាទិដ្ឋិ ហិរិ ឱត្តប្បៈ សេចក្តី​ស្ងប់​កាយ សេចក្តី​ស្ងប់ចិត្ត សេចក្តី​ស្រាល​កាយ សេចក្តី​ស្រាល​ចិត្ត សេចក្តី​ទន់​កាយ សេចក្តី​ទន់ចិត្ត កាយ​គួរ​ដល់​ការងារ ចិត្ត​គួរ​ដល់​ការងារ សេចក្តី​ស្ទាត់​កាយ សេចក្តី​ស្ទាត់​ចិត្ត សេចក្តី​ត្រង់​កាយ សេចក្តី​ត្រង់​ចិត្ត សតិ សម្បជញ្ញៈ សមថៈ វិបស្សនា សេចក្តី​ផ្គង​ឡើង សេចក្តី​មិន​រាយមាយ ឬក៏ ពួក​អរូបធម៌​ដទៃ​ណា ក្រៅអំពី​វេទនាខន្ធ សញ្ញាខន្ធ វិញ្ញាណក្ខន្ធ ដែល​កើត​ដោយ​អាស្រ័យហេតុ កើតមាន​ក្នុង​សម័យ​នោះ នេះ​សង្ខារក្ខន្ធ កើតមាន ក្នុង​សម័យ​នោះ។បេ។ នេះ​ពួក​ធម៌​ជាកុសល។\n<br><span class=\"IncreaseIndent\">&nbsp;</span>[២៦០] ពួក​ធម៌​ជាកុសល តើ​ដូចម្តេច។ បុគ្គល​ចម្រើន​នូវ​លោកុត្តរ​ជ្ឈាន ជា​គ្រឿង​ចេញ​ចាក​វដ្ដៈ ដល់​នូវ​ការ​មិន​សន្សំ​កពូន​ឡើង ដើម្បី​លះបង់​នូវ​ទិដ្ឋិ ដើម្បី​ដល់​នូវ​ភូមិ​ជា​ប្រថម បាន​ស្ងាត់​ចាក​កាម​ទាំងឡាយ។បេ។ បាន​ដល់​បឋមជ្ឈាន មាន​សេចក្តី​ប្រតិបត្តិ​លំបាក មាន​សេចក្តី​ត្រាស់​ដឹង​យឺតយូរ ក្នុង​សម័យ​ណា ផស្សៈ ក៏​កើតមាន​ក្នុង​សម័យ​នោះ។បេ។ សេចក្តី​មិន​រាយមាយ ក៏​កើតមាន​ក្នុង​សម័យ​នោះ។បេ។ នេះ​ពួក​ធម៌​ជាកុសល។"
    },
    {
      "header": "ចិត្តុប្បាទក័ណ្ឌ",
      "href": "http://ti-kh.org/books?book=78&page=193",
      "text": "ពួកមគ្គដ៏សេស",
      "detail": "<span class=\"IncreaseIndent\">&nbsp;</span>[២៧១] ពួក​ធម៌​ជាកុសល តើ​ដូចម្តេច។ បុគ្គល​ចម្រើន​នូវ​លោកុត្តរ​ជ្ឈាន ជា​គ្រឿង​ចេញ​ចាក​វដ្ដៈ ដល់​នូវ​ការ​មិន​សន្សំ​កពូន​ឡើង ដើម្បី​ធ្វើ​កាមរាគ និង​ព្យាបាទ ឲ្យ​ស្រាលស្តើង ដើម្បី​ដល់​នូវ​ទុតិយភូមិ (សកទាគាមិមគ្គ) បាន​ស្ងាត់​ចាក​កាម​ទាំងឡាយ។បេ។ បាន​ដល់​បឋមជ្ឈាន មាន​សេចក្តី​ប្រតិបត្តិ​លំបាក មាន​សេចក្តី​ត្រាស់​ដឹង​យឺតយូរ ក្នុង​សម័យ​ណា ផស្សៈ ក៏​កើតមាន​ក្នុង​សម័យ​នោះ។បេ។ អញ្ញិ​ន្ទ្រិយ។បេ។ សេចក្តី​មិន​រាយមាយ ក៏​កើតមាន​ក្នុង​សម័យ​នោះ។បេ។ នេះ​ពួក​ធម៌​ជាកុសល។បេ។\n<br><p class=\"PCenter\">ចប់ មគ្គ ទី ២។</p>\n<br><span class=\"IncreaseIndent\">&nbsp;</span>[២៧២] ពួក​ធម៌​ជាកុសល តើ​ដូចម្តេច។ បុគ្គល​ចម្រើន​នូវ​លោកុត្តរ​ជ្ឈាន ជា​គ្រឿង​ចេញ​ចាក​វដ្ដៈ ដល់​នូវ​ការ​មិន​សន្សំ​កពូន​ឡើង ដើម្បី​លះបង់​កាមរាគ និង​ព្យាបាទ​ឲ្យអស់​រលីង ដើម្បី​ដល់​នូវ​តតិយ​ភូមិ (អនាគាមិមគ្គ) បាន​ស្ងាត់​ចាក​កាម​ទាំងឡាយ។បេ។ បាន​ដល់​បឋមជ្ឈាន មាន​សេចក្តី​ប្រតិបត្តិ​លំបាក មាន​សេចក្តី​ត្រាស់​ដឹង​យឺតយូរ ក្នុង​សម័យ​ណា ផស្សៈ ក៏​កើតមាន​ក្នុង​សម័យ​នោះ។បេ។ អញ្ញិ​ន្ទ្រិយ។បេ។"
    },
    {
      "header": "ចិត្តុប្បាទក័ណ្ឌ",
      "href": "http://ti-kh.org/books?book=78&page=196",
      "text": "អកុសលធម៌\t\t\tបទភាជនីយ",
      "detail": "<span class=\"IncreaseIndent\">&nbsp;</span>[២៧៥] ពួក​ធម៌​ជាអកុសល តើ​ដូចម្តេច។ អកុសលចិត្ត ច្រឡំ​ដោយ​សោមនស្ស ប្រកបដោយ​ទិដ្ឋិ មាន​រូប​ជា​អារម្មណ៍​ក្តី មាន​សំឡេង​ជា​អារម្មណ៍​ក្តី មាន​ក្លិន​ជា​អារម្មណ៍​ក្តី មាន​រស​ជា​អារម្មណ៍​ក្តី មាន​ផោដ្ឋព្វៈ​ជា​អារម្មណ៍​ក្តី មានធម៌​ជា​អារម្មណ៍​ក្តី ឬប្រារព្ធ​នូវ​អារម្មណ៍ ណាៗ កើតឡើង​ហើយ ក្នុង​សម័យ​ណា ផស្សៈ ក៏​កើតមាន​ក្នុង​សម័យ​នោះ វេទនា សញ្ញា ចេតនា ចិត្ត វិតក្កៈ វិចារៈ បីតិ សុខៈ ឯកគ្គតា​របស់​ចិត្ត វីរិយិ​ន្ទ្រិយ សមា​ធិន្ទ្រិយ មនិន្ទ្រិយ សោ​មនស្សិ​ន្ទ្រិយ ជីវិតិន្ទ្រិយ មិច្ឆាទិដ្ឋិ មិច្ឆាសង្កប្បៈ មិច្ឆា​វាយាមៈ មិច្ឆាសមាធិ វីរិយ​ពលៈ សមាធិ​ពលៈ អហិរិក​ពលៈ អនោត្តប្ប​ពលៈ លោភៈ មោហៈ អភិជ្ឈា"
    },
    {
      "header": "ចិត្តុប្បាទក័ណ្ឌ",
      "href": "http://ti-kh.org/books?book=78&page=209",
      "text": "កោដ្ឋាសវារៈ",
      "detail": "<span class=\"IncreaseIndent\">&nbsp;</span>[៣០៨] ឬក៏​ពួក​អរូបធម៌​ដទៃ​ណា ដែល​កើតឡើង​ព្រោះ​អាស្រ័យហេតុ កើតមាន​ក្នុង​សម័យ​នោះ នេះ​ពួក​ធម៌​ជាអកុសល។\n<br><span class=\"IncreaseIndent\">&nbsp;</span>[៣០៩] ខន្ធ ៤ អាយតនៈ ២ ធាតុ ២ អាហារ ៣ ឥន្ទ្រិយ ៥ ឈាន​ប្រកបដោយ​អង្គ ៥ មគ្គ​ប្រកបដោយ​អង្គ ៤ ពលៈ ៤ ហេតុ ២ ផស្សៈ ១។បេ។ ធម្មាយតនៈ ១ ធម្មធាតុ ១ កើតមាន​ក្នុង​សម័យ​នោះ ឬក៏​ពួក​អរូបធម៌​ដទៃ​ណា ដែល​កើតឡើង​ព្រោះ​អាស្រ័យហេតុ កើតមាន​ក្នុង​សម័យ​នោះ នេះ​ពួក​ធម៌​ជាអកុសល។បេ។\n<br><span class=\"IncreaseIndent\">&nbsp;</span>[៣១០] សង្ខារក្ខន្ធ កើតមាន​ក្នុង​សម័យ​នោះ តើ​ដូចម្តេច។ ផស្សៈ ចេតនា វិតក្កៈ វិចារៈ បីតិ ឯកគ្គតា​របស់​ចិត្ត វីរិយិ​ន្ទ្រិយ សមា​ធិន្ទ្រិយ ជីវិតិន្ទ្រិយ មិច្ឆាទិដ្ឋិ មិច្ឆាសង្កប្បៈ មិច្ឆា​វាយាមៈ មិច្ឆាសមាធិ វីរិយ​ពលៈ សមាធិ​ពលៈ អហិរិក​ពលៈ អនោត្តប្ប​ពលៈ"
    },
    {
      "header": "ចិត្តុប្បាទក័ណ្ឌ",
      "href": "http://ti-kh.org/books?book=78&page=210",
      "text": "ពួកអកុសលចិត្តដ៏សេស",
      "detail": "លោភៈ មោហៈ អភិជ្ឈា មិច្ឆាទិដ្ឋិ អហិរិកៈ អនោត្តប្បៈ សមថៈ បគ្គា​ហៈ អវិ​ក្ខេ​បៈ ឬក៏​ពួក​អរូបធម៌​ដទៃ​ណា ដែល​កើតឡើង​ព្រោះ​អាស្រ័យហេតុ កើតមាន​ក្នុង​សម័យ​នោះ លើកទុក​តែ​វេទនាខន្ធ សញ្ញាខន្ធ វិញ្ញាណក្ខន្ធ​ចេញ នេះ​សង្ខារក្ខន្ធ កើតមាន​ក្នុង​សម័យ​នោះ។បេ។ នេះ​ពួក​ធម៌​ជាអកុសល។\n<br><span class=\"IncreaseIndent\">&nbsp;</span>[៣១១] ពួក​ធម៌​ជាអកុសល តើ​ដូចម្តេច។ ចិត្តជា​អកុសល ច្រឡំ​ដោយ​សោមនស្ស ប្រកបដោយ​ទិដ្ឋិ ប្រកបដោយ​សង្ខារ មាន​រូប​ជា​អារម្មណ៍​ក្តី។បេ។ មានធម៌​ជា​អារម្មណ៍​ក្តី ឬក៏​ប្រារព្ធ​អា​រម្ម​ណ៍​ណាៗ កើតឡើង​ហើយ ក្នុង​សម័យ​ណា ផស្សៈ ក៏​កើតមាន​ក្នុង​សម័យ​នោះ។បេ។ សេចក្តី​មិន​រាយមាយ ក៏​កើតមាន​ក្នុង​សម័យ​នោះ។បេ។ នេះ​ពួក​ធម៌​ជាអកុសល។បេ។"
    },
    {
      "header": "ចិត្តុប្បាទក័ណ្ឌ",
      "href": "http://ti-kh.org/books?book=78&page=232",
      "text": "អព្យាកតធម៌\t \t\tពួកកាមាវចរវិបាក",
      "detail": "ឧទ្ធច្ចៈ មោហៈ អហិរិកៈ អនោត្តប្បៈ សមថៈ បគ្គា​ហៈ អវិ​ក្ខេ​បៈ ឬក៏ ពួក​អរូបធម៌​ដទៃ​ណា ដែល​កើតឡើង​ព្រោះ​អាស្រ័យហេតុ កើតមាន ក្នុង​សម័យ​នោះ លើកទុក​តែ​វេទនាខន្ធ សញ្ញាខន្ធ វិញ្ញាណក្ខន្ធ​ចេញ នេះ​សង្ខារក្ខន្ធ កើតមាន ក្នុង​សម័យ​នោះ។បេ។ នេះ​ពួក​ធម៌​ជាអកុសល។\n<br><p class=\"PCenter\">ចប់ អកុសលចិត្ត ១២។</p>\n<br><span class=\"IncreaseIndent\">&nbsp;</span>[៣៣៨] ពួក​ធម៌​ជា​អព្យាក្រឹត តើ​ដូចម្តេច។ ចក្ខុវិញ្ញាណ ជា​វិបាក ច្រឡំ​ដោយ​ឧបេក្ខា មាន​រូប​ជា​អារម្មណ៍ កើតឡើង​ហើយ ព្រោះ​ហេតុ​បាន​ធ្វើ បាន​សន្សំ​នូវ​កម្ម​ជា​កាមាវចរ​កុសល ក្នុង​សម័យ​ណា ផស្សៈ ក៏​កើតមាន​ក្នុង​សម័យ​នោះ វេទនា សញ្ញា ចេតនា ចិត្ត ឧបេក្ខា ឯកគ្គតា​របស់​ចិត្ត មនិន្ទ្រិយ ឧបេ​ក្ខិន្ទ្រិយ ជីវិតិន្ទ្រិយ កើតមាន​ក្នុង​សម័យ​នោះ ឬក៏​ពួក​អរូបធម៌​ដទៃ​ណា ដែល​កើតឡើង​ព្រោះ​អាស្រ័យហេតុ ក៏​កើតមាន​ក្នុង​សម័យ​នោះ នេះ​ពួក​ធម៌​ជា​អព្យាក្រឹត។"
    },
    {
      "header": "ចិត្តុប្បាទក័ណ្ឌ",
      "href": "http://ti-kh.org/books?book=78&page=260",
      "text": "ពួករូបាវចរវិបាក",
      "detail": "<span class=\"IncreaseIndent\">&nbsp;</span>[៤១៦] អលោភៈ មាន​អព្យាក្រឹត​ជា​មូល។បេ។ អទោសៈ មាន​អព្យាក្រឹត​ជា​មូល។បេ។ អមោហៈ មាន​អព្យាក្រឹត​ជា​មូល។បេ។ នេះ​ពួក​ធម៌​ជា​អព្យាក្រឹត។បេ។\n<br><p class=\"PCenter\">ចប់ មហា​វិបាក ៨។</p>\n<br><span class=\"IncreaseIndent\">&nbsp;</span>[៤១៧] ពួក​ធម៌​ជា​អព្យាក្រឹត តើ​ដូចម្តេច។ បុគ្គល​ចម្រើន​នូវ​មគ្គ ដើម្បី​ទៅ​កើត​ក្នុង​រូបភព បាន​ស្ងាត់​ចាក​កាម​ទាំងឡាយ។បេ។ បាន​ដល់​បឋមជ្ឈាន មាន​ដី​ជា​កសិណ ក្នុង​សម័យ​ណា ផស្សៈ ក៏​កើតមាន​ក្នុង​សម័យ​នោះ។បេ។ អវិ​ក្ខេ​បៈ ក៏​កើតមាន​ក្នុង​សម័យ​នោះ។បេ។ ពួក​ធម៌​ជាកុសល​ទាំងនេះ ជា​វិបាក ព្រោះ​ហេតុ​បាន​ធ្វើ បាន​សន្សំ នូវ​កម្ម​ជា​រូបាវចរ​កុសល​នោះ​ឯង បាន​ស្ងាត់​ចាក​កាម​ទាំងឡាយ។បេ។ បាន​ដល់​បឋមជ្ឈាន មាន​ដី​ជា​កសិណ ក្នុង​សម័យ​ណា ផស្សៈ ក៏​កើតមាន​ក្នុង​សម័យ​នោះ។បេ។ អវិ​ក្ខេ​បៈ ក៏​កើតមាន​ក្នុង​សម័យ​នោះ។បេ។ នេះ​ពួក​ធម៌​ជា​អព្យាក្រឹត។បេ។ ពួក​ធម៌​ជា​អព្យាក្រឹត តើ​ដូចម្តេច។ បុគ្គល​ចម្រើន​នូវ​មគ្គ ដើម្បី​ទៅ​កើត​ក្នុង​រូបភព បាន​រម្ងាប់​វិតក្កៈ និង​វិចារៈ។បេ។ បាន​ដល់​ទុតិយជ្ឈាន។បេ។ តតិយជ្ឈាន។បេ។ ចតុត្ថជ្ឈាន។បេ។ បឋមជ្ឈាន។បេ។"
    },
    {
      "header": "ចិត្តុប្បាទក័ណ្ឌ",
      "href": "http://ti-kh.org/books?book=78&page=261",
      "text": "ពួកអរូបាវចរវិបាក",
      "detail": "បាន​ដល់​បញ្ច​មជ្ឈា​ន មាន​ដី​ជា​កសិណ ក្នុង​សម័យ​ណា ផស្សៈ ក៏​កើតមាន​ក្នុង​សម័យ​នោះ។បេ។ អវិ​ក្ខេ​បៈ ក៏​កើតមាន ក្នុង​សម័យ​នោះ។បេ។ ពួក​ធម៌​ជាកុសល​ទាំងនេះ​ជា​វិបាក ព្រោះ​ហេតុ​បាន​ធ្វើ បាន​សន្សំ នូវ​កម្ម​ជា​រូបាវចរ​កុសល​នោះ​ឯង បាន​លះបង់​សុខ​ផង។បេ។ បាន​ដល់​បញ្ច​មជ្ឈា​ន មាន​ដី​ជា​កសិណ ក្នុង​សម័យ​ណា ផស្សៈ ក៏​កើតមាន​ក្នុង​សម័យ​នោះ។បេ។ អវិ​ក្ខេ​បៈ ក៏​កើតមាន ក្នុង​សម័យ​នោះ។បេ។ នេះ​ពួក​ធម៌​ជា​អព្យាក្រឹត។បេ។\n<br><p class=\"PCenter\">ចប់ រូបាវចរ​វិបាក។</p>\n<br><span class=\"IncreaseIndent\">&nbsp;</span>[៤១៨] ពួក​ធម៌​ជា​អព្យាក្រឹត តើ​ដូចម្តេច។ បុគ្គល​ចម្រើន​នូវ​មគ្គ ដើម្បី​ទៅ​កើត​ក្នុង​អរូបភព ព្រោះ​កន្លង​នូវ​ពួក​រូបសញ្ញា ដោយ​ប្រការ​ទាំងពួង កំចាត់​បង់​នូវ​ពួក​បដិឃ​សញ្ញា មិន​ធ្វើ​ទុក​ក្នុងចិត្ត​នូវ​ពួក​នានត្ត​សញ្ញា លះបង់​នូវ​សុខ​ផង។បេ។ បាន​ដល់​ចតុត្ថជ្ឈាន ប្រកបដោយ​អាកាសានញ្ចាយតន​សញ្ញា ក្នុង​សម័យ​ណា ផស្សៈ ក៏​កើតមាន​ក្នុង​សម័យ​នោះ។បេ។ អវិ​ក្ខេ​បៈ ក៏​កើតមាន​ក្នុង​សម័យ​នោះ។បេ។"
    },
    {
      "header": "ចិត្តុប្បាទក័ណ្ឌ",
      "href": "http://ti-kh.org/books?book=78&page=265",
      "text": "ពួកលោកុត្តរវិបាក",
      "detail": "បាន​ដល់​ចតុត្ថជ្ឈាន ប្រកប​ដោយ​នេវ​សញ្ញា​នា​សញ្ញា​យត​នសញ្ញា ក្នុង​សម័យ​ណា ផស្សៈ ក៏​កើតមាន ក្នុង​សម័យ​នោះ។បេ។ អវិ​ក្ខេ​បៈ ក៏​កើតមាន​ក្នុង​សម័យ​នោះ។បេ។ នេះ​ពួក​ធម៌​ជា​អព្យាក្រឹត។\n<br><p class=\"PCenter\">ចប់ អរូបាវចរ​វិបាក។</p>\n<br><span class=\"IncreaseIndent\">&nbsp;</span>[៤២២] ពួក​ធម៌​ជា​អព្យាក្រឹត តើ​ដូចម្តេច។ បុគ្គល​ចម្រើន​នូវ​លោកុត្តរ​ជ្ឈាន ជា​គ្រឿង​ចេញ​ចាក​វដ្តៈ ដល់​នូវ​ការ​មិន​សន្សំ​កពូន​ឡើង ដើម្បី​លះបង់​នូវ​ទិដ្ឋិ ដើម្បី​ដល់​នូវ​ភូមិ​ជា​ប្រថម ស្ងាត់​ចាក​កាម​ទាំងឡាយ។បេ។ បាន​ដល់​បឋមជ្ឈាន មាន​សេចក្តី​ប្រតិបត្តិ​លំបាក មានការ​ត្រាស់​ដឹង​យឺតយូរ ក្នុង​សម័យ​ណា ផស្សៈ ក៏​កើតមាន​ក្នុង​សម័យ​នោះ។បេ។ អវិ​ក្ខេ​បៈ ក៏​កើតមាន​ក្នុង​សម័យ​នោះ។បេ។ ពួក​ធម៌​ជាកុសល​ទាំងនេះ ជា​វិបាក ព្រោះ​ហេតុ​បាន​ធ្វើ បាន​ចម្រើន​នូវ​កុសល​ជ្ឈាន ជា​លោ​កុត្ត​រៈ​នោះ​ឯង ស្ងាត់​ចាក​កាម​ទាំងឡាយ។បេ។ បាន​ដល់​បឋមជ្ឈាន មាន​សេចក្តី​ប្រតិបត្តិ​លំបាក មានការ​ត្រាស់​ដឹង​យឺតយូរ ជា​សុញ្ញ​តៈ (សូន្យ​ចាក​កិលេស) ក្នុង​សម័យ​ណា ផស្សៈ ក៏​កើតមាន​ក្នុង​សម័យ​នោះ។បេ។ អញ្ញិ​ន្ទ្រិយ ក៏​កើតមាន​ក្នុង​សម័យ​នោះ។បេ។ អវិ​ក្ខេ​បៈ ក៏​កើតមាន​ក្នុង​សម័យ​នោះ។បេ។ នេះ​ពួក​ធម៌​ជា​អព្យាក្រឹត។"
    },
    {
      "header": "ចិត្តុប្បាទក័ណ្ឌ",
      "href": "http://ti-kh.org/books?book=78&page=318",
      "text": "ពួកអកុសលវិបាក",
      "detail": "<span class=\"IncreaseIndent\">&nbsp;</span>[៤៧២] ពួក​ធម៌​ជា​អព្យាក្រឹត តើ​ដូចម្តេច។ ចក្ខុវិញ្ញាណ ជា​វិបាក ច្រឡំ​ដោយ​ឧបេក្ខា មាន​រូប​ជា​អារម្មណ៍ កើតឡើង​ហើយ ព្រោះ​ហេតុ​បាន​ធ្វើ បាន​សន្សំ នូវ​កម្ម​ជាអកុសល។បេ។ សោតវិញ្ញាណ ច្រឡំ​ដោយ​ឧបេក្ខា មាន​សំឡេង​ជា​អារម្មណ៍ កើតឡើង​ហើយ។បេ។ ឃានវិញ្ញាណ ច្រឡំ​ដោយ​ឧបេក្ខា មាន​ក្លិន​ជា​អារម្មណ៍ កើតឡើង​ហើយ។បេ។ ជិវ្ហា​វិញ្ញាណ ច្រឡំ​ដោយ​ឧបេក្ខា មាន​រស​ជា​អារម្មណ៍ កើតឡើង​ហើយ។បេ។ កាយវិញ្ញាណ ច្រឡំ​ដោយ​ទុក្ខ មាន​ផោដ្ឋព្វៈ​ជា​អារម្មណ៍ កើតឡើង​ហើយ ក្នុង​សម័យ​ណា ផស្សៈ ក៏​កើតមាន ក្នុង​សម័យ​នោះ វេទនា សញ្ញា ចេតនា ចិត្ត ទុក្ខ ឯកគ្គតា​របស់​ចិត្ត មនិន្ទ្រិយ ទុ​ក្ខិន្ទ្រិយ ជីវិតិន្ទ្រិយ ឬក៏​ពួក​អរូបធម៌​ដទៃ​ណា ដែល​កើតឡើង​ព្រោះ​អាស្រ័យហេតុ ក៏​កើតមាន​ក្នុង​សម័យ​នោះ នេះ​ពួក​ធម៌​ជា​អព្យាក្រឹត។"
    },
    {
      "header": "ចិត្តុប្បាទក័ណ្ឌ",
      "href": "http://ti-kh.org/books?book=78&page=325",
      "text": "ពួកកាមាវចរកិរិយា",
      "detail": "<span class=\"IncreaseIndent\">&nbsp;</span>[៤៨២] ពួក​ធម៌​ជា​អព្យាក្រឹត តើ​ដូចម្តេច។ មនោ​ធាតុ ជា​កិរិយា មិនមែន​ជាកុសល មិនមែន​ជាអកុសល ទាំង​មិនមែន​ជា​កម្មវិបាក ច្រឡំ​ដោយ​ឧបេក្ខា មាន​រូប​ជា​អារម្មណ៍​ក្តី។បេ។ មាន​ផោដ្ឋព្វៈ​ជា​អារម្មណ៍​ក្តី ឬក៏ ប្រារព្ធ​អា​រម្ម​ណ៍​ណាៗ កើតឡើង​ហើយ ក្នុង​សម័យ​ណា ផស្សៈ ក៏​កើតមាន​ក្នុង​សម័យ​នោះ វេទនា សញ្ញា ចេតនា ចិត្ត វិតក្កៈ វិចារៈ ឧបេក្ខា ឯកគ្គតា​របស់​ចិត្ត មនិន្ទ្រិយ ឧបេ​ក្ខិន្ទ្រិយ ជីវិតិន្ទ្រិយ ក៏​កើតមាន​ក្នុង​សម័យ​នោះ ឬក៏​ពួក​អរូបធម៌​ដទៃ​ណា ដែល​កើតឡើង​ព្រោះ​អាស្រ័យហេតុ ក៏​កើតមាន​ក្នុង​សម័យ​នោះ នេះ​ពួក​ធម៌​ជា​អព្យាក្រឹត។\n<br><span class=\"IncreaseIndent\">&nbsp;</span>[៤៨៣] ខន្ធ ៤ កើតមាន​ក្នុង​សម័យ​នោះ អាយតនៈ ២ ធាតុ ២ អាហារ ៣ ឥន្ទ្រិយ ៣ ផស្សៈ ១។បេ។ មនោ​ធាតុ ១"
    },
    {
      "header": "ចិត្តុប្បាទក័ណ្ឌ",
      "href": "http://ti-kh.org/books?book=78&page=333",
      "text": "ពួករូបាវចរកិរិយា",
      "detail": "<span class=\"IncreaseIndent\">&nbsp;</span>[៤៩៤] ពួក​ធម៌​ជា​អព្យាក្រឹត តើ​ដូចម្តេច។ បុគ្គល​ចម្រើន​នូវ​រូបាវចរ​ជ្ឈាន ជា​កិរិយា មិនមែន​ជាកុសល មិនមែន​ជាអកុសល ទាំង​មិនមែន​ជា​កម្មវិបាក ជា​គ្រឿង​នៅជា​សុខ ក្នុង​បច្ចុប្បន្ន បាន​ស្ងាត់​ចាក​កាម​ទាំងឡាយ។បេ។ បាន​ដល់​បឋមជ្ឈាន មាន​ដី​ជា​កសិណ ក្នុង​សម័យ​ណា ផស្សៈ ក៏​កើតមាន​ក្នុង​សម័យ​នោះ។បេ។ អវិ​ក្ខេ​បៈ ក៏​កើតមាន​ក្នុង​សម័យ​នោះ។បេ។ នេះ​ពួក​ធម៌​ជា​អព្យាក្រឹត។បេ។\n<br><span class=\"IncreaseIndent\">&nbsp;</span>[៤៩៥] ពួក​ធម៌​ជា​អព្យាក្រឹត តើ​ដូចម្តេច។ បុគ្គល​ចម្រើន​នូវ​រូបាវចរ​ជ្ឈាន ជា​កិរិយា មិនមែន​ជាកុសល មិនមែន​ជាអកុសល ទាំង​មិនមែន​ជា​កម្មវិបាក ជា​គ្រឿង​នៅជា​សុខ ក្នុង​បច្ចុប្បន្ន បាន​រម្ងាប់​វិតក្កៈ និង​វិចារៈ។បេ។ ទុតិយជ្ឈាន។បេ។ តតិយជ្ឈាន។បេ។ ចតុត្ថជ្ឈាន។បេ។ បឋមជ្ឈាន។បេ។ បាន​ដល់​បញ្ច​មជ្ឈា​ន មាន​ដី​ជា​កសិណ ក្នុង​សម័យ​ណា ផស្សៈ ក៏​កើតមាន​ក្នុង​សម័យ​នោះ។បេ។ អវិ​ក្ខេ​បៈ ក៏​កើតមាន​ក្នុង​សម័យ​នោះ។បេ។ នេះ​ពួក​ធម៌​ជា​អព្យាក្រឹត។បេ។\n<br><p class=\"PCenter\">ចប់ រូបាវចរ​កិរិយា។ </p>"
    },
    {
      "header": "ចិត្តុប្បាទក័ណ្ឌ",
      "href": "http://ti-kh.org/books?book=78&page=334",
      "text": "ពួកអរូបាវចរកិរិយា",
      "detail": "<span class=\"IncreaseIndent\">&nbsp;</span>[៤៩៦] ពួក​ធម៌​ជា​អព្យាក្រឹត តើ​ដូចម្តេច។ បុគ្គល​ចម្រើន​នូវ​អរូបាវចរ​ជ្ឈាន ជា​កិរិយា មិនមែន​ជាកុសល មិនមែន​ជាអកុសល ទាំង​មិនមែន​ជា​កម្មវិបាក ជា​គ្រឿង​នៅជា​សុខ ក្នុង​បច្ចុប្បន្ន បាន​កន្លង​បង់​នូវ​ពួក​រូបសញ្ញា ដោយ​ប្រការ​ទាំងពួង បាន​កំចាត់​បង់​ពួក​បដិឃ​សញ្ញា មិន​ធ្វើ​ទុក​ក្នុងចិត្ត​នូវ​ពួក​នានត្ត​សញ្ញា លះបង់​នូវ​សុខ​ផង។បេ។ បាន​ដល់​ចតុត្ថជ្ឈាន ច្រឡំ​ដោយ​អាកាសានញ្ចាយតន​សញ្ញា ក្នុង​សម័យ​ណា ផស្សៈ ក៏​កើតមាន​ក្នុង​សម័យ​នោះ។បេ។ អវិ​ក្ខេ​បៈ ក៏​កើតមាន​ក្នុង​សម័យ​នោះ។បេ។ នេះ​ពួក​ធម៌​ជា​អព្យាក្រឹត។\n<br><span class=\"IncreaseIndent\">&nbsp;</span>[៤៩៧] ពួក​ធម៌​ជា​អព្យាក្រឹត តើ​ដូចម្តេច។ បុគ្គល​ចម្រើន​នូវ​អរូបាវចរ​ជ្ឈាន ជា​កិរិយា មិនមែន​ជាកុសល មិនមែន​ជាអកុសល ទាំង​មិនមែន​ជា​កម្មវិបាក ជា​គ្រឿង​នៅជា​សុខ ក្នុង​បច្ចុប្បន្ន បាន​កន្លង​បង់​នូវ​អាកាសានញ្ចាយតនៈ ដោយ​ប្រការ​ទាំងពួង លះបង់​នូវ​សុខ​ផង។បេ។ បាន​ដល់​ចតុត្ថជ្ឈាន ច្រឡំ​ដោយ​វិ​ញ្ញាណ​ញ្ចា​យត​នសញ្ញា ក្នុង​សម័យ​ណា ផស្សៈ ក៏​កើតមាន​ក្នុង​សម័យ​នោះ។បេ។ អវិ​ក្ខេ​បៈ ក៏​កើតមាន​ក្នុង​សម័យ​នោះ។បេ។ នេះ​ពួក​ធម៌​ជា​អព្យាក្រឹត។"
    }
  ]
}