{
  "title": "ភាគ ៣៣",
  "imageSrc": "photos/Book_33.jpg",
  "href": "http://ti-kh.org/books?book=33",
  "contents": [
    {
      "header": "សុត្តន្តបិដក\nសំយុត្តនិកាយ  ខន្ធវារវគ្គ\nបញ្ចមភាគ",
      "href": "http://ti-kh.org/books?book=33&page=3",
      "text": "ខន្ធសំយុត្ត មូលបណ្ណាសកៈ        នកុលបិតវគ្គ ទី ១",
      "detail": "<span class=\"IncreaseIndent\">&nbsp;</span>​[​២​]​ ​លំដាប់នោះ​ ​នកុ​លបិ​តា​គហបតី​ ​ត្រេកអរ​ ​រីករាយ​ ​ចំពោះ​ភាសិត​របស់​ព្រះមានព្រះភាគ​ ​ហើយ​ក្រោក​ចាក​អាសនៈ​ ​ក្រាប​ថ្វាយបង្គំ​ព្រះមានព្រះភាគ​ ​ធ្វើ​ប្រទក្សិណ​ ​ហើយ​ចូល​ទៅ​រក​ព្រះ​សារីបុត្ត​មាន​អាយុ​ ​លុះ​ចូល​ទៅដល់​ ​ក្រាប​ថ្វាយបង្គំ​ព្រះ​សារីបុត្ត​មាន​អាយុ​ ​ហើយ​អង្គុយ​ក្នុង​ទី​ដ៏​សមគួរ​។​ ​លុះ​នកុ​លបិ​តា​គហបតី​ ​អង្គុយ​ក្នុង​ទី​ដ៏​សមគួរ​ហើយ​ ​ទើប​ព្រះ​សារីបុត្ត​មាន​អាយុ​ ​និយាយ​យ៉ាងនេះ​ថា​ ​ម្នាល​គហបតី​ ​ឥន្ទ្រិយ​របស់​អ្នក​ស្រស់បស់​ ​សម្បុរ​មុខ​ក៏​ស្អាត​ផូរផង់​ ​ទំនងជា​បាន​ស្តាប់​ធម្មី​កថា​ ​ក្នុង​ទី​ចំពោះ​ព្រះ​ភក្ត្រ​ ​របស់​ព្រះមានព្រះភាគ​ ​ក្នុងថ្ងៃនេះ​ហើយ​ទេ​ដឹង​។​ ​បពិត្រ​លោក​ដ៏​ចម្រើន​ ​ថ្វី​ក៏​ខ្ញុំ​ព្រះករុណា​មិនបាន​ស្តាប់​ ​បពិត្រ​លោក​ដ៏​ចម្រើន​ ​អម្បាញ់មិញ​ ​ព្រះមានព្រះភាគ​ ​បាន​ស្រោច​ស្រប់​ទឹកអម្រឹត​ ​គឺ​ធម្មី​កថា​ ​ដល់​ខ្ញុំ​ព្រះករុណា​។​ ​ម្នាល​គហបតី​ ​ចុះ​ព្រះមានព្រះភាគ​ ​ស្រោច​ស្រប់​ទឹកអម្រឹត​ ​គឺ​ធម្មី​កថា​ ​ដល់​អ្នក​ ​ដូចម្តេច​ខ្លះ​។​ ​បពិត្រ​លោក​ដ៏​ចម្រើន​ ​ក្នុង​អម្បាញ់មិញ​នេះ​ ​ខ្ញុំ​ព្រះករុណា​ ​បាន​ចូល​ទៅ​គាល់​ព្រះមានព្រះភាគ​ ​លុះ​ចូល​ទៅដល់​ ​ក្រាប​ថ្វាយបង្គំ​ព្រះមានព្រះភាគ​ ​ហើយ​អង្គុយ​ក្នុង​ទី​ដ៏​សមគួរ​។​ ​បពិត្រ​លោក​ដ៏​ចម្រើន​ ​លុះ​ខ្ញុំ​អង្គុយ​ក្នុង​ទី​ដ៏​សមគួរ​ហើយ​ ​ក៏​ក្រាបបង្គំទូល​ព្រះមានព្រះភាគ​ ​យ៉ាងនេះ​ថា​ ​បពិត្រ​ព្រះអង្គ​ដ៏​ចំរើន​ ​ខ្ញុំ​ព្រះអង្គ​ ​ជរា​ហើយ​ ​មាន​វ័យ​ចម្រើន​ហើយ​ ​ចាស់ហើយ​ ​"
    },
    {
      "header": "សុត្តន្តបិដក\nសំយុត្តនិកាយ  ខន្ធវារវគ្គ\nបញ្ចមភាគ",
      "href": "http://ti-kh.org/books?book=33&page=49",
      "text": "អនិច្ចវគ្គ ទី ២",
      "detail": "<p class=\"BCenter\">​អនិច្ច​វគ្គ​</p>\n<br>​<span class=\"IncreaseIndent\">&nbsp;</span>[​៣៩​]​ ​ខ្ញុំ​បាន​ស្តាប់​មក​យ៉ាងនេះ​។​ ​ទៀប​ក្រុង​សាវត្ថី​។​ ​ក្នុង​ទីនោះ​ឯង​។​ ​ម្នាល​ភិក្ខុ​ទាំងឡាយ​ ​រូប​មិន​ទៀង​ ​វេទនា​មិន​ទៀង​ ​សញ្ញា​មិន​ទៀង​ ​សង្ខារ​មិន​ទៀង​ ​វិញ្ញាណ​មិន​ទៀង​។​ ​ម្នាល​ភិក្ខុ​ទាំងឡាយ​ ​កាលបើ​អរិយសាវ័ក​ ​ជា​អ្នកចេះដឹង​ ​ឃើញ​យ៉ាងនេះ​ ​រមែង​នឿយណាយ​ ​នឹង​រូប​ផង​ ​នឿយណាយ​ ​នឹង​វេទនា​ផង​ ​នឿយណាយ​ ​នឹង​សញ្ញា​ផង​ ​នឿយណាយ​ ​នឹង​សង្ខារ​ផង​ ​នឿយណាយ​ ​នឹង​វិញ្ញាណ​ផង​ ​កាលបើ​នឿយណាយ​ ​ក៏​រមែង​ស្អប់ខ្ពើម​ ​ព្រោះតែ​ស្អប់ខ្ពើម​ ​ទើប​ចិត្ត​រួច​ស្រឡះ​ ​(​ចាក​កិលេស​)​។​ ​កាលបើ​ចិត្ត​រួច​ស្រឡះ​ហើយ​ ​ញាណ​ ​ក៏​កើតឡើង​ថា​ ​ចិត្ត​រួច​ស្រឡះ​ហើយ​។​ ​អរិយសាវ័ក​នោះ​ ​រមែង​ដឹង​ច្បាស់​ថា​ ​ជាតិ​អស់ហើយ​ ​មគ្គ​ព្រហ្មចរិយៈ​ ​អាត្មាអញ​ ​បាន​នៅ​រួចហើយ​ ​សោឡស​កិច្ច​ ​អាត្មាអញ​ ​បាន​ធ្វើរួចហើយ​ ​មគ្គ​ភាវនា​ចិត្ត​ដទៃ​ ​ប្រព្រឹត្តទៅ​ ​ដើម្បី​សោឡស​កិច្ច​នេះ​ទៀត​ ​មិន​មាន​ឡើយ​។​\n<br>​<span class=\"IncreaseIndent\">&nbsp;</span>[​៤០​]​ ​ទៀប​ក្រុង​សាវត្ថី​។​ ​ក្នុង​ទីនោះ​ឯង​។​ ​ម្នាល​ភិក្ខុ​ទាំងឡាយ​ ​រូប​ជា​ទុក្ខ​ ​វេទនា​ជា​ទុក្ខ​ ​សញ្ញា​ជា​ទុក្ខ​ ​សង្ខារ​ជា​ទុក្ខ​ ​"
    },
    {
      "header": "សុត្តន្តបិដក\nសំយុត្តនិកាយ  ខន្ធវារវគ្គ\nបញ្ចមភាគ",
      "href": "http://ti-kh.org/books?book=33&page=57",
      "text": "ភារវគ្គ ទី ៣",
      "detail": "<p class=\"BCenter\">ភារ​វគ្គ​</p>\n<br>​<span class=\"IncreaseIndent\">&nbsp;</span>[​៤៩​]​ ​ក្នុង​ក្រុង​សាវត្ថី​។​ ​ក្នុង​ទីនោះ​ឯង​។​ ​ម្នាល​ភិក្ខុ​ទាំងឡាយ​ ​តថាគត​នឹង​សំដែង​នូវ​ភារៈ<sup>​(​១​)</sup>​ ​ផង​ ​នូវ​អ្នក​ដែល​នាំ​ភារៈ​ផង​ ​នូវ​ការ​ប្រកាន់​មាំ​ ​នូវ​ភារៈ​ផង​ ​នូវ​ការ​ដាក់ចុះ​ ​នូវ​ភារៈ​ផង​ ​ដល់​អ្នក​ទាំងឡាយ​ ​អ្នក​ទាំងឡាយ​ ​ចូរ​ស្តាប់​ ​នូវ​ធម៌​នោះ​ចុះ​។​បេ​។​ ​ទើប​មាន​ព្រះបន្ទូល​សួរ​ ​ដូច្នេះ​ថា​ ​ម្នាល​ភិក្ខុ​ទាំងឡាយ​ ​ចុះ​ដូចម្តេច​ ​ឈ្មោះថា​ ​ភារៈ​។​ ​គប្បី​ឆ្លើយ​ថា​ ​ឧបាទានក្ខន្ធ​ ​ទាំង៥​។​ ​ចុះ​ឧបាទានក្ខន្ធ​ទាំង៥​ ​តើ​ដូចម្តេច​ខ្លះ​។​ ​គឺ​រូ​បូ​បា​ទា​នក្ខន្ធ១​ ​វេទ​នូ​បា​ទា​នក្ខន្ធ១​ ​សញ្ញូ​បា​ទា​នក្ខន្ធ១​ ​សង្ខា​រូបា​ទា​នក្ខន្ធ១​ ​វិ​ញ្ញាណូ​បា​ទា​នក្ខន្ធ១​។​ ​ម្នាល​ភិក្ខុ​ទាំងឡាយ​ ​នេះ​ហៅថា​ ​ភារៈ​។​\n<br>​<span class=\"IncreaseIndent\">&nbsp;</span>[​៥០​]​ ​ម្នាល​ភិក្ខុ​ទាំងឡាយ​ ​ចុះ​ដូចម្តេច​ ​ឈ្មោះថា​ ​អ្នកនាំ​នូវ​ភារៈ​។​ ​គប្បី​ឆ្លើយ​ថា​ ​បុគ្គល​។​ ​គឺ​អ្នកមាន​អាយុ​នោះ​ ​មានឈ្មោះ​យ៉ាងនេះ​ ​មាន​គោត្រ​យ៉ាងនេះ​។​ ​ម្នាល​ភិក្ខុ​ទាំងឡាយ​ ​នេះ​ឈ្មោះថា​ ​អ្នកនាំ​នូវ​ភារៈ​។<hr><div style=\"font-size: 14px\">​(​១​)​ ​ប្រែថា​ ​ធ្ងន់​ ​គឺ​លំបាក​នឹង​រក្សា​ ​មាន​ ​ឲ្យ​ដើរ​ ​អង្គុយ​ ​ដេក​ ​ផ្ងូត​ ​ប្រដាប់​ ​ស៊ី​ ​ផឹក​ ​ជាដើម​ ​(​អដ្ឋកថា​)​។​</div>"
    },
    {
      "header": "សុត្តន្តបិដក\nសំយុត្តនិកាយ  ខន្ធវារវគ្គ\nបញ្ចមភាគ",
      "href": "http://ti-kh.org/books?book=33&page=75",
      "text": "នតុម្ហាកវគ្គ ទី ៤",
      "detail": "<p class=\"BCenter\">​ន​តុ​ម្ហា​ក​វគ្គ​</p>\n<br>​<span class=\"IncreaseIndent\">&nbsp;</span>[​៧១​]​ ​ក្នុង​ក្រុង​សាវត្ថី​។​ ​ក្នុង​ទីនោះ​ឯង​។​ ​ម្នាល​ភិក្ខុ​ទាំងឡាយ​ ​របស់​ណា​ ​មិនមែន​របស់​អ្នក​ទាំងឡាយ​ទេ​ ​អ្នក​ទាំងឡាយ​ ​ចូរ​លះបង់​របស់​នេះ​ចេញ​ ​របស់​នោះ​ ​បើ​អ្នក​ទាំងឡាយ​ ​លះបង់​ហើយ​ ​នឹង​ប្រព្រឹត្តទៅ​ ​ដើម្បី​ប្រយោជន៍​ ​ដើម្បី​សេចក្តី​សុខ​។​ ​ម្នាល​ភិក្ខុ​ទាំងឡាយ​ ​ចុះ​របស់​ដូចម្តេច​ ​ដែល​មិនមែន​របស់​អ្នក​ទាំងឡាយ​។​ ​ម្នាល​ភិក្ខុ​ទាំងឡាយ​ ​រូប​ ​មិនមែន​របស់​អ្នក​ទាំងឡាយ​ទេ​ ​អ្នក​ទាំងឡាយ​ ​ចូរ​លះបង់​នូវ​រូប​នោះ​ចេញ​ ​រូប​នោះ​ ​បើ​អ្នក​ទាំងឡាយ​ ​លះបង់​ហើយ​ ​នឹង​ប្រព្រឹត្តទៅ​ ​ដើម្បី​ប្រយោជន៍​ ​ដើម្បី​សេចក្តី​សុខ​។​ ​វេទនា​ ​មិនមែន​របស់​អ្នក​ទាំងឡាយ​ទេ​ ​អ្នក​ទាំងឡាយ​ ​ចូរ​លះបង់​វេទនា​នោះ​ចេញ​ ​វេទនា​នោះ​ ​បើ​អ្នក​ទាំងឡាយ​ ​លះបង់​ហើយ​ ​នឹង​ប្រព្រឹត្តទៅ​ ​ដើម្បី​ប្រយោជន៍​ ​ដើម្បី​សេចក្តី​សុខ​។​ ​សញ្ញា​ ​មិនមែន​របស់​អ្នក​ទាំងឡាយ​ទេ​។​ ​សង្ខារ​ទាំងឡាយ​ ​មិនមែន​របស់​អ្នក​ទាំងឡាយ​ទេ​ ​អ្នក​ទាំងឡាយ​ ​ចូរ​លះបង់​សង្ខារ​នោះ​ចេញ"
    },
    {
      "header": "សុត្តន្តបិដក\nសំយុត្តនិកាយ  ខន្ធវារវគ្គ\nបញ្ចមភាគ",
      "href": "http://ti-kh.org/books?book=33&page=96",
      "text": "អត្តទីបវគ្គ ទី ៥",
      "detail": "<p class=\"BCenter\">​អត្ត​ទីប​វគ្គ​</p>\n<br>​<span class=\"IncreaseIndent\">&nbsp;</span>[​៨៧​]​ ​ក្នុង​ក្រុង​សាវត្ថី​។​ ​ក្នុង​ទីនោះ​ឯង​។​ ​ម្នាល​ភិក្ខុ​ទាំងឡាយ​ ​អ្នក​ទាំងឡាយ​ ​ចូរ​យក​ខ្លួន​ជាទី​ពឹង​ ​យក​ខ្លួន​ជាទី​រឭក​ ​កុំ​យក​របស់​ដទៃ​ជាទី​ពឹង​ទីរឭក​ឡើយ​ ​ចូរ​យក​ធម៌​ជាទី​ពឹង​ ​យក​ធម៌​ជាទី​រឭក​ ​កុំ​យក​របស់​ដទៃ​ ​ជាទី​ពឹង​ ​ទីរឭក​ឡើយ​។​ ​ម្នាល​ភិក្ខុ​ទាំងឡាយ​ ​បុគ្គល​កាលបើ​យក​ខ្លួន​ជាទី​ពឹង​ ​យក​ខ្លួន​ជាទី​រឭក​ ​មិន​យក​របស់​ដទៃ​ជាទី​ពឹង​ទីរឭក​ ​យក​ធម៌​ជាទី​ពឹង​ ​យក​ធម៌​ជាទី​រឭក​ ​មិន​យក​របស់​ដទៃ​ ​ជាទី​ពឹង​ ​ទីរឭក​ហើយ​ ​គប្បី​ពិចារណា​រកហេតុ​ ​ដោយ​យោបល់​ថា​ ​សេចក្តី​សោក​ ​សេចក្តី​ខ្សឹកខ្សួល​ ​សេចក្តី​ទុក្ខ​ ​ទោមនស្ស​ ​និង​សេចក្តី​ចង្អៀតចង្អល់​ចិត្ត​ ​កើតមក​អំពីអ្វី​ ​មាន​មក​អំពីអ្វី​។​ ​ម្នាល​ភិក្ខុ​ទាំងឡាយ​ ​ចុះ​សេចក្តី​សោក​ ​សេចក្តី​ខ្សឹកខ្សួល​ ​សេចក្តី​ទុក្ខ​ ​ទោមនស្ស​ ​និង​សេចក្តី​ចង្អៀតចង្អល់​ចិត្ត​ ​តើ​កើតមក​អំពីអ្វី​ ​មាន​មក​អំពីអ្វី​។​ ​ម្នាល​ភិក្ខុ​ទាំងឡាយ​ ​បុថុជ្ជន​ក្នុង​លោក​នេះ​ ​ជា​អ្នក​មិន​ចេះដឹង​ ​មិនបាន​ឃើញ​ពួក​ព្រះ​អរិយៈ​ ​មិន​ឈ្លាសវៃ​ ​ក្នុង​អរិយធម៌​ ​មិន​សិក្សា​ក្នុង​អរិយធម៌​ ​មិនបាន​ឃើញ​ពួកសប្បុរស​ ​"
    },
    {
      "header": "សុត្តន្តបិដក\nសំយុត្តនិកាយ  ខន្ធវារវគ្គ\nបញ្ចមភាគ",
      "href": "http://ti-kh.org/books?book=33&page=122",
      "text": "ខន្ធសំយុត្ត មជ្ឈិមបណ្ណាសកៈ     ឧបាយវគ្គ ទី ១",
      "detail": "<p class=\"BCenter\">​ឧបាយ​វគ្គ​</p>\n<br>​<span class=\"IncreaseIndent\">&nbsp;</span>[​១០៥​]​ ​ក្នុង​ក្រុង​សាវត្ថី​។​ ​ក្នុង​ទីនោះ​ឯង​។​បេ​។​ ​ព្រះមានព្រះភាគ​ ​បាន​ត្រាស់​ដូច្នេះ​ថា​ ​ម្នាល​ភិក្ខុ​ទាំងឡាយ​ ​សភាវៈ​ដែល​ប្រកាន់​មាំ​ ​(​នូវ​ខន្ធ៥​ ​ដោយអំណាច​តណ្ហា​ ​មានះ​ ​ទិដ្ឋិ​)​ ​រមែង​មិន​រួចផុត​ស្រឡះ​ឡើយ​ ​សភាវៈ​ដែល​មិនបាន​ប្រកាន់​មាំ​ ​(​នូវ​ខន្ធ៥​ ​ដោយអំណាច​តណ្ហា​ ​មានះ​ ​ទិដ្ឋិ​)​ ​ទើប​រួចផុត​ស្រឡះ​បាន​។​ ​ម្នាល​ភិក្ខុ​ទាំងឡាយ​ ​វិញ្ញាណ​មាន​រូប​ជាហេតុ​ ​កាល​នឹង​ឋិតនៅ​ ​ក៏​ឋិតនៅ​បាន​ ​រូបារម្មណ៍​ ​មាន​រូប​ជាទី​តាំង​ ​មាន​កិរិយា​ចូល​ទៅ​ជិត​ ​សេព​នូវ​សេចក្តី​រីករាយ​ ​ដល់​នូវ​សេចក្តី​ចម្រើន​ ​ដុះដាល​ ​ធំ​ទូលាយ​ឡើង​។​បេ​។​ ​ម្នាល​ភិក្ខុ​ទាំងឡាយ​ ​វិញ្ញាណ​ ​មាន​សង្ខារ​ជាហេតុ​ ​កាល​ឋិតនៅ​ ​ក៏​ឋិតនៅ​បាន​ ​សង្ខា​រា​រម្ម​ណ៍​ ​មាន​សង្ខារ​ជាទី​តាំង​ ​មាន​កិរិយា​ចូល​ទៅ​ជិត​ ​សេព​នូវ​សេចក្តី​រីករាយ​ ​ដល់​នូវ​សេចក្តី​ចម្រើន​ ​ដុះដាល​ ​ធំ​ទូលាយ​ឡើង​។​ ​ម្នាល​ភិក្ខុ​ទាំងឡាយ​ ​បុគ្គល​ណា​ ​និយាយ​យ៉ាងនេះ​ថា​ ​អាត្មាអញ​ ​បើទុកជា​វៀរចាក​រូប​ ​វៀរចាក​វេទនា​ ​វៀរចាក​សញ្ញា​ ​វៀរចាក​សង្ខារ​ទាំងឡាយ​ហើយ​ ​ក៏​គង់តែ​ដឹង​ ​នូវ​ដំណើរ​មក​ ​ឬ​ដំណើរ​ទៅ​ ​ការ​ឃ្លាត​ ​"
    },
    {
      "header": "សុត្តន្តបិដក\nសំយុត្តនិកាយ  ខន្ធវារវគ្គ\nបញ្ចមភាគ",
      "href": "http://ti-kh.org/books?book=33&page=173",
      "text": "អរហន្តវគ្គ ទី ២",
      "detail": "<p class=\"BCenter\">​អរហន្ត​វគ្គ​</p>\n<br>​<span class=\"IncreaseIndent\">&nbsp;</span>[​១៣៨​]​ ​ខ្ញុំ​បាន​ស្តាប់​មក​យ៉ាងនេះ​។​ ​សម័យមួយ​ ​ព្រះមានព្រះភាគ​ ​ទ្រង់​គង់នៅ​ក្នុង​វត្ត​ជេតពន​ ​របស់​អនាថបិណ្ឌិក​សេដ្ឋី​ ​ទៀប​ក្រុង​សាវត្ថី​។​ ​គ្រានោះ​ឯង​ ​ភិក្ខុ​មួយ​រូប​ចូល​ទៅ​គាល់​ព្រះមានព្រះភាគ​ ​លុះ​ចូល​ទៅដល់​ហើយ​ ​ក៏​ថ្វាយបង្គំ​ព្រះមានព្រះភាគ​ ​រួច​អង្គុយ​ក្នុង​ទី​ដ៏​សមគួរ​។​ ​លុះ​ភិក្ខុ​នោះ​ ​អង្គុយ​ក្នុង​ទីសម​គួរ​ហើយ​ ​ទើប​ក្រាបទូល​ព្រះមានព្រះភាគ​ ​យ៉ាងនេះ​ថា​ ​បពិត្រ​ព្រះអង្គ​ដ៏​ចំរើន​ ​សូម​ព្រះមានព្រះភាគ​ ​ទ្រង់ព្រះ​មេត្តាប្រោស​សំដែងធម៌​ ​ដោយសង្ខេប​ ​ដល់​ខ្ញុំ​ព្រះអង្គ​ ​ខ្ញុំ​ព្រះអង្គ​ ​បាន​ស្តាប់ធម៌​របស់​ព្រះមានព្រះភាគ​ ​នឹង​ចៀសចេញ​ទៅ​តែម្នាក់ឯង​ ​មិន​ប្រមាទ​ ​មានតែ​សេចក្តី​ព្យាយាម​ ​មានចិត្ត​បញ្ជូន​ទៅកាន់​ព្រះនិព្វាន​។​ ​ព្រះមានព្រះភាគ​ ​ត្រាស់​ថា​ ​ម្នាល​ភិក្ខុ​ ​បុគ្គល​ដែល​ប្រកាន់យក​ ​ដោយអំណាច​តណ្ហា​ ​មានះ​ ​និង​ទិដ្ឋិ​ ​ឈ្មោះថា​ ​ជាប់​ ​(​ក្នុង​អន្ទាក់​)​ ​របស់​មារ​ ​(​បើ​)​ ​មិនបាន​ប្រកាន់យក​ទេ​ ​ឈ្មោះថា​ ​រួចផុត​ស្រឡះ​អំពី​ ​(​អន្ទាក់​)​ ​របស់​មារ​មានចិត្ត​បាប​។​ ​បពិត្រ​ព្រះមានព្រះភាគ​ ​ខ្ញុំ​ព្រះអង្គ​យល់​ហើយ​ ​បពិត្រ​ព្រះ​សុគត​ ​ខ្ញុំ​ព្រះអង្គ​ ​យល់​ហើយ​។​ ​"
    },
    {
      "header": "សុត្តន្តបិដក\nសំយុត្តនិកាយ  ខន្ធវារវគ្គ\nបញ្ចមភាគ",
      "href": "http://ti-kh.org/books?book=33&page=191",
      "text": "ខជ្ជនីយវគ្គ ទី ៣",
      "detail": "<p class=\"BCenter\">​ខ​ជ្ជ​នី​យ​វគ្គ​</p>\n<br>​<span class=\"IncreaseIndent\">&nbsp;</span>[​១៤៩​]​ ​ទៀប​ក្រុង​សាវត្ថី​។​ ​ក្នុង​ទីនោះ​ឯង​។​ ​ម្នាល​ភិក្ខុ​ទាំងឡាយ​ ​បុថុជ្ជន​ ​អ្នក​មិន​ចេះដឹង​ ​រមែង​មិនដឹង​ច្បាស់​តាម​សេចក្តី​ពិត​ ​នូវ​អានិសង្ស​ ​នូវ​ទោស​ ​និង​ការ​រលាស់ចោល​នៃ​រូប​។​ ​នៃ​វេទនា​។​ ​នៃ​សញ្ញា​។​ ​នៃ​សង្ខារ​ទាំងឡាយ​។​ ​រមែង​មិនដឹង​ច្បាស់​ ​តាម​សេចក្តី​ពិត​ ​នូវ​អានិសង្ស​ ​នូវ​ទោស​ ​និង​ការ​រលាស់ចោល​ ​នៃ​វិញ្ញាណ​។​ ​ម្នាល​ភិក្ខុ​ទាំងឡាយ​ ​ឯ​អរិយសាវ័ក​ ​អ្នកចេះដឹង​ ​រមែង​ដឹង​ច្បាស់​តាម​សេចក្តី​ពិត​ ​នូវ​អានិសង្ស​ ​នូវ​ទោស​ ​និង​ការ​រលាស់ចោល​នៃ​រូប​។​ ​នៃ​វេទនា​។​ ​នៃ​សញ្ញា​។​ ​នៃ​សង្ខារ​ទាំងឡាយ​។​ ​ដឹង​ច្បាស់​ ​តាម​សេចក្តី​ពិត​ ​នូវ​អានិសង្ស​ ​នូវ​ទោស​ ​និង​ការ​រលាស់ចោល​ ​នៃ​វិញ្ញាណ​។​ ​\n<br>​<span class=\"IncreaseIndent\">&nbsp;</span>[​១៥០​]​ ​ទៀប​ក្រុង​សាវត្ថី​។​ ​ក្នុង​ទីនោះ​ឯង​។​ ​ម្នាល​ភិក្ខុ​ទាំងឡាយ​ ​បុថុជ្ជន​ ​អ្នក​មិន​ចេះដឹង​ ​រមែង​មិនដឹង​ច្បាស់​តាម​សេចក្តី​ពិត​ ​នូវ​ការ​កើត​ ​នូវ​សេចក្តី​វិនាស​ ​នូវ​អានិសង្ស​ ​នូវ​ទោស​ ​និង​ការ​រលាស់ចោល​នៃ​រូប​។​ ​នៃ​វេទនា​។​ ​នៃ​សញ្ញា​។​ ​នៃ​សង្ខារ​ទាំងឡាយ​។​ ​"
    },
    {
      "header": "សុត្តន្តបិដក\nសំយុត្តនិកាយ  ខន្ធវារវគ្គ\nបញ្ចមភាគ",
      "href": "http://ti-kh.org/books?book=33&page=242",
      "text": "ថេរវគ្គ ទី ៤",
      "detail": "<p class=\"BCenter\">​ថេរ​វគ្គ​</p>\n<br><span class=\"IncreaseIndent\">&nbsp;</span>​[​១៩៣​]​ ​ទ្រង់​គង់នៅ​ជិត​ក្រុង​សាវត្ថី​។​ ​ក្នុង​វត្ត​។​ ​ក្នុង​ទីនោះ​ ​ព្រះ​អានន្ទ​មាន​អាយុ​ ​ហៅ​ភិក្ខុ​ទាំងឡាយ​ថា​ ​អាវុសោ​ភិក្ខុ​ទាំងឡាយ​ ​។​ ​ភិក្ខុ​អម្បាល​នោះ​ ​ទទួល​ថេរ​វាចា​ ​របស់​ព្រះ​អានន្ទ​មាន​អាយុ​ថា​ ​អាវុសោ​។​ ​ព្រះ​អានន្ទ​មាន​អាយុ​ ​និយាយ​ដូច្នេះ​ថា​ ​អាវុសោ​ទាំងឡាយ​ ​ព្រះ​បុ​ណ្ណ​មន្តា​នី​បុត្ត​មាន​អាយុ​ ​លោក​មាន​ឧបការៈ​ច្រើន​ ​ដល់​យើង​ទាំងឡាយ​ ​ដែល​ជា​ភិក្ខុ​ថ្មី​ច្រើន​រូប​ ​លោក​តែង​ទូន្មាន​យើង​ទាំងឡាយ​ ​ដោយ​ឱវាទ​នេះ​ថា​ ​ម្នាល​អាវុសោ​អានន្ទ​ ​សេចក្តី​ប្រកាន់​ថា​ ​អញ​ ​រមែង​មាន​ ​ព្រោះ​អាស្រ័យហេតុ​ ​មិន​មាន​ ​ព្រោះ​មិន​អាស្រ័យហេតុ​។​ ​ចុះ​សេចក្តី​ប្រកាន់​ ​ថា​អញ​ ​រមែង​មាន​ ​ព្រោះ​អាស្រ័យហេតុ​អ្វី​ ​មិន​មាន​ ​ព្រោះ​មិន​អាស្រ័យហេតុ​អ្វី​។​ ​សេចក្តី​ប្រកាន់​ថា​ ​អញ​ ​រមែង​មាន​ ​ព្រោះ​អាស្រ័យ​រូប​ ​មិន​មាន​ ​ព្រោះ​មិន​អាស្រ័យ​រូប​។​ ​វេទនា​។​ ​សញ្ញា​។​ ​សង្ខារ​ទាំងឡាយ​។​ ​សេចក្តី​ប្រកាន់​ថា​អញ​ ​រមែង​មាន​ ​ព្រោះ​អាស្រ័យ​វិញ្ញាណ​ ​មិន​មាន​ ​ព្រោះ​មិន​អាស្រ័យ​វិញ្ញាណ​។​ ​ម្នាល​អាវុសោ​អានន្ទ​ ​ស្ត្រី​ ​ឬ​បុរស​ ​កំពុង​ពេញកំឡោះ​ ​ពេញក្រមុំ​ ​មាន​ជាតិ​ជា​អ្នកចូលចិត្ត​នឹង​ការ​ស្អិតស្អាង​ ​"
    },
    {
      "header": "សុត្តន្តបិដក\nសំយុត្តនិកាយ  ខន្ធវារវគ្គ\nបញ្ចមភាគ",
      "href": "http://ti-kh.org/books?book=33&page=314",
      "text": "បុប្ផវគ្គ ទី ៥",
      "detail": "<p class=\"BCenter\">​បុប្ផ​វគ្គ​</p>\n<br><span class=\"IncreaseIndent\">&nbsp;</span>​[​២៣៧​]​ ​ជិត​ក្រុង​សាវត្ថី​។​ ​ក្នុង​ទីនោះ​ឯង​។​បេ​។​ ​ម្នាល​ភិក្ខុ​ទាំងឡាយ​ ​ដូចជា​ស្ទឹង​ជាប់​មក​អំពី​កំពូលភ្នំ​ ​មាន​ប្រក្រតី​នាំ​សំណាត់​ហូរ​ចុះ​មក​ ​ហូរ​ទៅកាន់​ទី​ឆ្ងាយ​ ​មាន​ខ្សែទឹក​រហ័ស​ ​ប្រសិនបើ​មាន​ត្រែង​ដុះ​នៅ​ឰដ៏​ឆ្នេរ​ទាំងពីរ​ ​នៃ​ស្ទឹង​នោះ​ ​ត្រែង​នោះ​ ​នឹង​សំយុង​ចុះទៅ​រក​ស្ទឹង​នោះ​ ​ប្រសិនបើ​មាន​ស្បូវ​ដុះ​នៅ​ ​ស្បូវ​ទាំងនោះ​ ​នឹង​សំយុង​ចុះទៅ​រក​ស្ទឹង​នោះ​ ​ប្រសិនបើ​មាន​ស្មៅ​ដំណេក​ទន្សាយ​ដុះ​នៅ​ ​ស្មៅ​ដំណេក​ទន្សាយ​ទាំងនោះ​ ​នឹង​សំយុង​ចុះទៅ​រក​ស្ទឹង​នោះ​ ​ប្រសិនបើ​មាន​ស្បូវរណ្តាស​ដុះ​នៅ​ ​ស្បូវរណ្តាស​ទាំងនោះ​ ​នឹង​សំយុង​ចុះទៅ​រក​ស្ទឹង​នោះ​ ​ប្រសិនបើ​មាន​ឈើ​ដុះ​នៅ​ ​ឈើ​ទាំងនោះ​ ​នឹង​សំយុង​ចុះទៅ​រក​ស្ទឹង​នោះ​ ​កាលបើ​មាន​បុរស​ ​អណ្តែត​ទៅតាម​ខ្សែទឹក​ស្ទឹង​នោះ​ ​ទុកជា​ចាប់កាន់​ត្រែង​ក្តី​ ​ត្រែង​នោះ​ក៏​ដេក​ទៅ​ ​បុរស​នោះ​ ​នឹង​ដល់​នូវ​សេចក្តី​មិន​ចម្រើន​ ​និង​សេចក្តី​វិនាស​ ​ព្រោះ​ដំណើរ​នោះ​ជាហេតុ​។​ ​ទុកជា​ចាប់កាន់​ស្បូវ​ក្តី​។​ ​ទុកជា​ចាប់កាន់​ស្មៅ​ដំណេក​ទន្សាយ​ក្តី​។​ ​ទុកជា​ចាប់កាន់​ស្បូវរណ្តាស​ក្តី​។​ ​"
    }
  ]
}