{
  "title": "ភាគ ១១០",
  "imageSrc": "photos/Book_110.jpg",
  "href": "http://ti-kh.org/books?book=110",
  "contents": [
    {
      "header": "អភិធម្មបិដក\nបដ្ឋាន  សត្តរសមភាគ\n\nបច្ចនីយានុលោមប្បដ្ឋាន",
      "href": "http://ti-kh.org/books?book=110&page=1",
      "text": "បច្ចនីយានុលោមត្តិកប្បដ្ឋាន",
      "detail": "<p class=\"BCenter\">អភិធម្មបិដក\n<br>បដ្ឋាន សត្ត​រសម​ភាគ\n<br>បច្ច​នី​យានុ​លោម​ប្ប​ដ្ឋាន</p>\n<br><p class=\"PCenter\">សូម​នមស្ការ ចំពោះ​ព្រះមានព្រះភាគ អរហន្ត​សម្មាសម្ពុទ្ធ អង្គ​នោះ។</p>\n<br><p class=\"BCenter\">បច្ច​នី​យានុ​លោម​ត្តិ​កប្ប​ដ្ឋាន\n<br>នកុ​សល​ត្តិ​កៈ កុសល​ត្តិ​កៈ</p>\n<br><span class=\"IncreaseIndent\">&nbsp;</span>[១] ធម៌​ជាអកុសល អាស្រ័យ​នូវ​ធម៌​មិនមែន​ជាកុសល ទើប​កើតឡើង ព្រោះ​ហេតុ​ប្ប​ច្ច័​យ គឺ​ខន្ធ៣ អាស្រ័យ​នូវ​ខន្ធ១ ជាអកុសល ខន្ធ២ អាស្រ័យ​នូវ​ខន្ធ២។ ធម៌​ជា​អព្យាក្រឹត អាស្រ័យ​នូវ​ធម៌​មិនមែន​ជាកុសល ទើប​កើតឡើង ព្រោះ​ហេតុ​ប្ប​ច្ច័​យ គឺ​ខន្ធ៣ក្តី ចិត្តសមុដ្ឋាន​រូប​ក្តី អាស្រ័យ​នូវ​ខន្ធ១ ជា​វិ​បា​កាព្យា​ក្រឹត​ផង ជា​កិរិយា​ព្យា​ក្រឹត​ផង។ ធម៌​ជាអកុសល​ក្តី ជា​អព្យាក្រឹត​ក្តី អាស្រ័យ​នូវ​ធម៌​មិនមែន​ជាកុសល ទើប​កើតឡើង ព្រោះ​ហេតុ​ប្ប​ច្ច័​យ មាន​វារៈ៣។\n<br><span class=\"IncreaseIndent\">&nbsp;</span>[២] ធម៌​ជាកុសល អាស្រ័យ​នូវ​ធម៌​មិនមែន​ជាអកុសល ទើប​កើតឡើង ព្រោះ​ហេតុ​ប្ប​ច្ច័​យ ធម៌​ជា​អព្យាក្រឹត អាស្រ័យ​នូវ​ធម៌​មិនមែន​ជាអកុសល ទើប​កើតឡើង ព្រោះ​ហេតុ​ប្ប​ច្ច័​យ"
    },
    {
      "header": "អភិធម្មបិដក\nបដ្ឋាន  សត្តរសមភាគ\n\nបច្ចនីយានុលោមប្បដ្ឋាន",
      "href": "http://ti-kh.org/books?book=110&page=21",
      "text": "បច្ចនីយានុលោមទុកប្បដ្ឋាន",
      "detail": "<p class=\"BCenter\">បច្ច​នី​យានុ​លោម​ទុក​ប្ប​ដ្ឋាន\n<br>នហេតុ​ទុ​កៈ ហេតុ​ទុ​កៈ</p>\n<br><span class=\"IncreaseIndent\">&nbsp;</span>[៥៧] ធម៌​ជាហេតុ អាស្រ័យ​នូវ​ធម៌​មិនមែន​ជាហេតុ ទើប​កើតឡើង ព្រោះ​ហេតុ​ប្ប​ច្ច័​យ ធម៌​មិនមែន​ជាហេតុ អាស្រ័យ​នូវ​ធម៌​មិនមែន​ជាហេតុ ទើប​កើតឡើង ព្រោះ​ហេតុ​ប្ប​ច្ច័​យ ធម៌​ជាហេតុ​ក្តី មិនមែន​ជាហេតុ​ក្តី អាស្រ័យ​នូវ​ធម៌​មិនមែន​ជាហេតុ ទើប​កើតឡើង ព្រោះ​ហេតុ​ប្ប​ច្ច័​យ។ ធម៌​ជាហេតុ អាស្រ័យ​នូវ​ធម៌​មិនមែន​ជា​មិនមែន​ជាហេតុ ទើប​កើតឡើង ព្រោះ​ហេតុ​ប្ប​ច្ច័​យ ធម៌​មិនមែន​ជាហេតុ អាស្រ័យ​នូវ​ធម៌​មិនមែន​ជា​មិនមែន​ជាហេតុ ទើប​កើតឡើង ព្រោះ​ហេតុ​ប្ប​ច្ច័​យ ធម៌​ជាហេតុ​ក្តី មិនមែន​ជាហេតុ​ក្តី អាស្រ័យ​នូវ​ធម៌​មិនមែន​ជា​មិនមែន​ជាហេតុ ទើប​កើតឡើង ព្រោះ​ហេតុ​ប្ប​ច្ច័​យ។ ធម៌​ជាហេតុ អាស្រ័យ​នូវ​ធម៌​មិនមែន​ជាហេតុ​ផង មិនមែន​ជា​មិនមែន​ជាហេតុ​ផង ទើប​កើតឡើង ព្រោះ​ហេតុ​ប្ប​ច្ច័​យ ធម៌​មិនមែន​ជាហេតុ អាស្រ័យ​នូវ​ធម៌​មិនមែន​ជាហេតុ​ផង មិនមែន​ជា​មិនមែន​ជាហេតុ​ផង ទើប​កើតឡើង ព្រោះ​ហេតុ​ប្ប​ច្ច័​យ ធម៌​ជាហេតុ​ក្តី មិនមែន​ជាហេតុ​ក្តី អាស្រ័យ​នូវ​ធម៌​មិនមែន​ជាហេតុ​ផង មិនមែន​ជា​មិនមែន​ជាហេតុ​ផង ទើប​កើតឡើង ព្រោះ​ហេតុ​ប្ប​ច្ច័​យ។"
    },
    {
      "header": "អភិធម្មបិដក\nបដ្ឋាន  សត្តរសមភាគ\n\nបច្ចនីយានុលោមប្បដ្ឋាន",
      "href": "http://ti-kh.org/books?book=110&page=49",
      "text": "បច្ចនីយានុលោមទុកត្តិកប្បដ្ឋាន",
      "detail": "<p class=\"BCenter\">បច្ច​នី​យានុ​លោម​ទុក​ត្តិ​កប្ប​ដ្ឋាន\n<br>នហេតុ​ទុ​កន​កុសល​ត្តិ​កៈ ហេតុ​ទុក​កុសល​ត្តិ​កៈ</p>\n<br><span class=\"IncreaseIndent\">&nbsp;</span>[១៧២] ធម៌​ជាហេតុ ជាកុសល ពឹងផ្អែក​នឹង​ធម៌​មិនមែន​ជាហេតុ មិនមែន​ជាកុសល ទើប​កើតឡើង ព្រោះ​ហេតុ​ប្ប​ច្ច័​យ ធម៌​មិនមែន​ជាហេតុ ជាកុសល ពឹងផ្អែក​នឹង​ធម៌​មិនមែន​ជាហេតុ មិនមែន​ជាកុសល ទើប​កើតឡើង ព្រោះ​ហេតុ​ប្ប​ច្ច័​យ ធម៌​ជាហេតុ ជាកុសល​ក្តី មិនមែន​ជាហេតុ ជាកុសល​ក្តី ពឹងផ្អែក​នឹង​ធម៌​មិនមែន​ជាហេតុ មិនមែន​ជាកុសល ទើប​កើតឡើង ព្រោះ​ហេតុ​ប្ប​ច្ច័​យ។\n<br><span class=\"IncreaseIndent\">&nbsp;</span>[១៧៣] ក្នុង​ហេតុ​ប្ប​ច្ច័​យ មាន​វារៈ៣។\n<br><span class=\"IncreaseIndent\">&nbsp;</span>[១៧៤] ធម៌​ជាហេតុ ជាអកុសល ពឹងផ្អែក​នឹង​ធម៌​មិនមែន​ជាហេតុ មិនមែន​ជាអកុសល ទើប​កើតឡើង ព្រោះ​ហេតុ​ប្ប​ច្ច័​យ។ មាន​វារៈ៣។\n<br><span class=\"IncreaseIndent\">&nbsp;</span>[១៧៥] ធម៌​មិនមែន​ជាហេតុ ជា​អព្យាកតៈ អាស្រ័យ​នូវ​ធម៌​មិនមែន​ជាហេតុ មិនមែន​ជា​អព្យាកតៈ ទើប​កើតឡើង ព្រោះ​ហេតុ​ប្ប​ច្ច័​យ។ ធម៌​មិនមែន​ជាហេតុ ជា​អព្យាកតៈ អាស្រ័យ​នូវ​ធម៌​មិនមែន​ជា​មិនមែន​ជាហេតុ មិនមែន​ជា​អព្យាកតៈ ទើប​កើតឡើង ព្រោះ​ហេតុ​ប្ប​ច្ច័​យ។ ធម៌​មិនមែន​ជាហេតុ ជា​អព្យាកតៈ អាស្រ័យ​នូវ​ធម៌​មិនមែន​ជាហេតុ មិនមែន​ជា​អព្យាកតៈ​ផង មិនមែន​ជា​មិនមែន​ជាហេតុ មិនមែន​ជា​អព្យាកតៈ​ផង ទើប​កើតឡើង ព្រោះ​ហេតុ​ប្ប​ច្ច័​យ។"
    },
    {
      "header": "អភិធម្មបិដក\nបដ្ឋាន  សត្តរសមភាគ\n\nបច្ចនីយានុលោមប្បដ្ឋាន",
      "href": "http://ti-kh.org/books?book=110&page=181",
      "text": "បច្ចនីយានុលោមត្តិកទុកប្បដ្ឋាន",
      "detail": "<span class=\"IncreaseIndent\">&nbsp;</span>[៨០៩] ក្នុង​ហេតុ​ប្ប​ច្ច័​យ មាន​វារៈ១១។\n<br><span class=\"IncreaseIndent\">&nbsp;</span>[៨១០] ធម៌​ប្រកបដោយ​ការ​ឃើញ និង​ប្រកបដោយ​ការ​ប៉ះពាល់ ជា​ខាងក្រៅ អាស្រ័យ​នូវ​ធម៌​មិនមែន​ប្រកបដោយ​ការ​ឃើញ និង​ប្រកបដោយ​ការ​ប៉ះពាល់ មិនមែន​ជា​ខាងក្រៅ ទើប​កើតឡើង ព្រោះ​ហេតុ​ប្ប​ច្ច័​យ។\n<br><span class=\"IncreaseIndent\">&nbsp;</span>[៨១១] ក្នុង​ហេតុ​ប្ប​ច្ច័​យ មាន​វារៈ២១។\n<br><p class=\"BCenter\">នសនិ​ទស្សន​ត្តិ​កន​ឧបា​ទា​ទុ​កៈ\n<br>សនិ​ទស្សន​ត្តិ​កឧបា​ទា​ទុ​កៈ</p>\n<br><span class=\"IncreaseIndent\">&nbsp;</span>[៨១២] ធម៌​ប្រកបដោយ​ការ​ឃើញ និង​ប្រកបដោយ​ការ​ប៉ះពាល់ ជា​ឧបា​ទា អាស្រ័យ​នូវ​ធម៌​មិនមែន​ប្រកបដោយ​ការ​ឃើញ និង​ប្រកបដោយ​ការ​ប៉ះពាល់ មិនមែន​ជា​ឧបា​ទា ទើប​កើតឡើង ព្រោះ​ហេតុ​ប្ប​ច្ច័​យ។\n<br><span class=\"IncreaseIndent\">&nbsp;</span>[៨១៣] ក្នុង​ហេតុ​ប្ប​ច្ច័​យ មាន​វារៈ៣៥។\n<br><span class=\"IncreaseIndent\">&nbsp;</span>[៨១៤] ធម៌​មិន​មានការ​ឃើញ និង​មិន​មានការ​ប៉ះពាល់ ជា​ឧបា​ទា អាស្រ័យ​នូវ​ធម៌​មិនមែន​ប្រកបដោយ​ការ​ឃើញ និង​ប្រកបដោយ​ការ​ប៉ះពាល់ មិនមែន​ជា​មិនមែន​ជា​ឧបា​ទា ទើប​កើតឡើង ព្រោះ​ហេតុ​ប្ប​ច្ច័​យ។"
    },
    {
      "header": "អភិធម្មបិដក\nបដ្ឋាន  សត្តរសមភាគ\n\nបច្ចនីយានុលោមប្បដ្ឋាន",
      "href": "http://ti-kh.org/books?book=110&page=198",
      "text": "បច្ចនីយានុលោមត្តិកត្តិកប្បដ្ឋាន",
      "detail": "<p class=\"BCenter\">បច្ច​នី​យានុ​លោម​ត្តិ​កត្តិក​ប្ប​ដ្ឋាន\n<br>នកុ​សល​ត្តិ​កន​វេទនា​ត្តិ​កៈ\n<br>កុសល​ត្តិ​កវេទនា​ត្តិ​កៈ</p>\n<br><span class=\"IncreaseIndent\">&nbsp;</span>[៨៩៧] ធម៌​ជាអកុសល ប្រកបដោយ​សុខវេទនា អាស្រ័យ​នូវ​ធម៌​មិនមែន​ជាកុសល មិនមែន​ប្រកបដោយ​សុខវេទនា ទើប​កើតឡើង ព្រោះ​ហេតុ​ប្ប​ច្ច័​យ ធម៌​ជា​អព្យាក្រឹត ប្រកបដោយ​សុខវេទនា អាស្រ័យ​នូវ​ធម៌​មិនមែន​ជាកុសល មិនមែន​ប្រកបដោយ​សុខវេទនា ទើប​កើតឡើង ព្រោះ​ហេតុ​ប្ប​ច្ច័​យ មាន​វារៈ២។ ធម៌​ជាកុសល ប្រកបដោយ​សុខវេទនា អាស្រ័យ​នូវ​ធម៌​មិនមែន​ជាអកុសល មិនមែន​ប្រកបដោយ​សុខវេទនា ទើប​កើតឡើង ព្រោះ​ហេតុ​ប្ប​ច្ច័​យ"
    },
    {
      "header": "អភិធម្មបិដក\nបដ្ឋាន  សត្តរសមភាគ\n\nបច្ចនីយានុលោមប្បដ្ឋាន",
      "href": "http://ti-kh.org/books?book=110&page=253",
      "text": "បច្ចនីយានុលោមទុកទុកប្បដ្ឋាន",
      "detail": "<p class=\"BCenter\">បច្ច​នី​យានុ​លោម​ទុក​ទុក​ប្ប​ដ្ឋាន\n<br>នហេតុ​ទុ​កន​សហេតុក​ទុ​កៈ\n<br>ហេតុ​ទុក​សហេតុក​ទុ​កៈ</p>\n<br><span class=\"IncreaseIndent\">&nbsp;</span>[១២១៦] ធម៌​ជាហេតុ ប្រកបដោយ​ហេតុ អាស្រ័យ​នូវ​ធម៌​មិនមែន​ជាហេតុ មិនមែន​ប្រកបដោយ​ហេតុ ទើប​កើតឡើង ព្រោះ​ហេតុ​ប្ប​ច្ច័​យ ធម៌​មិនមែន​ជាហេតុ ប្រកបដោយ​ហេតុ អាស្រ័យ​នូវ​ធម៌​មិនមែន​ជាហេតុ មិនមែន​ប្រកបដោយ​ហេតុ ទើប​កើតឡើង ព្រោះ​ហេតុ​ប្ប​ច្ច័​យ ធម៌​ជាហេតុ ប្រកបដោយ​ហេតុ​ក្តី មិនមែន​ជាហេតុ តែ​ប្រកបដោយ​ហេតុ​ក្តី អាស្រ័យ​នូវ​ធម៌​មិនមែន​ជាហេតុ មិនមែន​ប្រកបដោយ​ហេតុ ទើប​កើតឡើង ព្រោះ​ហេតុ​ប្ប​ច្ច័​យ មាន​វារៈ៣។ ធម៌​មិនមែន​ជាហេតុ តែ​ប្រកបដោយ​ហេតុ អាស្រ័យ​នូវ​ធម៌​មិនមែន​ជា​មិនមែន​ជាហេតុ មិនមែន​ប្រកបដោយ​ហេតុ ទើប​កើតឡើង ព្រោះ​ហេតុ​ប្ប​ច្ច័​យ មាន​វារៈ១។\n<br><span class=\"IncreaseIndent\">&nbsp;</span>[១២១៧] ក្នុង​ហេតុ​ប្ប​ច្ច័​យ មាន​វារៈ៤ ក្នុង​អារម្មណ​ប្ប​ច្ច័​យ មាន​វារៈ៤ ក្នុង​អវិ​គត​ប្ប​ច្ច័​យ មាន​វារៈ៤។\n<br><span class=\"IncreaseIndent\">&nbsp;</span>[១២១៨] ធម៌​មិនមែន​ជា​មិនមែន​ជាហេតុ មិនមែន​ប្រកបដោយ​ហេតុ ជា​បច្ច័យ​នៃ​ធម៌​មិនមែន​ជាហេតុ តែ​ប្រកបដោយ​ហេតុ ដោយហេតុ​ប្ប​ច្ច័​យ។"
    }
  ]
}