{
  "title": "ភាគ ៤៨",
  "imageSrc": "photos/Book_48.jpg",
  "href": "http://ti-kh.org/books?book=48",
  "contents": [
    {
      "header": "សុត្តន្តបិដក\nអង្គុត្តរនិកាយ  អដ្ឋកនិបាត\nនវមភាគ\nបណ្ណាសក",
      "href": "http://ti-kh.org/books?book=48&page=1",
      "text": "បណ្ណាសក \t\t\tមេត្តាវគ្គ\tទី ១",
      "detail": "<div style=\"text-align: center\"><p class=\"BCenter\">សុត្តន្ត​បិដក​\n<br>​អង្គុត្តរ​និកាយ​ ​អដ្ឋ​ក​និបាត​ ​\n<br>​នវម​ភាគ​</p>\n<br>​សូម​នមស្ការ​ព្រះ​ដ៏​មាន​ព្រះ​ភាគ​អរហន្ត​សម្មាសម្ពុទ្ធ​អង្គ​នោះ​។​\n<br><p class=\"BCenter\">​បឋម​បណ្ណា​សក​ ​មេត្តា​វគ្គ​</p></div><span class=\"IncreaseIndent\">&nbsp;</span>​[​១​]​ ​ខ្ញុំ​បាន​ស្ដាប់​មក​យ៉ាងនេះ​។​ ​សម័យមួយ​ ​ព្រះ​ដ៏​មាន​ព្រះ​ភាគ​ ​ទ្រង់​គង់​ក្នុង​វត្ត​ជេតពន​ ​របស់​អនាថបិណ្ឌិក​សេដ្ឋី​ ​ជិត​ក្រុង​សាវត្ថី​។​ ​ក្នុង​ទីនោះ​ឯង​ ​ព្រះ​ដ៏​មាន​ព្រះ​ភាគ​ ​ទ្រង់​ត្រាស់​នឹង​ភិក្ខុ​ទាំងឡាយ​ថា​ ​ម្នាល​ភិក្ខុ​ទាំងឡាយ​។​ ​ភិក្ខុ​ទាំងនោះ​ ​ទទួល​ព្រះពុទ្ធដីកា​នៃ​ព្រះ​ដ៏​មាន​ព្រះ​ភាគ​ថា​ ​ព្រះករុណា​ ​ព្រះអង្គ​។​ ​ព្រះ​ដ៏​មាន​ព្រះ​ភាគ​ ​ទ្រង់​ត្រាស់​ដូច្នេះ​ថា​ ​ម្នាល​ភិក្ខុ​ទាំងឡាយ​ ​មេត្តា​ចេ​តោ​វិមុត្តិ​ ​ដែល​បុគ្គល​ធ្វើឲ្យ​ថ្នឹក​ ​ចំរើន​ធ្វើ​ឲ្យ​រឿយ​ៗ​ ​ធ្វើឲ្យ​ដូចជា​យាន​ ​ធ្វើឲ្យ​ជាទី​នៅ​ ​បាន​តាំង​ទុក​រឿយ​ ​ៗ​ ​បាន​សន្សំ​ ​បាន​ប្រារព្ធ​ល្អ​ហើយ​ ​មាន​អានិសង្ស​ ​៨​ ​ប្រការ​ជា​ប្រាកដ​។​ ​អានិសង្ស​ ​៨​ ​ប្រការ​ ​តើ​ដូចម្តេច​ខ្លះ​។​ ​គឺ​ដេកលក់​ជា​សុខ​ ​១​ ​ភ្ញាក់​ឡើងជា​សុខ​ ​១​ ​មិនឃើញ​នូវ​សុបិន​អាក្រក់​ ​១​ ​ជាទីស្រឡាញ់​នៃ​ពួក​មនុស្ស​ ​១​ ​ជាទីស្រឡាញ់​នៃ​ពួក​អមនុស្ស​ ​១​ ​ពួក​ទេវតា​តែង​រក្សា​ ​១​ ​ភ្លើង​ក្តី​ ​ថ្នាំពិស​ក្តី​ ​សស្រ្តាវុធ​ក្តី​ ​មិន​ប៉ះពាល់​នូវ​បុគ្គល​នោះ​ ​១​ ​"
    },
    {
      "header": "សុត្តន្តបិដក\nអង្គុត្តរនិកាយ  អដ្ឋកនិបាត\nនវមភាគ\nបណ្ណាសក",
      "href": "http://ti-kh.org/books?book=48&page=41",
      "text": "មហាវគ្គ\tទី ២",
      "detail": "​<p class=\"BCenter\">មហាវគ្គ​</p>\n<br>​<span class=\"IncreaseIndent\">&nbsp;</span>[​១១​]​ ​ខ្ញុំ​បាន​ស្ដាប់​មក​យ៉ាងនេះ​។​ ​សម័យមួយ​ ​ព្រះ​ដ៏​មាន​ព្រះ​ភាគ​ ​ទ្រង់​គង់នៅ​ក្បែរ​ដើម​ស្ដៅ​ ​ជា​លំ​នៅ​របស់​ន​ឡេ​រុ​យក្ស​ ​ជិត​ស្រុក​វេរ​ញ្ជា​។​ ​គ្រានោះ​ ​វេរ​ញ្ជ​ព្រាហ្មណ៍​ ​ចូល​សំដៅ​ទៅត្រង់​ទី​ ​ដែល​ព្រះ​ដ៏​មាន​ព្រះ​ភាគ​គង់​ ​លុះ​ចូល​ទៅដល់​ហើយ​ ​ធ្វើ​សេចក្ដីរីករាយ​ ​ជាមួយនឹង​ព្រះ​ដ៏​មាន​ព្រះ​ភាគ​ ​លុះ​បញ្ចប់​ពាក្យ​ដែល​គួរ​រីករាយ​ ​និង​ពាក្យ​ដែល​គួរ​រលឹក​ហើយ​ ​ទើប​អង្គុយ​ក្នុង​ទី​ដ៏​សមគួរ​។​ ​កាល​ដែល​វេរ​ញ្ជ​ព្រាហ្មណ៍​ ​អង្គុយ​ក្នុង​ទី​ដ៏​សមគួរ​ហើយ​ ​បាន​ក្រាបទូល​ព្រះ​ដ៏​មាន​ព្រះ​ភាគ​យ៉ាងនេះ​ថា​ ​បពិត្រ​ព្រះ​គោតម​ដ៏​ចំរើន​ ​ខ្ញុំ​បានឮ​ពាក្យ​ថា​ ​ព្រះសមណគោតម​ ​មិន​សំពះ​ ​មិន​ក្រោក​ទទួល​ព្រាហ្មណ៍​ទាំងឡាយ​ ​ដែល​ចាស់ជរា​ ​ជា​ព្រឹទ្ធា​ចារ្យ​មាន​អាយុ​ច្រើន​ ​រស់នៅ​បាន​យូរឆ្នាំមកហើយ​ ​មាន​អាយុ​ជ្រុល​ចូលក្នុង​បច្ឆិមវ័យ​ហើយ​ ​ទោះបី​គ្រាន់តែ​អញ្ជើញ​ហៅរក​ព្រាហ្មណ៍​ទាំងនោះ​ ​ឲ្យ​អង្គុយ​លើ​អាសនៈ​ ​(​ព្រះអង្គ​ក៏​មិន​ធ្វើ​)​ ​បពិត្រ​ព្រះ​គោតម​ដ៏​ចំរើន​ ​ពាក្យ​ដែល​ខ្ញុំ​បានឮ​មក​នោះ​ ​ជា​ប្រាកដ​ថា​ ​ព្រះ​គោតម​ដ៏​ចំរើន​មិន​សំពះ​ ​មិន​ក្រោក​ទទួល​ព្រាហ្មណ៍​ទាំងឡាយ​ ​ដែល​ចាស់ជរា​ ​ជា​ព្រឹទ្ធា​ចារ្យ​មាន​អាយុ​ច្រើន​ ​រស់នៅ​បាន​យូរឆ្នាំមកហើយ​ ​មាន​អាយុ​ជ្រុល​ចូល​មក​ក្នុង​បច្ឆិមវ័យ​ហើយ​ ​ថា​សូម្បី​ត្រឹមតែ​អញ្ជើញ​ហៅរក​ព្រាហ្មណ៍​ទាំងនោះ​ដោយ​អាសនៈ​ ​(​ព្រះអង្គ​ក៏​មិន​ធ្វើ​)​ ​"
    },
    {
      "header": "សុត្តន្តបិដក\nអង្គុត្តរនិកាយ  អដ្ឋកនិបាត\nនវមភាគ\nបណ្ណាសក",
      "href": "http://ti-kh.org/books?book=48&page=108",
      "text": "គហបតិវគ្គ\tទី ៣",
      "detail": "<p class=\"BCenter\">គហបតិ​វគ្គ​</p>\n<br>​<span class=\"IncreaseIndent\">&nbsp;</span>[​២១​]​ ​សម័យមួយ​ ​ព្រះ​ដ៏​មាន​ព្រះ​ភាគ​ ​ទ្រង់​គង់នៅ​ក្នុង​កូ​ដា​គារ​សាលា​ ​នា​ព្រៃ​មហា​វន​ ​ជិត​ក្រុង​វេសាលី​។​ ​ក្នុង​ទីនោះ​ឯង​ ​ព្រះ​ដ៏​មាន​ព្រះ​ភាគ​ ​ទ្រង់​ត្រាស់​ហៅ​ភិក្ខុ​ទាំងឡាយ​។​បេ​។​ ​ម្នាល​ភិក្ខុ​ទាំងឡាយ​ ​អ្នក​ទាំងឡាយ​ ​ចូល​ចាំទុក​នូវ​ឧគ្គ​គហបតី​ ​អ្នកស្រុក​វេសាលី​ ​ថា​ជា​អ្នក​ប្រកបដោយ​ធម៌​ ​អស្ចារ្យ​ចំឡែក​ ​៨​ ​យ៉ាង​។​ ​ព្រះ​ដ៏​មាន​ព្រះ​ភាគ​ ​បាន​ត្រាស់​នូវ​ពាក្យ​នេះ​ ​លុះ​ព្រះ​សុគត​ ​ទ្រង់​ត្រាស់​នូវ​ពាក្យ​នេះ​រួចហើយ​ ​ទើប​ក្រោក​ចាក​អាសនៈ​ ​ហើយ​ទ្រង់​ស្តេច​ចូល​ទៅកាន់​វិហារ​។​ ​គ្រានោះ​ ​មាន​ភិក្ខុ​ ​១​ ​រូប​ ​ស្លៀក​ស្បង់​ ​ប្រដាប់​បាត្រ​ ​និង​ចីវរ​ ​ក្នុង​បុព្វណ្ហសម័យ​ ​ចូល​ទៅកាន់​លំនៅ​ ​របស់​ឧគ្គ​គហបតី​ ​អ្នកស្រុក​វេសាលី​ ​លុះ​ចូល​ទៅដល់​ហើយ​ ​ក៏​អង្គុយ​លើ​អាសនៈ​ ​ដែលគេ​ក្រាល​ទុក​។​ ​ទើប​ឧគ្គ​គហបតី​ ​អ្នកស្រុក​វេសាលី​ ​ចូល​ទៅ​រក​ភិក្ខុ​នោះ​ ​លុះ​ចូល​ទៅដល់​ ​ថ្វាយបង្គំ​ភិក្ខុ​នោះ​ដោយ​គោរព​ ​ហើយ​អង្គុយ​ក្នុង​ទីសម​គួរ​។​ ​លុះ​ឧគ្គ​គហបតី​ ​អ្នកស្រុក​វេសាលី​ ​អង្គុយ​ក្នុង​ទីសម​គួរ​ហើយ​ ​ភិក្ខុ​នោះ​ ​ក៏បាន​ពោល​ដូច្នេះ​ថា​ ​ម្នាល​គហបតី​ ​អ្នក​ប្រកបដោយ​ធម៌​អស្ចារ្យ​ចំឡែក​ ​៨​ ​យ៉ាង​ ​ដែល​ព្រះ​ដ៏​មាន​ព្រះ​ភាគ​ ​ទ្រង់ព្យាករ​ហើយ​។​ ​"
    },
    {
      "header": "សុត្តន្តបិដក\nអង្គុត្តរនិកាយ  អដ្ឋកនិបាត\nនវមភាគ\nបណ្ណាសក",
      "href": "http://ti-kh.org/books?book=48&page=460",
      "text": "ទានវគ្គ\tទី ៤"
    },
    {
      "header": "សុត្តន្តបិដក\nអង្គុត្តរនិកាយ  អដ្ឋកនិបាត\nនវមភាគ\nបណ្ណាសក",
      "href": "http://ti-kh.org/books?book=48&page=183",
      "text": "ឧបោសថវគ្គ\tទី ៥",
      "detail": "<p class=\"BCenter\">ឧបោសថ​វគ្គ​</p>\n<br><span class=\"IncreaseIndent\">&nbsp;</span>​[​៤១​]​ ​ខ្ញុំ​បាន​ស្តាប់​មក​យ៉ាងនេះ​។​ ​សម័យមួយ​ ​ព្រះមានព្រះភាគ​ ​ទ្រង់​គង់នៅ​ក្នុង​វត្ត​ជេតពន​ ​របស់​អនាថបិណ្ឌិក​សេដ្ឋី​ ​ទៀប​ក្រុង​សាវត្ថី​។​ ​ក្នុង​ទីនោះ​ឯង​ ​ព្រះមានព្រះភាគ​ ​ទ្រង់​ត្រាស់​ហៅ​ពួក​ភិក្ខុ​ថា​ ​ម្នាល​ភិក្ខុ​ទាំងឡាយ​។​ ​ភិក្ខុ​ទាំងនោះ​ ​ទទួល​ស្តាប់​ព្រះពុទ្ធដីកា​ព្រះមានព្រះភាគ​ថា​ ​ព្រះករុណា​ ​ព្រះអង្គ​។​ ​ព្រះមានព្រះភាគ​ ​ទ្រង់​ត្រាស់​ដូច្នេះ​ថា​ ​ម្នាល​ភិក្ខុ​ទាំងឡាយ​ ​ឧបោសថ​ ​ប្រកបដោយ​អង្គ​ ​៨​ ​ប្រការ​ ​ដែល​បុគ្គល​ចាំ​រក្សា​ហើយ​ ​រមែង​មានផល​ច្រើន​ ​មាន​អានិសង្ស​ច្រើន​ ​មាន​សេចក្តី​រុងរឿង​ច្រើន​ ​មាន​សេចក្តី​ផ្សាយ​ទៅ​ច្រើន​។​ ​ម្នាល​ភិក្ខុ​ទាំងឡាយ​ ​ចុះ​ឧបោសថ​ ​ប្រកបដោយ​អង្គ​ ​៨​ ​ប្រការ​ ​ដែល​បុគ្គល​ចាំ​រក្សា​ហើយ​ ​រមែង​មានផល​ច្រើន​ ​មាន​អានិសង្ស​ច្រើន​ ​មាន​សេចក្តី​រុងរឿង​ច្រើន​ ​មាន​សេចក្តី​ផ្សាយ​ទៅ​ច្រើន​ ​តើ​ដោយ​ប្រការ​ដូចម្តេច​។​ ​ម្នាល​ភិក្ខុ​ទាំងឡាយ​ ​អរិយ​សាវក​ ​ក្នុង​សាសនា​នេះ​ ​ពិចារណា​ថា​ ​ព្រះអរហន្ត​ទាំងឡាយ​ ​លះបង់​បាណាតិបាត​ ​វៀរចាក​បាណាតិបាត​ ​មាន​អាជ្ញា​ដាក់ចុះ​ហើយ​ ​មាន​គ្រឿង​សស្រ្តា​ដាក់ចុះ​ហើយ​ ​ជា​អ្នកមាន​សេចក្តី​ខ្មាសបាប​ ​មាន​សេចក្តី​អាណិត​ ​មាន​សេចក្តី​អនុគ្រោះ​ ​ដោយ​ប្រយោជន៍​ដល់​សព្វ​សត្វ​ ​ដរាប​អស់ជីវិត​ ​"
    },
    {
      "header": "បណ្ណាសកាសង្គហិតវគ្គ",
      "href": "http://ti-kh.org/books?book=48&page=229",
      "text": "បណ្ណាសកាសង្គហិតវគ្គ \tសន្ធានវគ្គ\tទី ១",
      "detail": "<p class=\"BCenter\">​បណ្ណា​សកា​សង្គហិ​ត​វគ្គ​\n<br>​សន្ធាន​វគ្គ​ ​</p>\n<br>​<span class=\"IncreaseIndent\">&nbsp;</span>[​៥១​]​ ​សម័យមួយ​ ​ព្រះ​ដ៏​មាន​ព្រះ​ភាគ​ ​កាល​គង់​ក្នុង​និគ្រោធារាម​ ​ក្បែរ​ក្រុង​កបិលពស្តុ​ ​ក្នុង​ដែន​សក្កៈ​។​ ​គ្រានោះ​ ​ព្រះ​នាង​មហា​ប​ជា​បតិ​គោតមី​ ​ចូល​ទៅ​គាល់​ព្រះ​ដ៏​មាន​ព្រះ​ភាគ​ ​លុះ​ចូល​ទៅដល់​ ​ក្រាប​ថ្វាយបង្គំ​ព្រះ​ដ៏​មាន​ព្រះ​ភាគ​ ​ហើយ​ឋិតនៅ​ក្នុង​ទីសម​គួរ​។​ ​លុះ​ព្រះ​នាង​មហា​ប​ជា​បតិ​គោតមី​ ​ឋិតនៅ​ក្នុង​ទីសម​គួរ​ហើយ​ ​ទើប​ក្រាបបង្គំទូល​ព្រះ​ដ៏​មាន​ព្រះ​ភាគ​ ​ដូច្នេះ​ថា​ ​បពិត្រ​ព្រះអង្គ​ដ៏​ចំរើន​ ​ខ្ញុំម្ចាស់​សូម​អង្វរ​ ​មាតុគ្រាម​ ​គួរ​ចេញ​ចាក​ផ្ទះ​ ​បាន​បព្វជ្ជា​ ​មិន​មានប្រយោជន៍​ដោយ​ផ្ទះ​ ​ក្នុង​ធម្មវិន័យ​ ​ដែល​ព្រះ​តថាគត​ ​ទ្រង់​សំដែង​ហើយ​។​ ​ព្រះសម្ពុទ្ធ​ទ្រង់​ត្រាស់​ឃាត់​ថា​ ​ម្នាលនាង​គោតមី​ ​ណ្ហើយ​នាង​ ​កុំ​គាប់ចិត្ត​ឲ្យ​មាតុគ្រាម​ចេញ​ចាក​ផ្ទះ​ ​ហើយ​បព្វជ្ជា​ ​មិន​មានប្រយោជន៍​ដោយ​ផ្ទះ​ ​ក្នុង​ធម្មវិន័យ​ ​ដែល​តថាគត​បាន​សំដែង​ឡើយ​។​ ​ព្រះ​នាង​មហា​ប​ជា​បតិ​គោតមី​ ​ក្រាប​ថ្វាយបង្គំ​ទូល​ព្រះ​ដ៏​មាន​ព្រះ​ភាគ​ដូច្នេះ​ ​ជា​គំរប់​ពីរ​ដង​ថា​ ​បពិត្រ​ព្រះអង្គ​ដ៏​ចំរើន​ ​ខ្ញុំម្ចាស់​សូម​អង្វរ​ ​មាតុគ្រាម​ ​គួរ​ចេញ​ចាក​ផ្ទះ​ ​បាន​បព្វជ្ជា​ ​មិន​មានប្រយោជន៍​ដោយ​ផ្ទះ​ ​ក្នុង​ធម្មវិន័យ​ ​ដែល​ព្រះ​តថាគត​ទ្រង់​សំដែង​ហើយ​។​ ​"
    },
    {
      "header": "បណ្ណាសកាសង្គហិតវគ្គ",
      "href": "http://ti-kh.org/books?book=48&page=266",
      "text": "ចាលវគ្គ \tទី ២",
      "detail": "<p class=\"BCenter\">ចាល​វគ្គ​</p>\n<br><span class=\"IncreaseIndent\">&nbsp;</span>​[​៦១​]​ ​ម្នាល​ភិក្ខុ​ទាំងឡាយ​ ​បុគ្គល​ ​៨ពួក​នេះ​ ​រមែង​មាន​ប្រាកដ​ក្នុង​លោក​។​ ​បុគ្គល​ ​៨ពួក​ ​តើ​ដូចម្ដេច​ខ្លះ​។​ ​ម្នាល​ភិក្ខុ​ទាំងឡាយ​ ​ភិក្ខុ​ក្នុង​សាសនា​នេះ​ ​ជា​អ្នក​ស្ងាត់​ ​តែ​ប្រព្រឹត្ត​មិន​ជាប់លាប់​ ​សេចក្ដីប្រាថ្នា​ដើម្បី​លាភ​ ​ក៏​កើតឡើង​។​ ​ភិក្ខុ​នោះ​ ​ខំ​សង្វាត​ ​ខ្មីឃ្មាត​ ​ព្យាយាម​ ​ដើម្បី​លាភ​។​ ​កាល​ភិក្ខុ​នោះ​ ​ខំ​សង្វាត​ ​ខ្មីឃ្មាត​ ​ព្យាយាម​ ​ដើម្បី​លាភ​ ​លាភ​ក៏​មិនកើត​ឡើង​។​ ​ភិក្ខុ​នោះ​ ​រមែង​សោកស្ដាយ​ ​លំបាក​ ​ខ្សឹកខ្សួល​ ​គក់​ទ្រូង​ ​កន្ទក់កន្ទេញ​ ​ដល់​នូវ​សេចក្ដី​វង្វេង​ ​ព្រោះ​មិន​មានលាភ​នោះ​។​ ​ម្នាល​ភិក្ខុ​ទាំងឡាយ​ ​នេះ​ហៅថា​ ​ភិក្ខុ​អ្នក​ប្រាថ្នា​ដើម្បី​លាភ​ ​ខំ​សង្វាត​ ​ខ្មីឃ្មាត​ ​ព្យាយាម​ ​ដើម្បី​លាភ​ ​ប៉ុន្តែ​ជា​អ្នក​មិន​មានលាភ​ផង​ ​សោកស្ដាយ​ផង​ ​ខ្សឹកខ្សួល​ផង​ ​ឃ្លាតចាក​ព្រះ​សទ្ធម្ម​ផង​ ​(​១​)​។​ ​ម្នាល​ភិក្ខុ​ទាំងឡាយ​ ​មួយទៀត​ ​ភិក្ខុ​ក្នុង​សាសនា​នេះ​ ​ជា​អ្នក​ស្ងាត់​ ​ប្រព្រឹត្ត​មិន​ជាប់លាប់​ ​សេចក្ដីប្រាថ្នា​ដើម្បី​លាភ​ ​ក៏​កើតឡើង​។​ ​ភិក្ខុ​នោះ​ ​ខំ​សង្វាត​ ​ខ្មីឃ្មាត​ ​ព្យាយាម​ ​ដើម្បី​លាភ​។​ ​កាល​ភិក្ខុ​នោះ​ ​ខំ​សង្វាត​ ​ខ្មីឃ្មាត​ ​ព្យាយាម​ ​ដើម្បី​លាភ​ ​លាភ​ក៏​កើតឡើង​។​ ​ភិក្ខុ​នោះ​ ​ស្រវឹង​ជ្រុលជ្រប់​ ​ដល់​នូវ​សេចក្ដីប្រមាទ​ ​ព្រោះ​លាភ​នោះ​។​ ​"
    },
    {
      "header": "បណ្ណាសកាសង្គហិតវគ្គ",
      "href": "http://ti-kh.org/books?book=48&page=305",
      "text": "យមកវគ្គ\tទី ៣",
      "detail": "<p class=\"BCenter\">​យមក​វគ្គ​</p>\n<br>​<span class=\"IncreaseIndent\">&nbsp;</span>[​៧៨​]​ ​ម្នាល​ភិក្ខុ​ទាំងឡាយ​ ​ភិក្ខុ​ជា​អ្នកមាន​សទ្ធា​ ​តែ​មិន​មាន​សីល​ទេ​ ​យ៉ាងនេះ​ ​ភិក្ខុ​នោះ​ឈ្មោះថា​ ​មិន​បរិបូរ​ដោយ​អង្គ​នោះ​ ​ភិក្ខុ​នោះ​ ​គួរ​បំពេញ​អង្គ​នោះ​ ​ដោយ​បំណង​ថា​ ​ធ្វើ​ដូចម្ដេច​ហ្ន៎​ ​ឲ្យ​អាត្មាអញ​គប្បី​ជា​អ្នកមាន​សទ្ធា​ផង​ ​មាន​សីល​ផង​ ​ម្នាល​ភិក្ខុ​ទាំងឡាយ​ ​កាលណា​ ​ភិក្ខុ​ជា​អ្នកមាន​សទ្ធា​ផង​ ​មាន​សីល​ផង​ ​យ៉ាងនេះ​ ​ទើប​ភិក្ខុ​នោះ​ ​ឈ្មោះថា​ ​បរិបូរ​ដោយ​អង្គ​នោះ​។​ ​ម្នាល​ភិក្ខុ​ទាំងឡាយ​ ​ភិក្ខុ​ជា​អ្នកមាន​សទ្ធា​ផង​ ​មាន​សីល​ផង​ ​តែ​មិនមែន​ជា​ពហុស្សូត​ទេ​ ​យ៉ាងនេះ​ ​ភិក្ខុ​នោះ​ ​ឈ្មោះថា​ ​មិន​បរិបូរ​ដោយ​អង្គ​នោះ​ ​ភិក្ខុ​នោះ​ ​គួរ​បំពេញ​អង្គ​នោះ​ ​ដោយ​បំណង​ថា​ ​ធ្វើ​ដូចម្ដេច​ហ្ន៎​ ​ឲ្យ​អាត្មាអញ​គប្បី​ជា​អ្នកមាន​សទ្ធា​ផង​ ​មាន​សីល​ផង​ ​ជា​ពហុស្សូត​ផង​ហើយ​ ​យ៉ាងនេះ​ ​ទើប​ភិក្ខុ​នោះ​ ​ឈ្មោះថា​ ​បរិបូរ​ដោយ​អង្គ​នោះ​។​ ​ម្នាល​ភិក្ខុ​ទាំងឡាយ​ ​ភិក្ខុ​ជា​អ្នកមាន​សទ្ធា​ផង​ ​មាន​សីល​ផង​ ​ជា​ពហុស្សូត​ផង​ ​តែ​មិនមែន​ធម្មកថិក​ទេ​។​ ​បេ​។​ ​ជា​ធម្មកថិក​ផង​ ​តែ​មិនមែន​ជា​អ្នក​ចូល​ទៅកាន់​បរិសទ្យ​ទេ​។​បេ​។​ ​ជា​អ្នក​ចូល​ទៅកាន់​បរិសទ្យ​ផង​ ​តែ​មិនមែន​ជា​អ្នក​ក្លៀវក្លា​ខាង​សំដែងធម៌​កណ្ដាល​បរិសទ្យ​ទេ​។​បេ​។​ ​"
    },
    {
      "header": "បណ្ណាសកាសង្គហិតវគ្គ",
      "href": "http://ti-kh.org/books?book=48&page=348",
      "text": "សតិវគ្គ\tទី ៤",
      "detail": "<p class=\"BCenter\">​សតិ​វគ្គ​</p>\n<br>​<span class=\"IncreaseIndent\">&nbsp;</span>[​៩៧​]​ ​ម្នាល​ភិក្ខុ​ទាំងឡាយ​ ​កាលបើ​សតិ​ ​និង​សម្បជញ្ញៈ​ ​មិន​មាន​ ​ហិរិ​ ​និង​ឱត្តប្បៈ​ ​របស់​បុគ្គល​វិបត្តិ​ចាក​សតិ​ ​និង​សម្បជញ្ញៈ​ ​ឈ្មោះថា​ ​មាន​ឧបនិស្ស័យ​សាបសូន្យ​ ​កាលបើ​ហិរិ​ ​និង​ឱត្តប្បៈ​ ​មិន​មាន​ ​ឥន្រ្ទិយ​សំវរៈ​ ​របស់​បុគ្គល​វិបត្តិ​ចាក​ហិរិ​ ​និង​ឱត្តប្បៈ​ ​ឈ្មោះថា​ ​មាន​ឧបនិស្ស័យ​សាបសូន្យ​ ​កាលបើ​ឥន្រ្ទិយ​សំវរៈ​ ​មិន​មាន​ ​សីល​របស់​បុគ្គល​វិបត្តិ​ចាក​ឥន្រ្ទិយ​សំវរៈ​ ​ឈ្មោះថា​ ​មាន​ឧបនិស្ស័យ​ ​សាបសូន្យ​ ​កាលបើ​សីល​ ​មិន​មាន​ ​សម្មាសមាធិ​ ​របស់​បុគ្គល​វិបត្តិ​ចាក​សីល​ ​ឈ្មោះថា​ ​មាន​ឧបនិស្ស័យ​សាបសូន្យ​ ​កាលបើ​ ​សម្មាសមាធិ​ ​មិន​មាន​ ​យថាភូត​ញ្ញាណ​ទស្សនៈ​ ​របស់​បុគ្គល​វិបត្តិ​ចាក​សម្មាសមាធិ​ ​ឈ្មោះថា​ ​មាន​ឧបនិស្ស័យ​សាបសូន្យ​ ​កាលបើ​យថាភូត​ញ្ញាណ​ទស្សនៈ​ ​មិន​មាន​ ​និ​ព្វិ​ទា​វិ​រាគៈ​ ​របស់​បុគ្គល​វិបត្តិ​ចាក​យថាភូត​ញ្ញាណ​ទស្សនៈ​ ​ឈ្មោះថា​ ​មាន​ឧបនិស្ស័យ​សាបសូន្យ​ ​កាលបើ​និ​ព្វិ​ទា​វិ​រាគៈ​ ​មិន​មាន​ ​វិមុត្តិ​ញ្ញាណ​ទស្សនៈ​ ​របស់​បុគ្គល​វិបត្តិ​ចាក​និ​ព្វិ​ទា​វិ​រាគៈ​ ​ឈ្មោះថា​ ​មាន​ឧបនិស្ស័យ​សាបសូន្យ​។​ ​ម្នាល​ភិក្ខុ​ទាំងឡាយ​ ​ដើមឈើ​ ​ដែល​មិន​មាន​មែក​ ​និង​ស្លឹក​ហើយ​ ​ក្រមរ​ឈើ​នោះ​ក្ដី​ ​មិនដល់​នូវ​ការ​ពេញលេញ​ទេ​ ​សម្បក​ ​ស្រាយ​ក្ដី​ ​ខ្លឹម​ក្ដី​ ​ក៏​មិនដល់​នូវ​ការ​ពេញលេញ​ ​មាន​ឧបមា​យ៉ាងណាមិញ​ ​"
    },
    {
      "header": "បណ្ណាសកាសង្គហិតវគ្គ",
      "href": "http://ti-kh.org/books?book=48&page=369",
      "text": "វគ្គ\t\tទី ៥",
      "detail": "<p class=\"BCenter\">​សាមញ្ញ​វគ្គ​</p>\n<br>​<span class=\"IncreaseIndent\">&nbsp;</span>រឿង​ក្រៅពី​នេះ​ទៅ​ ​ដែល​ព្រះសម្មាសម្ពុទ្ធ​ទ្រង់​សំដែង​ឧបោសថកម្ម​ប្រកបដោយ​អង្គ​ ​៨​ ​ប្រការ​ ​ដល់​ពួក​ឧបាសិកា​ទាំងអម្បាល​នេះ​ ​គឺ​ពោ​ជ្ឈា​ឧបាសិកា​ ​សិរិ​មា​ឧបាសិកា​ ​បទុមា​ឧបាសិកា​ ​សុធម្មា​ឧបាសិកា​ ​មណុ​ជា​ឧបាសិកា​ ​ឧត្តរា​ឧបាសិកា​ ​មុត្តា​ឧបាសិកា​ ​ខេមា​ឧបាសិកា​ ​រុ​ចី​ឧបាសិកា​ ​ចុន្ទី​រាជកុមារី​ ​ពិម្ពី​ឧបាសិកា​ ​សុមនា​រាជកុមារី​ ​មល្លិកា​ទេវី​ ​តិ​ស្ស​មាតា​ឧបាសិកា​ ​សោ​ណ​មាតា​ឧបាសិកា​ ​កាណ​មាតា​ឧបាសិកា​ ​ឧត្តរា​នន្ទ​មាតា​ឧបាសិកា​ ​វិ​សា​ខា​មិគា​រមាតា​ឧបាសិកា​ ​ខុ​ជ្ជុ​ត្ត​រា​ឧបាសិកា​ ​សមា​វតី​ឧបាសិកា​ ​សុ​ប្ប​វា​សា​កោ​ឡិយ​ធីតា​ឧបាសិកា​ ​សុ​ប្បិ​យា​ឧបាសិកា​ ​នកុ​លមា​តា​គហបតានី​ឧបាសិកា​។​\n<br><p class=\"BCenter\">​រាគ​បេយ្យាល​</p>\n<br>​<span class=\"IncreaseIndent\">&nbsp;</span>[​១១១​]​ ​ម្នាល​ភិក្ខុ​ទាំងឡាយ​ ​ធម៌​ ​៨​ ​ប្រការ​ ​បុគ្គល​ត្រូវ​ចំរើន​ ​ដើម្បី​ដឹង​ច្បាស់​នូវ​រាគៈ​។​ ​ធម៌​ ​៨​ ​ប្រការ​ ​តើ​ដូចម្ដេច​ខ្លះ​។​ ​គឺ​សម្មាទិដ្ឋិ​ ​១​ ​សម្មាសង្កប្បៈ​ ​១​ ​សម្មាវាចា​ ​១​ ​សម្មា​កម្មន្តៈ​ ​១​ ​សម្មាអាជីវៈ​ ​១​ ​សម្មា​វាយាមៈ​ ​១​ ​សម្មាសតិ​ ​១​ ​សម្មាសមាធិ​ ​១​។​ ​ម្នាល​ភិក្ខុ​ទាំងឡាយ​ ​ធម៌​ ​៨​ ​ប្រការ​នេះ​ ​បុគ្គល​ត្រូវ​ចំរើន​ ​ដើម្បី​ដឹង​ច្បាស់​នូវ​រាគៈ​។​ ​\n<br>​<span class=\"IncreaseIndent\">&nbsp;</span>[​១១២​]​ ​ម្នាល​ភិក្ខុ​ទាំងឡាយ​ ​ធម៌​ ​៨​ ​ប្រការ​ ​បុគ្គល​គប្បី​ចំរើន​ ​ដើម្បី​ដឹង​ច្បាស់​នូវ​រាគៈ​។​ ​ធម៌​ ​៨​ ​ប្រការ​ ​តើ​ដូចម្ដេច​ខ្លះ​។​ ​គឺ​បុគ្គល​មាន​សេចក្ដីសំគាល់​ក្នុង​រូប​ខាងក្នុង​ ​(​មាន​សក់​ជាដើម​របស់​ខ្លួន​)​"
    }
  ]
}