{
  "title": "ភាគ ១០៨",
  "imageSrc": "photos/Book_108.jpg",
  "href": "http://ti-kh.org/books?book=108",
  "contents": [
    {
      "header": "អភិធម្មបិដក\nបដ្ឋាន  ឆដ្ឋមភាគ\nបច្ចនីយប្បដ្ឋាន",
      "href": "http://ti-kh.org/books?book=108&page=1",
      "text": "បច្ចនីយត្តិកប្បដ្ឋាន",
      "detail": "<p class=\"BCenter\">អភិធម្មបិដក\n<br>បដ្ឋាន បណ្ណ​រសម​ភាគ\n<br>បច្ច​នី​យប្ប​ដ្ឋាន</p>\n<br><p class=\"PCenter\">សូម​នមស្ការ ចំពោះ​ព្រះមានព្រះភាគ អរហន្ត​សម្មាសម្ពុទ្ធ​អង្គ​នោះ។</p>\n<br><p class=\"BCenter\">បច្ច​នី​យត្តិ​កប្ប​ដ្ឋាន\n<br>នកុ​សល​ត្តិ​កៈ</p>\n<br><span class=\"IncreaseIndent\">&nbsp;</span>[១] ធម៌​មិនមែន​ជាកុសល អាស្រ័យ​នូវ​ធម៌​មិនមែន​ជាកុសល ទើប​កើតឡើង ព្រោះ​ហេតុ​ប្ប​ច្ច័​យ គឺ​ខន្ធ៣ ជាអកុសល ជា​អព្យាកតៈ​ក្តី ចិត្តសមុដ្ឋាន​រូប​ក្តី អាស្រ័យ​នូវ​ខន្ធ១ ជាអកុសល ជា​អព្យា​តកៈ ខន្ធ២ក្តី ចិត្តសមុដ្ឋាន​រូប​ក្តី អាស្រ័យ​នូវ​ខន្ធ២។ ធម៌​មិនមែន​ជាអកុសល អាស្រ័យ​នូវ​ធម៌​មិនមែន​ជាកុសល ទើប​កើតឡើង ព្រោះ​ហេតុ​ប្ប​ច្ច័​យ ធម៌​មិនមែន​ជា​អព្យាកតៈ អាស្រ័យ​នូវ​ធម៌​មិនមែន​ជាកុសល ទើប​កើតឡើង ព្រោះ​ហេតុ​ប្ប​ច្ច័​យ ធម៌​មិនមែន​ជាកុសល​ក្តី មិនមែន​ជា​អព្យាកតៈ​ក្តី អាស្រ័យ​នូវ​ធម៌​មិនមែន​ជាកុសល ទើប​កើតឡើង ព្រោះ​ហេតុ​ប្ប​ច្ច័​យ ធម៌​មិនមែន​ជាកុសល​ក្តី មិនមែន​ជាអកុសល​ក្តី អាស្រ័យ​នូវ​ធម៌​មិនមែន​ជាកុសល ទើប​កើតឡើង ព្រោះ​ហេតុ​ប្ប​ច្ច័​យ មាន​វារៈ៥។"
    },
    {
      "header": "អភិធម្មបិដក\nបដ្ឋាន  ឆដ្ឋមភាគ\nបច្ចនីយប្បដ្ឋាន",
      "href": "http://ti-kh.org/books?book=108&page=20",
      "text": "បច្ចនីយទុកប្បដ្ឋាន",
      "detail": "<p class=\"BCenter\">បច្ច​នីយ​ទុក​ប្ប​ដ្ឋាន\n<br>នហេតុ​ទុ​កៈ</p>\n<br><span class=\"IncreaseIndent\">&nbsp;</span>[៤១] ធម៌​មិនមែន​ជាហេតុ អាស្រ័យ​នូវ​ធម៌​មិនមែន​ជាហេតុ ទើប​កើតឡើង ព្រោះ​ហេតុ​ប្ប​ច្ច័​យ គឺ​ខន្ធ៣ក្តី ចិត្តសមុដ្ឋាន​រូប​ក្តី អាស្រ័យ​នូវ​ខន្ធ១ មិនមែន​ជាហេតុ អាស្រ័យ​នូវ​ខន្ធ២ … ក្នុង​ខណៈ​នៃ​បដិសន្ធិ … ដរាបដល់​ពួក​មហាភូត។ ធម៌​មិនមែន​ជា​មិនមែន​ជាហេតុ អាស្រ័យ​នូវ​ធម៌​មិនមែន​ជាហេតុ ទើប​កើតឡើង ព្រោះ​ហេតុ​ប្ប​ច្ច័​យ អាស្រ័យ​នូវ​ពួក​ខន្ធ​មិនមែន​ជាហេតុ … ហេតុប្ប​ដិ​សន្ធិ។ ធម៌​មិនមែន​ជាហេតុ​ក្តី មិនមែន​ជា​មិនមែន​ជាហេតុ​ក្តី អាស្រ័យ​នូវ​ធម៌​មិនមែន​ជាហេតុ ទើប​កើតឡើង ព្រោះ​ហេតុ​ប្ប​ច្ច័​យ។ ធម៌​មិនមែន​ជា​មិនមែន​ជាហេតុ អាស្រ័យ​នូវ​ធម៌​មិនមែន​ជា​មិនមែន​ជាហេតុ ទើប​កើតឡើង ព្រោះ​ហេតុ​ប្ប​ច្ច័​យ ធម៌​មិនមែន​ជាហេតុ អាស្រ័យ​នូវ​ធម៌​មិនមែន​ជា​មិនមែន​ជាហេតុ ទើប​កើតឡើង ព្រោះ​ហេតុ​ប្ប​ច្ច័​យ ធម៌​មិនមែន​ជាហេតុ​ក្តី មិនមែន​ជា​មិនមែន​ជាហេតុ​ក្តី អាស្រ័យ​នូវ​ធម៌​មិនមែន​ជា​មិនមែន​ជាហេតុ ទើប​កើតឡើង ព្រោះ​ហេតុ​ប្ប​ច្ច័​យ។"
    },
    {
      "header": "អភិធម្មបិដក\nបដ្ឋាន  ឆដ្ឋមភាគ\nបច្ចនីយប្បដ្ឋាន",
      "href": "http://ti-kh.org/books?book=108&page=80",
      "text": "បច្ចនីយទុកត្តិកប្បដ្ឋាន",
      "detail": "<p class=\"BCenter\">បច្ច​នីយ​ទុក​ត្តិ​កប្ប​ដ្ឋាន\n<br>នហេតុ​ទុ​កន​កុសល​ត្តិ​កៈ</p>\n<br><span class=\"IncreaseIndent\">&nbsp;</span>[១៩២] ធម៌​មិនមែន​ជាហេតុ មិនមែន​ជាកុសល អាស្រ័យ​នូវ​ធម៌​មិនមែន​ជាហេតុ មិនមែន​ជាកុសល ទើប​កើតឡើង ព្រោះ​ហេតុ​ប្ប​ច្ច័​យ គឺ ខន្ធ៣ផង ចិត្តសមុដ្ឋាន​រូប​ផង អាស្រ័យ​នូវ​ខន្ធ១ មិនមែន​ជាហេតុ ជាអកុសល ជា​អព្យាកតៈ។ ធម៌​មិនមែន​ជា​មិន​មានហេតុ មិនមែន​ជាកុសល អាស្រ័យ​នូវ​ធម៌​មិនមែន​ជាហេតុ មិនមែន​ជាកុសល ទើប​កើតឡើង ព្រោះ​ហេតុ​ប្ប​ច្ច័​យ គឺ​ហេតុ អាស្រ័យ​នូវ​ពួក​ខន្ធ ដែល​មិនមែន​ជាហេតុ ជាអកុសល ជា​អព្យាកតៈ។ ធម៌​មិនមែន​ជាហេតុ​ក្តី មិនមែន​ជាកុសល​ក្តី មិនមែន​ជា​មិន​មានហេតុ​ក្តី មិនមែន​ជាកុសល​ក្តី អាស្រ័យ​នូវ​ធម៌​មិនមែន​ជាហេតុ មិនមែន​ជាកុសល ទើប​កើតឡើង ព្រោះ​ហេតុ​ប្ប​ច្ច័​យ។\n<br><span class=\"IncreaseIndent\">&nbsp;</span>[១៩៣] ធម៌​មិនមែន​ជា​មិនមែន​ហេតុ មិនមែន​ជាកុសល អាស្រ័យ​នូវ​ធម៌​មិនមែន​ជា​មិនមែន​ហេតុ មិនមែន​ជាកុសល ទើប​កើតឡើង ព្រោះ​ហេតុ​ប្ប​ច្ច័​យ ធម៌​មិនមែន​ជាហេតុ មិនមែន​ជាកុសល អាស្រ័យ​នូវ​ធម៌​មិនមែន​ជា​មិនមែន​ហេតុ មិនមែន​ជាកុសល ទើប​កើតឡើង ព្រោះ​ហេតុ​ប្ប​ច្ច័​យ ធម៌​មិនមែន​ជាហេតុ មិនមែន​ជាកុសល​ក្តី មិនមែន​ជា​មិនមែន​ហេតុ មិនមែន​ជាកុសល​ក្តី អាស្រ័យ​នូវ​ធម៌​មិនមែន​ជា​មិនមែន​ហេតុ មិនមែន​ជាកុសល ទើប​កើតឡើង ព្រោះ​ហេតុ​ប្ប​ច្ច័​យ។"
    },
    {
      "header": "អភិធម្មបិដក\nបដ្ឋាន  ឆដ្ឋមភាគ\nបច្ចនីយប្បដ្ឋាន",
      "href": "http://ti-kh.org/books?book=108&page=115",
      "text": "បច្ចនីយត្តិកទុកប្បដ្ឋាន",
      "detail": "<p class=\"BCenter\">បច្ច​នី​យត្តិ​កទុក​ប្ប​ដ្ឋាន\n<br>នកុ​សល​ត្តិ​កន​ហេតុ​ទុ​កៈ</p>\n<br><span class=\"IncreaseIndent\">&nbsp;</span>[២៨០] ធម៌​មិនមែន​ជាកុសល មិនមែន​ជាហេតុ អាស្រ័យ​នូវ​ធម៌​មិនមែន​ជាកុសល មិនមែន​ជាហេតុ ទើប​កើតឡើង ព្រោះ​ហេតុ​ប្ប​ច្ច័​យ ធម៌​មិនមែន​ជាអកុសល មិនមែន​ជាហេតុ អាស្រ័យ​នូវ​ធម៌​មិនមែន​ជាកុសល មិនមែន​ជាហេតុ ទើប​កើតឡើង ព្រោះ​ហេតុ​ប្ប​ច្ច័​យ ធម៌​មិនមែន​ជា​អព្យាកតៈ មិនមែន​ជាហេតុ អាស្រ័យ​នូវ​ធម៌​មិនមែន​ជាកុសល មិនមែន​ជាហេតុ ទើប​កើតឡើង ព្រោះ​ហេតុ​ប្ប​ច្ច័​យ ធម៌​មិនមែន​ជាកុសល មិនមែន​ជាហេតុ​ក្តី មិនមែន​ជា​អព្យាកតៈ មិនមែន​ជាហេតុ​ក្តី អាស្រ័យ​នូវ​ធម៌​មិនមែន​ជាកុសល មិនមែន​ជាហេតុ ទើប​កើតឡើង ព្រោះ​ហេតុ​ប្ប​ច្ច័​យ ធម៌​មិនមែន​ជាកុសល មិនមែន​ជាហេតុ​ក្តី មិនមែន​ជាអកុសល មិនមែន​ជាហេតុ​ក្តី អាស្រ័យ​នូវ​ធម៌​មិនមែន​ជាកុសល មិនមែន​ជាហេតុ ទើប​កើតឡើង ព្រោះ​ហេតុ​ប្ប​ច្ច័​យ មាន​វារៈ៥។\n<br><span class=\"IncreaseIndent\">&nbsp;</span>[២៨១] ធម៌​មិនមែន​ជាអកុសល មិនមែន​ជាហេតុ អាស្រ័យ​នូវ​ធម៌​មិនមែន​ជាអកុសល មិនមែន​ជាហេតុ ទើប​កើតឡើង ព្រោះ​ហេតុ​ប្ប​ច្ច័​យ ធម៌​មិនមែន​ជាកុសល មិនមែន​ជាហេតុ អាស្រ័យ​នូវ​ធម៌​មិនមែន​ជាអកុសល មិនមែន​ជាហេតុ ទើប​កើតឡើង ព្រោះ​ហេតុ​ប្ប​ច្ច័​យ"
    },
    {
      "header": "អភិធម្មបិដក\nបដ្ឋាន  ឆដ្ឋមភាគ\nបច្ចនីយប្បដ្ឋាន",
      "href": "http://ti-kh.org/books?book=108&page=147",
      "text": "បច្ចនីយត្តិកត្តិកប្បដ្ឋាន",
      "detail": "<p class=\"BCenter\">បច្ច​នី​យត្តិ​កត្តិក​ប្ប​ដ្ឋាន\n<br>នកុ​សល​ត្តិ​កន​វេទនា​តិកៈ</p>\n<br><span class=\"IncreaseIndent\">&nbsp;</span>[៣៤៦] ធម៌​មិនមែន​ជាកុសល មិនមែន​ប្រកបដោយ​សុខវេទនា អាស្រ័យ​នូវ​ធម៌​មិនមែន​ជាកុសល មិនមែន​ប្រកបដោយ​សុខវេទនា ទើប​កើតឡើង ព្រោះ​ហេតុ​ប្ប​ច្ច័​យ ធម៌​មិនមែន​ជាអកុសល មិនមែន​ប្រកបដោយ​សុខវេទនា អាស្រ័យ​នូវ​ធម៌​មិនមែន​ជាកុសល មិនមែន​ប្រកបដោយ​សុខវេទនា ទើប​កើតឡើង ព្រោះ​ហេតុ​ប្ប​ច្ច័​យ ធម៌​មិនមែន​ជា​អព្យាកតៈ មិនមែន​ប្រកបដោយ​សុខវេទនា អាស្រ័យ​នូវ​ធម៌​មិនមែន​ជាកុសល មិនមែន​ប្រកបដោយ​សុខវេទនា ទើប​កើតឡើង ព្រោះ​ហេតុ​ប្ប​ច្ច័​យ ធម៌​មិនមែន​ជាកុសល មិនមែន​ប្រកបដោយ​សុខវេទនា​ក្តី មិនមែន​ជា​អព្យាកតៈ មិនមែន​ប្រកបដោយ​សុខវេទនា​ក្តី អាស្រ័យ​នូវ​ធម៌​មិនមែន​ជាកុសល មិនមែន​ប្រកបដោយ​សុខវេទនា ទើប​កើតឡើង ព្រោះ​ហេតុ​ប្ប​ច្ច័​យ ធម៌​មិនមែន​ជាកុសល មិនមែន​ប្រកបដោយ​សុខវេទនា​ក្តី មិនមែន​ជាអកុសល មិនមែន​ប្រកបដោយ​សុខវេទនា​ក្តី អាស្រ័យ​នូវ​ធម៌​មិនមែន​ជាកុសល មិនមែន​ប្រកបដោយ​សុខវេទនា ទើប​កើតឡើង ព្រោះ​ហេតុ​ប្ប​ច្ច័​យ មាន​វារៈ៥។"
    },
    {
      "header": "អភិធម្មបិដក\nបដ្ឋាន  ឆដ្ឋមភាគ\nបច្ចនីយប្បដ្ឋាន",
      "href": "http://ti-kh.org/books?book=108&page=169",
      "text": "បច្ចនីយទុកទុកប្បដ្ឋាន",
      "detail": "<p class=\"BCenter\">នវេទ​នា​តិ​កន​កុសល​ត្តិ​កៈ</p>\n<br><span class=\"IncreaseIndent\">&nbsp;</span>[៣៩១] ធម៌​មិនមែន​ប្រកបដោយ​សុខវេទនា មិនមែន​ជាកុសល អាស្រ័យ​នូវ​ធម៌​មិនមែន​ប្រកបដោយ​សុខវេទនា មិនមែន​ជាកុសល ទើប​កើតឡើង ព្រោះ​ហេតុ​ប្ប​ច្ច័​យ ធម៌​មិនមែន​ប្រកបដោយ​ទុក្ខវេទនា មិនមែន​ជាកុសល អាស្រ័យ​នូវ​ធម៌​មិនមែន​ប្រកបដោយ​សុខវេទនា មិនមែន​ជាកុសល ទើប​កើតឡើង ព្រោះ​ហេតុ​ប្ប​ច្ច័​យ ធម៌​មិនមែន​ប្រកបដោយ​អទុ​ក្ខម​សុខវេទនា មិនមែន​ជាអកុសល អាស្រ័យ​នូវ​ធម៌​មិនមែន​ប្រកបដោយ​សុខវេទនា មិនមែន​ជាកុសល ទើប​កើតឡើង ព្រោះ​ហេតុ​ប្ប​ច្ច័​យ ធម៌​មិនមែន​ប្រកបដោយ​សុខវេទនា មិនមែន​ជាកុសល​ក្តី មិនមែន​ប្រកបដោយ​អទុ​ក្ខម​សុខវេទនា មិនមែន​ជាកុសល​ក្តី អាស្រ័យ​នូវ​ធម៌​មិនមែន​ប្រកបដោយ​សុខវេទនា មិនមែន​ជាកុសល ទើប​កើតឡើង ព្រោះ​ហេតុ​ប្ប​ច្ច័​យ មាន​វារៈ៧។\n<br><span class=\"IncreaseIndent\">&nbsp;</span>[៣៩២] ធម៌​មិនមែន​ប្រកបដោយ​ទុក្ខវេទនា មិនមែន​ជាកុសល អាស្រ័យ​នូវ​ធម៌​មិនមែន​ប្រកបដោយ​ទុក្ខវេទនា មិនមែន​ជាកុសល ទើប​កើតឡើង ព្រោះ​ហេតុ​ប្ប​ច្ច័​យ ធម៌​មិនមែន​ប្រកបដោយ​សុខវេទនា មិនមែន​ជាកុសល អាស្រ័យ​នូវ​ធម៌​មិនមែន​ប្រកបដោយ​ទុក្ខវេទនា មិនមែន​ជាកុសល ទើប​កើតឡើង ព្រោះ​ហេតុ​ប្ប​ច្ច័​យ"
    }
  ]
}