{
  "title": "ភាគ ៣៩",
  "imageSrc": "photos/Book_39.jpg",
  "href": "http://ti-kh.org/books?book=39",
  "contents": [
    {
      "header": "ឈានសំយុត្ត",
      "href": "http://ti-kh.org/books?book=39&page=1",
      "text": "ឈានសំយុត្ត",
      "detail": "<p class=\"BCenter\">សុត្តន្ត​បិដក​\n<br>​សំយុត្ត​និកាយ​ ​មហា​វារ​វគ្គ​ ​\n<br>​ឯ​កា​ទសម​ភាគ​\n<br>​ឈាន​សំយុត្ត​</p>\n<br>​<span class=\"IncreaseIndent\">&nbsp;</span>[​១​]​ ​ក្រុង​សាវត្ថី​។​ ​ក្នុង​ទីនោះ​ឯង​ ​ព្រះ​ដ៏​មាន​ព្រះ​ភាគ​ត្រាស់​ថា​ ​ម្នាល​ភិក្ខុ​ទាំងឡាយ​ ​ឈាន​នេះ​ ​មាន​ ​៤​ ​ប្រការ​។​ ​ឈាន​ ​៤​ ​ប្រការ​ ​គឺ​អ្វីខ្លះ​។​ ​ម្នាល​ភិក្ខុ​ទាំងឡាយ​ ​ភិក្ខុ​ក្នុង​សាសនា​នេះ​ ​ស្ងប់ស្ងាត់​ចាក​កាម​ទាំងឡាយ​ ​ស្ងប់ស្ងាត់​ចាក​អកុសលធម៌​ទាំងឡាយ​ ​ក៏​ចូលកាន់​បឋមជ្ឈាន​ ​ប្រកបដោយ​វិតក្កៈ​ ​និង​វិចារៈ​ ​មានតែ​បីតិ​ ​និង​សុខ​ ​ដែល​កើតអំពី​សេចក្ដី​ស្ងប់ស្ងាត់​ ​ភិក្ខុ​នោះ​ ​ព្រោះ​រម្ងាប់​វិតក្កៈ​ ​និង​វិចារៈ​ ​ក៏​ចូលកាន់​ទុតិយជ្ឈាន​ ​ដែល​កើត​ក្នុង​សន្តាន​ ​ជាទី​ផូរផង់​ ​មាន​សភាព​ជា​ចិត្ត​ខ្ពស់​ឯក​ ​គ្មាន​វិតក្កៈ​ ​និង​វិចារៈ​ ​មានតែ​បីតិ​ ​និង​សុខ​ ​ដែល​កើតអំពី​សមាធិ​ ​ភិក្ខុ​នោះ​ ​ព្រោះ​ប្រាសចាក​បីតិ​ផង​ ​ជា​អ្នក​ប្រកបដោយ​ឧបេក្ខា​ផង​ ​មានស្មារតី​ផង​ ​ដឹងខ្លួន​ ​សោយសុខ​ដោយ​នាមកាយ​ផង​ ​ព្រះ​អរិយៈ​ទាំងឡាយ​ ​តែង​សរសើរ​នូវ​បុគ្គល​ ​ដែល​បាន​តតិយជ្ឈាន​ ​ថា​ជា​អ្នក​ប្រកបដោយ​ឧបេក្ខា​ ​មានស្មារតី​ ​មានធម៌​ជា​គ្រឿង​នៅជា​សុខ​ ​ដូច្នេះ​ ​ព្រោះ​តតិយជ្ឈាន​ឯណា​ ​ក៏​ចូលកាន់​តតិយជ្ឈាន​នោះ​"
    },
    {
      "header": "អានាបានស្សតិសំយុត្ត",
      "href": "http://ti-kh.org/books?book=39&page=5",
      "text": "អានាបានស្សតិសំយុត្ត\tឯកធម្មវគ្គ ទី ១",
      "detail": "<p class=\"BCenter\">​អា​នា​បាន​ស្ស​តិ​សំយុត្ត​\n<br>​ឯក​ធម្ម​វគ្គ​ ​ទី១​​</p>\n<br>​<span class=\"IncreaseIndent\">&nbsp;</span>[​៦​]​ ​ក្រុង​សាវត្ថី​។​ ​ក្នុង​ទីនោះ​ឯង​។​ ​បេ​។​ ​ព្រះ​ដ៏​មាន​ព្រះ​ភាគ​ ​ទ្រង់​ត្រាស់​ដូច្នេះ​ថា​ ​ម្នាល​ភិក្ខុ​ទាំងឡាយ​ ​ធម៌​ ​១​ ​ដែល​បុគ្គល​ចំរើន​ហើយ​ ​ធ្វើឲ្យ​ច្រើន​ហើយ​ ​រមែង​មានផល​ច្រើន​ ​មាន​អានិសង្ស​ច្រើន​។​ ​ធម៌​ ​១​ ​តើ​ដូចម្ដេច​។​ ​ ​គឺ​អា​នា​បាន​ស្ស​តិ​។​ ​\n<br><span class=\"IncreaseIndent\">&nbsp;</span>​[​៧​]​ ​ម្នាល​ភិក្ខុ​ទាំងឡាយ​ ​ចុះ​អា​នា​បាន​ស្ស​តិ​ ​ដែល​បុគ្គល​ចំរើន​ហើយ​ ​ធ្វើឲ្យ​ច្រើន​ហើយ​ ​តើ​ដូ​ម្ដេច​ ​ទើប​មានផល​ច្រើន​ ​មាន​អានិសង្ស​ច្រើន​។​ ​ម្នាល​ភិក្ខុ​ទាំងឡាយ​ ​ភិក្ខុ​ក្នុង​សាសនា​នេះ​ ​នៅក្នុង​ព្រៃ​ក្ដី​ ​នៅ​ទៀប​គល់ឈើ​ក្ដី​ ​នៅក្នុង​ផ្ទះ​ស្ងាត់​ក្ដី​ ​អង្គុយពែនភ្នែន​ ​តាំង​កាយ​ឲ្យ​ត្រង់​ ​ផ្ចង់ស្មារតី​ ​ឲ្យ​មានមុខ​ឆ្ពោះទៅ​រក​ ​(​កម្មដ្ឋាន​)​។​ ​ភិក្ខុ​នោះ​ ​មានសតិ​ ​ដកដង្ហើម​ចេញ​ ​មានសតិ​ ​ដកដង្ហើម​ចូល​ ​កាល​ដកដង្ហើម​ចេញ​វែង​ ​ដឹង​ច្បាស់​ថា​ ​អាត្មាអញ​ ​ដកដង្ហើម​ចេញ​វែង​ ​ឬកាល​ដកដង្ហើម​ចូល​វែង​ ​ដឹង​ច្បាស់​ថា​ ​អាត្មាអញ​ ​ដកដង្ហើម​ចូល​វែង​។​ ​កាល​ដកដង្ហើម​ចេញ​ខ្លី​ ​ដឹង​ច្បាស់​ថា​ ​អាត្មាអញ​ ​ដកដង្ហើម​ចេញ​ខ្លី​ ​ឬកាល​ដកដង្ហើម​ចូល​ខ្លី​ ​ដឹង​ច្បាស់​ថា​ ​អាត្មាអញ​ ​ដកដង្ហើម​ចូល​ខ្លី​។​ ​ភិក្ខុ​សិក្សា​ថា​ ​អាត្មាអញ​ ​កំណត់​ដឹង​ច្បាស់​នូវ​កាយ​ ​គឺ​ដកដង្ហើម​ចេញ​ទាំងពួង​ ​នឹង​ដកដង្ហើម​ចេញ​ ​សិក្សា​ថា​ ​អាត្មាអញ​ ​កំណត់​ដឹង​នូវ​កាយ​ ​គឺ​ដកដង្ហើម​ចូល​ទាំងពួង​ ​នឹង​ដកដង្ហើម​ចូល​។​"
    },
    {
      "header": "អានាបានស្សតិសំយុត្ត",
      "href": "http://ti-kh.org/books?book=39&page=35",
      "text": "ទុតិយវគ្គ  ទី ២",
      "detail": "<p class=\"BCenter\">​ទុតិយវគ្គ​ ​ទី២​</p>\n<br>​<span class=\"IncreaseIndent\">&nbsp;</span>[​៦៤​]​ ​សម័យមួយ​ ​ព្រះ​ដ៏​មាន​ព្រះ​ភាគ​ ​ទ្រង់​គង់នៅ​ក្នុង​ដងព្រៃ​ ​ឈ្មោះ​ឥច្ឆា​នង្គល​ ​ជិត​ស្រុក​ឥច្ឆា​នង្គល​។​ ​ក្នុង​ទីនោះ​ឯង​ ​ព្រះ​ដ៏​មាន​ព្រះ​ភាគ​ ​ទ្រង់​ត្រាស់​នឹង​ភិក្ខុ​ទាំងឡាយ​ថា​ ​ម្នាល​ភិក្ខុ​ទាំងឡាយ​ ​តថាគត​ ​ប្រាថ្នា​នឹង​សម្ងំ​នៅក្នុង​ទីស្ងាត់​ ​អស់​ ​៣​ ​ខែ​ ​កុំ​ឲ្យ​ភិក្ខុ​ណាមួយ​ចូល​មករ​កត​ថា​គត​ឡើយ​ ​វៀរលែងតែ​ភិក្ខុ​ ​១​ ​រូប​ ​អ្នកនាំ​មក​នូវ​ចង្ហាន់​បិណ្ឌបាត​។​ ​ភិក្ខុ​ទាំងនោះ​ ​ទទួល​ស្ដាប់​ព្រះពុទ្ធដីកា​ព្រះ​ដ៏​មាន​ព្រះ​ភាគ​ថា​ ​ព្រះករុណា​ ​ព្រះអង្គ​ ​ឥតមាន​ភិក្ខុ​ណាមួយ​ ​ហ៊ាន​ចូល​ទៅ​គាល់​ព្រះ​ដ៏​មាន​ព្រះ​ភាគ​ ​ក្នុង​ទីនោះ​ទេ​ ​វៀរលែងតែ​ភិក្ខុ​ ​១​ ​រូប​ ​អ្នកនាំ​មក​នូវ​ចង្ហាន់​បិណ្ឌបាត​។​ ​\n<br>​<span class=\"IncreaseIndent\">&nbsp;</span>​[​៦៥​]​ ​លុះ​កន្លង​កាល​ ​៣​ ​ខែ​នោះ​ទៅ​ហើយ​ ​ទើប​ព្រះ​ដ៏​មាន​ព្រះ​ភាគ​ ​ក៏​ចេញ​ចាកទី​សម្ងំ​ ​ហើយ​ត្រាស់​ហៅ​ភិក្ខុ​ទាំងឡាយ​មក​ថា​ ​ម្នាល​ភិក្ខុ​ទាំងឡាយ​ ​បើ​មាន​ពួ​ក​បរិ​ព្វា​ជ​កជា​អន្យ​តិរិ្ថយ​ ​សួរ​អ្នក​ទាំងឡាយ​ ​យ៉ាងនេះ​ថា​ ​ម្នាល​អាវុសោ​ទាំងឡាយ​ ​ព្រះសមណគោតម​ ​គង់​ចាំវស្សា​ច្រើន​ ​ដោយ​វិហារធម៌​ ​(​ធម៌​ជា​គ្រឿង​នៅ​)​ ​ដូចម្ដេច​។​ ​ម្នាល​ភិក្ខុ​ទាំងឡាយ​ ​កាលបើ​ពួ​ក​បរិ​ព្វា​ជ​ក​ ​ជា​អន្យតិរ្ថិយ​ ​សួរ​យ៉ាងនេះ​ហើយ​ ​អ្នក​ទាំងឡាយ​ ​គប្បី​ដោះស្រាយ​ ​ចំ​ពោះ​បរិ​ព្វា​ជ​ក​ ​ជា​អន្យតិរ្ថិយ​ទាំងនោះ​ ​យ៉ាងនេះ​វិញ​ថា​ ​ម្នាល​អាវុសោ​ទាំងឡាយ​ ​ព្រះ​ដ៏​មាន​ព្រះ​ភាគ​ ​ទ្រង់​ចាំវស្សា​ ​ច្រើន​ដោយ​អា​នា​បាន​ស្ស​តិ​សមាធិ​។​ ​"
    },
    {
      "header": "សោតាបត្តិសំយុត្ត",
      "href": "http://ti-kh.org/books?book=39&page=61",
      "text": "សោតាបត្តិសំយុត្ត\tវេឡុទ្វារវគ្គ ទី១",
      "detail": "<p class=\"BCenter\">​សោ​តា​បតិ្ត​សំយុត្ត​\n<br>​វេឡុ​ទ្វារ​វគ្គ​ ​ទី១​​</p>\n<br><span class=\"IncreaseIndent\">&nbsp;</span>​[​១១២​]​ ​ទៀប​ក្រុង​សាវត្ថី​។​ ​ក្នុង​ទីនោះ​ឯង​ ​ព្រះ​ដ៏​មាន​ព្រះ​ភាគ​ ​ទ្រង់​ត្រាស់​ដូច្នេះ​ថា​ ​ម្នាល​ភិក្ខុ​ទាំងឡាយ​ ​ពិតមែន​ថា​ ​ស្ដេច​ចក្រពត្តិ​ ​សោយរាជ​សម្បត្តិ​ ​មាន​សភាព​ជា​ឥស្សរៈ​ ​ជាធំ​ជាង​ទ្វីប​ទាំង​ ​៤​ ​លុះ​បែកធ្លាយ​រាងកាយ​ ​បន្ទាប់​អំពី​មរណៈ​ទៅ​ ​រមែង​ទៅ​កើត​ក្នុង​សុ​គ​គិ​សួគ៌​ ​ទេវលោក​ ​ជាមួយនឹង​ពួក​ទេវតា​ ​ក្នុង​ស្ថាន​តាវត្តិង្ស​។​ ​ទេវបុត្រ​នោះ​ ​មាន​ពួក​ស្រី​អប្សរ​ ​ចោមរោម​ក្នុង​នន្ទ​នវន​ឱទ្យាន​ ​ក្នុង​ស្ថាន​តាវត្តិង្ស​នោះ​ ​ទ្រង់​ឆ្អែត​ស្កប់ស្កល់​ ​មូល​មិត្ត​ដោយ​កាមគុណ​ ​ទាំង​ ​៥​ ​ជា​ទិព្វ​។​ ​បើ​ទេវបុត្រ​នោះ​ ​មិនបាន​ប្រកបដោយ​ធម៌​ ​៤​ ​យ៉ាង​។​ ​ទេវបុត្រ​នោះ​ ​ក៏​គង់​មិន​រួច​ស្រឡះ​ចាក​នរក​ ​មិន​រួច​ស្រឡះ​ចាក​កំណើត​តិរច្ឆាន​ ​មិន​រួច​ ​ស្រឡះ​ ​ចាក​ប្រេតវិស័យ​ ​មិន​រួច​ស្រឡះ​ ​ចាក​អសុរកាយ​បាន​ឡើយ​។​ ​\n<br>​<span class=\"IncreaseIndent\">&nbsp;</span>[​១១៣​]​ ​ម្នាល​ភិក្ខុ​ទាំងឡាយ​ ​អរិយ​សាវក​ ​រមែង​ញ៉ាំង​អត្តភាព​ ​ឲ្យ​ប្រព្រឹត្តទៅ​ ​ដោយ​ភោជន​ជា​ពំនូត​ ​ដែល​បាន​មក​ ​ដោយ​កម្លាំង​កំភួនជើង​ ​ប្រើប្រាស់​នូវ​សំពត់​គ្មាន​ជាយ​ ​ក៏​ពិតមែនហើយ​។​"
    },
    {
      "header": "សោតាបត្តិសំយុត្ត",
      "href": "http://ti-kh.org/books?book=39&page=107",
      "text": "រាជការាមវគ្គ ទី២",
      "detail": "<p class=\"BCenter\">​រាជកា​រាម​វគ្គ​ ​ទី២​</p>\n<br>​<span class=\"IncreaseIndent\">&nbsp;</span>[​១៨២​]​ ​ព្រះ​ដ៏​មាន​ព្រះ​ភាគ​ ​ទ្រង់​គង់នៅ​ក្នុង​រាជកា​រាម​ ​ទៀប​ក្រុង​សាវត្ថី​។​ ​គ្រានោះ​ ​ភិក្ខុនី​សង្ឃ​ ​ប្រមាណ​មួយ​ពាន់​រូប​ ​បាន​ចូល​ទៅ​គាល់​ព្រះ​ដ៏​មាន​ព្រះ​ភាគ​ ​លុះ​ចូល​ទៅដល់​ហើយ​ ​ថ្វាយបង្គំ​ព្រះ​ដ៏​មាន​ព្រះ​ភាគ​ ​ហើយ​ឋិត​ក្នុង​ទី​ដ៏​សមគួរ​។​ ​លុះ​ភិក្ខុនី​ទាំងនោះ​ ​ឋិត​ក្នុង​ទី​ដ៏​សមគួរ​ហើយ​ ​ទើប​ព្រះ​ដ៏​មាន​ព្រះ​ភាគ​ ​ទ្រង់​ត្រាស់​ដូច្នេះ​ថា​ ​ម្នាល​ភិក្ខុនី​ទាំងឡាយ​ ​អរិយ​សាវក​ ​អ្នក​ប្រកបដោយ​ធម៌​ ​៤​ ​យ៉ាង​ ​ជា​សោតាបន្ន​បុគ្គល​ ​មាន​សភាព​មិន​ធ្លាក់ទៅក្នុង​អបាយ​ ​ជា​បុគ្គល​ទៀង​ ​មានការ​ត្រាស់​ដឹង​ ​ប្រព្រឹត្តទៅ​ក្នុង​ខាងមុខ​។​ ​ធម៌​ ​៤​ ​យ៉ាង​ ​តើ​ដូចម្ដេច​ខ្លះ​។​ ​ម្នាល​ភិក្ខុនី​ទាំងឡាយ​ ​អរិយ​សាវក​ ​ក្នុង​ធម្មវិន័យ​នេះ​ ​ប្រកបដោយ​សេចក្តី​ជ្រះថ្លា​ ​មិន​ញាប់ញ័រ​ ​ក្នុង​ព្រះពុទ្ធ​ថា​ ​ព្រះ​ដ៏​មាន​ព្រះ​ភាគ​ ​អង្គ​នោះ​។​ ​បេ​។​ ​ព្រះអង្គ​ជា​គ្រូ​នៃ​ទេវតា​ ​និង​មនុស្ស​ទាំងឡាយ​ ​ព្រះអង្គ​ត្រាស់​ដឹង​ ​នូវ​អរិយសច្ច​ធម៌​ ​ព្រះអង្គ​លែង​វិល​មកកាន់​ភព​ថ្មីទៀត​។​ ​(​អរិយ​សាវក​ ​ប្រកបដោយ​សេចក្ដី​ជ្រះថ្លា​ ​មិន​ញាប់ញ័រ​)​ ​ក្នុង​ព្រះធម៌​។​ ​ក្នុង​ព្រះសង្ឃ​។​ ​ជា​អ្នក​ប្រកបដោយ​សីល​ ​ជាទីស្រឡាញ់​របស់​អរិយបុគ្គល​ ​ជា​សីល​មិន​ដាច់​។​បេ​។​ ​ជា​សីល​ប្រព្រឹត្តទៅ​ ​ដើម្បី​សមាធិ​។​ ​ម្នាល​ភិក្ខុនី​ទាំងឡាយ​ ​អរិយ​សាវក​ ​ប្រកបដោយ​ធម៌​ ​ទាំង​ ​៤​ ​យ៉ាងនេះ​ឯង​ ​ជា​សោតាបន្ន​បុគ្គល​ ​"
    },
    {
      "header": "សោតាបត្តិសំយុត្ត",
      "href": "http://ti-kh.org/books?book=39&page=126",
      "text": "សរកានិវគ្គ  ទី ៣",
      "detail": "<p class=\"BCenter\">​សរ​កា​និ​វគ្គ​ ​ទី៣​</p>\n<br>​<span class=\"IncreaseIndent\">&nbsp;</span>[​២០៨​]​ ​ខ្ញុំ​បាន​ស្ដាប់​មក​យ៉ាងនេះ​។​ ​សម័យមួយ​ ​ព្រះ​ដ៏​មាន​ព្រះ​ភាគ​ ​ទ្រង់​គង់នៅ​ក្នុង​និគ្រោធារាម​ ​ជិត​ក្រុង​កបិល​ព័ស្ដុ​ ​ក្នុង​ដែន​សក្កៈ​។​ ​គ្រានោះ​ឯង​ ​ព្រះ​មហា​នាម​សក្យរាជ​ ​ចូល​ទៅ​គាល់​ ​ព្រះ​ដ៏​មាន​ព្រះ​ភាគ​ ​លុះ​បាន​ចូល​ទៅដល់​ ​ក៏​ថ្វាយបង្គំ​ព្រះ​ដ៏​មាន​ព្រះ​ភាគ​ ​ហើយ​គង់​ក្នុង​ទី​ដ៏​សមគួរ​។​ ​លុះ​ព្រះ​មហា​នាម​សក្យរាជ​ ​គង់​ក្នុង​ទី​ដ៏​សមគួរ​ហើយ​ ​ក្រាបបង្គំទូល​ព្រះ​ដ៏​មាន​ព្រះ​ភាគ​ ​ដូច្នេះ​ថា​ ​បពិត្រ​ព្រះអង្គ​ដ៏​ចំរើន​ ​នគរ​កបិល​ព័ស្តុ​នេះ​ ​ជា​នគរ​ស្ដុកស្ដម្ភ​ ​ធំ​ទូលាយ​ ​មាន​មនុស្ស​ច្រើន​ ​មាន​មនុស្ស​កុះករ​ ​មាន​ច្រក​ចង្អៀត​ដ៏​ច្រើន​។​ ​បពិត្រ​ព្រះអង្គ​ដ៏​ចំរើន​ ​ខ្ញុំ​ព្រះអង្គ​នោះ​ឯង​ ​បាន​ចូល​មក​អង្គុយ​ជិត​ព្រះ​ដ៏​មាន​ព្រះ​ភាគ​ផង​ ​បាន​ចូល​មក​អង្គុយ​ជិត​ភិក្ខុ​ទាំងឡាយ​ ​ដែល​គួរ​ជាទី​ចំរើន​ចិត្ត​ផង​ ​ហើយ​ចូល​ទៅ​នគរ​កបិល​ព័ស្តុ​ ​ក្នុង​វេលា​ល្ងាច​វិញ​ ​តែង​ទៅ​ដោយ​ដំរី​លឿន​ក៏​មាន​ ​ទៅ​ដោយ​សេះ​លឿន​ក៏​មាន​ ​ទៅ​ដោយ​រថ​លឿន​ក៏​មាន​ ​ទៅ​ដោយ​រទេះ​លឿន​ក៏​មាន​ ​ទៅ​ដោយ​បុរស​លឿន​ក៏​មាន​។​ ​បពិត្រ​ព្រះអង្គ​ដ៏​ចំរើន​ ​ក្នុង​ពេលនោះ​ ​សតិ​របស់ខ្ញុំ​ព្រះអង្គ​ ​ប្រារព្ធ​ព្រះ​ដ៏​មាន​ព្រះ​ភាគ​ ​ក៏​ភ្លេចបាត់​ទៅ​ ​សតិ​ប្រារព្ធ​ព្រះធម៌​ ​ក៏​ភ្លេចបាត់​ទៅ​ ​សតិ​ប្រារព្ធ​ព្រះសង្ឃ​ ​ក៏​ភ្លេចបាត់​ទៅ​។​"
    },
    {
      "header": "សោតាបត្តិសំយុត្ត",
      "href": "http://ti-kh.org/books?book=39&page=178",
      "text": "បុញ្ញតិសន្ទវគ្គ ទី ៤",
      "detail": "<span class=\"IncreaseIndent\">&nbsp;</span>​[​២៨២​]​ ​ម្នាល​នន្ទ​កៈ​ ​អរិយ​សាវក​ ​ប្រកបដោយ​ធម៌​ ​៤​ ​តែង​សម្រេច​ស្រោតៈ​ ​ជា​អ្នកមាន​ធម៌​មិនបាន​ធ្លាក់ចុះ​ ​ទៀងតែនឹង​ត្រាស់​ដឹង​ ​ទៅខាងមុខ​។​ ​ធម៌​ ​៤​ ​តើ​ដូចម្ដេច​ខ្លះ​។​ ​ម្នាល​នន្ទ​កៈ​ ​អរិយ​សាវក​ ​ក្នុង​សាសនា​នេះ​ ​ប្រកបដោយ​សេចក្ដី​ជ្រះថ្លា​ ​មិន​កម្រើក​ ​ក្នុង​ព្រះពុទ្ធ​ថា​ ​ព្រះ​ដ៏​មាន​ព្រះ​ភាគ​នោះ​។​បេ​។​ ​ជា​សាស្ដា​នៃ​ទេវតា​ ​និង​មនុស្ស​ទាំងឡាយ​ ​ជា​ព្រះពុទ្ធ​មានជោគ​។​ ​ក្នុង​ព្រះធម៌​។​ ​ក្នុង​ព្រះសង្ឃ​។​ ​ប្រកបដោយ​អរិយ​កន្ត​សីល​ ​ជា​សីល​មិន​ដាច់​។​បេ​។​ ​ប្រព្រឹត្តទៅ​ ​ដើម្បី​សមាធិ​។​ ​ម្នាល​នន្ទ​កៈ​ ​អរិយ​សាវក​ ​ប្រកបដោយ​ធម៌​ ​៤​ ​នេះឯង​ ​តែង​សម្រេច​ស្រោតៈ​ ​មានធម៌​មិនបាន​ធ្លាក់ចុះ​ ​ទៀងតែនឹង​ត្រាស់​ដឹង​ ​ទៅខាងមុខ​ ​។​ ​\n<br>​<span class=\"IncreaseIndent\">&nbsp;</span>[​២៨៣​]​ ​ម្នាល​នន្ទ​កៈ​ ​អរិយ​សាវក​ ​ប្រកបដោយ​ធម៌​ ​៤​ ​នេះ​ហើយ​ ​កប​កល់​ដោយ​អាយុ​ជា​ទិព្វ​ផង​ ​ជា​របស់​មនុស្ស​ផង​ ​កប​កល់​ដោយ​សម្បុរ​ជា​ទិព្វ​ផង​ ​ជា​របស់​មនុស្ស​ផង​ ​កប​កល់​ដោយ​សេចក្ដីសុខ​ ​ជា​ទិព្វ​ផង​ ​ជា​របស់​មនុស្ស​ផង​ ​កប​កល់​ដោយ​យស​ជា​ទិព្វ​ផង​ ​ជា​របស់​មនុស្ស​ផង​ ​"
    },
    {
      "header": "សោតាបត្តិសំយុត្ត",
      "href": "http://ti-kh.org/books?book=39&page=198",
      "text": "សគាថកបុញ្ញាភិសន្ទវគ្គ ទី ៥",
      "detail": "<p class=\"BCenter\">​សគា​ថ​ក​បុញ្ញា​ភិ​សន្ទ​វគ្គ​ ​ទី៥​</p>\n<br>​<span class=\"IncreaseIndent\">&nbsp;</span>​[​៣០៤​]​ ​ម្នាល​ភិក្ខុ​ទាំងឡាយ​ ​ស្ទឹង​គឺ​បុណ្យ​ ​ស្ទឹង​គឺ​កុសល​ ​ជា​បច្ច័យ​ ​នៃ​សេចក្ដីសុខ​នេះ​ ​មាន​ ​៤​។​ ​ស្ទឹង​គឺ​បុណ្យ​ ​ស្ទឹង​គឺ​កុសល​ ​៤​ ​តើ​ដូចម្ដេច​ខ្លះ​។​ ​ម្នាល​ភិក្ខុ​ទាំងឡាយ​ ​អរិយ​សាវក​ ​ក្នុង​សាសនា​នេះ​ ​ប្រកបដោយ​សេចក្ដី​ជ្រះថ្លា​ ​មិន​ញាប់ញ័រ​ ​ក្នុង​ព្រះពុទ្ធ​ថា​ ​ព្រះ​ដ៏​មាន​ព្រះ​ភាគ​នោះ​។​បេ​។​ ​ជា​សាស្ដា​នៃ​ទេវតា​ ​និង​មនុស្ស​ទាំងឡាយ​ ​ជា​ព្រះពុទ្ធ​មានជោគ​ ​ដោយហេតុ​ដូច្នេះ​ឯង​។​ ​នេះ​ ​ស្ទឹង​គឺ​បុណ្យ​ ​គឺ​ស្ទឹង​កុសល​ ​ជា​បច្ច័យ​នៃ​សេចក្ដីសុខ​ ​ទី​ ​១​។​ ​ម្នាល​ភិក្ខុ​ទាំងឡាយ​ ​មួយទៀត​ ​អរិយ​សាវក​ ​(​ប្រកបដោយ​សេចក្ដី​ជ្រះថ្លា​ ​មិន​ញាប់ញ័រ​)​ ​ក្នុង​ព្រះធម៌​។​ ​ក្នុង​ព្រះសង្ឃ​។​ ​ប្រកបដោយ​អរិយ​កន្ត​សីល​ ​ជា​សីល​មិន​ដាច់​។​បេ​។​ ​ប្រព្រឹត្តទៅ​ ​ដើម្បី​សមាធិ​។​ ​នេះ​ស្ទឹង​គឺ​បុណ្យ​ ​ស្ទឹង​គឺ​កុសល​ ​ជា​បច្ច័យ​នៃ​សេចក្ដីសុខ​ ​ទី​ ​៤​។​ ​ម្នាល​ភិក្ខុ​ទាំងឡាយ​ ​ទាំង​ ​៤​ ​នេះឯង​ ​ស្ទឹង​គឺ​បុណ្យ​ ​ស្ទឹង​គឺ​កុសល​ ​ជា​បច្ច័យ​នៃ​សេចក្ដីសុខ​។​ ​"
    },
    {
      "header": "សោតាបត្តិសំយុត្ត",
      "href": "http://ti-kh.org/books?book=39&page=210",
      "text": "សប្បញ្ញវគ្គ  ទី ៦",
      "detail": "<p class=\"BCenter\">សប្ប​ញ្ញ​វគ្គ​ ​ទី៦​</p>\n<br>​<span class=\"IncreaseIndent\">&nbsp;</span>[​៣២២​]​ ​ម្នាល​ភិក្ខុ​ទាំងឡាយ​ ​អរិយ​សាវក​ ​ដែល​ប្រកបដោយ​ធម៌​ ​៤​ ​រមែង​សម្រេច​ស្រោតៈ​ ​មានធម៌​មិនបាន​ធ្លាក់ចុះ​ ​ទៀងតែនឹង​បាន​ត្រាស់​ដឹង​ទៅខាងមុខ​។​ ​ធម៌​ ​៤​ ​តើ​ដូចម្ដេច​ខ្លះ​។​ ​ម្នាល​ភិក្ខុ​ទាំងឡាយ​ ​អរិយ​សាវក​ ​ក្នុង​សាសនា​នេះ​ ​ប្រកបដោយ​សេចក្ដី​ជ្រះថ្លា​ ​មិន​ញាប់ញ័រ​ ​ក្នុង​ព្រះពុទ្ធ​ថា​ ​ព្រះ​ដ៏​មាន​ព្រះ​ភាគ​ ​អង្គ​នោះ​។​បេ​។​ ​ជា​សាស្ដា​នៃ​ ​ទេវតា​ ​និង​មនុស្ស​ទាំងឡាយ​ ​ជា​ព្រះពុទ្ធ​មានជោគ​ ​ដោយហេតុ​ដូច្នេះ​ឯង​។​ ​ក្នុង​ព្រះធម៌​។​ ​ក្នុង​ព្រះសង្ឃ​។​ ​ប្រកបដោយ​អរិយ​កន្ត​សីល​ ​ជា​សីល​មិន​ដាច់​។​បេ​។​ ​ប្រព្រឹត្តទៅ​ ​ដើម្បី​សមាធិ​។​ ​ម្នាល​ភិក្ខុ​ទាំងឡាយ​ ​អរិយ​សាវក​ ​ដែល​ប្រកបដោយ​ធម៌​ ​ទាំង​ ​៤​ ​នេះឯង​ ​រមែង​សម្រេច​ស្រោតៈ​ ​មានធម៌​មិនបាន​ធ្លាក់ចុះ​ ​ទៀងតែនឹង​បាន​ត្រាស់​ដឹង​ទៅខាងមុខ​។​ ​ព្រះមានព្រះភាគ​ ​ទ្រង់​ត្រាស់​គាថាពន្ធ​នេះ​ថា​"
    },
    {
      "header": "សោតាបត្តិសំយុត្ត",
      "href": "http://ti-kh.org/books?book=39&page=224",
      "text": "មហាបញ្ញវគ្គ  ទី ៧",
      "detail": "<p class=\"BCenter\">​មហា​បញ្ញ​វគ្គ​ ​ទី៧​</p>\n<br>​<span class=\"IncreaseIndent\">&nbsp;</span>​[​៣៤២​]​ ​(​ធម៌​ ​៤​)​ ​តែង​ប្រព្រឹត្តទៅ​ ​ដើម្បី​ប្រាជ្ញា​ច្រើន​។​\n<br>​<span class=\"IncreaseIndent\">&nbsp;</span>​[​៣៤៣​]​ ​ប្រព្រឹត្តទៅ​ ​ដើម្បី​ប្រាជ្ញា​ដ៏​ក្រាស់​។​ ​\n<br>​<span class=\"IncreaseIndent\">&nbsp;</span>[​៣៤៤​]​ ​ប្រព្រឹត្តទៅ​ ​ដើម្បី​ប្រាជ្ញា​ដ៏​ធំ​ទូលាយ​។​ ​\n<br>​<span class=\"IncreaseIndent\">&nbsp;</span>​[​៣៤៥​]​ ​ប្រព្រឹត្តទៅ​ ​ដើម្បី​ប្រាជ្ញា​ដ៏​ជ្រៅ​។​\n<br>​<span class=\"IncreaseIndent\">&nbsp;</span>​[​៣៤៦​]​ ​ប្រព្រឹត្តទៅ​ ​ដើម្បី​ប្រាជ្ញា​ប្រមាណ​មិនបាន​។​\n<br>​<span class=\"IncreaseIndent\">&nbsp;</span>​[​៣៤៧​]​ ​ប្រព្រឹត្តទៅ​ ​ដើម្បី​ប្រាជ្ញា​ដូចជា​ផែនដី​។​\n<br>​<span class=\"IncreaseIndent\">&nbsp;</span>​[​៣៤៨​]​ ​ប្រព្រឹត្តទៅ​ ​ដើម្បី​ប្រាជ្ញា​ដ៏​ច្រើន​។​\n<br>​<span class=\"IncreaseIndent\">&nbsp;</span>​[​៣៤៩​]​ ​ប្រព្រឹត្តទៅ​ ​ដើម្បី​ប្រាជ្ញា​ឆាប់​។​\n<br>​<span class=\"IncreaseIndent\">&nbsp;</span>​[​៣៥០​]​ ​ប្រព្រឹត្តទៅ​ ​ដើម្បី​ប្រាជ្ញា​រហ័ស​។​\n<br>​<span class=\"IncreaseIndent\">&nbsp;</span>​[​៣៥១​]​ ​ប្រព្រឹត្តទៅ​ ​ដើម្បី​ប្រាជ្ញា​ដ៏​រីករាយ​។​\n<br>​<span class=\"IncreaseIndent\">&nbsp;</span>​[​៣៥២​]​ ​ប្រព្រឹត្តទៅ​ ​ដើម្បី​ប្រាជ្ញា​ជាទី​ស្ទុះ​ទៅ​។​\n<br>​<span class=\"IncreaseIndent\">&nbsp;</span>​[​៣៥៣​]​ ​ប្រព្រឹត្តទៅ​ ​ដើម្បី​ប្រាជ្ញា​ដ៏​ក្លៀវក្លា​។​\n<br>​<span class=\"IncreaseIndent\">&nbsp;</span>​[​៣៥៤​]​ ​ប្រព្រឹត្តទៅ​ ​ដើម្បី​ប្រាជ្ញា​ដ៏​មោះមុត​។​"
    },
    {
      "header": "សច្ចសំយុត្ត",
      "href": "http://ti-kh.org/books?book=39&page=226",
      "text": "សច្ចសំយុត្ត\t\tសមាធិវគ្គ  ទី ១",
      "detail": "<p class=\"BCenter\">​សច្ច​សំយុត្ត​\n<br>​សមាធិ​វគ្គ​ ​ទី១​</p>\n<br>​<span class=\"IncreaseIndent\">&nbsp;</span>​[​៣៥៥​]​ ​សាវត្ថី​និទាន​។​ ​ម្នាល​ភិក្ខុ​ទាំងឡាយ​ ​អ្នក​ទាំងឡាយ​ ​ចូរ​ចំរើន​សមាធិ​។​ ​ម្នាល​ភិក្ខុ​ទាំងឡាយ​ ​ភិក្ខុ​ដែល​មានចិត្ត​ដំ​កល់​នឹង​ ​រមែង​ដឹង​ច្បាស់​តាម​សេចក្ដីពិត​។​ ​ចុះ​ ​ដឹង​ច្បាស់​នូវ​អ្វី​ ​តាម​សេចក្ដីពិត​។​ ​ដឹង​ច្បាស់​តាម​សេចក្ដីពិត​ថា​ ​នេះ​ជា​ទុក្ខ​។​ ​ដឹង​ច្បាស់​តាម​សេចក្ដីពិត​ថា​ ​នេះ​ជាហេតុ​ ​ជាទី​កើតឡើង​នៃ​ទុក្ខ​ ​ដឹង​ច្បាស់​តាម​សេចក្ដីពិត​ថា​ ​នេះ​ជាទី​រំលត់ទុក្ខ​ ​ដឹង​ច្បាស់​តាម​សេចក្ដីពិត​ថា​ ​នេះ​ជា​បដិបទា​ ​ជា​ដំណើរ​ទៅកាន់​ទី​រំលត់ទុក្ខ​។​ ​ម្នាល​ភិក្ខុ​ទាំងឡាយ​ ​អ្នក​ទាំងឡាយ​ ​ចូរ​ចំរើន​នូវ​សមាធិ​។​ ​ម្នាល​ភិក្ខុ​ទាំងឡាយ​ ​ភិក្ខុ​ដែល​មានចិត្ត​ដំ​កល់​នឹង​ ​រមែង​ដឹង​ច្បាស់​តាម​សេចក្ដីពិត​។​ ​ម្នាល​ភិក្ខុ​ទាំងឡាយ​ ​ព្រោះហេតុនោះ​ ​ភិក្ខុ​ក្នុង​សាសនា​នេះ​ ​គួរ​ធ្វើ​សេចក្ដីព្យាយាម​ថា​ ​នេះ​ជា​ទុក្ខ​ ​គួរ​ធ្វើ​សេចក្ដីព្យាយាម​ថា​ ​នេះ​ជាហេតុ​ ​ជាទី​កើតឡើង​នៃ​ទុក្ខ​ ​គួរ​ធ្វើ​សេចក្ដីព្យាយាម​ថា​ ​នេះ​ជាទី​រំលត់ទុក្ខ​ ​គួរ​ធ្វើ​សេចក្ដីព្យាយាម​ថា​ ​នេះ​ជា​បដិបទា​ ​ជា​ដំណើរ​ទៅកាន់​ទី​រំលត់ទុក្ខ​។"
    },
    {
      "header": "សច្ចសំយុត្ត",
      "href": "http://ti-kh.org/books?book=39&page=239",
      "text": "ធម្មចក្កប្បវត្តនវគ្គ  ទី ២",
      "detail": "<p class=\"BCenter\">​ធម្មចក្ក​ប្ប​វត្តន​វគ្គ​ ​ទី២​</p>\n<br>​<span class=\"IncreaseIndent\">&nbsp;</span>​[​៣៦៥​]​ ​ខ្ញុំ​បាន​ស្ដាប់​មក​យ៉ាងនេះ​។​ ​សម័យមួយ​ ​ព្រះ​ដ៏​មាន​ព្រះ​ភាគ​ ​ទ្រង់​គង់នៅ​ ​ក្នុង​ឥសិបតន​មិគទាយ​វន​ ​ទៀប​ក្រុង​ពារាណសី​។​ ​ក្នុង​ទីនោះ​ឯង​ ​ព្រះ​ដ៏​មាន​ព្រះ​ភាគ​ ​ទ្រង់​ត្រាស់​ចំពោះ​បញ្ចវគ្គិយ​ភិក្ខុ​ទាំងឡាយ​ថា​ ​ម្នាល​ភិក្ខុ​ទាំងឡាយ​ ​ធម៌​អម​ខាង​ ​២​ ​ប្រការ​នេះ​ ​បព្វជិត​ ​មិន​គួរ​សេពគប់​ឡើយ​។​ ​ធម៌​អម​ខាង​ ​២​ ​ប្រការ​ ​គឺ​អ្វីខ្លះ​។​ ​ការ​ប្រក​បរឿយៗ​ ​នូវ​សេចក្ដី​ជាប់ជំពាក់​ ​ដោយ​កាមសុខ​ ​ក្នុង​កាម​ទាំងឡាយ​ ​ដែល​ជា​ធម៌​ ​ថោកទាប​ ​ជា​របស់​អ្នកស្រុក​ ​ជា​របស់​បុថុជ្ជន​ ​មិនមែន​ជា​របស់​អរិយបុគ្គល​ ​មិន​ប្រកបដោយ​ប្រយោជន៍​ ​១​ ​ការ​ប្រក​បរឿយៗ​ ​នូវ​សេចក្ដីព្យាយាម​ធ្វើខ្លួន​ឯង​ឲ្យ​លំបាក​ ​ដែល​នាំមក​នូវ​សេចក្ដីទុក្ខ​ ​មិនមែន​ជា​របស់​អរិយបុគ្គល​ ​មិន​ប្រកបដោយ​ប្រយោជន៍​ ​១​។​ ​ម្នាល​ភិក្ខុ​ទាំងឡាយ​ ​មជ្ឈិមា​បដិបទា​ ​មិន​ប៉ះពាល់​នូវ​ធម៌​អម​ខាង​ ​ទាំង​ ​២​ ​នុ៎ះ​ ​តថាគត​ ​បាន​ត្រាស់​ដឹង​ហើយ​ ​ជា​សេចក្ដី​ប្រតិបត្តិ​ ​ធ្វើឲ្យ​កើត​បញ្ញាចក្ខុ​ ​ធ្វើឲ្យ​កើត​សេចក្ដី​ចេះដឹង​ ​ប្រព្រឹត្តទៅ​ ​ដើម្បី​សេចក្ដី​ស្ងប់​រម្ងាប់​ ​ដើម្បី​ដឹង​ច្បាស់​ ​ដើម្បី​ត្រាស់​ដឹង​ ​ដើម្បី​និព្វាន​។​ ​ម្នាល​ភិក្ខុ​ទាំងឡាយ​ ​ចុះ​មជ្ឈិមា​បដិបទា​នោះ​ ​តើ​ដូចម្ដេច​ ​ដែល​តថាគត​ត្រាស់​ដឹង​ហើយ​ ​ជា​សេចក្ដី​ប្រតិបត្តិ​ ​ធ្វើឲ្យ​កើត​បញ្ញាចក្ខុ​ ​ធ្វើឲ្យ​កើត​សេចក្ដី​ចេះដឹង​ ​ប្រព្រឹត្តទៅ​ ​ដើម្បី​សេចក្ដី​ស្ងប់​រម្ងាប់​ ​ដើម្បី​ដឹង​ច្បាស់​ ​ដើម្បី​ត្រាស់​ដឹង​ ​ដើម្បី​និព្វាន​។​ ​"
    },
    {
      "header": "សច្ចសំយុត្ត",
      "href": "http://ti-kh.org/books?book=39&page=261",
      "text": "កោដិគាមវគ្គ  ទី ៣",
      "detail": "<p class=\"BCenter\">​កោដិ​គាម​វគ្គ​ ​ទី៣​</p>\n<br>​<span class=\"IncreaseIndent\">&nbsp;</span>[​៣៩៩​]​ ​សម័យមួយ​ ​ព្រះមានព្រះភាគ​ ​ទ្រង់​គង់នៅ​ក្នុង​កោដិ​គ្រាម​ ​ក្នុង​ដែន​វជ្ជី​។​ ​ក្នុង​ទីនោះ​ឯង​ ​ព្រះមានព្រះភាគ​ ​ទ្រង់​ត្រាស់​ហៅ​ភិក្ខុ​ទាំងឡាយ​មក​ថា​ ​ម្នាល​ភិក្ខុ​ទាំង​ ​ឡាយ​ ​តថាគត​ក្ដី​ ​អ្នក​ទាំងឡាយ​ក្ដី​ ​ដែល​អន្ទោល​ ​ត្រាច់​រង្គាត់​ទៅ​ ​អស់​កាលយូរ​អង្វែង​យ៉ាងនេះ​ ​ព្រោះ​មិនបាន​ត្រាស់​ដឹង​ ​មិនបាន​ចាក់ធ្លុះ​ ​នូវ​អរិយសច្ច​ ​៤​។​ ​អរិយសច្ច​ ​៤​ ​គឺ​អ្វីខ្លះ​។​ ​ម្នាល​ភិក្ខុ​ទាំងឡាយ​ ​តថាគត​ក្ដី​ ​អ្នក​ទាំងឡាយ​ក្ដី​ ​ដែល​អន្ទោល​ទៅ​ ​ត្រាច់​រង្គាត់​ទៅ​ ​អស់​កាលយូរ​អង្វែង​ ​យ៉ាងនេះ​ ​ព្រោះ​មិនបាន​ត្រាស់​ដឹង​ ​មិនបាន​ចាក់ធ្លុះ​ ​នូវ​ទុក្ខអរិយសច្ច​ ​ទុក្ខសមុទយ​អរិយសច្ច​។​បេ​។​ ​ទុក្ខនិរោធ​អរិយសច្ច​។​ ​តថាគត​ក្ដី​ ​អ្នក​ទាំងឡាយ​ក្ដី​ ​ដែល​អន្ទោល​ទៅ​ ​ត្រាច់​រង្គាត់​ទៅ​ ​អស់​កាលយូរ​អង្វែង​ ​យ៉ាងនេះ​ ​ព្រោះ​មិនបាន​ត្រាស់​ដឹង​ ​មិនបាន​ចាក់ធ្លុះ​ ​នូវ​ទុក្ខនិរោធ​គាមិនី​បដិបទា​អរិយសច្ច​។​ ​ម្នាល​ភិក្ខុ​ទាំងឡាយ​ ​ទុក្ខអរិយសច្ច​នេះ​ ​តថាគត​ក្ដី​ ​អ្នក​ទាំងឡាយ​ក្ដី​ ​បាន​ត្រាស់​ដឹង​ហើយ​ ​បាន​ចាក់ធ្លុះ​ហើយ​ ​ទុក្ខសមុទយ​អរិយសច្ច​ ​តថាគត​ក្ដី​ ​អ្នក​ទាំងឡាយ​ក្ដី​ ​បាន​ត្រាស់​ដឹង​ហើយ​ ​បាន​ចាក់ធ្លុះ​ហើយ​ ​ទុក្ខនិរោធ​អរិយសច្ច​ ​តថាគត​ក្ដី​ ​អ្នក​ទាំងឡាយ​ក្ដី​ ​បាន​ត្រាស់​ដឹង​ហើយ​ ​បាន​ចាក់ធ្លុះ​ ​ហើយ​ ​ទុក្ខនិរោធ​គាមិនី​បដិបទា​អរិយសច្ច​ ​តថាគត​ក្ដី​ ​អ្នក​ទាំងឡាយ​ក្ដី​ ​បាន​ត្រាស់​ដឹង​ហើយ​ ​បាន​ចាក់ធ្លុះ​ហើយ​។"
    },
    {
      "header": "សច្ចសំយុត្ត",
      "href": "http://ti-kh.org/books?book=39&page=273",
      "text": "សីសបាបណ្ណវគ្គ ទី៤",
      "detail": "<p class=\"BCenter\">​សីស​បាប​ណ្ណ​វគ្គ​ ​ទី៤​</p>\n<br>​<span class=\"IncreaseIndent\">&nbsp;</span>[​៤១៣​]​ ​សម័យមួយ​ ​ព្រះមានព្រះភាគ​ ​ទ្រង់​គង់នៅ​ក្នុង​សីស​បា​វន​ ​(​ព្រៃ​ធ្នង់​)​ ​ទៀប​ក្រុង​កោ​សម្ពី​ ​។​ ​គ្រានោះ​ឯង​ ​ព្រះមានព្រះភាគ​ ​ទ្រង់​ចាប់​ស្លឹក​ធ្នង់​បន្តិច​ ​ដោយ​ព្រះហស្ដ​ ​ត្រាស់​សួរ​ភិក្ខុ​ទាំងឡាយ​ថា​ ​ម្នាល​ភិក្ខុ​ទាំងឡាយ​ ​អ្នក​សំគាល់​សេចក្ដី​នុ៎ះ​ ​ដូចម្ដេច​ ​ស្លឹង​ធ្នង់​បន្ដិច​ ​ដែល​តថាគត​ ​ចាប់​ដោយដៃ​ក្ដី​ ​ស្លឹង​ធ្នង់​ ​ដែល​នៅ​ឯ​ដើម​ធ្នង់​ក្ដី​ ​ស្លឹក​នោះ​ ​តើ​ស្លឹក​ណា​ច្រើនជាង​ហ្ន៎​។​ ​បពិត្រ​ព្រះអង្គ​ដ៏​ចំរើន​ ​ស្លឹង​ធ្នង់​ ​ដែល​ព្រះមានព្រះភាគ​ ​ចាប់​ដោយ​ព្រះហស្ត​ ​មាន​ប្រមាណ​តិចណាស់​ ​ឯ​ស្លឹង​ធ្នង់​ទាំងនោះ​ ​ដែល​នៅដើម​ធ្នង់​ ​មាន​ចំនួន​ច្រើនជាង​។​ ​ម្នាល​ភិក្ខុ​ទាំងឡាយ​ ​យ៉ាងនេះ​មែនហើយ​ ​ពាក្យ​ណា​ ​ដែល​តថាគត​មិន​សំដែង​ ​ដើម្បី​សេចក្ដី​ត្រាស់​ដឹង​ ​ដល់​អ្នក​ទាំងឡាយ​ ​ពាក្យ​នុ៎ះឯង​ ​មាន​ចំនួន​ច្រើនជាង​។​ ​ម្នាល​ភិក្ខុ​ទាំងឡាយ​ ​ពាក្យ​នុ៎ះ​ ​បាន​ជាត​ថា​គត​មិន​សំដែង​ ​ព្រោះ​ហេតុអ្វី​។​ ​ម្នាល​ភិក្ខុ​ទាំងឡាយ​ ​ព្រោះថា​ ​ពាក្យ​នុ៎ះ​ ​មិន​ប្រកបដោយ​ប្រយោជន៍​ ​មិនមែន​ជា​អាទិ​ព្រហ្មចរិយ​ធម៌​ ​មិន​ប្រព្រឹត្តទៅ​ ​ដើម្បី​សេចក្ដី​នឿយណាយ​ ​មិន​ប្រព្រឹត្តទៅ​ ​ដើម្បី​ប្រាសចាក​តម្រេក​ ​មិន​ប្រព្រឹត្តទៅ​ ​ដើម្បី​រំលត់ទុក្ខ​ ​មិន​ប្រព្រឹត្តទៅ​ ​ដើម្បី​ស្ងប់​រម្ងាប់​ ​"
    },
    {
      "header": "សច្ចសំយុត្ត",
      "href": "http://ti-kh.org/books?book=39&page=290",
      "text": "បបាតវគ្គ ទី ៥",
      "detail": "<p class=\"BCenter\">ប​បាត​វគ្គ​ ​ទី៥​</p>\n<br>​<span class=\"IncreaseIndent\">&nbsp;</span>​[​៤២៦​]​ ​សម័យមួយ​ ​ព្រះមានព្រះភាគ​ ​ទ្រង់​គង់នៅ​ក្នុង​វត្ត​វេឡុ​វន​ ​ជា​កលន្ទក​ ​និវាប​ស្ថាន​ ​ជិត​ក្រុង​រាជគ្រឹះ​។​ ​ក្នុង​ទីនោះ​ឯង​ ​ព្រះមានព្រះភាគ​ ​ទ្រង់​ត្រាស់​នឹង​ភិក្ខុ​ទាំងឡាយ​ថា​ ​ម្នាល​ភិក្ខុ​ទាំងឡាយ​ ​ពីព្រេងនាយ​មក​ ​មាន​បុរស​ម្នាក់​ ​ចេញ​អំពី​ក្រុង​រាជគ្រឹះ​ដោយ​គិតថា​ ​អញ​នឹង​គិត​ ​នូវ​លោកចិន្ដា​<sup>(​១​)</sup>​ ​(​គិត​អំពី​លោក​)​ ​ដូច្នេះហើយ​ ​ចូល​ទៅ​រក​ស្រះ​បោក្ខរណី​ ​ឈ្មោះ​សុ​មា​គ​ធា​ ​លុះ​ចូល​ទៅដល់​ហើយ​ ​ក៏​អង្គុយ​ទៀប​ឆ្នេរ​ស្រះ​បោក្ខរណី​ឈ្មោះ​ ​សុ​មា​គ​ធា​ ​ហើយ​គិត​លោកចិន្ដា​។​ ​ម្នាល​ភិក្ខុ​ទាំងឡាយ​ ​បុរស​នោះ​ ​ក៏​ស្រាប់តែ​ឃើញ​ ​នូវ​សេនា​មាន​អង្គ​ ​៤​ ​កំពុង​ចូល​ទៅ​ក្នុង​ក្រឪឈូក​ ​ទៀប​ឆ្នេរ​ស្រះ​បោក្ខរណី​ ​ឈ្មោះ​សុ​មា​គ​ធា​។​ ​លុះ​បុរស​នោះ​ឃើញ​ហើយ​ ​ក៏​មាន​សេចក្ដី​ត្រិះរិះ​ ​ដូច្នេះ​ថា​ ​អញ​ជា​មនុស្ស​ឆ្កួត​ទេតើ​ ​អញ​ជា​មនុស្ស​មានចិត្ត​រាយមាយ​ទេតើ​ ​វត្ថុ​ណា​ ​មិន​មាន​ក្នុង​លោក​ ​វត្ថុ​នោះ​ ​អញ​បានឃើញ​ហើយ​។​ ​ម្នាល​ភិក្ខុ​ទាំងឡាយ​ ​គ្រានោះ​ ​បុរស​នោះ​ ​ត្រឡប់​ចូល​ទៅកាន់​នគរ​ ​ហើយ​ប្រាប់​ពួក​មហាជន​ថា​ ​នែអ្នក​ទាំងឡាយ​ដ៏​ចំរើន​ ​ខ្ញុំ​ជា​មនុស្ស​ឆ្កួត​ ​<hr><div style=\"font-size: 14px\">​(​១​)​ ​គឺ​គិតថា​ ​នរណា​បង្កើត​ព្រះចន្ទ្រ​ ​និង​ព្រះអាទិត្យ​ ​នរណា​បង្កើត​ផែនដី​ ​នរណា​តាក់តែង​សមុទ្រ​ ​នរណា​ ​តាក់តែង​ពួក​សត្វ​ ​ដែល​ជា​ឱប​បា​តិកៈ​ ​នរណា​តាក់តែង​ភ្នំ​ ​នរណា​តាក់តែង​ដើម​ស្វាយ​ ​ត្នោត​ ​ដូង​ ​ជាដើម​ ​មក​ ​នេះ​ហៅថា​ ​លោក​ចិន្តា​ ​(​អដ្ឋកថា​)​។​</div>"
    },
    {
      "header": "សច្ចសំយុត្ត",
      "href": "http://ti-kh.org/books?book=39&page=312",
      "text": "អភិសមយវគ្គ ទី ៦",
      "detail": "<p class=\"BCenter\">​អភិ​សមយ​វគ្គ​ ​ទី៦​</p>\n<br>​<span class=\"IncreaseIndent\">&nbsp;</span>[​៤៤៨​]​ ​គ្រានោះ​ឯង​ ​ព្រះមានព្រះភាគ​ ​ទ្រង់​លើក​នូវ​អាចម៍ដី​ ​មាន​ប្រមាណ​តិច​ ​ដាក់លើ​ខ្នង​ព្រះ​នខា​ ​ហើយ​ត្រាស់​នឹង​ភិក្ខុ​ទាំងឡាយ​ថា​ ​ម្នាល​ភិក្ខុ​ទាំងឡាយ​ ​អ្នក​ទាំងឡាយ​ ​សំគាល់​នូវ​ហេតុ​នោះ​ ​ដូចម្ដេច​ ​អាចម៍ដី​ ​មាន​ប្រមាណ​តិច​ ​ដែល​តថាគត​លើកដាក់​លើ​ចុង​ក្រចក​ក្ដី​ ​មហាប្រឹថពី​នេះ​ក្ដី​ ​របស់​ទាំងពីរ​នោះ​ ​តើ​របស់​ណា​ច្រើនជាង​ ​។​ ​បពិត្រ​ព្រះអង្គ​ដ៏​ចំរើន​ ​មហាប្រឹថពី​នេះ​ច្រើនជាង​ ​អាចម៍ដី​ ​មាន​ប្រមាណ​តិច​ ​ដែល​ព្រះមានព្រះភាគ​ ​ទ្រង់​លើកដាក់​លើ​ខ្នង​ព្រះ​នខា​ ​មាន​ប្រមាណ​តិច​ទេ​ ​អាចម៍ដី​ ​មាន​ប្រមាណ​តិច​ ​ដែល​ព្រះមានព្រះភាគ​ ​លើកដាក់​លើ​ចុង​ព្រះ​នខា​ ​មិនបាន​ដល់​នូវ​ការរាប់​ផង​ ​មិនបាន​ដល់​ ​នូវ​ការប្រៀបធៀប​ផង​ ​មិនបាន​ដល់​នូវ​ចំណែក​ ​នៃ​ចំណិត​ផង​ ​ដោយ​ការប្រៀបធៀប​នឹង​មហាប្រឹថពី​បាន​ឡើយ​ ​យ៉ាងណាមិញ​។​ ​ម្នាល​ភិក្ខុ​ទាំងឡាយ​ ​បុគ្គល​ជា​អរិយ​សាវក​ ​ដែល​បរិបូណ៌​ដោយ​ទិដ្ឋិ​ ​ជា​អ្នក​ត្រាស់​ដឹង​ ​(​នូវ​មគ្គ​ ​និង​ផល​)​ ​សេចក្ដីទុក្ខ​ ​របស់​អរិយ​សាវក​នោះ​ ​ដែល​អស់​ទៅ​ ​រលីង​ទៅ​ ​ច្រើនជាង​ ​សេចក្ដីទុក្ខ​ ​ដែល​សល់​នៅ​ ​មាន​ប្រមាណ​តិច​ ​មិនបាន​ដល់​ ​នូវ​ការរាប់​ផង​ ​មិនបាន​ដល់​ ​នូវ​ការប្រៀបធៀប​ផង​ ​មិនបាន​ដល់​នូវ​ចំណែក​ ​នៃ​ចំណិត​ផង​ ​ដោយ​ការប្រៀបធៀប​នឹង​គំនរ​ទុក្ខ​ពីមុន​ ​ដែល​អស់​ទៅ​ ​រលីង​ទៅ​ ​ចំនួន​ ​៧​ ​ ​អត្តភាព​ ​ជា​យ៉ាង​យូរ​ ​ក៏​យ៉ាងនោះ​ឯង​។​ ​បុគ្គល​ណា​ដឹង​ច្បាស់​តាម​សេចក្ដីពិត​ថា​ ​នេះ​ជា​ទុក្ខ​។​បេ​។​ ​"
    },
    {
      "header": "សច្ចសំយុត្ត",
      "href": "http://ti-kh.org/books?book=39&page=322",
      "text": "អាមកធញ្ញបេយ្យាល បឋមវគ្គ ទី ៧",
      "detail": "<p class=\"BCenter\">​អាមក​ធញ្ញ​បេយ្យាល​បឋម​វគ្គ​ ​ទី៧​</p>\n<br>​<span class=\"IncreaseIndent\">&nbsp;</span>[​៤៥៨​]​ ​គ្រានោះ​ឯង​ ​ព្រះមានព្រះភាគ​ ​ទ្រង់​លើក​នូវ​អាចម៍ដី​ ​មាន​ប្រមាណ​តិច​ដាក់លើ​ចុង​ព្រះ​នខា​ ​ហើយ​ត្រាស់​នឹង​ភិក្ខុ​ទាំងឡាយ​ថា​ ​ម្នាល​ភិក្ខុ​ទាំងឡាយ​ ​អ្នក​ទាំងឡាយ​ ​សំគាល់​នូវ​ហេតុ​នោះ​ ​ដូចម្ដេច​ ​អាចម៍ដី​បន្តិច​ ​ដែល​តថាគត​ ​លើកដាក់​លើ​ចុង​ក្រចក​ ​និង​មហាប្រឹថពី​នេះ​ ​របស់​ទាំងពីរ​នោះ​ ​តើ​របស់​ណា​ច្រើនជាង​។​ ​បពិត្រ​ព្រះអង្គ​ដ៏​ចំរើន​ ​មហាប្រឹថពី​នោះ​ឯង​ ​ច្រើនជាង​ ​អាចម៍ដី​បន្តិច​ ​ដែល​ព្រះមានព្រះភាគ​ ​លើកដាក់​លើ​ចុង​ព្រះ​នខា​ ​មាន​ប្រមាណ​តិច​ ​អាចម៍ដី​បន្តិច​ ​ដែល​ព្រះមានព្រះភាគ​ ​លើកដាក់​លើ​ចុង​ព្រះ​នខា​ ​មិនបាន​ដល់​ ​នូវ​ការរាប់​ផង​ ​មិនបាន​ដល់​ ​នូវ​ការប្រៀបធៀប​ផង​ ​មិនបាន​ដល់​ ​នូវ​ចំណែក​ ​នៃ​ចំណិត​ផង​ ​ដោយ​ការប្រៀបធៀប​នឹង​មហាប្រឹថពី​បាន​ឡើយ​ ​យ៉ាងណាមិញ​។​ ​ម្នាល​ភិក្ខុ​ទាំងឡាយ​ ​ពួក​សត្វ​ ​ដែល​កើត​ក្នុង​កំណើត​មនុស្ស​ទាំងឡាយ​ ​មាន​ប្រមាណ​តិច​ ​ឯ​ពួក​សត្វ​ ​ដែល​កើត​ក្រៅអំពី​កំណើត​ពួក​មនុស្ស​ ​មាន​ប្រមាណ​ច្រើន​។​ ​ដំណើរ​នោះ​ ​ព្រោះ​ហេតុអ្វី​។​ ​ម្នាល​ភិក្ខុ​ទាំងឡាយ​ ​ព្រោះ​ពួក​សត្វ​មិនឃើញ​ ​នូវ​អរិយសច្ច​ ​៤​។​ ​អរិយសច្ច​ ​៤​ ​ដូចម្ដេច​ខ្លះ​។​ ​គឺ​ទុក្ខអរិយសច្ច​ ​១​។​បេ​។​ ​ទុក្ខនិរោធ​គាមិនី​បដិបទា​អរិយសច្ច​ ​១​ ​ក៏​យ៉ាងនោះ​ឯង​។​"
    },
    {
      "header": "សច្ចសំយុត្ត",
      "href": "http://ti-kh.org/books?book=39&page=327",
      "text": "អាមកធញ្ញបេយ្យាល ទុតិយវគ្គ ទី៨",
      "detail": "<p class=\"BCenter\">​អាមក​ធញ្ញ​បេយ្យាល​ទុតិយវគ្គ​ ​ទី៨​</p>\n<br>​<span class=\"IncreaseIndent\">&nbsp;</span>​[​៤៦៨​]​ ​ម្នាល​ភិក្ខុ​ទាំងឡាយ​ ​ពួក​សត្វ​ជា​អ្នក​វៀរចាក​បាណាតិបាត​ ​មាន​ប្រមាណ​តិច​ ​ចំណែក​ពួក​សត្វ​ ​ជា​អ្នក​មិន​វៀរចាក​បាណាតិបាត​ ​មាន​ប្រមាណ​ច្រើន​ ​ក៏​យ៉ាងនោះ​ដែរ​។​ ​ដំណើរ​នោះ​ ​ព្រោះ​ហេតុអ្វី​។​បេ​។​\n<br>​<span class=\"IncreaseIndent\">&nbsp;</span>​[​៤៦៩​]​ ​ម្នាល​ភិក្ខុ​ទាំងឡាយ​ ​ពួក​សត្វ​ជា​អ្នក​វៀរចាក​អទិន្នាទាន​ ​មាន​ប្រមាណ​តិច​ ​ចំណែក​ពួក​សត្វ​ ​ជា​អ្នក​មិន​វៀរចាក​អទិន្នាទាន​ ​មាន​ប្រមាណ​ច្រើន​ ​ក៏​យ៉ាងនោះ​ដែរ​។​បេ​។​ ​\n<br>​<span class=\"IncreaseIndent\">&nbsp;</span>​[​៤៧០​]​ ​ម្នាល​ភិក្ខុ​ទាំងឡាយ​ ​ពួក​សត្វ​ជា​អ្នក​វៀរចាក​កា​មេ​សុ​មិច្ឆាចារ​ ​មាន​ប្រមាណ​តិច​ ​ចំណែក​ពួក​សត្វ​ ​ជា​អ្នក​មិន​វៀរចាក​កា​មេ​សុ​មិច្ឆាចារ​ ​មាន​ប្រមាណ​ច្រើន​ ​ក៏​យ៉ាងនោះ​ដែរ​។​បេ​។​ ​\n<br>​<span class=\"IncreaseIndent\">&nbsp;</span>​[​៤៧១​]​ ​ម្នាល​ភិក្ខុ​ទាំងឡាយ​ ​ពួក​សត្វ​ជា​អ្នក​វៀរចាក​មុសាវាទ​ ​មាន​ប្រមាណ​តិច​ ​ចំណែក​ពួក​សត្វ​ ​ជា​អ្នក​មិន​វៀរចាក​មុសាវាទ​ ​មាន​ប្រមាណ​ច្រើន​ ​ក៏​យ៉ាងនោះ​ដែរ​។​បេ​។​\n<br>​<span class=\"IncreaseIndent\">&nbsp;</span>​[​៤៧២​]​ ​ម្នាល​ភិក្ខុ​ទាំងឡាយ​ ​ពួក​សត្វ​ជា​អ្នក​វៀរចាក​បិ​សុ​ណា​វាចា​ ​មាន​ប្រមាណ​តិច​ ​ចំណែក​ពួក​សត្វ​ ​ជា​អ្នក​មិន​វៀរចាក​បិ​សុ​ណា​វាចា​ ​មាន​ប្រមាណ​ច្រើន​ ​ក៏​យ៉ាងនោះ​ដែរ​។​បេ​។​"
    },
    {
      "header": "សច្ចសំយុត្ត",
      "href": "http://ti-kh.org/books?book=39&page=330",
      "text": "អាមកធញ្ញបេយ្យាល តតិយវគ្គ ទី ៩",
      "detail": "<p class=\"BCenter\">​អាមក​ធញ្ញ​បេយ្យាល​តតិយ​វគ្គ​ ​ទី៩​</p>\n<br>​<span class=\"IncreaseIndent\">&nbsp;</span>​[​៤៧៨​]​ ​ម្នាល​ភិក្ខុ​ទាំងឡាយ​ ​ពួក​សត្វ​ជា​អ្នក​វៀរចាក​កិរិយា​រាំច្រៀង​ ​ប្រគំ​ ​និង​ការ​មើល​ល្បែង​ផ្សេង​ៗ​ ​ដែល​ជាស​ត្រូវ​ ​ដល់​កុសលធម៌​ ​មាន​ប្រមាណ​តិច​ ​ចំណែក​ពួក​សត្វ​ជា​អ្នក​មិន​វៀរចាក​កិរិយា​រាំច្រៀង​ ​ប្រគំ​ ​និង​ការ​មើល​ល្បែង​ផ្សេង​ៗ​ ​ដែល​ជាស​ត្រូវ​ ​ដល់​កុសលធម៌​ ​មាន​ប្រមាណ​ច្រើន​ ​ក៏​យ៉ាងនោះ​ដែរ​។​ ​ដំណើរ​នោះ​ ​ព្រោះ​ហេតុអ្វី​។​បេ​។​ ​\n<br>​<span class=\"IncreaseIndent\">&nbsp;</span>​[​៤៧៩​]​ ​ម្នាល​ភិក្ខុ​ទាំងឡាយ​ ​ពួក​សត្វ​ជា​អ្នក​វៀរចាក​ទីដេក​ ​ឬ​ទី​អង្គុយ​ដ៏​ខ្ពស់​ហួសប្រមាណ​ ​និង​ទីដេក​ ​ឬ​ទី​អង្គុយ​ដ៏​ប្រសើរ​ ​មាន​ប្រមាណ​តិច​ ​ចំណែក​ពួក​សត្វ​ ​ជា​អ្នក​មិន​វៀរចាក​ទីដេក​ ​ឬ​ទី​អង្គុយ​ដ៏​ខ្ពស់​ ​ហួសប្រមាណ​ ​និង​ទីដេក​ ​ឬ​ទី​អង្គុយ​ដ៏​ប្រសើរ​ ​មាន​ប្រមាណ​ច្រើន​ ​ក៏​យ៉ាងនោះ​ដែរ​។​បេ​។​ ​\n<br>​<span class=\"IncreaseIndent\">&nbsp;</span>​[​៤៨០​]​ ​ម្នាល​ភិក្ខុ​ទាំងឡាយ​ ​ពួក​សត្វ​ជា​អ្នក​វៀរចាក​ការ​ទទួល​ ​នូវ​មាស​ ​និង​ប្រាក់​ ​មាន​ប្រមាណ​តិច​ ​ចំណែក​ពួក​សត្វ​ ​ជា​អ្នក​មិន​វៀរចាក​ការ​ទទួល​ ​នូវ​មាស​ ​និង​ប្រាក់​ ​មាន​ ​ ​ ​ប្រមាណ​ច្រើន​ ​ក៏​យ៉ាងនោះ​ដែរ​។​បេ​។​ ​\n<br>​<span class=\"IncreaseIndent\">&nbsp;</span>​[​៤៨១​]​ ​ម្នាល​ភិក្ខុ​ទាំងឡាយ​ ​ពួក​សត្វ​ជា​អ្នក​វៀរចាក​កិរិយា​ទទួល​ធញ្ញជាត​ស្រស់​ ​មាន​ប្រមាណ​តិច​ ​ចំណែក​ពួក​សត្វ​ ​ជា​អ្នក​មិន​វៀរចាក​កិរិយា​ទទួល​ធញ្ញជាត​ស្រស់​ ​មាន​ប្រមាណ​ច្រើន​ ​ក៏​យ៉ាងនោះ​ដែរ​។​បេ​។​ ​"
    },
    {
      "header": "សច្ចសំយុត្ត",
      "href": "http://ti-kh.org/books?book=39&page=333",
      "text": "អាមកធញ្ញបេយ្យាល ចតុត្ថវគ្គ ទី១០",
      "detail": "<p class=\"BCenter\">​អាមក​ធញ្ញ​បេយ្យាល​ចតុត្ថ​វគ្គ​ ​ទី១០​</p>\n<br>​<span class=\"IncreaseIndent\">&nbsp;</span>​[​៤៨៨​]​ ​ម្នាល​ភិក្ខុ​ទាំងឡាយ​ ​ពួក​សត្វ​ជា​អ្នក​វៀរ​ស្រឡះ​ ​ចាក​ការ​ទទួល​ស្រែ​ ​និង​ចម្ការ​ ​មាន​ប្រមាណ​តិច​ ​ចំណែក​ពួក​សត្វ​ ​ជា​អ្នក​មិន​វៀរ​ស្រឡះ​ ​ចាក​ការ​ទទួល​ស្រែ​ ​និង​ចម្ការ​ ​មាន​ប្រមាណ​ច្រើន​ ​ក៏​យ៉ាងនោះ​ដែរ​។​បេ​។​\n<br>​<span class=\"IncreaseIndent\">&nbsp;</span>​[​៤៨៩​]​ ​ម្នាល​ភិក្ខុ​ទាំងឡាយ​ ​ពួក​សត្វ​ជា​អ្នក​វៀរ​ស្រឡះ​ ​ចាក​ការទិញ​ ​និង​លក់​ ​មាន​ប្រមាណ​តិច​ ​ចំណែក​ពួក​សត្វ​ ​ជា​អ្នក​មិន​វៀរចាក​ការទិញ​ ​និង​លក់​ ​មាន​ប្រមាណ​ច្រើន​ ​ក៏​យ៉ាងនោះ​ដែរ​។​បេ​។​\n<br>​<span class=\"IncreaseIndent\">&nbsp;</span>​[​៤៩០​]​ ​ម្នាល​ភិក្ខុ​ទាំងឡាយ​ ​ពួក​សត្វ​ជា​អ្នក​វៀរ​ស្រឡះ​ ​ចាក​ការ​ប្រកប​ ​នូវ​ទូត​កម្ម​ ​គឺ​នាំ​សំបុត្រ​ ​ឬពាក្យ​បណ្ដាំ​ ​ដល់​គ្រហស្ថ​ ​និង​ទៅ​ដោយ​គេ​បញ្ជូន​អំពី​ផ្ទះ​ ​១​ ​ទៅផ្ទះ​ ​១​ ​មាន​ប្រមាណ​តិច​ ​ពួក​សត្វ​ ​ជា​អ្នក​មិន​វៀរ​ស្រឡះ​ ​ចាក​ការ​ប្រកប​ ​នូវ​ទូត​កម្ម​ ​គឺ​នាំ​សំបុត្រ​ ​ឬពាក្យ​បណ្ដាំ​ ​ដល់​គ្រហស្ថ​ ​និង​ទៅ​ដោយ​គេ​បញ្ជូន​អំពី​ផ្ទះ​ ​១​ ​ទៅផ្ទះ​ ​១​ ​មាន​ប្រមាណ​ច្រើន​ ​ក៏​យ៉ាងនោះ​ដែរ​។​បេ​។​\n<br>​<span class=\"IncreaseIndent\">&nbsp;</span>​[​៤៩១​]​ ​ម្នាល​ភិក្ខុ​ទាំងឡាយ​ ​ពួក​សត្វ​ជា​អ្នក​វៀរ​ស្រឡះ​ ​ចាក​ការ​ឆបោក​ ​ឬ​បន្លំ​ដោយ​ជញ្ជីង​ ​និង​ឆបោក​ ​ដោយ​ភាជន​មាស​ ​គឺ​ឆរ​បោក​ ​ដោយ​រង្វាស់​រង្វាល់​ ​មាន​ប្រមាណ​តិច​ ​ចំណែក​ពួក​សត្វ​ ​ជា​អ្នក​វៀរ​ស្រឡះ​ ​ចាក​ការ​ឆបោក​ ​ឬ​បន្លំ​ដោយ​ជញ្ជីង​ ​និង​ឆបោក​ ​ដោយ​ភាជន​មាស​ ​គឺ​ឆរ​បោក​ ​ដោយ​រង្វាស់​រង្វាល់​ ​មាន​ប្រមាណ​ច្រើន​ ​ក៏​យ៉ាងនោះ​ដែរ​។​បេ​។​"
    }
  ]
}