{
  "title": "ភាគ ៩៣",
  "imageSrc": "photos/Book_93.jpg",
  "href": "http://ti-kh.org/books?book=93",
  "contents": [
    {
      "header": "អភិធម្មបិដក\nយមកៈ  សត្តមភាគ\n\nឥន្រ្ទិយយមកៈ",
      "href": "http://ti-kh.org/books?book=93&page=1",
      "text": "បវត្តិវារៈ",
      "detail": "<p class=\"BCenter\">អភិធម្មបិដក\n<br>យម​កៈ សត្តម​ភាគ\n<br>ឥន្ទ្រិយ​យម​កៈ\n<br>បវត្តិ​វារៈ</p>\n<br><span class=\"IncreaseIndent\">&nbsp;</span>[១] ចក្ខុន្ទ្រិយ របស់​សត្វ​ណា កើតឡើង សោ​តិ​ន្ទ្រិយ របស់​សត្វ​នោះ កើតឡើង​ហើយ​ឬ។ អើ។ មួយទៀត សោ​តិ​ន្ទ្រិយ របស់​សត្វ​ណា កើតឡើង​ហើយ ចក្ខុន្ទ្រិយ របស់​សត្វ​នោះ កើតឡើង​ឬ។ សោ​តិ​ន្ទ្រិយ របស់​សត្វ​អ្នក​មិន​មាន​ចក្ខុ​ទាំងអស់​នោះ កាល​ច្យុត កាល​ចាប់បដិសន្ធិ កើតឡើង​ហើយ ឯចក្ខុន្ទ្រិយ របស់​សត្វ​ទាំងនោះ មិនកើត​ឡើង​ទេ សោ​តិ​ន្ទ្រិយ របស់​សត្វ​អ្នកមាន​ចក្ខុ​ទាំងនោះ កាល​ចាប់បដិសន្ធិ កើតឡើង​ហើយ​ផង ចក្ខុន្ទ្រិយ កើតឡើង​ផង។\n<br><span class=\"IncreaseIndent\">&nbsp;</span>[២] ចក្ខុន្ទ្រិយ របស់​សត្វ​ណា កើតឡើង ឃា​និ​ន្ទ្រិយ របស់​សត្វ​នោះ កើតឡើង​ហើយ​ឬ។ អើ។ មួយទៀត ឃា​និ​ន្ទ្រិយ របស់​សត្វ​ណា កើតឡើង​ហើយ ចក្ខុន្ទ្រិយ របស់​សត្វ​នោះ កើតឡើង​ឬ។ ឃា​និ​ន្ទ្រិយ របស់​សត្វ​អ្នក​មិន​មាន​ចក្ខុ​ទាំងអស់​នោះ កាល​ច្យុត កាល​ចាប់បដិសន្ធិ កើតឡើង​ហើយ ឯចក្ខុន្ទ្រិយ របស់​សត្វ​ទាំងនោះ មិនកើត​ឡើង​ទេ ឃា​និ​ន្ទ្រិយ របស់​សត្វ​អ្នកមាន​ចក្ខុ​ទាំងនោះ កាល​ចាប់បដិសន្ធិ កើតឡើង​ហើយ​ផង ចក្ខុន្ទ្រិយ កើតឡើង​ផង។"
    },
    {
      "header": "អភិធម្មបិដក\nយមកៈ  សត្តមភាគ\n\nឥន្រ្ទិយយមកៈ",
      "href": "http://ti-kh.org/books?book=93&page=222",
      "text": "បរិញ្ញាវារៈ",
      "detail": "<p class=\"BCenter\">បរិញ្ញា​វារៈ</p>\n<br><span class=\"IncreaseIndent\">&nbsp;</span>[៣២៣] បុគ្គល​ណា កំណត់​ដឹង នូវ​ចក្ខុន្ទ្រិយ បុគ្គល​នោះ ឈ្មោះថា កំណត់​ដឹង នូវ​សោ​តិ​ន្ទ្រិយ​ឬ។ អើ។ មួយទៀត បុគ្គល​ណា កំណត់​ដឹង នូវ​សោ​តិ​ន្ទ្រិយ បុគ្គល​នោះ ឈ្មោះថា​កំណត់​ដឹង នូវ​ចក្ខុន្ទ្រិយ​ឬ។ អើ។\n<br><span class=\"IncreaseIndent\">&nbsp;</span>[៣២៤] បុគ្គល​ណា កំណត់​ដឹង នូវ​ចក្ខុន្ទ្រិយ បុគ្គល​នោះ ឈ្មោះថា​លះបង់ នូវ​ទោ​មនស្សិ​ន្ទ្រិយ​ឬ។ មិនមែនទេ។ មួយទៀត បុគ្គល​ណា លះបង់ នូវ​ទោ​មនស្សិ​ន្ទ្រិយ បុគ្គល​នោះ ឈ្មោះថា​កំណត់​ដឹង នូវ​ចក្ខុន្ទ្រិយ​ឬ។ មិនមែនទេ។\n<br><span class=\"IncreaseIndent\">&nbsp;</span>[៣២៥] បុគ្គល​ណា កំណត់​ដឹង នូវ​ចក្ខុន្ទ្រិយ បុគ្គល​នោះ ឈ្មោះថា​ចម្រើន នូវ​អនញ្ញ​តញ្ញស្សា​មី​តិ​ន្ទ្រិយ​ឬ។ មិនមែនទេ។ មួយទៀត បុគ្គល​ណា ចម្រើន នូវ​អនញ្ញ​តញ្ញស្សា​មី​តិ​ន្ទ្រិយ បុគ្គល​នោះ ឈ្មោះថា​កំណត់​ដឹង នូវ​ចក្ខុន្ទ្រិយ​ឬ។ មិនមែនទេ។\n<br><span class=\"IncreaseIndent\">&nbsp;</span>[៣២៦] បុគ្គល​ណា កំណត់​ដឹង នូវ​ចក្ខុន្ទ្រិយ បុគ្គល​នោះ ឈ្មោះថា​ចម្រើន នូវ​អញ្ញិ​ន្ទ្រិយ​ឬ។ អើ។ មួយទៀត បុគ្គល​ណា ចម្រើន​នូវ​អញ្ញិ​ន្ទ្រិយ បុគ្គល​នោះ ឈ្មោះថា​កំណត់​ដឹង នូវ​ចក្ខុន្ទ្រិយ​ឬ។ អើ។\n<br><span class=\"IncreaseIndent\">&nbsp;</span>[៣២៧] បុគ្គល​ណា កំណត់​ដឹង នូវ​ចក្ខុន្ទ្រិយ បុគ្គល​នោះ ឈ្មោះថា​ធ្វើឲ្យ​ជាក់ច្បាស់ នូវ​អញ្ញាតា​វិន្ទ្រិយ​ឬ។ មិនមែនទេ។"
    }
  ]
}