{
  "title": "ភាគ ៨១",
  "imageSrc": "photos/Book_81.jpg",
  "href": "http://ti-kh.org/books?book=81",
  "contents": [
    {
      "header": "អភិធម្មបិដក\nវិភង្គ  ទុតិយភាគ\n\nបច្ចយាការវិភង្គ",
      "href": "http://ti-kh.org/books?book=81&page=1",
      "text": "បច្ចយាការវិភង្គ \t\tសុត្តន្តភាជនីយ",
      "detail": "<div style=\"text-align: center\">អភិធម្មបិដក\n<br>វិភង្គ ទុតិយភាគ\n<br>បច្ច​យា​ការ​វិភង្គ</div><span class=\"IncreaseIndent\">&nbsp;</span>[១] សង្ខារ​ទាំងឡាយ កើតមាន ព្រោះ​អវិជ្ជា​ជា​បច្ច័យ វិញ្ញាណ កើតមាន ព្រោះ​សង្ខារ​ជា​បច្ច័យ នាមរូប​កើតមាន ព្រោះ​វិញ្ញាណ​ជា​បច្ច័យ សឡាយ​តនៈ​កើតមាន ព្រោះ​នាមរូប​ជា​បច្ច័យ ផស្សៈ​កើតមាន ព្រោះ​សឡាយ​តនៈ​ជា​បច្ច័យ វេទនា​កើតមាន ព្រោះ​ផស្សៈ​ជា​បច្ច័យ តណ្ហា​កើតមាន ព្រោះ​វេទនា​ជា​បច្ច័យ ឧបាទាន​កើតមាន ព្រោះ​តណ្ហា​ជា​បច្ច័យ ភព​កើតមាន ព្រោះ​ឧបាទាន​ជា​បច្ច័យ ជាតិ​កើតមាន ព្រោះ​ភព​ជា​បច្ច័យ ជរា មរណៈ សោ​កៈ បរិទេវៈ ទុក្ខ ទោមនស្ស ឧបា​យា​សៈ កើតមាន ព្រោះ​ជាតិ​ជា​បច្ច័យ ហេតុ​ជាទី​កើតឡើង​នៃ​កង​ទុក្ខ​ទាំងអស់​នុះ រមែង​មាន​ដោយ​អាការ​យ៉ាងនេះ​ឯង។\n<br><span class=\"IncreaseIndent\">&nbsp;</span>[២] បណ្តា​បច្ច​យា​ការ​ទាំងនោះ អវិជ្ជា តើ​ដូចម្តេច។ ការ​មិនដឹង​ក្នុង​ទុក្ខ ការ​មិនដឹង​ក្នុង​ហេតុ ជាទី​កើតឡើង​នៃ​ទុក្ខ ការ​មិនដឹង​ក្នុង​ធម៌​ជាទី​រលត់​ទៅ​នៃ​ទុក្ខ ការ​មិនដឹង​ក្នុង​បដិបទា ជា​ដំណើរ​ទៅកាន់​ទី​រលត់ទុក្ខ នេះ​ហៅថា អវិជ្ជា។"
    },
    {
      "header": "អភិធម្មបិដក\nវិភង្គ  ទុតិយភាគ\n\nបច្ចយាការវិភង្គ",
      "href": "http://ti-kh.org/books?book=81&page=8",
      "text": "អភិធម្មមាតិកា",
      "detail": "<span class=\"IncreaseIndent\">&nbsp;</span>[១៨] បណ្តា​បច្ច​យា​ការ​ទាំងនោះ ឧបា​យា​សៈ តើ​ដូចម្តេច។ សេចក្តី​តានតឹង​ចិត្ត សេចក្តី​ចង្អៀតចង្អល់​ចិត្ត ភាព​តានតឹង​ចិត្ត ភាព​ចង្អៀតចង្អល់​ចិត្ត របស់​បុគ្គល​ដែល​ត្រូវ​សេចក្តី​វិនាស​ញាតិ​ប៉ះពាល់​ក្តី ត្រូវ​សេចក្តី​វិនាស​ភោគៈ​ប៉ះពាល់​ក្តី ត្រូវ​សេចក្តី​វិនាស​គឺ​រោគ​ប៉ះពាល់​ក្តី ត្រូវ​សេចក្តី​វិនាស​សីល​ប៉ះពាល់​ក្តី ត្រូវ​សេចក្តី​វិនាស​គឺ​ទិដ្ឋិ​ប៉ះពាល់​ក្តី ឬប្រកបដោយ​សេចក្តី​វិនាស​ណាមួយ ឬក៏​ត្រូវ​ទុក្ខ​ធម៌​ណាមួយ​ប៉ះពាល់​ហើយ នេះ​ហៅថា ឧបា​យា​សៈ។\n<br><span class=\"IncreaseIndent\">&nbsp;</span>[១៩] ត្រង់​ពាក្យ​ថា ហេតុ​ជាទី​កើតឡើង​នៃ​កង​ទុក្ខ​ទាំងអស់​នុ៎ះ រមែង​មាន​ដោយ​អាការ​យ៉ាងនេះ គឺ​ការ​ជួបជុំ ការ​មូលមក ការប្រជុំ​ចុះ ការ​កើត​ប្រាកដ នៃ​កង​ទុក្ខ​ទាំងអស់​នុ៎ះ រមែង​មាន​ដោយ​អាការ​យ៉ាងនេះ ព្រោះហេតុនោះ ទើប​លោក​ពោល​ថា ហេតុ​ជាទី​កើតឡើង​នៃ​កង​ទុក្ខ​ទាំងអស់​នុ៎ះ រមែង​មាន​ដោយ​អាការ​យ៉ាងនេះ​ឯង។\n<br><p class=\"PCenter\">ចប់ សុត្តន្ត​ភា​ជនីយ។</p>\n<br><span class=\"IncreaseIndent\">&nbsp;</span>[២០] សង្ខារ​កើតមាន ព្រោះ​អវិជ្ជា​ជា​បច្ច័យ វិញ្ញាណ​កើតមាន ព្រោះ​សង្ខារ​ជា​បច្ច័យ នាម​កើតមាន ព្រោះ​វិញ្ញាណ​ជា​បច្ច័យ អាយតនៈ​ទី ៦ កើតមាន ព្រោះ​នាម​ជា​បច្ច័យ ផស្សៈ​កើតមាន ព្រោះ​អាយតនៈ​ទី ៦ ជា"
    },
    {
      "header": "អភិធម្មបិដក\nវិភង្គ  ទុតិយភាគ\n\nបច្ចយាការវិភង្គ",
      "href": "http://ti-kh.org/books?book=81&page=19",
      "text": "អកុសលនិទ្ទេស",
      "detail": "អវិជ្ជា​កើតមាន ព្រោះ​ផស្សៈ​ជា​បច្ច័យ។បេ។ អវិជ្ជា​កើតមាន ព្រោះ​វេទនា​ជា​បច្ច័យ។បេ។ អវិជ្ជា​កើតមាន ព្រោះ​តណ្ហា​ជា​បច្ច័យ។បេ។ អវិជ្ជា​កើតមាន ព្រោះ​ឧបាទាន​ជា​បច្ច័យ។បេ។ សង្ខារ​កើតមាន ព្រោះ​អវិជ្ជា​ជា​បច្ច័យ វិញ្ញាណ​កើតមាន ព្រោះ​សង្ខារ​ជា​បច្ច័យ នាម និង​រូប កើតមាន ព្រោះ​វិញ្ញាណ​ជា​បច្ច័យ អាយតនៈ ៦ កើតមាន ព្រោះ​នាម និង​រូប​ជា​បច្ច័យ ផស្សៈ​កើតមាន ព្រោះ​អាយតនៈ ៦ ជា​បច្ច័យ វេទនា​កើតមាន ព្រោះ​ផស្សៈ​ជា​បច្ច័យ តណ្ហា​កើតមាន ព្រោះ​វេទនា​ជា​បច្ច័យ ឧបាទាន​កើតមាន ព្រោះ​តណ្ហា​ជា​បច្ច័យ ភព​កើតមាន ព្រោះ​ឧបាទាន​ជា​បច្ច័យ ជាតិ​កើតមាន ព្រោះ​ភព​ជា​បច្ច័យ ជរា និង​មរណៈ​កើតមាន ព្រោះ​ជាតិ​ជា​បច្ច័យ ហេតុ​ជាទី​កើតឡើង​នៃ​កង​ទុក្ខ​ទាំងអស់​នុ៎ះ រមែង​មាន​ដោយ​អាការ​យ៉ាងនេះ។\n<br><p class=\"PCenter\">ចប់ មាតិកា។</p>\n<br><span class=\"IncreaseIndent\">&nbsp;</span>[៣៧] ធម៌​ទាំងឡាយ ជាអកុសល តើ​ដូចម្តេច។ ក្នុង​សម័យ​ណា អកុសលចិត្ត ដែល​ច្រឡំ​ដោយ​សោមនស្ស ប្រកបដោយ​ទិដ្ឋិ មាន​រូប​ជា​អារម្មណ៍​ក្តី មានសម្លេង​ជា​អារម្មណ៍​ក្តី មាន​ក្លិន​ជា​អារម្មណ៍​ក្តី មាន​រស​ជា​អារម្មណ៍​ក្តី មាន​ផ្សព្វ​ជា​អារម្មណ៍​ក្តី មានធម៌​ជា​អារម្មណ៍​ក្តី ឬក៏​ប្រារព្ធ​នូវ​អា​រម្ម​ណ៍​ណាៗ ហើយ​កើតឡើង ក្នុង​សម័យ​នោះ សង្ខារ​កើតមាន ព្រោះ​អវិជ្ជា​ជា​បច្ច័យ វិញ្ញាណ​កើតមាន ព្រោះ​សង្ខារ​ជា​បច្ច័យ"
    },
    {
      "header": "អភិធម្មបិដក\nវិភង្គ  ទុតិយភាគ\n\nបច្ចយាការវិភង្គ",
      "href": "http://ti-kh.org/books?book=81&page=75",
      "text": "កុសលនិទ្ទេស",
      "detail": "ហេតុ​ជាទី​កើតឡើង​នៃ​កង​ទុក្ខ​ទាំងអស់​នុ៎ះ រមែង​មាន ដោយ​អាការ​យ៉ាងនេះ។បេ។\n<br><p class=\"PCenter\">ចប់ អកុសល​និទ្ទេស។</p>\n<br><span class=\"IncreaseIndent\">&nbsp;</span>[១០៤] ពួក​ធម៌​ជាកុសល តើ​ដូចម្តេច។ ក្នុង​សម័យ​ណា កាមាវចរ​កុសល​ចិត្ត ច្រឡំ​ដោយ​សោមនស្ស ប្រកបដោយ​ញាណ មាន​រូប​ជា​អារម្មណ៍​ក្តី។បេ។ មានធម៌​ជា​អារម្មណ៍​ក្តី ឬក៏​ប្រារព្ធ​នូវ​អារម្មណ៍​ណា ហើយ​កើតឡើង ក្នុង​សម័យ​នោះ សង្ខារ​កើតមាន ព្រោះ​កុសល​មូល​ជា​បច្ច័យ វិញ្ញាណ​កើតមាន ព្រោះ​សង្ខារ​ជា​បច្ច័យ នាម​កើតមាន ព្រោះ​វិញ្ញាណ​ជា​បច្ច័យ អាយតនៈ​ទី ៦ កើតមាន ព្រោះ​នាម​ជា​បច្ច័យ ផស្សៈ​កើតមាន ព្រោះ​អាយតនៈ​ទី ៦ ជា​បច្ច័យ វេទនា​កើតមាន ព្រោះ​ផស្សៈ​ជា​បច្ច័យ បសាទៈ (សេចក្តី​ជ្រះថ្លា) កើតមាន ព្រោះ​វេទនា​ជា​បច្ច័យ អធិមោក្ខ​កើតមាន ព្រោះ​បសាទៈ​ជា​បច្ច័យ ភព​កើតមាន ព្រោះ​អធិមោក្ខ​ជា​បច្ច័យ ជាតិ​កើតមាន ព្រោះ​ភព​ជា​បច្ច័យ ជរា និង​មរណៈ​កើតមាន ព្រោះ​ជាតិ​ជា​បច្ច័យ ហេតុ​ជាទី​កើតឡើង​នៃ​កង​ទុក្ខ​ទាំងអស់​នុ៎ះ រមែង​មាន​ដោយ​អាការ​យ៉ាងនេះ។\n<br><span class=\"IncreaseIndent\">&nbsp;</span>[១០៥] បណ្តា​ធម៌​ទាំងនោះ កុសល​មូល តើ​ដូចម្តេច។ អលោភៈ អទោសៈ អមោហៈ។ បណ្តា​កុសល​មូល​ទាំងនោះ អលោភៈ"
    },
    {
      "header": "អភិធម្មបិដក\nវិភង្គ  ទុតិយភាគ\n\nបច្ចយាការវិភង្គ",
      "href": "http://ti-kh.org/books?book=81&page=87",
      "text": "អព្យាកតនិទ្ទេស",
      "detail": "វិញ្ញាណក្ខន្ធ លើកតែ​អធិមោក្ខ​ចេញ នេះ​ហៅថា ភព​កើតមាន ព្រោះ​អធិមោក្ខ​ជា​បច្ច័យ។បេ។ អធិប្បាយ​ត្រង់​ពាក្យ​ថា ហេតុ​ជាទី​កើតឡើង​នៃ​ធម៌​ទាំង​នុ៎ះ រមែង​មាន​ដោយ​ប្រការ​ដូច្នេះ ដូចតទៅ​នេះ។ ការ​ជួបជុំ ការ​មូលមក ការប្រជុំ​ចុះ ការ​កើត​ប្រាកដ នៃ​ធម៌​ទាំង​នុ៎ះ រមែង​មាន​យ៉ាងនេះ ព្រោះហេតុនោះ ទើប​ពោល​ថា ហេតុ​ជាទី​កើតឡើង​នៃ​ធម៌​ទាំង​នុ៎ះ រមែង​មាន​ដោយ​អាការ​យ៉ាងនេះ​ឯង។\n<br><p class=\"PCenter\">ចប់ កុសល​និទ្ទេស។</p>\n<br><span class=\"IncreaseIndent\">&nbsp;</span>[១១៨] ពួក​ធម៌​ជា​អព្យាក្រឹត តើ​ដូចម្តេច។ ក្នុង​សម័យ​ណា ចក្ខុវិញ្ញាណ​ជា​វិបាក ច្រឡំ​ដោយ​ឧបេក្ខា មាន​រូប​ជា​អារម្មណ៍ កើតឡើង​ព្រោះ​ភាព​នៃ​កាមាវចរ​កុសលកម្ម ដែល​សត្វ​ធ្វើ​ហើយ សន្សំ​ហើយ ក្នុង​សម័យ​នោះ វិញ្ញាណ​កើតមាន ព្រោះ​សង្ខារ​ជា​បច្ច័យ នាម​កើតមាន ព្រោះ​វិញ្ញាណ​ជា​បច្ច័យ អាយតនៈ​ទី ៦ កើតមាន ព្រោះ​នាម​ជា​បច្ច័យ ផស្សៈ​កើតមាន ព្រោះ​អាយតនៈ​ទី ៦ ជា​បច្ច័យ វេទនា​កើតមាន ព្រោះ​ផស្សៈ​ជា​បច្ច័យ ភព​កើតមាន ព្រោះ​វេទនា​ជា​បច្ច័យ ជាតិ​កើតមាន ព្រោះ​ភព​ជា​បច្ច័យ ជរា និង​មរណៈ​កើតមាន ព្រោះ​ជាតិ​ជា​បច្ច័យ ហេតុ​ជាទី​កើតឡើង​នៃ​កង​ទុក្ខ​ទាំងអស់​នុ៎ះ រមែង​មាន​ដោយ​អាការ​យ៉ាងនេះ។"
    },
    {
      "header": "អភិធម្មបិដក\nវិភង្គ  ទុតិយភាគ\n\nបច្ចយាការវិភង្គ",
      "href": "http://ti-kh.org/books?book=81&page=112",
      "text": "អវិជ្ជាមូលកកុសលនិទ្ទេស",
      "detail": "<span class=\"IncreaseIndent\">&nbsp;</span>[១៤៦] ពួក​ធម៌​ជាកុសល តើ​ដូចម្តេច។ ក្នុង​សម័យ​ណា ចិត្តជា​កាមាវចរ​កុសល ច្រឡំ​ដោយ​សោមនស្ស ប្រកបដោយ​ញាណ មាន​រូប​ជា​អារម្មណ៍​ក្តី។បេ។ មានធម៌​ជា​អារម្មណ៍​ក្តី ឬក៏​ប្រារព្ធ​នូវ​អា​រម្ម​ណ៍​ណាៗ ហើយ​កើតឡើង ក្នុង​សម័យ​នោះ សង្ខារ​កើតមាន ព្រោះ​អវិជ្ជា​ជា​បច្ច័យ វិញ្ញាណ​កើតមាន ព្រោះ​សង្ខារ​ជា​បច្ច័យ នាម​កើតមាន ព្រោះ​វិញ្ញាណ​ជា​បច្ច័យ អាយតនៈ​ទី ៦ កើតមាន ព្រោះ​នាម​ជា​បច្ច័យ ផស្សៈ​កើតមាន ព្រោះ​អាយតនៈ​ទី ៦ ជា​បច្ច័យ វេទនា​កើតមាន ព្រោះ​ផស្សៈ​ជា​បច្ច័យ បសាទៈ​កើតមាន ព្រោះ​វេទនា​ជា​បច្ច័យ អធិមោក្ខ​កើតមាន ព្រោះ​បសាទៈ​ជា​បច្ច័យ ភព​កើតមាន ព្រោះ​អធិមោក្ខ​ជា​បច្ច័យ ជាតិ​កើតមាន ព្រោះ​ភព​ជា​បច្ច័យ ជរា និង​មរណៈ​កើតមាន ព្រោះ​ជាតិ​ជា​បច្ច័យ ហេតុ​ជាទី​កើតឡើង​នៃ​កង​ទុក្ខ​ទាំងអស់​នុ៎ះ រមែង​មាន​ដោយ​អាការ​យ៉ាងនេះ។\n<br><span class=\"IncreaseIndent\">&nbsp;</span>[១៤៧] បណ្តា​បច្ច​យា​ការ​ទាំងនោះ សង្ខារ​កើតមាន ព្រោះ​អវិជ្ជា​ជា​បច្ច័យ តើ​ដូចម្តេច។ ចេតនា ការ​សន្សំ ភាព​នៃ​ការ​សន្សំ (នូវ​អារម្មណ៍) ណា នេះ​ហៅថា សង្ខារ​កើតមាន ព្រោះ​អវិជ្ជា​ជា​បច្ច័យ។បេ។ បណ្តា​បច្ច​យា​ការ​ទាំងនោះ វេទនា​កើតមាន ព្រោះ​ផស្សៈ​ជា​បច្ច័យ តើ​ដូចម្តេច។ សេចក្តី​ត្រេកអរ ប្រព្រឹត្តទៅ​ក្នុងចិត្ត"
    },
    {
      "header": "អភិធម្មបិដក\nវិភង្គ  ទុតិយភាគ\n\nបច្ចយាការវិភង្គ",
      "href": "http://ti-kh.org/books?book=81&page=119",
      "text": "កុសលមូលកវិបាកនិទ្ទេស",
      "detail": "<span class=\"IncreaseIndent\">&nbsp;</span>[១៥៥] ពួក​ធម៌​ជា​អព្យាក្រឹត តើ​ដូចម្តេច។ ក្នុង​សម័យ​ណា ចក្ខុវិញ្ញាណ​ជា​វិបាក ច្រឡំ​ដោយ​ឧបេក្ខា មាន​រូប​ជា​អារម្មណ៍ កើតឡើង ព្រោះ​ភាព​នៃ​កាមាវចរ​កុសលកម្ម ដែល​សត្វ​ធ្វើ​ហើយ សន្សំ​ហើយ ក្នុង​សម័យ​នោះ សង្ខារ​កើតមាន ព្រោះ​កុសល​មូល​ជា​បច្ច័យ វិញ្ញាណ​កើតមាន ព្រោះ​សង្ខារ​ជា​បច្ច័យ នាម​កើតមាន ព្រោះ​វិញ្ញាណ​ជា​បច្ច័យ អាយតនៈ​ទី ៦ កើតមាន ព្រោះ​នាម​ជា​បច្ច័យ ផស្សៈ​កើតមាន ព្រោះ​អាយតនៈ​ទី ៦ ជា​បច្ច័យ វេទនា​កើតមាន ព្រោះ​ផស្សៈ​ជា​បច្ច័យ ភព​កើតមាន ព្រោះ​វេទនា​ជា​បច្ច័យ ជាតិ​កើតមាន ព្រោះ​ភព​ជា​បច្ច័យ ជរា និង​មរណៈ​កើតមាន ព្រោះ​ជាតិ​ជា​បច្ច័យ ហេតុ​ជាទី​កើតឡើង​នៃ​កង​ទុក្ខ​ទាំងអស់​នុ៎ះ រមែង​មាន​ដោយ​អាការ​យ៉ាងនេះ។\n<br><span class=\"IncreaseIndent\">&nbsp;</span>[១៥៦] បណ្តា​បច្ច​យា​ការ​ទាំងនោះ សង្ខារ​កើតមាន ព្រោះ​កុសល​មូល​ជា​បច្ច័យ តើ​ដូចម្តេច។ ចេតនា ការ​សន្សំ ភាព​នៃ​ការ​សន្សំ (នូវ​អារម្មណ៍) ណា នេះ​ហៅថា សង្ខារ​កើតមាន ព្រោះ​កុសល​មូល​ជា​បច្ច័យ។បេ។ ព្រោះហេតុនោះ ទើប​ពោល​ថា ហេតុ​ជាទី​កើតឡើង​នៃ​កង​ទុក្ខ​ទាំងអស់​នុ៎ះ រមែង​មាន​ដោយ​អាការ​យ៉ាងនេះ។"
    },
    {
      "header": "អភិធម្មបិដក\nវិភង្គ  ទុតិយភាគ\n\nបច្ចយាការវិភង្គ",
      "href": "http://ti-kh.org/books?book=81&page=125",
      "text": "អកុសលមូលកវិបាកនិទ្ទេស",
      "detail": "ជាតិ​កើតមាន ព្រោះ​ភព​ជា​បច្ច័យ ជរា និង​មរណៈ​កើតមាន ព្រោះ​ជាតិ​ជា​បច្ច័យ ហេតុ​ជាទី​កើតឡើង​នៃ​ធម៌​ទាំង​នុ៎ះ រមែង​មាន​ដោយ​អាការ​យ៉ាងនេះ។\n<br><p class=\"PCenter\">ចប់ កុសល​មូល​កវិ​បា​កនិទ្ទេស។</p>\n<br><span class=\"IncreaseIndent\">&nbsp;</span>[១៦២] ពួក​ធម៌​ជា​អព្យាក្រឹត តើ​ដូចម្តេច។ ក្នុង​សម័យ​ណា ចក្ខុវិញ្ញាណ​ជា​វិបាក ច្រឡំ​ដោយ​ឧបេក្ខា មាន​រូប​ជា​អារម្មណ៍ កើតឡើង ព្រោះ​ភាព​នៃ​អកុសលកម្ម ដែល​សត្វ​ធ្វើ​ហើយ សន្សំ​ហើយ ក្នុង​សម័យ​នោះ សង្ខារ​កើតមាន ព្រោះ​អកុសលមូល​ជា​បច្ច័យ វិញ្ញាណ​កើតមាន ព្រោះ​សង្ខារ​ជា​បច្ច័យ នាម​កើតមាន ព្រោះ​វិញ្ញាណ​ជា​បច្ច័យ អាយតនៈ​ទី ៦ កើតមាន ព្រោះ​នាម​ជា​បច្ច័យ ផស្សៈ​កើតមាន ព្រោះ​អាយតនៈ​ទី ៦ ជា​បច្ច័យ វេទនា​កើតមាន ព្រោះ​ផស្សៈ​ជា​បច្ច័យ ភព​កើតមាន ព្រោះ​វេទនា​ជា​បច្ច័យ ជាតិ​កើតមាន ព្រោះ​ភព​ជា​បច្ច័យ ជរា និង​មរណៈ​កើតមាន ព្រោះ​ជាតិ​ជា​បច្ច័យ ហេតុ​ជាទី​កើតឡើង​នៃ​កង​ទុក្ខ​ទាំងអស់​នុ៎ះ រមែង​មាន​ដោយ​អាការ​យ៉ាងនេះ។"
    },
    {
      "header": "សតិប្បដ្ឋានវិភង្គ",
      "href": "http://ti-kh.org/books?book=81&page=131",
      "text": "សតិប្បដ្ឋានវិភង្គ \t\tសុត្តន្តភាជនីយ",
      "detail": "<p class=\"BCenter\">សតិ​ប្ប​ដ្ឋាន​វិភង្គ</p>\n<br><span class=\"IncreaseIndent\">&nbsp;</span>[១៧៧] សតិ​ប្ប​ដ្ឋាន ៤ គឺ ភិក្ខុ​ក្នុង​សាសនា​នេះ ពិចារណា​នូវ​កាយ​ក្នុង​កាយ​ខាងក្នុង ពិចារណា​នូវ​កាយ​ក្នុង​កាយ​ខាងក្រៅ ពិចារណា​នូវ​កាយ​ក្នុង​កាយ​ខាងក្នុង និង​ខាងក្រៅ សម្រេច​ឥរិយាបថ មាន​ព្យាយាម​ជា​គ្រឿង​ដុត​កំ​ដៅ​កិលេស ជា​អ្នកដឹងខ្លួន មានស្មារតី (ជា​គ្រឿង​កំណត់) កំចាត់​បង់​អភិជ្ឈា និង​ទោមនស្ស​ក្នុង​លោក ១។ ភិក្ខុ​ពិចារណា​នូវ​វេទនា​ក្នុង​វេទនា​ទាំងឡាយ​ខាងក្នុង ពិចារណា​នូវ​វេទនា​ក្នុង​វេទនា​ទាំងឡាយ​ខាងក្រៅ ពិចារណា​នូវ​វេទនា​ក្នុង​វេទនា​ទាំងឡាយ​ខាងក្នុង និង​ខាងក្រៅ សម្រេច​ឥរិយាបថ មាន​ព្យាយាម​ជា​គ្រឿង​ដុត​កំ​ដៅ​កិលេស ជា​អ្នកដឹងខ្លួន មានស្មារតី (ជា​គ្រឿង​កំណត់) កំចាត់​បង់​អភិជ្ឈា និង​ទោមនស្ស​ក្នុង​លោក ១។ ភិក្ខុ​ពិចារណា​នូវ​ចិត្ត​ក្នុងចិត្ត​ខាងក្នុង ពិចារណា​នូវ​ចិត្ត​ក្នុងចិត្ត​ខាងក្រៅ ពិចារណា​នូវ​ចិត្ត​ក្នុងចិត្ត​ខាងក្នុង និង​ខាងក្រៅ សម្រេច​ឥរិយាបថ មាន​ព្យាយាម​ជា​គ្រឿង​ដុត​កំ​ដៅ​កិលេស ជា​អ្នកដឹងខ្លួន មានស្មារតី (ជា​គ្រឿង​កំណត់) កំចាត់​បង់​អភិជ្ឈា និង​ទោមនស្ស​ក្នុង​លោក ១។ ភិក្ខុ​ពិចារណា​នូវ​ធម៌​ក្នុង​ធម៌​ទាំងឡាយ​ខាងក្នុង ពិចារណា​នូវ​ធម៌​ក្នុង​ធម៌​ទាំងឡាយ​ខាងក្រៅ ពិចារណា​នូវ​ធម៌​ក្នុង​ធម៌​ទាំងឡាយ​ខាងក្នុង និង​ខាងក្រៅ សម្រេច​ឥរិយាបថ មាន​ព្យាយាម ជា​គ្រឿង​ដុត​កំ​ដៅ​កិលេស ជា​អ្នកដឹងខ្លួន មានស្មារតី (ជា​គ្រឿង​កំណត់) កំចាត់​បង់​អភិជ្ឈា និង​ទោមនស្ស​ក្នុង​លោក ១។"
    },
    {
      "header": "សតិប្បដ្ឋានវិភង្គ",
      "href": "http://ti-kh.org/books?book=81&page=155",
      "text": "អភិធម្មភាជនីយ",
      "detail": "ស្ងប់ រម្ងាប់ ស្ងប់​ឈឹង ធ្វើឲ្យ​វិនាស ធ្វើឲ្យ​សាបសូន្យ ឲ្យ​ដល់​នូវ​ការខូចខាត ឲ្យ​ដល់​នូវ​ការ​ហីន​ហោច ឲ្យ​រីងស្ងួត ឲ្យ​ហួតហែង ធ្វើឲ្យ​បាត់បង់​នូវ​អភិជ្ឈា និង​ទោមនស្ស​នេះ ដោយ​ប្រការ​ដូច្នេះ ក្នុង​លោក​នេះ ព្រោះហេតុនោះ ទើប​ពោល​ថា កំចាត់​បង់​អភិជ្ឈា និង​ទោមនស្ស​ក្នុង​លោក។\n<br><p class=\"PCenter\">ចប់ ធម្មា​នុបស្ស​នា​និទ្ទេស។\n<br>ចប់ សុត្តន្ត​ភា​ជនីយ។</p>\n<br><span class=\"IncreaseIndent\">&nbsp;</span>[២០៤] សតិ​ប្ប​ដ្ឋាន ៤។ គឺ​ភិក្ខុ​ក្នុង​សាសនា​នេះ ពិចារណា​នូវ​កាយ​ក្នុង​កាយ ១ ពិចារណា​នូវ​វេទនា ក្នុង​វេទនា​ទាំងឡាយ ១ ពិចារណា​នូវ​ចិត្ត ក្នុងចិត្ត ១ ពិចារណា​នូវ​ធម៌ ក្នុង​ធម៌​ទាំងឡាយ ១។\n<br><span class=\"IncreaseIndent\">&nbsp;</span>[២០៥] ចុះ​ភិក្ខុ​ពិចារណា​នូវ​កាយ​ក្នុង​កាយ តើ​ដូចម្តេច។ ក្នុង​សម័យ​ណា ភិក្ខុ​ក្នុង​សាសនា​នេះ ចម្រើន​លោកុត្តរ​ជ្ឈាន ជា​និយ្យានិកធម៌ ជា​គ្រឿង​ដល់​នូវ​ការ​មិន​សន្សំ (នូវ​កិលេស​វដ្តៈ) ដើម្បី​លះ​ទិដ្ឋិ​ទាំងឡាយ ដើម្បី​ដល់​នូវ​បឋមភូមិ ស្ងាត់​ចាក​កាម​ទាំងឡាយ។បេ។ ហើយ​ចូលកាន់​បឋមជ្ឈាន ជា​ទុក្ខា​បដិបទា ទន្ធា​ភិ​ញ្ញា (ភិក្ខុ​នេះ) ឈ្មោះថា ពិចារណា​នូវ​កាយ​ក្នុង​កាយ ក្នុង​សម័យ​នោះ"
    },
    {
      "header": "សតិប្បដ្ឋានវិភង្គ",
      "href": "http://ti-kh.org/books?book=81&page=162",
      "text": "បញ្ហាបុច្ឆកៈ",
      "detail": "អវិ​ក្ខេ​បៈ​ក៏​មាន ធម៌​ទាំងនេះ ជាកុសល ភិក្ខុ​ស្ងាត់​ចាក​កាម​ទាំងឡាយ។បេ។ ហើយ​ចូលកាន់​បឋមជ្ឈាន ជា​ទុក្ខា​បដិ​បទាទន្ធា​ភិ​ញ្ញា ជា​សុញ្ញ​តៈ ជា​វិបាក ព្រោះ​ភាព​នៃ​លោកុត្តរ​កុសល​ជ្ឈាន​នោះ​ឯង ដែល​លោក​បាន​ធ្វើ​ហើយ ចំរើន​ហើយ (ភិក្ខុ​នេះ) ឈ្មោះថា ពិចារណា​នូវ​ធម៌ ក្នុង​ធម៌​ទាំងឡាយ ក្នុង​សម័យ​នោះ ការ​រឭក ការ​នឹកឃើញ។បេ។ ការ​រឭក​ត្រូវ សតិ​សម្ពោ​ជ្ឈង្គ ជា​អង្គ​នៃ​មគ្គ រាប់បញ្ចូល​ក្នុង​មគ្គ​ណា នេះ​ហៅថា សតិ​ប្ប​ដ្ឋាន ធម៌​ទាំងឡាយ​ដ៏​សេស ក៏​ឈ្មោះថា ប្រកបដោយ​សតិ​ប្ប​ដ្ឋាន។\n<br><p class=\"PCenter\">ចប់ អភិធម្ម​ភា​ជនីយ។</p>\n<br><span class=\"IncreaseIndent\">&nbsp;</span>[២០៨] សតិ​ប្ប​ដ្ឋាន ៤ គឺ ភិក្ខុ​ក្នុង​សាសនា​នេះ ពិចារណា​នូវ​កាយ​ក្នុង​កាយ មាន​ព្យាយាម​ជា​គ្រឿង​ដុត​កំ​ដៅ​កិលេស ជា​អ្នកដឹងខ្លួន មានស្មារតី​កំចាត់​បង់​អភិជ្ឈា និង​ទោមនស្ស​ក្នុង​លោក ១ ពិចារណា​នូវ​វេទនា ក្នុង​វេទនា​ទាំងឡាយ មាន​ព្យាយាម​ជា​គ្រឿង​ដុត​កំ​ដៅ​កិលេស ជា​អ្នកដឹងខ្លួន មានស្មារតី កំចាត់​បង់​អភិជ្ឈា និង​ទោមនស្ស​ក្នុង​លោក ១ ពិចារណា​នូវ​ចិត្ត​ក្នុងចិត្ត មាន​ព្យាយាម​ជា​គ្រឿង​ដុត​កំ​ដៅ​កិលេស ជា​អ្នកដឹងខ្លួន មានស្មារតី កំចាត់​បង់​អភិជ្ឈា និង​ទោមនស្ស​ក្នុង​លោក ១ ពិចារណា​នូវ​ធម៌ ក្នុង​ធម៌​ទាំងឡាយ មាន​ព្យាយាម​ជា​គ្រឿង​ដុត​កំ​ដៅ​កិលេស ជា​អ្នកដឹងខ្លួន មានស្មារតី​កំចាត់​បង់​នូវ​អភិជ្ឈា និង​ទោមនស្ស​ក្នុង​លោក ១។ បណ្តា​សតិ​ប្ប​ដ្ឋាន​ទាំង ៤"
    },
    {
      "header": "សតិប្បដ្ឋានវិភង្គ",
      "href": "http://ti-kh.org/books?book=81&page=167",
      "text": "សុត្តន្តភាជនីយ",
      "detail": "<p class=\"BCenter\">សម្ម​ប្ប​ធាន​វិភង្គ</p>\n<br><span class=\"IncreaseIndent\">&nbsp;</span>[២១១] សម្ម​ប្ប​ធាន ៤ គឺ ភិក្ខុ​ក្នុង​សាសនា​នេះ ញុំាង​ឆន្ទៈ​ឲ្យ​កើតឡើង សង្វាត ប្រារព្ធ​ព្យាយាម ផ្គង​ចិត្ត ប្រឹងប្រែង ដើម្បី​ញុំាង​ពួក​អកុសលធម៌​ដ៏​លាមក ដែល​មិនទាន់​កើត មិន​ឲ្យ​កើតឡើង ១ ញុំាង​ឆន្ទៈ​ឲ្យ​កើត សង្វាត ប្រារព្ធ​ព្យាយាម ផ្គង​ចិត្ត ប្រឹងប្រែង ដើម្បី​លះ​នូវ​ពួក​អកុសលធម៌​ដ៏​លាមក ដែល​កើតឡើង​ហើយ ១ ញុំាង​ឆន្ទៈ​ឲ្យ​កើត សង្វាត ប្រារព្ធ​ព្យាយាម ផ្គង​ចិត្ត ប្រឹងប្រែង ដើម្បី​ញុំាង​ពួក​កុសលធម៌ ដែល​មិនទាន់​កើត ឲ្យ​កើតឡើង ១ ញុំាង​ឆន្ទៈ​ឲ្យ​កើត សង្វាត ប្រារព្ធ​ព្យាយាម ផ្គង​ចិត្ត ប្រឹងប្រែង ដើម្បី​ញុំាង​ពួក​កុសលធម៌ ដែល​កើត​ហើយ ឲ្យ​ឋិតនៅ មិន​ឲ្យ​វិនាស ឲ្យ​រឹងរឹតតែ​ដុះដាល ធំ​ទូលាយ ចំរើន ពេញលេញ ១។\n<br><span class=\"IncreaseIndent\">&nbsp;</span>[២១២] ចុះ​ភិ​ក្ខុញុំាង​ឆន្ទៈ​ឲ្យ​កើត សង្វាត ប្រារព្ធ​ព្យាយាម ផ្គង​ចិត្ត ប្រឹងប្រែង ដើម្បី​ញុំាង​ពួក​អកុសលធម៌​ដ៏​លាមក ដែល​មិនទាន់​កើត មិន​ឲ្យ​កើតឡើង តើ​ដូចម្តេច។ បណ្តា​ធម៌​ទាំងនោះ ពួក​អកុសលធម៌​ដ៏​លាមក ដែល​មិនទាន់​កើតឡើង តើ​ដូចម្តេច។"
    },
    {
      "header": "សតិប្បដ្ឋានវិភង្គ",
      "href": "http://ti-kh.org/books?book=81&page=174",
      "text": "អភិធម្មភាជនីយ",
      "detail": "<span class=\"IncreaseIndent\">&nbsp;</span>[២២៧] ពាក្យ​ថា ឲ្យ​ឋិតនៅ គឺ​ការឋិតនៅ​ណា នោះ ឈ្មោះថា សេចក្តី​មិន​វិនាស ឯសេចក្តី​មិន​វិនាស​ណា នោះ​ឈ្មោះថា ការ​រឹងរឹតតែ​ដុះដាល​ឡើង ការ​រឹងរឹតតែ​ដុះដាល​ឡើង​ណា នោះ ឈ្មោះថា ធំ​ទូលាយ ការ​ធំ​ទូលាយ​ណា នោះ​ឈ្មោះថា ការ​ចំរើន ការ​ចំរើន​ណា នោះ​ឈ្មោះថា ការ​ពេញលេញ។\n<br><span class=\"IncreaseIndent\">&nbsp;</span>[២២៨] ត្រង់​ពាក្យ​ថា ញុំាង​ឆន្ទៈ​ឲ្យ​កើត។បេ។ ត្រង់​ពាក្យ​ថា សង្វាត។បេ។ ត្រង់​ពាក្យ​ថា ប្រារព្ធ​ព្យាយាម។បេ។ ត្រង់​ពាក្យ​ថា ផ្គង​ចិត្ត។បេ។ ត្រង់​ពាក្យ​ថា ប្រឹងប្រែង សេចក្តី​ថា បណ្តា​ពាក្យ​ទាំងនោះ ការ​ប្រឹងប្រែង តើ​ដូចម្តេច សេចក្តី​ប្រារព្ធ​ព្យាយាម ប្រព្រឹត្តទៅ​ក្នុងចិត្ត។បេ។ សម្មា​វាយាមៈ​ណា នេះ​ហៅថា ប្រឹងប្រែង ភិក្ខុ​ជា​អ្នក​ព្រមព្រៀង។បេ។ ប្រកប​ព្រមដោយ​ការ​ប្រឹងប្រែង​នេះ ព្រោះហេតុនោះ ទើប​ពោល​ថា ប្រឹងប្រែង។\n<br><p class=\"PCenter\">ចប់ សុត្តន្ត​ភា​ជនីយ។</p>\n<br><span class=\"IncreaseIndent\">&nbsp;</span>[២២៩] សម្ម​ប្ប​ធាន ៤ គឺ ភិក្ខុ​ក្នុង​សាសនា​នេះ ញុំាង​ឆន្ទៈ​ឲ្យ​កើត សង្វាត ប្រារព្ធ​ព្យាយាម ផ្គង​ចិត្ត ប្រឹងប្រែង ដើម្បី​ញុំាង​ពួក​អកុសលធម៌​ដ៏​លាមក ដែល​មិនទាន់​កើត មិន​ឲ្យ​កើតឡើង ១ ញុំាង​ឆន្ទៈ​ឲ្យ​កើត សង្វាត ប្រារព្ធ​ព្យាយាម ផ្គង​ចិត្ត ប្រឹងប្រែង ដើម្បី​លះ​នូវ​ពួក​អកុសលធម៌​ដ៏​លាមក ដែល​កើតឡើង​ហើយ ១ ញុំាង​ឆន្ទៈ​ឲ្យ​កើត សង្វាត"
    },
    {
      "header": "សតិប្បដ្ឋានវិភង្គ",
      "href": "http://ti-kh.org/books?book=81&page=183",
      "text": "បញ្ហាបុច្ឆកៈ",
      "detail": "សម្ពោ​ជ្ឈង្គ ជា​អង្គ​នៃ​មគ្គ រាប់បញ្ចូល​ក្នុង​មគ្គ​ណា នេះ​ហៅថា សម្ម​ប្ប​ធាន ពួក​ធម៌​ដ៏​សេស ក៏​ឈ្មោះថា ប្រកប​ដោ​យស​ម្ម​ប្ប​ធាន។\n<br><p class=\"PCenter\">ចប់ អភិធម្ម​ភា​ជនីយ។</p>\n<br><span class=\"IncreaseIndent\">&nbsp;</span>[២៤៨] សម្ម​ប្ប​ធាន ៤ គឺ ភិក្ខុ​ក្នុង​សាសនា​នេះ ញុំាង​ឆន្ទៈ​ឲ្យ​កើត សង្វាត ប្រារព្ធ​ព្យាយាម ផ្គង​ចិត្ត ប្រឹងប្រែង ដើម្បី​ញុំាង​ពួក​អកុសលធម៌​ដ៏​លាមក ដែល​មិនទាន់​កើត មិន​ឲ្យ​កើតឡើង ១ ញុំាង​ឆន្ទៈ​ឲ្យ​កើត សង្វាត ប្រារព្ធ​ព្យាយាម ផ្គង​ចិត្ត ប្រឹងប្រែង ដើម្បី​លះ​នូវ​ពួក​អកុសលធម៌​ដ៏​លាមក ដែល​កើតឡើង​ហើយ ១ ញុំាង​ឆន្ទៈ​ឲ្យ​កើត សង្វាត ប្រារព្ធ​ព្យាយាម ផ្គង​ចិត្ត ប្រឹងប្រែង ដើម្បី​ញុំាង​ពួក​កុសលធម៌ ដែល​មិនទាន់​កើត ឲ្យ​កើតឡើង ១ ញុំាង​ឆន្ទៈ​ឲ្យ​កើត សង្វាត ប្រារព្ធ​ព្យាយាម ផ្គង​ចិត្ត ប្រឹងប្រែង ដើម្បី​ញុំាង​ពួក​កុសលធម៌ ដែល​កើត​ហើយ ឲ្យ​ឋិតនៅ មិន​ឲ្យ​វិនាស ឲ្យ​រឹងរឹតតែ​ដុះដាល ធំ​ទូលាយ ចំរើន​ពេញលេញ។ បណ្តា​សម្ម​ប្ប​ធាន​ទាំង ៤ សម្ម​ប្ប​ធាន​ជាកុសល​ប៉ុន្មាន ជាអកុសល​ប៉ុន្មាន ជា​អព្យាក្រឹត​ប៉ុន្មាន។បេ។ ជាស​រណៈ​ប៉ុន្មាន ជា​អរណៈ​ប៉ុន្មាន។"
    },
    {
      "header": "ឥទ្ធិបាទវិភង្គ",
      "href": "http://ti-kh.org/books?book=81&page=187",
      "text": "ឥទ្ធិបាទវិភង្គ \t\t\tសុត្តន្តភាជនីយ",
      "detail": "<p class=\"BCenter\">ឥទ្ធិបាទ​វិភង្គ</p>\n<br><span class=\"IncreaseIndent\">&nbsp;</span>[២៥១] ឥទ្ធិបាទ ៤ គឺ ភិក្ខុ​ក្នុង​សាសនា​នេះ ចំរើន​នូវ​ឥទ្ធិបាទ ប្រកបដោយ​ឆន្ទ​សមាធិ និង​បធាន​សង្ខារ ១ ចំរើន​នូវ​ឥទ្ធិបាទ ប្រកបដោយ​វីរិយ​សមាធិ និង​បធាន​សង្ខារ ១ ចំរើន​នូវ​ឥទ្ធិបាទ ប្រកបដោយ​ចិត្ត​សមាធិ និង​បធាន​សង្ខារ ១ ចំរើន​នូវ​ឥទ្ធិបាទ ប្រកបដោយ​វីមំសា​សមាធិ និង​បធាន​សង្ខារ ១។\n<br><span class=\"IncreaseIndent\">&nbsp;</span>[២៥២] ចុះ​ភិក្ខុ​ចំរើន​នូវ​ឥទ្ធិបាទ ប្រកបដោយ​ឆន្ទ​សមាធិ និង​បធាន​សង្ខារ តើ​ដូចម្តេច។ បើ​ភិក្ខុ​ធ្វើ​ឆន្ទៈ ឲ្យ​ជា​អធិបតី រមែង​បាន​នូវ​សមាធិ បាន​នូវ​ភាព​នៃ​ចិត្ត​មាន​អារម្មណ៍​មូល​តែមួយ នេះ​ហៅថា ឆន្ទ​សមាធិ។ ភិក្ខុ​នោះ ញុំាង​ឆន្ទៈ​ឲ្យ​កើត សង្វាត ប្រារព្ធ​ព្យាយាម ផ្គង​ចិត្ត ប្រឹងប្រែង ដើម្បី​ញុំាង​ពួក​អកុសលធម៌​ដ៏​លាមក ដែល​មិនទាន់​កើត មិន​ឲ្យ​កើតឡើង ញុំាង​ឆន្ទៈ​ឲ្យ​កើត សង្វាត ប្រារព្ធ​ព្យាយាម ផ្គង​ចិត្ត ប្រឹងប្រែង ដើម្បី​លះ​នូវ​ពួក​អកុសលធម៌ ដ៏​លាមក​ដែល​កើត​ហើយ ញុំាង​ឆន្ទៈ​ឲ្យ​កើត សង្វាត ប្រារព្ធ​ព្យាយាម ផ្គង​ចិត្ត ប្រឹងប្រែង ដើម្បី​ញុំាង​ពួក​កុសលធម៌ ដែល​មិនទាន់​កើត ឲ្យ​កើតឡើង"
    },
    {
      "header": "ឥទ្ធិបាទវិភង្គ",
      "href": "http://ti-kh.org/books?book=81&page=195",
      "text": "អភិធម្មភាជនីយ",
      "detail": "<span class=\"IncreaseIndent\">&nbsp;</span>[២៦៣] ពាក្យ​ថា ឥទ្ធិ បាន​ដល់​ការសម្រេច ការសម្រេច​ព្រម អាការ​សម្រេច អាការ​សម្រេច​ព្រម ការបាន ការបាន​ចំពោះ ការ​ដល់ ការ​ដល់​ព្រម ការ​ពាល់ត្រូវ កិរិយា​ធ្វើឲ្យ​ជាក់ច្បាស់ ការបាន​គ្រប់គ្រាន់ នូវ​ធម៌​ទាំងឡាយ​នោះ។ ពាក្យ​ថា ឥទ្ធិបាទ គឺ​វេទនាខន្ធ សញ្ញាខន្ធ សង្ខារក្ខន្ធ វិញ្ញាណក្ខន្ធ របស់​បុគ្គល​មាន​សភាព​ដូច្នោះ។ ពាក្យ​ថា ចំរើន​នូវ​ឥទ្ធិបាទ គឺ ភិក្ខុ​គប់​រក អប់រំ ធ្វើឲ្យ​ច្រើន នូវ​ធម៌​ទាំងនោះ ព្រោះហេតុនោះ ទើប​ពោល​ថា ចំរើន​នូវ​ឥទ្ធិបាទ។\n<br><p class=\"PCenter\">ចប់ សុត្តន្ត​ភា​ជនីយ។</p>\n<br><span class=\"IncreaseIndent\">&nbsp;</span>[២៦៤] ឥទ្ធិបាទ ៤ គឺ​ភិក្ខុ​ក្នុង​សាសនា​នេះ ចំរើន​នូវ​ឥទ្ធិបាទ ប្រកបដោយ​ឆន្ទ​សមាធិ និង​បធាន​សង្ខារ ១ ចំរើន​នូវ​ឥទ្ធិបាទ ប្រកបដោយ​វីរិយ​សមាធិ និង​បធាន​សង្ខារ ១ ចំរើន​នូវ​ឥទ្ធិបាទ ប្រកបដោយ​ចិត្ត​សមាធិ និង​បធាន​សង្ខារ ១ ចំរើន​នូវ​ឥទ្ធិបាទ ប្រកបដោយ​វីមំសា​សមាធិ និង​បធាន​សង្ខារ ១។\n<br><span class=\"IncreaseIndent\">&nbsp;</span>[២៦៥] ចុះ​ភិក្ខុ ចំរើន​នូវ​ឥទ្ធិបាទ ប្រកបដោយ​ឆន្ទ​សមាធិ និង​បធាន​សង្ខារ តើ​ដូចម្តេច។ ក្នុង​សម័យ​ណា ភិក្ខុ​ក្នុង​សាសនា​នេះ ចំរើន​នូវ​លោកុត្តរ​ជ្ឈាន ជា​និយ្យានិកធម៌ ជា​គ្រឿង​ដល់​នូវ​ការ​មិន​សន្សំ (នូវ​កិលេស​វដ្តៈ) ដើម្បី​លះ​នូវ​ទិដ្ឋិ​ទាំងឡាយ ដើម្បី​ដល់​នូវ​បឋមភូមិ ស្ងាត់​ចាក​កាម​ទាំងឡាយ។បេ។ ហើយ​ចូលកាន់​បឋមជ្ឈាន"
    },
    {
      "header": "ឥទ្ធិបាទវិភង្គ",
      "href": "http://ti-kh.org/books?book=81&page=204",
      "text": "បញ្ហាបុច្ឆកៈ",
      "detail": "<span class=\"IncreaseIndent\">&nbsp;</span>[២៨១] បណ្តា​ឥទ្ធិបាទ​ទាំងនោះ វី​មំ​សិទ្ធិ​បាទ តើ​ដូចម្តេច។ ក្នុង​សម័យ​ណា ភិក្ខុ​ក្នុង​សាសនា​នេះ ចំរើន​លោកុត្តរ​ជ្ឈាន ជា​និយ្យានិកធម៌ ជា​គ្រឿង​ដល់​នូវ​ការ​មិន​សន្សំ (នូវ​កិលេស​វដ្តៈ) ដើម្បី​លះ​ទិដ្ឋិ​ទាំងឡាយ ដើម្បី​ដល់​នូវ​បឋមភូមិ ស្ងាត់​ចាក​កាម​ទាំងឡាយ។បេ។ ហើយ​ចូលកាន់​បឋមជ្ឈាន ជា​ទុក្ខា​បដិ​បទាទន្ធា​ភិ​ញ្ញា ក្នុង​សម័យ​នោះ បញ្ញា ការ​ដឹង​ច្បាស់។បេ។ អមោហៈ ធម្ម​វិ​ចយៈ សម្មាទិដ្ឋិ ធម្ម​វិ​ចយ​សម្ពោ​ជ្ឈង្គ ជា​អង្គ​នៃ​មគ្គ រាប់បញ្ចូល​ក្នុង​មគ្គ ណា នេះ​ហៅថា វី​មំ​សិទ្ធិ​បាទ ពួក​ធម៌​ដ៏​សេស ក៏​ឈ្មោះថា ប្រកបដោយ​វី​មំ​សិទ្ធិ​បាទ។\n<br><p class=\"PCenter\">ចប់ អភិធម្ម​ភា​ជនីយ។</p>\n<br><span class=\"IncreaseIndent\">&nbsp;</span>[២៨២] ឥទ្ធិបាទ ៤ គឺ ភិក្ខុ​ក្នុង​សាសនា​នេះ ចំរើន​នូវ​ឥទ្ធិបាទ ប្រកបដោយ​ឆន្ទ​សមាធិ និង​បធាន​សង្ខារ ១ វីរិយ​សមាធិ ... ១ ចិត្ត​សមាធិ ... ១ ចំរើន​នូវ​ឥទ្ធិបាទ ប្រកបដោយ​វីមំសា​សមាធិ និង​បធាន​សង្ខារ ១។ បណ្តា​ឥទ្ធិបាទ​ទាំង ៤ ឥទ្ធិបាទ​ជាកុសល​ប៉ុន្មាន ជាអកុសល​ប៉ុន្មាន ជា​អព្យាក្រឹត​ប៉ុន្មាន។បេ។ ជាស​រណៈ​ប៉ុន្មាន ជា​អរណៈ​ប៉ុន្មាន។"
    },
    {
      "header": "ពោជ្ឈង្គវិភង្គ",
      "href": "http://ti-kh.org/books?book=81&page=209",
      "text": "ពោជ្ឈង្គវិភង្គ \t\t\tសុត្តន្តភាជនីយ",
      "detail": "<p class=\"BCenter\">ពោជ្ឈង្គ​វិភង្គ</p>\n<br><span class=\"IncreaseIndent\">&nbsp;</span>[២៨៨] ពោជ្ឈង្គ ៧ គឺ សតិ​សម្ពោ​ជ្ឈង្គ ១ ធម្ម​វិ​ចយ​សម្ពោ​ជ្ឈង្គ ១ វីរិយ​សម្ពោ​ជ្ឈង្គ ១ បី​តិ​សម្ពោ​ជ្ឈង្គ ១ បស្ស​ទ្ធិ​សម្ពោ​ជ្ឈង្គ ១ សមា​ធិ​សម្ពោ​ជ្ឈង្គ ១ ឧបេក្ខា​សម្ពោ​ជ្ឈង្គ ១។\n<br><span class=\"IncreaseIndent\">&nbsp;</span>[២៨៩] បណ្តា​សម្ពោ​ជ្ឈង្គ​ទាំងនោះ សតិ​សម្ពោ​ជ្ឈង្គ តើ​ដូចម្តេច។ ភិក្ខុ​ក្នុង​សាសនា​នេះ ជា​អ្នកមាន​ស្មារតី ប្រកបដោយ​ស្មារតី និង​បញ្ញា​ខ្ជាប់ខ្ជួន​ដ៏​ប្រសើរ ជា​អ្នក​រលឹក នឹកឃើញ នូវ​អំពើ​ដែល​ខ្លួន ឬអ្នកដទៃ​ធ្វើ​ហើយ អស់​កាលយូរ​ក្តី នូវ​ពាក្យ​ដែល​ខ្លួន ឬអ្នកដទៃ និយាយ​ហើយ អស់​កាលយូរ​ក្តី នេះ​ហៅថា សតិ​សម្ពោ​ជ្ឈង្គ។ ភិក្ខុ​នោះ ជា​អ្នកមាន​ស្មារតី មាន​សភាព​ដូច្នោះ រមែង​ពិនិត្យ សង្កេត នូវ​ធម៌​នោះ ដោយ​បញ្ញា រមែង​ដល់​នូវ​ការពិចារណា​ជុំវិញ នេះ​ហៅថា ធម្ម​វិ​ចយ​សម្ពោ​ជ្ឈង្គ។ កាល​ភិក្ខុ​នោះ ពិនិត្យ សង្កេត នូវ​ធម៌​នោះ​ដោយ​បញ្ញា ដល់​នូវ​ការពិចារណា​ជុំវិញ វីរិយៈ​ជា​គុណ​ដែល​ខ្លួន​ប្រារព្ធ​ហើយ មិន​រួញរា​ក៏​មាន នេះ​ហៅថា វី​វិ​យស​ម្ពោ​ជ្ឈង្គ។ កាល​ភិក្ខុ​មាន​ព្យាយាម​ប្រារព្ធ​ហើយ បីតិ​ប្រាសចាក​អាមិសៈ​ក៏​កើតឡើង នេះ​ហៅថា បី​តិ​សម្ពោ​ជ្ឈង្គ។ កាល​ភិក្ខុ​មានចិត្ត​ប្រកបដោយ​បីតិ កាយ​ក៏​ស្ងប់​រម្ងាប់ ចិត្ត​ក៏​ស្ងប់​រម្ងាប់ នេះ​ហៅថា បស្ស​ទ្ធិ​សម្ពោ​ជ្ឈង្គ។"
    },
    {
      "header": "ពោជ្ឈង្គវិភង្គ",
      "href": "http://ti-kh.org/books?book=81&page=214",
      "text": "អភិធម្មភាជនីយ",
      "detail": "<span class=\"IncreaseIndent\">&nbsp;</span>[២៩៨] ពោជ្ឈង្គ ៧ គឺ​សតិ​សម្ពោ​ជ្ឈង្គ ១។បេ។ ឧបេក្ខា​សម្ពោ​ជ្ឈង្គ ១។ បណ្តា​សម្ពោ​ជ្ឈង្គ​ទាំងនោះ សតិ​សម្ពោ​ជ្ឈង្គ តើ​ដូចម្តេច។ ភិក្ខុ​ក្នុង​សាសនា​នេះ ចំ​រើ​នន​នូវ​សតិ​សម្ពោ​ជ្ឈង្គ ដែល​អាស្រ័យ​នូវ​សេចក្តី​ស្ងប់ស្ងាត់ អាស្រ័យ​នូវ​ការប្រាសចាក​តម្រេក អាស្រ័យ​នូវ​និរោធ ជា​គ្រឿង​ឈម​ទៅកាន់​ការ​លះ ចំរើន​នូវ​ធម្ម​វិ​ចយ​សម្ពោ​ជ្ឈង្គ ចំរើន​នូវ​វីរិយ​សម្ពោ​ជ្ឈង្គ ចំរើន​នូវ​បី​តិ​សម្ពោ​ជ្ឈង្គ ចំ​រើ​ននូវបស្ស​ទ្ធិ​សម្ពោ​ជ្ឈង្គ ចំរើន​នូវ​សមា​ធិ​សម្ពោ​ជ្ឈង្គ ចំរើន​នូវ​ឧបេក្ខា​សម្ពោ​ជ្ឈង្គ ដែល​អាស្រ័យ​នូវ​សេចក្តី​ស្ងប់ស្ងាត់ អាស្រ័យ​នូវ​ការប្រាសចាក​តម្រេក អាស្រ័យ​នូវ​និរោធ ជា​គ្រឿង​ឈម​ទៅកាន់​ការ​លះ។\n<br><p class=\"PCenter\">ចប់ សុត្តន្ត​ភា​ជនីយ។</p>\n<br><span class=\"IncreaseIndent\">&nbsp;</span>[២៩៩] ពោជ្ឈង្គ ៧ គឺ សតិ​សម្ពោ​ជ្ឈង្គ ១។បេ។ ឧបេក្ខា​សម្ពោ​ជ្ឈង្គ ១។ បណ្តា​ធម៌​ទាំងនោះ ពោជ្ឈង្គ ៧ តើ​ដូចម្តេច។ ក្នុង​សម័យ​ណា ភិក្ខុ​ក្នុង​សាសនា​នេះ ចំរើន​លោកុត្តរ​ជ្ឈាន ជា​និយ្យានិកធម៌ ជា​គ្រឿង​ដល់​នូវ​ការ​មិន​សន្សំ (នូវ​កិលេស​វដ្តៈ) ដើម្បី​លះ​នូវ​ទិដ្ឋិ​ទាំងឡាយ ដើម្បី​ដល់​នូវ​បឋមភូមិ ស្ងាត់​ចាក​កាម​ទាំងឡាយ។បេ។ ហើយ​ចូលកាន់​បឋមជ្ឈាន ជា​ទុក្ខា​បដិ​បទាទន្ធា​ភិ​ញ្ញា ក្នុង​សម័យ​នោះ ពោជ្ឈង្គ ៧ យ៉ាង គឺ សតិ​សម្ពោ​ជ្ឈង្គ ១។បេ។ ឧបេក្ខា​សម្ពោ​ជ្ឈង្គ ១ ក៏​កើតមាន។"
    },
    {
      "header": "ពោជ្ឈង្គវិភង្គ",
      "href": "http://ti-kh.org/books?book=81&page=221",
      "text": "បញ្ហាបុច្ឆកៈ",
      "detail": "ដើម្បី​លះ​នូវ​ទិដ្ឋិ​ទាំងឡាយ ដើម្បី​ដល់​នូវ​បឋមភូមិ ស្ងាត់​ចាក​កាម​ទាំងឡាយ។បេ។ ហើយ​ចូលកាន់​បឋមជ្ឈាន ជា​ទុក្ខា​បដិ​បទាទន្ធា​ភិ​ញ្ញា ក្នុង​សម័យ​នោះ ផស្សៈ​ក៏​កើតមាន។បេ។ អវិ​ក្ខេ​បៈ​ក៏​កើតមាន ធម៌​ទាំងនេះ​ជាកុសល ភិក្ខុ​ស្ងាត់​ចាក​កាម​ទាំងឡាយ។បេ។ ហើយ​ចូលកាន់​បឋមជ្ឈាន ជា​ទុក្ខា​បដិ​បទាទន្ធា​ភិ​ញ្ញា ជា​សុញ្ញ​តៈ ជា​វិបាក ព្រោះ​ភាព​នៃ​លោកុត្តរ​កុសល​ជ្ឈាន​នោះ​ឯង ដែល​លោក​បាន​ធ្វើ​ហើយ ចំរើន​ហើយ ក្នុង​សម័យ​នោះ ការ​រំពឹង​ឃើញ អាការ​រំពឹង​ឃើញ ការ​រំពឹង​ឃើញ​ជាក់ ភាព​នៃ​ចិត្ត​តាំងនៅ​ជា​កណ្តាល ឧបេក្ខា​សម្ពោ​ជ្ឈង្គ​ណា នេះ​ហៅថា ឧបេក្ខា​សម្ពោ​ជ្ឈង្គ ធម៌​ទាំងឡាយ​ដ៏​សេស ក៏​ឈ្មោះថា ប្រកបដោយ​ឧបេក្ខា​សម្ពោ​ជ្ឈង្គ។\n<br><p class=\"PCenter\">ចប់ អភិធម្ម​ភា​ជនីយ។</p>\n<br><span class=\"IncreaseIndent\">&nbsp;</span>[៣១០] ពោជ្ឈង្គ ៧ គឺ សតិ​សម្ពោ​ជ្ឈង្គ ១ ធម្ម​វិ​ចយ​សម្ពោ​ជ្ឈង្គ ១ វីរិយ​សម្ពោ​ជ្ឈង្គ ១ បី​តិ​សម្ពោ​ជ្ឈង្គ ១ បស្ស​ទ្ធិ​សម្ពោ​ជ្ឈង្គ ១ សមា​ធិ​សម្ពោ​ជ្ឈង្គ ១ ឧបេក្ខា​សម្ពោ​ជ្ឈង្គ ១។ បណ្តា​ពោជ្ឈង្គ​ទាំង ៧ ពោជ្ឈង្គ​ជាកុសល​ប៉ុន្មាន ជាអកុសល​ប៉ុន្មាន ជា​អព្យាក្រឹត​ប៉ុន្មាន។បេ។ ជាស​រណៈ​ប៉ុន្មាន ជា​អរណៈ​ប៉ុន្មាន។"
    },
    {
      "header": "មគ្គវិភង្គ",
      "href": "http://ti-kh.org/books?book=81&page=226",
      "text": "មគ្គវិភង្គ \t\t\tសុត្តន្តភាជនីយ",
      "detail": "<p class=\"BCenter\">មគ្គ​វិភង្គ</p>\n<br><span class=\"IncreaseIndent\">&nbsp;</span>[៣១៥] អរិយមគ្គ​មាន​អង្គ ៨។ មគ្គ​មាន​អង្គ ៨ គឺ​អ្វីខ្លះ។ គឺ​សម្មាទិដ្ឋិ សម្មាសង្កប្បៈ សម្មាវាចា សម្មា​កម្មន្តៈ សម្មាអាជីវៈ សម្មា​វាយាមៈ សម្មាសតិ សម្មាសមាធិ។\n<br><span class=\"IncreaseIndent\">&nbsp;</span>[៣១៦] បណ្តា​អរិយមគ្គ​ទាំងនោះ សម្មាទិដ្ឋិ តើ​ដូចម្តេច។ ការ​ដឹង​ក្នុង​កង​ទុក្ខ ការ​ដឹង​ក្នុង​ទុក្ខ​សមុទ័យ ការ​ដឹង​ក្នុង​ទុក្ខនិរោធ ការ​ដឹង​ក្នុង​ទុក្ខនិរោធ​គាមិនី​បដិបទា នេះ​ហៅថា សម្មាទិដ្ឋិ។\n<br><span class=\"IncreaseIndent\">&nbsp;</span>[៣១៧] បណ្តា​អរិយមគ្គ​ទាំងនោះ សម្មាសង្កប្បៈ តើ​ដូចម្តេច។ ការ​ត្រិះរិះ​ក្នុង​ការ​ចេញ​ចាក​កាម ការ​ត្រិះរិះ​ក្នុង​ការ​មិន​ព្យាបាទ ការ​ត្រិះរិះ​ក្នុង​ការ​មិន​បៀតបៀន នេះ​ហៅថា សម្មាសង្កប្បៈ។\n<br><span class=\"IncreaseIndent\">&nbsp;</span>[៣១៨] បណ្តា​អរិយមគ្គ​ទាំងនោះ សម្មាវាចា តើ​ដូចម្តេច។ ចេតនា​ជាហេតុ​វៀរ ចាក​មុសាវាទ ចេតនា​ជាហេតុ​វៀរចាក​បិ​សុ​ណា​វាចា ចេតនា​ជាហេតុ​វៀរចាក​ផរុសវាចា ចេតនា​ជាហេតុ​វៀរចាក​សម្ផ​ប្ប​លា​បៈ នេះ​ហៅថា សម្មាវាចា។\n<br><span class=\"IncreaseIndent\">&nbsp;</span>[៣១៩] បណ្តា​អរិយមគ្គ​ទាំងនោះ សម្មា​កម្មន្តៈ តើ​ដូចម្តេច។"
    },
    {
      "header": "មគ្គវិភង្គ",
      "href": "http://ti-kh.org/books?book=81&page=230",
      "text": "អភិធម្មភាជនីយ",
      "detail": "ចំរើន​សម្មាវាចា។បេ។ ចំរើន​សម្មា​កម្មន្តៈ។បេ។ ចំរើន​សម្មាអាជីវៈ។បេ។ ចំរើន​សម្មា​វាយាមៈ។បេ។ ចំរើន​សម្មាសតិ។បេ។ ចំរើន​សម្មាសមាធិ ដែល​អាស្រ័យ​វិវេក អាស្រ័យ​ការប្រាសចាក​តម្រេក អាស្រ័យ​និរោធ ឈម​ទៅ​ក្នុង​ការ​លះបង់។\n<br><p class=\"PCenter\">ចប់ សុត្តន្ត​ភា​ជនីយ។</p>\n<br><span class=\"IncreaseIndent\">&nbsp;</span>[៣២៦] មគ្គ​មាន​អង្គ ៨ គឺ សម្មាទិដ្ឋិ។បេ។ សម្មាសមាធិ។ បណ្តា​ធម៌​ទាំងនោះ មគ្គ​មាន​អង្គ ៨ តើ​ដូចម្តេច។ ក្នុង​សម័យ​ណា ភិក្ខុ​ក្នុង​សាសនា​នេះ ចំរើន​នូវ​លោកុត្តរ​ជ្ឈាន ជា​និយ្យានិកធម៌ ជា​គ្រឿង​ដល់​នូវ​ការ​មិន​សន្សំ (នូវ​កិលេស​វដ្តៈ) ដើម្បី​លះ​នូវ​ទិដ្ឋិ​ទាំងឡាយ ដើម្បី​ដល់​នូវ​បឋមភូមិ ស្ងាត់​ចាក​កាម​ទាំងឡាយ។បេ។ ហើយ​ចូលកាន់​បឋមជ្ឈាន ជា​ទុក្ខា​បដិ​បទាទន្ធា​ភិ​ញ្ញា ក្នុង​សម័យ​នោះ មគ្គ​មាន​អង្គ ៨ គឺ សម្មាទិដ្ឋិ។បេ។ សម្មាសមាធិ ក៏​កើតមាន។\n<br><span class=\"IncreaseIndent\">&nbsp;</span>[៣២៧] បណ្តា​អរិយមគ្គ​ទាំងនោះ សម្មាទិដ្ឋិ តើ​ដូចម្តេច។ បញ្ញា ការ​ដឹង​ច្បាស់។បេ។ ការ​មិន​វង្វេង ការសង្កេត​នូវ​ធម៌ សម្មាទិដ្ឋិ ធម្ម​វិ​ចយ​សម្ពោ​ជ្ឈង្គ ជា​អង្គ​នៃ​មគ្គ រាប់បញ្ចូល​ក្នុង​មគ្គ​ណា នេះ​ហៅថា សម្មាទិដ្ឋិ។"
    },
    {
      "header": "មគ្គវិភង្គ",
      "href": "http://ti-kh.org/books?book=81&page=240",
      "text": "បញ្ហាបុច្ឆកៈ",
      "detail": "<span class=\"IncreaseIndent\">&nbsp;</span>[៣៤០] អរិយមគ្គ​មាន​អង្គ ៨។ អរិយមគ្គ​មាន​អង្គ ៨ គឺ​អ្វីខ្លះ។ សម្មាទិដ្ឋិ សម្មាសង្កប្បៈ សម្មាវាចា សម្មា​កម្មន្តៈ សម្មាអាជីវៈ សម្មា​វាយាមៈ សម្មាសតិ សម្មាសមាធិ។ បណ្តា​អង្គ​មគ្គ​ទាំង ៨ អង្គ​មគ្គ​ជាកុសល​ប៉ុន្មាន ជាអកុសល​ប៉ុន្មាន ជា​អព្យាក្រឹត​ប៉ុន្មាន។បេ។ ជាស​រណៈ​ប៉ុន្មាន ជា​អរណៈ​ប៉ុន្មាន។\n<br><span class=\"IncreaseIndent\">&nbsp;</span>[៣៤១] អង្គ​មគ្គ ៨ ជាកុសល​ក៏​មាន ជា​អព្យាក្រឹត​ក៏​មាន។ សម្មាសង្កប្បៈ ប្រកបដោយ​សុខវេទនា អង្គ​មគ្គ ៧ ប្រកបដោយ​សុខវេទនា​ក៏​មាន ប្រកបដោយ​អទុ​ក្ខម​សុខវេទនា​ក៏​មាន។ អង្គ​មគ្គ ៨ ជា​វិបាក​ក៏​មាន មាន​វិបាក​ធម៌​ជាប្រក្រតី ដែល​មានកម្ម​ប្រកបដោយ​កិលេស មាន​តណ្ហា​ជាដើម​មិន​កាន់​យក​ហើយ ទាំង​មិនជា​ប្រយោជន៍​ដល់​ឧបាទាន ជា​ធម៌​មិន​សៅហ្មង ទាំង​មិន​គួរ​ដល់​សេចក្តី​សៅហ្មង​ក៏​មាន។ សម្មាសង្កប្បៈ មិន​មាន​វិតក្កៈ មានត្រឹមតែ​វិចារៈ អង្គ​មគ្គ ៧ ប្រកបដោយ​វិតក្កៈ ប្រកបដោយ​វិចារៈ​ក៏​មាន មិន​មាន​វិតក្កៈ មានត្រឹមតែ​វិចារៈ​ក៏​មាន មិន​មាន​វិត្ត​កៈ មិន​មាន​វិចារៈ​ក៏​មាន។ សម្មាសង្កប្បៈ ច្រឡំ​ដោយ​បីតិ ច្រឡំ​ដោយ​សុខ តែ​មិន​ច្រឡំ​ដោយ​ឧបេក្ខា អង្គ​មគ្គ ៧ ច្រឡំ​ដោយ​បីតិ​ក៏​មាន ច្រឡំ​ដោយ​សុខ​ក៏​មាន ច្រឡំ​ដោយ​ឧបេក្ខា​ក៏​មាន។"
    },
    {
      "header": "ឈានវិភង្គ",
      "href": "http://ti-kh.org/books?book=81&page=245",
      "text": "ឈានវិភង្គ\t \t\tសុត្តន្តភាជនីយ",
      "detail": "<p class=\"BCenter\">ឈាន​វិភង្គ</p>\n<br><span class=\"IncreaseIndent\">&nbsp;</span>[៣៤៥] ភិក្ខុ​ក្នុង​សាសនា​នេះ ជា​អ្នក​សង្រួម​ក្នុង​បាតិមោក្ខ​សំវរៈ សម្រេច​ឥរិយាបថ បរិបូណ៌​ដោយ​អាចារៈ និង​គោចរ ឃើញ​ភ័យ​ក្នុង​ទោស​ទាំងឡាយ មាន​ប្រមាណ​តិច សមាទាន​សិក្សា​ក្នុង​សិក្ខាបទ​ទាំងឡាយ មាន​ទ្វារ​គ្រប់គ្រង​ក្នុង​ឥន្ទ្រិយ​ទាំងឡាយ ជា​អ្នកដឹង​ប្រមាណ​ក្នុង​ភោជន ប្រក​បរឿយៗក្នុង​ការ​ព្យាយាម​ជា​គ្រឿង​ភ្ញាក់​រលឹក ក្នុង​ពេលមុន​រាត្រី និង​ក្រោយ​រាត្រី ប្រក​បរឿយៗក្នុង​ការ​ព្យាយាម​ចំរើន​នូវ​ធម៌​ទាំងឡាយ ជា​ចំណែក​នៃ​ការ​ត្រាស់​ដឹង ជាប់​មិន​ដាច់ ចាស់​ក្លា។ ភិក្ខុ​នោះ ជា​អ្នកធ្វើ​សេចក្តី​ដឹងខ្លួន ក្នុង​ការ​ដើរទៅ​មុខ និង​ការ​ឈាន​ថយក្រោយ ធ្វើ​សេចក្តី​ដឹងខ្លួន​ក្នុង​ការ​ក្រឡេក​មើលទៅ​មុខ និង​ការ​ក្រឡេក​មើលទៅ​ទិស​ផ្សេងៗ ធ្វើ​សេចក្តី​ដឹងខ្លួន​ក្នុង​ការ​បត់​ដៃជើង និង​ការ​លាតដៃ​ជើង ធ្វើ​សេចក្តី​ដឹងខ្លួន​ក្នុង​ការ​ទ្រទ្រង់​សង្ឃាដី បាត្រ និង​ចីវរ ធ្វើ​សេចក្តី​ដឹងខ្លួន​ក្នុង​ការ​បរិភោគភោជន ការ​ផឹកទឹក ការ​ទំពារ​ស៊ី​ខាទ​នីយៈ និង​ការ​ជញ្ជប់ (នូវ​ភេសជ្ជៈ មាន​សប្បិ​ជាដើម) ធ្វើ​សេចក្តី​ដឹងខ្លួន ក្នុង​ការ​បន្ទោបង់​ឧច្ចារៈ​បស្សាវៈ ធ្វើ​សេចក្តី​ដឹងខ្លួន​ក្នុង​ការ​ដើរ ឈរ អង្គុយ ដេកលក់ ភ្ញាក់​ឡើង និយាយ ឬការ​ស្ងៀម។ ភិក្ខុ​នោះ គប់​រក​ទីសេនាសនៈ​ដ៏​ស្ងាត់ គឺ​ព្រៃតូច គល់ឈើ ភ្នំ ជ្រោះ​ភ្នំ គុហា​ភ្នំ ព្រៃស្មសាន ព្រៃ​ញាតស្បាត ទីវាល គំនរចំបើង ទី​មិន​មាន​សំឡេង ទី​មិន​គឹកកង ទី​ប្រាសចាក​ខ្យល់​ដែល​កើតអំពី​សរីរៈ​នៃ​ជន ទីស្ងាត់​កំបាំង​របស់​មនុស្ស"
    },
    {
      "header": "ឈានវិភង្គ",
      "href": "http://ti-kh.org/books?book=81&page=291",
      "text": "អភិធម្មភាជនីយ",
      "detail": "<span class=\"IncreaseIndent\">&nbsp;</span>[៤៥៣] ត្រង់​ពាក្យ​ថា នេវ​សញ្ញា​នា​សញ្ញា​យតនៈ បាន​ដល់​ពួក​ធម៌ គឺ​ចិត្ត និង​ចេតសិក របស់​បុគ្គល​អ្នក​ចូ​លកាន់នេវ​សញ្ញា​នា​សញ្ញា​យតន​ជ្ឈាន​ក្តី របស់​បុគ្គល​អ្នក​ប្រកប (ដោយ​នេវ​សញ្ញា​នា​សញ្ញា​យតន​ជ្ឈាន) ក្តី របស់​បុគ្គល​អ្នក​នៅជា​សុខ​ក្នុង​បច្ចុប្បន្ន (ដោយ​នេវ​សញ្ញា​នា​សញ្ញា​យតន​ជ្ឈាន) ក្តី។\n<br><span class=\"IncreaseIndent\">&nbsp;</span>[៤៥៤] ត្រង់​ពាក្យ​ថា ចូល គឺ​ការបាន ការបាន​ចំពោះ ការ​ដល់ ការ​ដល់​ព្រម ការ​ពាល់ត្រូវ ការ​ធ្វើឲ្យ​ជាក់ច្បាស់ ការ​បំពេ​ញនូ​វនេវ​សញ្ញា​នា​សញ្ញា​យតន​ជ្ឈាន។\n<br><span class=\"IncreaseIndent\">&nbsp;</span>[៤៥៥] ត្រង់​ពាក្យ​ថា សម្រេច​ឥរិយាបថ គឺ​សម្រេច ប្រព្រឹត្ត រក្សា រស់នៅ ញុំាង​ជីវិត​ឲ្យ​រស់នៅ ត្រាច់​ទៅ សម្រាក​នៅ ព្រោះហេតុនោះ ទើប​ពោល​ថា សម្រេច​ឥរិយាបថ។\n<br><p class=\"PCenter\">ចប់ សុត្តន្ត​ភា​ជនីយ។</p>\n<br><span class=\"IncreaseIndent\">&nbsp;</span>[៤៥៦] ឈាន ៤ យ៉ាង គឺ​បឋមជ្ឈាន ១ ទុតិយជ្ឈាន ១ តតិយជ្ឈាន ១ ចតុត្ថជ្ឈាន ១។\n<br><span class=\"IncreaseIndent\">&nbsp;</span>[៤៥៧] បណ្តា​ឈាន​ទាំងនោះ បឋមជ្ឈាន តើ​ដូចម្តេច។ ក្នុង​សម័យ​ណា ភិក្ខុ​ក្នុង​សាសនា​នេះ ចំរើន​មគ្គ ដើម្បី​កើត​ក្នុង​រូបភព ស្ងាត់​ចាក​កាម​ទាំងឡាយ។បេ។ ចូលកាន់​បឋមជ្ឈាន មាន​បឋវីកសិណ (ជា​អារម្មណ៍) ហើយ​សម្រាក​នៅក្នុង​សម័យ​នោះ"
    },
    {
      "header": "ឈានវិភង្គ",
      "href": "http://ti-kh.org/books?book=81&page=305",
      "text": "បញ្ហាបុច្ឆកៈ",
      "detail": "ចូលកាន់​ចតុត្ថជ្ឈាន ហើយ​សម្រាក​នៅ ក្នុង​សម័យ​នោះ ឈាន​មាន អង្គ ២ គឺ ឧបេក្ខា ចិ​ត្តេ​កគ្គ​តា ក៏​កើតមាន នេះ​ហៅថា ចតុត្ថជ្ឈាន ធម៌​ទាំងឡាយ​ដ៏​សេស ក៏​ឈ្មោះថា ប្រកបដោយ​ឈាន។\n<br><p class=\"PCenter\">ចប់ អភិធម្ម​ភា​ជនីយ។</p>\n<br><span class=\"IncreaseIndent\">&nbsp;</span>[៤៨៦] ឈាន ៤ គឺ ភិក្ខុ​ក្នុង​សាសនា​នេះ ស្ងាត់​ចាក​កាម​ទាំងឡាយ ស្ងាត់​ចាក​អកុសលធម៌​ទាំងឡាយ ហើយ​ចូលកាន់​បឋមជ្ឈាន ប្រកបដោយ​វិតក្កៈ និង​វិចារៈ មាន​បីតិ​និ​សុខ​កើត​ក្នុង​វិវេក ភិក្ខុ​ព្រោះ​រម្ងាប់​វិតក្កៈ និង​វិចារៈ​ហើយ ក៏​ចូលកាន់​ទុតិយជ្ឈាន ជា​ធម្មជាត​កើតមាន​ក្នុង​សន្តាន ប្រកបដោយ​សេចក្តី​ជ្រះថ្លា គឺ​សទ្ធា មាន​ភាពជា​ចិត្ត​ខ្ពស់​ឯក មិន​មាន​វិតក្កៈ មិន​មាន​វិចារៈ មានតែ​បីតិ និង​សុខ ដែល​កើត​ក្នុង​សមាធិ គឺ​បឋមជ្ឈាន ព្រោះ​នឿយណាយ​ចាក​បីតិ​ផង ប្រកបដោយ​ឧបេក្ខា​ផង មានសតិ និង​សម្បជញ្ញៈ​ផង ទទួល​សុខ​ដោយ​នាមកាយ​ផង ព្រះ​អរិយៈ​ទាំងឡាយ តែង​សរសើរ​នូវ​បុគ្គល​ដែល​ព្រមព្រៀង ដោយ​តតិយជ្ឈាន​នោះ​ថា បុគ្គល​ប្រកបដោយ​ឧបេក្ខា មានស្មារតី មានធម៌​ជា​គ្រឿង​នៅជា​សុខ​ដូច្នេះ ព្រោះ​តតិយជ្ឈាន​ណា ក៏​ចូលកាន់​តតិយជ្ឈាន​នោះ ព្រោះ​លះ​សុខ​ផង ព្រោះ​លះ​ទុក្ខ​ផង"
    },
    {
      "header": "អប្បមញ្ញាវិភង្គ",
      "href": "http://ti-kh.org/books?book=81&page=312",
      "text": "អប្បមញ្ញាវិភង្គ \t\tសុត្តន្តភាជនីយ",
      "detail": "<p class=\"BCenter\">អប្ប​មញ្ញា​វិភង្គ</p>\n<br><span class=\"IncreaseIndent\">&nbsp;</span>[៤៩០] អប្ប​មញ្ញា ៤ យ៉ាង។ គឺ​ភិក្ខុ​ក្នុង​សាសនា​នេះ មានចិត្ត​ប្រកបដោយ​មេត្តា ផ្សាយ​ទៅកាន់​ទិស១ ផ្សាយ​ទៅកាន់​ទិសទី២ ទិសទី៣ ទិសទី៤ ក៏​ដូចគ្នា ផ្សាយ​ទៅកាន់​ទិស​ខាងលើ ទិស​ខាងក្រោម ទិស​ទទឹង​គឺ​ទិសតូច មានចិត្ត​ប្រកបដោយ​មេត្តា​ដ៏​ធំ​ទូលាយ មិន​មាន​ប្រមាណ មិន​មាន​ពៀរ មិន​មាន​ព្យាបាទ ផ្សាយ​ទៅកាន់​សត្វលោក​ទាំងពួង ដោយ​ការ​យក​ខ្លួន​ទៅ​ប្រៀបផ្ទឹម​នឹង​សត្វ​ទាំងអស់ ក្នុង​ទី​ទាំងពួង ហើយ​សម្រាក​នៅ ១។ ភិក្ខុ​មានចិត្ត​ប្រកបដោយ​ករុណា ផ្សាយ​ទៅកាន់​ទិស១ ផ្សាយ​ទៅកាន់​ទិសទី២ ទិសទី៣ ទិសទី៤ ក៏​ដូចគ្នា ផ្សាយ​ទៅកាន់​ទិស​ខាងលើ ទិស​ខាងក្រោម ទិស​ទទឹង​គឺ​ទិសតូច មានចិត្ត​ប្រកបដោយ​ករុណា​ដ៏​ធំ​ទូលាយ មិន​មាន​ប្រមាណ មិន​មាន​ពៀរ មិន​មាន​ព្យាបាទ ផ្សាយ​ទៅកាន់​សត្វលោក​ទាំងពួង ដោយ​ការ​យក​ខ្លួន​ទៅ​ប្រៀបផ្ទឹម​នឹង​សត្វ​ទាំងអស់ ក្នុង​ទី​ទាំងពួង ហើយ​សម្រាក​នៅ ១។ ភិក្ខុ​មានចិត្ត​ប្រកបដោយ​មុទិតា ផ្សាយ​ទៅកាន់​ទិស១ ផ្សាយ​ទៅកាន់​ទិសទី២ ទិសទី៣ ទិសទី៤ ក៏​ដូចគ្នា ផ្សាយ​ទៅកាន់​ទិស​ខាងលើ ទិស​ខាងក្រោម ទិស​ទទឹង​គឺ​ទិសតូច"
    },
    {
      "header": "អប្បមញ្ញាវិភង្គ",
      "href": "http://ti-kh.org/books?book=81&page=322",
      "text": "អភិធម្មភាជនីយ",
      "detail": "ពាក្យ​ថា ទូលាយ គឺ​គុណជាត​ណា​ដ៏​ទូលាយ គុណជាត​នោះ ដល់​នូវ​ភាពជា​ធំ គុណជាត​ណា ដល់​នូវ​ភាពជា​ធំ គុណជាត​នោះ មិន​មាន​ប្រមាណ គុណជាត​ណា មិន​មាន​ប្រមាណ សភាវៈ​នោះ មិន​មាន​ពៀរ សភាវៈ​ណា មិន​មាន​ពៀរ សភាវៈ​នោះ មិន​មាន​ព្យាបាទ។ ពាក្យ​ថា ផ្សាយ គឺ​ផ្សាយ​ចិត្ត​ទៅ បញ្ជូន​ចិត្ត​ទៅ។ ពាក្យ​ថា សម្រាក​នៅ គឺ​សម្រេច​ឥរិយាបថ។បេ។ សម្រាន្ត​នៅ ព្រោះហេតុនោះ ទើប​ពោល​ថា សម្រាក​នៅ។\n<br><p class=\"PCenter\">ចប់ សុត្តន្ត​ភា​ជនីយ។</p>\n<br><span class=\"IncreaseIndent\">&nbsp;</span>[៤៩៩] អប្ប​មញ្ញា ៤ យ៉ាង គឺ មេត្តា ១ ករុណា ១ មុទិតា ១ ឧបេក្ខា ១។\n<br><span class=\"IncreaseIndent\">&nbsp;</span>[៥០០] បណ្តា​អប្ប​មញ្ញា​ទាំងនោះ មេត្តា តើ​ដូចម្តេច។ ក្នុង​សម័យ​ណា ភិក្ខុ​ក្នុង​សាសនា​នេះ ចំរើន​មគ្គ ដើម្បី​កើត​ក្នុង​រូបភព ស្ងាត់​ចាក​កាម​ទាំងឡាយ។បេ។ ចូលកាន់​បឋមជ្ឈាន ប្រកបដោយ​មេត្តា ក្នុង​សម័យ​នោះ ការរាប់​អាន អាការ​រាប់អាន​ភាព​នៃ​ការរាប់​អាន ការរាប់​រក ចេ​តោ​វិមុត្តិ​ណា នេះ​ហៅថា មេត្តា ធម៌​ទាំងឡាយ​ដ៏​សេស ក៏​ឈ្មោះថា ប្រកបដោយ​មេត្តា។ បណ្តា​អប្ប​មញ្ញា​ទាំងនោះ មេត្តា តើ​ដូចម្តេច។ ក្នុង​សម័យ​ណា ភិក្ខុ​ក្នុង​សាសនា​នេះ"
    },
    {
      "header": "អប្បមញ្ញាវិភង្គ",
      "href": "http://ti-kh.org/books?book=81&page=336",
      "text": "បញ្ហាបុច្ឆកៈ",
      "detail": "នេះ​ហៅថា ឧបេក្ខា ធម៌​ទាំងឡាយ​ដ៏​សេស ក៏​ឈ្មោះថា ប្រកបដោយ​ឧបេក្ខា។\n<br><p class=\"PCenter\">ចប់ អភិធម្ម​ភា​ជនីយ។</p>\n<br><span class=\"IncreaseIndent\">&nbsp;</span>[៥១១] អប្ប​មញ្ញា ៤ យ៉ាង។ គឺ ភិក្ខុ​ក្នុង​សាសនា​នេះ មានចិត្ត​ប្រកបដោយ​មេត្តា ផ្សាយ​ទៅកាន់​ទិស១ ទិសទី២ ទិសទី៣ ទិសទី៤ ក៏​ដូចគ្នា ផ្សាយ​ទៅកាន់​ទិស​ខាងលើ ទិស​ខាងក្រោម ទិស​ទទឹង​គឺ​ទិសតូច មានចិត្ត​ប្រកបដោយ​មេត្តា ជា​ចិត្តធំ​ទូលាយ មិន​មាន​ប្រមាណ មិន​មាន​ពៀរ មិន​មាន​ព្យាបាទ ផ្សាយ​ទៅកាន់​សត្វលោក​ទាំងពួង ដោយ​ការ​យក​ខ្លួន​ទៅ​ប្រៀបផ្ទឹម​នឹង​សត្វ​ទាំងអស់ ក្នុង​ទី​ទាំងពួង ១។ ភិក្ខុ​មានចិត្ត​ប្រកបដោយ​ករុណា ផ្សាយ​ទៅកាន់​ទិស១ ទិសទី២ ទិសទី៣ ទិសទី៤ ក៏​ដូចគ្នា ផ្សាយ​ទៅកាន់​ទិស​ខាងលើ ទិស​ខាងក្រោម ទិស​ទទឹង​គឺ​ទិសតូច មានចិត្ត​ប្រកបដោយ​ករុណា ជា​ចិត្តធំ​ទូលាយ មិន​មាន​ប្រមាណ មិន​មាន​ពៀរ មិន​មាន​ព្យាបាទ ផ្សាយ​ទៅកាន់​សត្វលោក​ទាំងពួង ដោយ​ការ​យក​ខ្លួន​ទៅ​ប្រៀបផ្ទឹម​នឹង​សត្វ​ទាំងអស់ ក្នុង​ទី​ទាំងពួង ១។ ភិក្ខុ​មានចិត្ត​ប្រកបដោយ​មុទិតា ផ្សាយ​ទៅកាន់​ទិស១ ទិសទី២ ទិសទី៣ ទិសទី៤ ក៏​ដូចគ្នា ផ្សាយ​ទៅកាន់​ទិស​ខាងលើ ទិស​ខាងក្រោម ទិស​ទទឹង​គឺ​ទិសតូច"
    }
  ]
}