{
  "title": "ភាគ ៩០",
  "imageSrc": "photos/Book_90.jpg",
  "href": "http://ti-kh.org/books?book=90",
  "contents": [
    {
      "header": "អភិធម្មបិដក\nយមកៈ  ចតុត្ថភាគ\n\nអនុសយយមកៈ",
      "href": "http://ti-kh.org/books?book=90&page=1",
      "text": "បរិញ្ញាវារៈ",
      "detail": "<p class=\"BCenter\">អភិធម្មបិដក\n<br>យមក ចតុត្ថ​ភាគ\n<br>---\n<br>បរិញ្ញា​វារៈ</p>\n<br><span class=\"IncreaseIndent\">&nbsp;</span>[១] បុគ្គល​ណា កំណត់​ដឹង​នូវ​កាមរាគានុស័យ (ធម៌​ដែល​ដេក​ត្រាំ​នៅក្នុង​សន្តាន​ចិត្ត គឺ​កាម​រាគៈ) បុគ្គល​នោះ កំណត់​ដឹង​នូវ​បដិ​ឃានុ​ស័យ (ធម៌​ដែល​ដេក​ត្រាំ​នៅក្នុង​សន្តាន​ចិត្ត គឺ​បដិឃៈ) ឬ។ អើ។ មួយ​យ៉ាង​ទៀត បុគ្គល​ណា កំណត់​ដឹង​នូវ​បដិ​ឃានុ​ស័យ បុគ្គល​នោះ កំណត់​ដឹង​នូវ​កាមរាគានុស័យ​ឬ។ អើ។ បុគ្គល​ណា កំណត់​ដឹង​នូវ​កាមរាគានុស័យ បុគ្គល​នោះ កំណត់​ដឹង​នូវ​មា​នា​នុ​ស័យ (ធម៌​ដែល​ដេក​ត្រាំ​នៅក្នុង​សន្តាន​ចិត្ត គឺ​មានះ) ឬ។ បុគ្គល​នោះ កំណត់​ដឹង​នូវ​កិលេស ដែល​តាំងនៅ​ជាមួយគ្នា​នឹង​អនុស័យ​នោះ។ មួយ​យ៉ាង​ទៀត បុគ្គល​ណា កំណត់​ដឹង​នូវ​មា​នា​នុ​ស័យ បុគ្គល​នោះ កំណត់​ដឹង​នូវ​កាមរាគានុស័យ​ឬ។ មិនមែនទេ។ បុគ្គល​ណា កំណត់​ដឹង​នូវ​កាមរាគានុស័យ បុគ្គល​នោះ (កំណត់​ដឹង) នូវ​ទិ​ដ្ឋានុ​ស័យ (ធម៌​ដែល​ដេក​ត្រាំ​នៅក្នុង​សន្តាន​ចិត្ត គឺ​ទិដ្ឋិ)។បេ។ កំណត់​ដឹង​នូវ​វិ​ចិ​កិ​ច្ឆា​នុ​ស័យ (ធម៌​ដែល​ដេក​ត្រាំ​នៅក្នុង​សន្តាន​ចិត្ត គឺ​វិចិកិច្ឆា) ឬ។ មិនមែនទេ។ មួយ​យ៉ាង​ទៀត"
    },
    {
      "header": "អភិធម្មបិដក\nយមកៈ  ចតុត្ថភាគ\n\nអនុសយយមកៈ",
      "href": "http://ti-kh.org/books?book=90&page=105",
      "text": "បហីនវារៈ",
      "detail": "បុគ្គល​នោះ​ឯង មិនកំណត់​ដឹង​នូវ​អវិ​ជ្ជានុ​ស័យ​ផង មិនកំណត់​ដឹង​នូវ​កាមរាគានុស័យ​ផង នូវ​បដិ​ឃានុ​ស័យ​ផង នូវ​មា​នា​នុ​ស័យ​ផង នូវ​ទិ​ដ្ឋានុ​ស័យ​ផង នូវ​វិ​ចិ​កិ​ច្ឆា​នុ​ស័យ​ផង នូវ​ភវ​រាគានុស័យ​ផង ក្នុង​រូបធាតុ ក្នុង​អរូបធាតុ និង​ក្នុង​អប​រិយា​បន្នៈ​នោះ បុគ្គល​ដ៏​សេស វៀរលែងតែ​បុគ្គល​ពីរ​ពួក ដែល​ព្រមព្រៀង​ដោយ​មគ្គ និង​បុគ្គល​ទី ៨ ចេញ មិនកំណត់​ដឹង​នូវ​អវិ​ជ្ជានុ​ស័យ​ផង មិនកំណត់​ដឹង​នូវ​កាមរាគានុស័យ​ផង នូវ​បដិ​ឃានុ​ស័យ​ផង នូវ​មា​នា​នុ​ស័យ​ផង នូវ​ទិ​ដ្ឋានុ​ស័យ​ផង នូវ​វិ​ចិ​កិ​ច្ឆា​នុ​ស័យ​ផង នូវ​ភវ​រាគានុស័យ​ផង ក្នុង​ទី​ទំាង​អស់។\n<br><p class=\"PCenter\">ចប់ បរិញ្ញា​វារៈ។</p>\n<br><p class=\"BCenter\">បហីន​វារៈ</p>\n<br><span class=\"IncreaseIndent\">&nbsp;</span>[៦៧] បុគ្គល​ណា លះបង់​កាមរាគានុស័យ បុគ្គល​នោះ លះបង់​បដិ​ឃានុ​ស័យ​ឬ។ អើ។ មួយ​យ៉ាង​ទៀត បុគ្គល​ណា លះបង់​បដិ​ឃានុ​ស័យ បុគ្គល​នោះ លះបង់​កាមរាគានុស័យ​ឬ។ អើ។"
    },
    {
      "header": "អភិធម្មបិដក\nយមកៈ  ចតុត្ថភាគ\n\nអនុសយយមកៈ",
      "href": "http://ti-kh.org/books?book=90&page=200",
      "text": "ឧប្បជ្ជនវារៈ",
      "detail": "តែ​កាមរាគានុស័យ មា​នា​នុ​ស័យ និង​ភវ​រាគានុស័យ មិន​គួរ​ពោល​ថា​លះបង់​ផង ថា​មិន​លះបង់​ផង​ទេ។\n<br><p class=\"PCenter\">ចប់ បហីន​វារ។:</p>\n<br><p class=\"BCenter\">ឧប្ប​ជ្ជ​នវារ:</p>\n<br><span class=\"IncreaseIndent\">&nbsp;</span>[១៣៣] កាមរាគានុស័យ របស់​បុគ្គល​ណា កើតឡើង បដិ​ឃានុ​ស័យ របស់​បុគ្គល​នោះ កើតឡើង​ឬ។ អើ។ មួយ​យ៉ាង​ទៀត បដិ​ឃានុ​ស័យ របស់​បុគ្គល​ណា កើតឡើង កាមរាគានុស័យ របស់​បុគ្គល​នោះ កើតឡើង​ឬ។ អើ។ កាមរាគានុស័យ របស់​បុគ្គល​ណា កើតឡើង មា​នា​នុ​ស័យ របស់​បុគ្គល​នោះ កើតឡើង​ឬ។ អើ។ មួយ​យ៉ាង​ទៀត មា​នា​នុ​ស័យ របស់​បុគ្គល​ណា កើតឡើង កាមរាគានុស័យ របស់​បុគ្គល​នោះ កើតឡើង​ឬ។ មា​នា​នុ​ស័យ របស់​អនាគាមិ​បុគ្គល កើតឡើង តែ​កាមរាគានុស័យ របស់​អនាគាមិ​បុគ្គល​នោះ មិនកើត​ឡើង​ទេ មា​នា​នុ​ស័យ របស់​បុគ្គល ៣ ពួក កើតឡើង​ផង កាមរាគានុស័យ កើតឡើង​ផង។ (បណ្ឌិត គប្បី​សំដែង​ឲ្យ​ពិស្តារ​ផង​ចុះ)។"
    },
    {
      "header": "អភិធម្មបិដក\nយមកៈ  ចតុត្ថភាគ\n\nអនុសយយមកៈ",
      "href": "http://ti-kh.org/books?book=90&page=202",
      "text": "ធាតុវារៈ",
      "detail": "<p class=\"BCenter\">ធាតុ​វារៈ</p>\n<br><span class=\"IncreaseIndent\">&nbsp;</span>[១៣៥] បុគ្គល ដែល​ច្យុត​ចាក​កាមធាតុ កាល​ទៅ​កើត​ក្នុង​កាមធាតុ មាន​អនុស័យ​ប៉ុន្មាន​ដេក​សម្ងំ​នៅ អនុស័យ​ប៉ុន្មាន​មិន​ដេក​សម្ងំ​នៅ អនុស័យ​ប៉ុន្មាន​បែកធ្លាយ​ទៅ។ បុគ្គល​ដែល​ច្យុត​ចាក​កាមធាតុ កាល​ទៅ​កើត​ក្នុង​រូបធាតុ មាន​អនុស័យ​ប៉ុន្មាន​ដេក​សម្ងំ​នៅ អនុស័យ​ប៉ុន្មាន​មិន​ដេក​សម្ងំ​នៅ អនុ​ស័យ​យប៉ុន្មាន​បែកធ្លាយ​ទៅ។ បុគ្គល​ដែល​ច្យុត​ចាក​កាមធាតុ កាល​ទៅ​កើត​ក្នុង​អរូបធាតុ មាន​អនុស័យ​ប៉ុន្មាន​ដេក​សម្ងំ​នៅ អនុស័យ​ប៉ុន្មាន​មិន​ដេក​សម្ងំ​នៅ អនុស័យ​ប៉ុន្មាន​បែកធ្លាយ​ទៅ។ បុគ្គល​ដែល​ច្យុត​ចាក​កាមធាតុ កាល​ទៅ​កើត​ក្នុង​ភព​មិនមែន​ជា​កាមធាតុ មាន​អនុស័យ​ប៉ុន្មាន​ដេក​សម្ងំ​នៅ អនុស័យ​ប៉ុន្មាន​មិន​ដេក​សម្ងំ​នៅ អនុស័យ​ប៉ុន្មាន​បែកធ្លាយ​ទៅ។ បុគ្គល​ដែល​ច្យុត​ចាក​កាមធាតុ កាល​ទៅ​កើត​ក្នុង​ភព​មិនមែន​ជា​រូបធាតុ មាន​អនុស័យ​ប៉ុន្មាន​ដេក​សម្ងំ​នៅ អនុស័យ​ប៉ុន្មាន​មិន​ដេក​សម្ងំ​នៅ អនុស័យ​ប៉ុន្មាន​បែកធ្លាយ​ទៅ។ បុគ្គល​ដែល​ច្យុត​ចាក​កាមធាតុ កាល​ទៅ​កើត​ក្នុង​ភព​មិនមែន​ជា​អរូបធាតុ មាន​អនុស័យ​ប៉ុន្មាន​ដេក​សម្ងំ​នៅ អនុស័យ​ប៉ុន្មាន​មិន​ដេក​សម្ងំ​នៅ អនុស័យ​ប៉ុន្មាន​បែកធ្លាយ​ទៅ។"
    }
  ]
}