{
  "title": "ភាគ ៨៨",
  "imageSrc": "photos/Book_88.jpg",
  "href": "http://ti-kh.org/books?book=88",
  "contents": [
    {
      "header": "អភិធម្មបិដក\nយមកៈ  ទុតិយភាគ\n\nធាតុយមកៈ",
      "href": "http://ti-kh.org/books?book=88&page=1",
      "text": "បណ្ណត្តិវារៈ",
      "detail": "<p class=\"BCenter\">អភិធម្មបិដក\n<br>យមក ទុតិយភាគ\n<br>ធាតុ​យម​កៈ\n<br>បណ្ណ​ត្តិ​វារៈ</p>\n<br><span class=\"IncreaseIndent\">&nbsp;</span>[១] ធាតុ១៨ គឺ​ចក្ខុ​ធាតុ ១ សោត​ធាតុ ១ ឃាន​ធាតុ ១ ជិវ្ហា​ធាតុ ១ កាយ​ធាតុ ១ រូបធាតុ ១ សទ្ទ​ធាតុ ១ គន្ធ​ធាតុ ១ រសធាតុ ១ ផោដ្ឋព្វ​ធាតុ ១ ចក្ខុវិញ្ញាណ​ធាតុ ១ សោតវិញ្ញាណ​ធាតុ ១ ឃានវិញ្ញាណ​ធាតុ ១ ជិវ្ហា​វិញ្ញាណ​ធាតុ ១ កាយវិញ្ញាណ​ធាតុ ១ មនោ​ធាតុ ១ មនោវិញ្ញាណ​ធាតុ១ ធម្មធាតុ ១។\n<br><p class=\"BCenter\">ឧទ្ទេស​វារៈ</p>\n<br><span class=\"IncreaseIndent\">&nbsp;</span>[២] ចក្ខុ ហៅថា​ចក្ខុ​ធាតុ ចក្ខុ​ធាតុ ហៅថា​ចក្ខុ។ សោតៈ ហៅថា​សោត​ធាតុ សោត​ធាតុ ហៅថា​សោតៈ។បេ។ ចក្ខុវិញ្ញាណ ហៅថា​ចក្ខុវិញ្ញាណ​ធាតុ ចក្ខុវិញ្ញាណ​ធាតុ ហៅថា​ចក្ខុវិញ្ញាណ។បេ។ មនៈ ហៅថា​មនោ​ធាតុ មនោ​ធាតុ ហៅ​ថាម​នៈ។ មនោវិញ្ញាណ ហៅថា​មនោវិញ្ញាណ​ធាតុ មនោវិញ្ញាណ​ធាតុ ហៅថា​មនោវិញ្ញាណ។ ធម៌ ហៅថា​ធម្មធាតុ ធម្មធាតុ ហៅថា​ធម៌។"
    },
    {
      "header": "អភិធម្មបិដក\nយមកៈ  ទុតិយភាគ\n\nធាតុយមកៈ",
      "href": "http://ti-kh.org/books?book=88&page=1",
      "text": "ឧទ្ទេសវារៈ",
      "detail": "<p class=\"BCenter\">អភិធម្មបិដក\n<br>យមក ទុតិយភាគ\n<br>ធាតុ​យម​កៈ\n<br>បណ្ណ​ត្តិ​វារៈ</p>\n<br><span class=\"IncreaseIndent\">&nbsp;</span>[១] ធាតុ១៨ គឺ​ចក្ខុ​ធាតុ ១ សោត​ធាតុ ១ ឃាន​ធាតុ ១ ជិវ្ហា​ធាតុ ១ កាយ​ធាតុ ១ រូបធាតុ ១ សទ្ទ​ធាតុ ១ គន្ធ​ធាតុ ១ រសធាតុ ១ ផោដ្ឋព្វ​ធាតុ ១ ចក្ខុវិញ្ញាណ​ធាតុ ១ សោតវិញ្ញាណ​ធាតុ ១ ឃានវិញ្ញាណ​ធាតុ ១ ជិវ្ហា​វិញ្ញាណ​ធាតុ ១ កាយវិញ្ញាណ​ធាតុ ១ មនោ​ធាតុ ១ មនោវិញ្ញាណ​ធាតុ១ ធម្មធាតុ ១។\n<br><p class=\"BCenter\">ឧទ្ទេស​វារៈ</p>\n<br><span class=\"IncreaseIndent\">&nbsp;</span>[២] ចក្ខុ ហៅថា​ចក្ខុ​ធាតុ ចក្ខុ​ធាតុ ហៅថា​ចក្ខុ។ សោតៈ ហៅថា​សោត​ធាតុ សោត​ធាតុ ហៅថា​សោតៈ។បេ។ ចក្ខុវិញ្ញាណ ហៅថា​ចក្ខុវិញ្ញាណ​ធាតុ ចក្ខុវិញ្ញាណ​ធាតុ ហៅថា​ចក្ខុវិញ្ញាណ។បេ។ មនៈ ហៅថា​មនោ​ធាតុ មនោ​ធាតុ ហៅ​ថាម​នៈ។ មនោវិញ្ញាណ ហៅថា​មនោវិញ្ញាណ​ធាតុ មនោវិញ្ញាណ​ធាតុ ហៅថា​មនោវិញ្ញាណ។ ធម៌ ហៅថា​ធម្មធាតុ ធម្មធាតុ ហៅថា​ធម៌។"
    },
    {
      "header": "អភិធម្មបិដក\nយមកៈ  ទុតិយភាគ\n\nធាតុយមកៈ",
      "href": "http://ti-kh.org/books?book=88&page=4",
      "text": "និទ្ទេសវារៈ",
      "detail": "មិនមែន​មនោវិញ្ញាណ មិន​ហៅថា​ធាតុ មិនមែន​ធាតុ​ទាំងឡាយ មិន​ហៅថា មនោវិញ្ញាណ។ មិនមែន​ធម៌ មិន​ហៅថា​ធាតុ មិនមែន​ធាតុ​ទាំងឡាយ មិន​ហៅថា​ធម៌។\n<br><span class=\"IncreaseIndent\">&nbsp;</span>[៨] ចក្ខុ ហៅថា​ធាតុ ធាតុ​ទាំងឡាយ ហៅថា​សោតៈ។បេ។ ចក្ខុ ហៅថា​ធាតុ ធាតុ​ទាំងឡាយ ហៅថា​ធម៌។បេ។ ធម៌ ហៅថា​ធាតុ ធាតុ​ទាំងឡាយ ហៅថា​ចក្ខុ។បេ។ ធម៌ ហៅថា​ធាតុ ធាតុ​ទាំងឡាយ ហៅថា​មនោវិញ្ញាណ។ ចក្រ បណ្ឌិត​គប្បី​ចង។\n<br>[៩] មិនមែន​ចក្ខុ មិន​ហៅថា​ធាតុ មិនមែន​ធាតុ​ទាំងឡាយ មិន​ហៅថា​សោតៈ។ មិនមែន​ចក្ខុ មិន​ហៅថា​ធាតុ មិនមែន​ធាតុ​ទាំងឡាយ មិន​ហៅថា​ឃានៈ។បេ។ មិនមែន​ចក្ខុ មិន​ហៅថា​ធាតុ មិនមែន​ធាតុ​ទាំងឡាយ មិន​ហៅថា​ធម៌។បេ។ មិនមែន​ធម៌ មិន​ហៅថា​ធាតុ មិនមែន​ធាតុ​ទាំងឡាយ មិន​ហៅថា​ចក្ខុ។បេ។ មិនមែន​ធម៌ មិន​ហៅថា​ធាតុ មិនមែន​ធាតុ​ទាំងឡាយ មិន​ហៅថា​មនោវិញ្ញាណ។ ចក្រ បណ្ឌិត​គប្បី​ចង។\n<br><p class=\"PCenter\">ចប់ ឧទ្ទេស​វារៈ។</p>\n<br><p class=\"BCenter\">និទ្ទេសវារៈ</p>\n<br><span class=\"IncreaseIndent\">&nbsp;</span>[១០] សួ​រៈ ចក្ខុ ហៅថា​ធាតុ​ឬ។ ឆ្លើយៈ ទិព្វចក្ខុ បញ្ញាចក្ខុ"
    },
    {
      "header": "អភិធម្មបិដក\nយមកៈ  ទុតិយភាគ\n\nធាតុយមកៈ",
      "href": "http://ti-kh.org/books?book=88&page=4",
      "text": "បទសោធនវារៈ",
      "detail": "មិនមែន​មនោវិញ្ញាណ មិន​ហៅថា​ធាតុ មិនមែន​ធាតុ​ទាំងឡាយ មិន​ហៅថា មនោវិញ្ញាណ។ មិនមែន​ធម៌ មិន​ហៅថា​ធាតុ មិនមែន​ធាតុ​ទាំងឡាយ មិន​ហៅថា​ធម៌។\n<br><span class=\"IncreaseIndent\">&nbsp;</span>[៨] ចក្ខុ ហៅថា​ធាតុ ធាតុ​ទាំងឡាយ ហៅថា​សោតៈ។បេ។ ចក្ខុ ហៅថា​ធាតុ ធាតុ​ទាំងឡាយ ហៅថា​ធម៌។បេ។ ធម៌ ហៅថា​ធាតុ ធាតុ​ទាំងឡាយ ហៅថា​ចក្ខុ។បេ។ ធម៌ ហៅថា​ធាតុ ធាតុ​ទាំងឡាយ ហៅថា​មនោវិញ្ញាណ។ ចក្រ បណ្ឌិត​គប្បី​ចង។\n<br>[៩] មិនមែន​ចក្ខុ មិន​ហៅថា​ធាតុ មិនមែន​ធាតុ​ទាំងឡាយ មិន​ហៅថា​សោតៈ។ មិនមែន​ចក្ខុ មិន​ហៅថា​ធាតុ មិនមែន​ធាតុ​ទាំងឡាយ មិន​ហៅថា​ឃានៈ។បេ។ មិនមែន​ចក្ខុ មិន​ហៅថា​ធាតុ មិនមែន​ធាតុ​ទាំងឡាយ មិន​ហៅថា​ធម៌។បេ។ មិនមែន​ធម៌ មិន​ហៅថា​ធាតុ មិនមែន​ធាតុ​ទាំងឡាយ មិន​ហៅថា​ចក្ខុ។បេ។ មិនមែន​ធម៌ មិន​ហៅថា​ធាតុ មិនមែន​ធាតុ​ទាំងឡាយ មិន​ហៅថា​មនោវិញ្ញាណ។ ចក្រ បណ្ឌិត​គប្បី​ចង។\n<br><p class=\"PCenter\">ចប់ ឧទ្ទេស​វារៈ។</p>\n<br><p class=\"BCenter\">និទ្ទេសវារៈ</p>\n<br><span class=\"IncreaseIndent\">&nbsp;</span>[១០] សួ​រៈ ចក្ខុ ហៅថា​ធាតុ​ឬ។ ឆ្លើយៈ ទិព្វចក្ខុ បញ្ញាចក្ខុ"
    },
    {
      "header": "អភិធម្មបិដក\nយមកៈ  ទុតិយភាគ\n\nធាតុយមកៈ",
      "href": "http://ti-kh.org/books?book=88&page=9",
      "text": "បទសោធនមូលចក្កវារៈ",
      "detail": "មិនមែន​មនោវិញ្ញាណ មិន​ហៅថា​មនោវិញ្ញាណ​ធាតុ​ឬ។ អើ។ មិនមែន​មនោវិញ្ញាណ​ធាតុ មិន​ហៅថា មនោវិញ្ញាណ​ឬ។ អើ។ មិនមែន​ធម៌ មិន​ហៅថា​ធម្មធាតុ​ឬ។ អើ។ មិនមែន​ធម្មធាតុ មិន​ហៅថា​ធម៌​ឬ។ ធម៌​ដ៏​សេស វៀរលែង​ធម្មធាតុ​ចេញ មិន​ហៅថា​ធម្មធាតុ​ទេ ហៅថា​ធម៌ ឯស​ភាវៈ​ដ៏​សេស វៀរលែង​ធម៌ និង​ធម្មធាតុ​ចេញ មិន​ហៅថា​ធម៌​ផង មិន​ហៅថា​ធម្មធាតុ​ផង។\n<br><span class=\"IncreaseIndent\">&nbsp;</span>[១២] ចក្ខុ ហៅថា​ចក្ខុ​ធាតុ​ឬ។ ទិព្វចក្ខុ បញ្ញាចក្ខុ ហៅថា​ចក្ខុ មិន​ហៅថា​ចក្ខុ​ធាតុ​ទេ ឯចក្ខុ​ធាតុ ហៅថា​ចក្ខុ​ផង ហៅថា​ចក្ខុ​ធាតុ​ផង។ ធាតុ​ទាំងឡាយ ហៅថា​សោត​ធាតុ​ឬ។ សោត​ធាតុ ហៅថា​ធាតុ​ផង ហៅថា​សោត​ធាតុ​ផង ពួក​ធាតុ​ដ៏​សេស ហៅថា​ធាតុ មិន​ហៅថា​សោត​ធាតុ​ទេ។ ចក្ខុ ហៅថា ចក្ខុ​ធាតុ​ឬ។ ទិព្វចក្ខុ បញ្ញាចក្ខុ ហៅថា​ចក្ខុ មិន​ហៅថា​ចក្ខុ​ធាតុ​ទេ ឯចក្ខុ​ធាតុ ហៅថា​ចក្ខុ​ផង ហៅថា​ចក្ខុ​ធាតុ​ផង។ ធាតុ​ទាំងឡាយ ហៅថា​ឃាន​ធាតុ។បេ។ ធាតុ​ទាំងឡាយ ហៅថា​ធម្មធាតុ​ឬ។ ធម្មធាតុ ហៅថា​ធាតុ​ផង ហៅថា​ធម្មធាតុ​ផង ពួក​ធាតុ​ដ៏​សេស ហៅថា​ធាតុ មិន​ហៅថា​ធម្មធាតុ​ទេ។ បណ្ណ​ត្តិ ក្នុង​អាយតន​យម​កៈ យ៉ាងណា បណ្ណ​ត្តិ ក្នុង​ធាតុ​យម​កៈ ក៏​យ៉ាងនោះ ។ ចក្រ បណ្ឌិត​គប្បី​ចង។"
    },
    {
      "header": "អភិធម្មបិដក\nយមកៈ  ទុតិយភាគ\n\nធាតុយមកៈ",
      "href": "http://ti-kh.org/books?book=88&page=10",
      "text": "សុទ្ធធាតុវារៈ",
      "detail": "<span class=\"IncreaseIndent\">&nbsp;</span>[១៣] មិនមែន​ចក្ខុ មិន​ហៅថា​ចក្ខុ​ធាតុ​ឬ។ អើ។ មិនមែន​ធាតុ​ទាំងឡាយ មិន​ហៅថា​សោត​ធាតុ​ឬ។ អើ។ មិនមែន​ចក្ខុ មិន​ហៅថា​ចក្ខុ​ធាតុ​ឬ។ អើ។ មិនមែន​ធាតុ​ទាំងឡាយ មិន​ហៅថា​ឃាន​ធាតុ។បេ។ មិនមែន​ធាតុ​ទាំងឡាយ មិន​ហៅថា​ធម្មធាតុ​ឬ។ អើ។ ចក្រ បណ្ឌិត​គប្បី​ចង។ អា​មន្តា​ទាំងអស់ មាន​ពីរ​ក៏​មាន មាន​សេស​ក៏​មាន។\n<br><span class=\"IncreaseIndent\">&nbsp;</span>[១៤] ចក្ខុ​ហៅថា​ធាតុ​ឬ។ អើ។ ធាតុ​ទាំងឡាយ ហៅថា​ចក្ខុ​ធាតុ​ឬ។ ចក្ខុ​ធាតុ ហៅថា​ធាតុ​ផង ហៅថា​ចក្ខុ​ធាតុ​ផង ពួក​ធាតុ​ដ៏​សេស ហៅថា​ធាតុ មិន​ហៅថា​ចក្ខុ​ធាតុ​ទេ សោតៈ ហៅថា​ធាតុ​ឬ។ អើ។បេ។ ឃានៈ ជិវ្ហា កាយ រូប សទ្ទៈ គន្ធៈ រសៈ ផោដ្ឋព្វៈ ។ ចក្ខុវិញ្ញាណ ហៅថា​ធាតុ​ឬ។ អើ។ ធាតុ​ទាំងឡាយ ហៅថា ចក្ខុវិញ្ញាណ​ធាតុ​ឬ។ ចក្ខុវិញ្ញាណ​ធាតុ ហៅថា​ធាតុ​ផង ហៅថា​ចក្ខុវិញ្ញាណ​ធាតុ​ផង ពួក​ធាតុ​ដ៏​សេស ហៅថា​ធាតុ មិន​ហៅថា​ចក្ខុវិញ្ញាណ​ធាតុ​ទេ។ សោតវិញ្ញាណ ឃានវិញ្ញាណ ជិវ្ហា​វិញ្ញាណ កាយវិញ្ញាណ។ មនៈ ហៅថា​ធាតុ​ឬ។ អើ។ ធាតុ​ទាំងឡាយ ហៅថា​មនោ​ធាតុ​ឬ។ មនោ​ធាតុ ហៅថា​ធាតុ​ផង ហៅថា​មនោ​ធាតុ​ផង ពួក​ធាតុ​ដ៏​សេស ហៅថា​ធាតុ មិន​ហៅថា​មនោ​ធាតុ​ទេ។"
    },
    {
      "header": "អភិធម្មបិដក\nយមកៈ  ទុតិយភាគ\n\nធាតុយមកៈ",
      "href": "http://ti-kh.org/books?book=88&page=12",
      "text": "សុទ្ធធាតុមូលចក្កវារៈ",
      "detail": "<span class=\"IncreaseIndent\">&nbsp;</span>[១៦] ចក្ខុ ហៅថា​ធាតុ​ឬ។ អើ ។ ធាតុ​ទាំងឡាយ ហៅថា​សោត​ធាតុ​ឬ។ សោត​ធាតុ ហៅថា​ធាតុ​ផង ហៅថា​សោត​ធាតុ​ផង ពួក​ធាតុ​ដ៏​សេស ហៅថា​ធាតុ មិន​ហៅថា​សោត​ធាតុ​ទេ។ ចក្ខុ ហៅថា​ធាតុ​ឬ។ អើ។ ធាតុ​ទាំងឡាយ ហៅថា​ឃាន​ធាតុ។បេ។ ធាតុ​ទាំងឡាយ ហៅថា​ធម្មធាតុ​ឬ។ ធម្មធាតុ ហៅថា​ធាតុ​ផង ហៅថា​ធម្មធាតុ​ផង ពួក​ធាតុ​ដ៏​សេស ហៅថា​ធាតុ មិន​ហៅថា​ធម្មធាតុ​ទេ។ ចក្រ បណ្ឌិត​គប្បី​ចង។\n<br><span class=\"IncreaseIndent\">&nbsp;</span>[១៧] មិនមែន​ចក្ខុ មិន​ហៅថា​ធាតុ​ឬ។ ពួក​ធាតុ​ដ៏​សេស វៀរលែង​ចក្ខុ​ចេញ មិន​ហៅថា​ចក្ខុ​ធាតុ ឯធម្មជាតិ​ដ៏​សេស វៀរលែង​ចក្ខុ និង​ធាតុ​ចេញ មិន​ហៅថា​ចក្ខុ​ផង មិន​ហៅថា​ធាតុ​ផង។ មិនមែន​ធាតុ មិន​ហៅថា​សោត​ធាតុ​ឬ។ អើ។ មិនមែន​ចក្ខុ មិន​ហៅថា​ធាតុ​ឬ។ ពួក​ធាតុ​ដ៏​សេស វៀរលែង​ចក្ខុ​ចេញ មិន​ហៅថា​ចក្ខុ ហៅថា​ធាតុ ឯធម្មជាតិ​ដ៏​សេស វៀរលែង​ចក្ខុ និង​ធាតុ​ចេញ មិន​ហៅថា​ចក្ខុ​ផង មិន​ហៅថា​ធាតុ​ផង។ មិនមែន​ធាតុ​ទាំងឡាយ មិន​ហៅថា ឃាន​ធាតុ។បេ។ មិនមែន​ពួក​ធាតុ មិន​ហៅថា​ធម្មធាតុ​ឬ។ អើ។បេ។ មិនមែន​ធម៌ មិន​ហៅថា​ធាតុ​ឬ។ អើ។ មិនមែន​ធាតុ​ទាំងឡាយ មិន​ហៅថា​សោត​ធាតុ។បេ។ មិនមែន​ធាតុ​ទាំងឡាយ មិន​ហៅថា​មនោវិញ្ញាណ​ធាតុ​ឬ។ អើ។ ចក្រ បណ្ឌិត​គប្បី​ចង។"
    },
    {
      "header": "អភិធម្មបិដក\nយមកៈ  ទុតិយភាគ\n\nធាតុយមកៈ",
      "href": "http://ti-kh.org/books?book=88&page=13",
      "text": "បវត្តិវារៈ",
      "detail": "បណ្ណ​ត្តិ នៃ​អាយតន​យម​កៈ យ៉ាងណា បណ្ណ​ត្តិ នៃ​ធាតុ​យម​កៈ បណ្ឌិត​គប្បី​ឲ្យ​ពិស្តារ យ៉ាងនោះ​ដែរ។\n<br><p class=\"PCenter\">ចប់ បណ្ណ​ត្តិ​វារៈ។</p>\n<br><span class=\"IncreaseIndent\">&nbsp;</span>[១៨] ចក្ខុ​ធាតុ របស់​សត្វ​ណា រមែង​កើតឡើង សោត​ធាតុ របស់​សត្វ​នោះ រមែង​កើតឡើង​ឬ។ ពួក​សត្វ ដែល​មាន​ចក្ខុ មិន​មាន​សោតៈ កាល​កើតឡើង ចក្ខុ​ធាតុ របស់​សត្វ​ទាំងនោះ រមែង​កើតឡើង ឯសោត​ធាតុ របស់​សត្វ​ទាំងនោះ រមែង​មិនកើត​ឡើង​ទេ ពួក​សត្វ​មាន​ចក្ខុ មាន​សោតៈ កាល​កើតឡើង ចក្ខុ​ធាតុ​របស់​សត្វ​ទាំងនោះ រមែង​កើតឡើង​ផង សោត​ធាតុ រមែង​កើតឡើង​ផង។ មួយទៀត សោត​ធាតុ​របស់​សត្វ​ណា រមែង​កើតឡើង ចក្ខុ​ធាតុ​របស់​សត្វ​នោះ រមែង​កើតឡើង​ឬ។ ពួក​សត្វ​មាន​សោតៈ មិន​មាន​ចក្ខុ កាល​កើតឡើង សោត​ធាតុ របស់​សត្វ​ទាំងនោះ រមែង​កើតឡើង ឯចក្ខុ​ធាតុ របស់​សត្វ​ទាំងនោះ រមែង​មិនកើត​ឡើង​ទេ ពួក​សត្វ​មាន​សោតៈ មាន​ចក្ខុ កាល​កើតឡើង សោត​ធាតុ​របស់​សត្វ​ទាំងនោះ រមែង​កើតឡើង​ផង ចក្ខុ​ធាតុ រមែង​កើតឡើង​ផង។\n<br><span class=\"IncreaseIndent\">&nbsp;</span>[១៩] ចក្ខុ​ធាតុ របស់​សត្វ​ណា រមែង​កើតឡើង ឃាន​ធាតុ របស់​សត្វ​នោះ រមែង​កើតឡើង​ឬ។ ពួក​សត្វ​មាន​ចក្ខុ មិន​មាន​ឃានៈ"
    },
    {
      "header": "អភិធម្មបិដក\nយមកៈ  ទុតិយភាគ\n\nធាតុយមកៈ",
      "href": "http://ti-kh.org/books?book=88&page=13",
      "text": "ឧប្បាទវារៈ",
      "detail": "បណ្ណ​ត្តិ នៃ​អាយតន​យម​កៈ យ៉ាងណា បណ្ណ​ត្តិ នៃ​ធាតុ​យម​កៈ បណ្ឌិត​គប្បី​ឲ្យ​ពិស្តារ យ៉ាងនោះ​ដែរ។\n<br><p class=\"PCenter\">ចប់ បណ្ណ​ត្តិ​វារៈ។</p>\n<br><span class=\"IncreaseIndent\">&nbsp;</span>[១៨] ចក្ខុ​ធាតុ របស់​សត្វ​ណា រមែង​កើតឡើង សោត​ធាតុ របស់​សត្វ​នោះ រមែង​កើតឡើង​ឬ។ ពួក​សត្វ ដែល​មាន​ចក្ខុ មិន​មាន​សោតៈ កាល​កើតឡើង ចក្ខុ​ធាតុ របស់​សត្វ​ទាំងនោះ រមែង​កើតឡើង ឯសោត​ធាតុ របស់​សត្វ​ទាំងនោះ រមែង​មិនកើត​ឡើង​ទេ ពួក​សត្វ​មាន​ចក្ខុ មាន​សោតៈ កាល​កើតឡើង ចក្ខុ​ធាតុ​របស់​សត្វ​ទាំងនោះ រមែង​កើតឡើង​ផង សោត​ធាតុ រមែង​កើតឡើង​ផង។ មួយទៀត សោត​ធាតុ​របស់​សត្វ​ណា រមែង​កើតឡើង ចក្ខុ​ធាតុ​របស់​សត្វ​នោះ រមែង​កើតឡើង​ឬ។ ពួក​សត្វ​មាន​សោតៈ មិន​មាន​ចក្ខុ កាល​កើតឡើង សោត​ធាតុ របស់​សត្វ​ទាំងនោះ រមែង​កើតឡើង ឯចក្ខុ​ធាតុ របស់​សត្វ​ទាំងនោះ រមែង​មិនកើត​ឡើង​ទេ ពួក​សត្វ​មាន​សោតៈ មាន​ចក្ខុ កាល​កើតឡើង សោត​ធាតុ​របស់​សត្វ​ទាំងនោះ រមែង​កើតឡើង​ផង ចក្ខុ​ធាតុ រមែង​កើតឡើង​ផង។\n<br><span class=\"IncreaseIndent\">&nbsp;</span>[១៩] ចក្ខុ​ធាតុ របស់​សត្វ​ណា រមែង​កើតឡើង ឃាន​ធាតុ របស់​សត្វ​នោះ រមែង​កើតឡើង​ឬ។ ពួក​សត្វ​មាន​ចក្ខុ មិន​មាន​ឃានៈ"
    },
    {
      "header": "អភិធម្មបិដក\nយមកៈ  ទុតិយភាគ\n\nធាតុយមកៈ",
      "href": "http://ti-kh.org/books?book=88&page=16",
      "text": "បរិញ្ញាវារៈ",
      "detail": "<span class=\"IncreaseIndent\">&nbsp;</span>[២៣] បុគ្គល​ណា កំណត់​ដឹង​នូវ​ចក្ខុ​ធាតុ បុគ្គល​នោះ កំណត់​ដឹង​នូវ​សោត​ធាតុ​ឬ។ អើ។បេ។\n<br><p class=\"PCenter\">ចប់ ធាតុ​យម​កៈ បរិបូណ៌​ដោយ​បេយ្យាល។\n<br>ចប់ ធាតុ​យម​កៈ។</p>\n<br><p class=\"BCenter\">សច្ច​យម​កៈ បណ្ណ​ត្តិ​វារៈ</p>\n<br>សច្ចៈ៤ គឺ ទុក្ខសច្ច១ សមុទយសច្ច១ និរោធ​សច្ច១ មគ្គសច្ច១។\n<br><p class=\"BCenter\">ឧទេ្ទ​សវា​រៈ</p>\n<br><span class=\"IncreaseIndent\">&nbsp;</span>[២៤] ទុក្ខៈ ហៅថា ទុក្ខសច្ច ទុក្ខសច្ច ហៅថា ទុក្ខៈ។ សមុទយៈ ហៅថា សមុទយសច្ច សមុទយសច្ច ហៅថា សមុទយៈ។ និរោធៈ ហៅថា​និរោធ​សច្ច និរោធ​សច្ច ហៅថា​និរោធៈ។ មគ្គៈ ហៅថា​មគ្គសច្ច មគ្គសច្ច ហៅថា​មគ្គៈ។\n<br><span class=\"IncreaseIndent\">&nbsp;</span>[២៥] មិនមែន​ទុក្ខៈ មិន​ហៅថា​ទុក្ខសច្ច មិនមែន​ទុក្ខសច្ច មិន​ហៅថា​ទុក្ខៈ។ មិនមែន​សមុទយៈ មិន​ហៅថា​សមុទយសច្ច មិនមែន​សមុទយសច្ច មិន​ហៅថា សមុទយៈ។ មិនមែន​និរោធៈ មិន​ហៅថា​និរោធ​សច្ច មិនមែន​និរោធ​សច្ចៈ មិន​ហៅថា​និរោធៈ។ មិនមែន​មគ្គៈ មិន​ហៅថា មគ្គសច្ច មិនមែន​មគ្គសច្ច មិន​ហៅថា​មគ្គៈ។"
    },
    {
      "header": "សច្ចយមកៈ",
      "href": "http://ti-kh.org/books?book=88&page=16",
      "text": "បណ្ណត្តិវារៈ",
      "detail": "<span class=\"IncreaseIndent\">&nbsp;</span>[២៣] បុគ្គល​ណា កំណត់​ដឹង​នូវ​ចក្ខុ​ធាតុ បុគ្គល​នោះ កំណត់​ដឹង​នូវ​សោត​ធាតុ​ឬ។ អើ។បេ។\n<br><p class=\"PCenter\">ចប់ ធាតុ​យម​កៈ បរិបូណ៌​ដោយ​បេយ្យាល។\n<br>ចប់ ធាតុ​យម​កៈ។</p>\n<br><p class=\"BCenter\">សច្ច​យម​កៈ បណ្ណ​ត្តិ​វារៈ</p>\n<br>សច្ចៈ៤ គឺ ទុក្ខសច្ច១ សមុទយសច្ច១ និរោធ​សច្ច១ មគ្គសច្ច១។\n<br><p class=\"BCenter\">ឧទេ្ទ​សវា​រៈ</p>\n<br><span class=\"IncreaseIndent\">&nbsp;</span>[២៤] ទុក្ខៈ ហៅថា ទុក្ខសច្ច ទុក្ខសច្ច ហៅថា ទុក្ខៈ។ សមុទយៈ ហៅថា សមុទយសច្ច សមុទយសច្ច ហៅថា សមុទយៈ។ និរោធៈ ហៅថា​និរោធ​សច្ច និរោធ​សច្ច ហៅថា​និរោធៈ។ មគ្គៈ ហៅថា​មគ្គសច្ច មគ្គសច្ច ហៅថា​មគ្គៈ។\n<br><span class=\"IncreaseIndent\">&nbsp;</span>[២៥] មិនមែន​ទុក្ខៈ មិន​ហៅថា​ទុក្ខសច្ច មិនមែន​ទុក្ខសច្ច មិន​ហៅថា​ទុក្ខៈ។ មិនមែន​សមុទយៈ មិន​ហៅថា​សមុទយសច្ច មិនមែន​សមុទយសច្ច មិន​ហៅថា សមុទយៈ។ មិនមែន​និរោធៈ មិន​ហៅថា​និរោធ​សច្ច មិនមែន​និរោធ​សច្ចៈ មិន​ហៅថា​និរោធៈ។ មិនមែន​មគ្គៈ មិន​ហៅថា មគ្គសច្ច មិនមែន​មគ្គសច្ច មិន​ហៅថា​មគ្គៈ។"
    },
    {
      "header": "សច្ចយមកៈ",
      "href": "http://ti-kh.org/books?book=88&page=16",
      "text": "ឧទ្ទេសវារៈ",
      "detail": "<span class=\"IncreaseIndent\">&nbsp;</span>[២៣] បុគ្គល​ណា កំណត់​ដឹង​នូវ​ចក្ខុ​ធាតុ បុគ្គល​នោះ កំណត់​ដឹង​នូវ​សោត​ធាតុ​ឬ។ អើ។បេ។\n<br><p class=\"PCenter\">ចប់ ធាតុ​យម​កៈ បរិបូណ៌​ដោយ​បេយ្យាល។\n<br>ចប់ ធាតុ​យម​កៈ។</p>\n<br><p class=\"BCenter\">សច្ច​យម​កៈ បណ្ណ​ត្តិ​វារៈ</p>\n<br>សច្ចៈ៤ គឺ ទុក្ខសច្ច១ សមុទយសច្ច១ និរោធ​សច្ច១ មគ្គសច្ច១។\n<br><p class=\"BCenter\">ឧទេ្ទ​សវា​រៈ</p>\n<br><span class=\"IncreaseIndent\">&nbsp;</span>[២៤] ទុក្ខៈ ហៅថា ទុក្ខសច្ច ទុក្ខសច្ច ហៅថា ទុក្ខៈ។ សមុទយៈ ហៅថា សមុទយសច្ច សមុទយសច្ច ហៅថា សមុទយៈ។ និរោធៈ ហៅថា​និរោធ​សច្ច និរោធ​សច្ច ហៅថា​និរោធៈ។ មគ្គៈ ហៅថា​មគ្គសច្ច មគ្គសច្ច ហៅថា​មគ្គៈ។\n<br><span class=\"IncreaseIndent\">&nbsp;</span>[២៥] មិនមែន​ទុក្ខៈ មិន​ហៅថា​ទុក្ខសច្ច មិនមែន​ទុក្ខសច្ច មិន​ហៅថា​ទុក្ខៈ។ មិនមែន​សមុទយៈ មិន​ហៅថា​សមុទយសច្ច មិនមែន​សមុទយសច្ច មិន​ហៅថា សមុទយៈ។ មិនមែន​និរោធៈ មិន​ហៅថា​និរោធ​សច្ច មិនមែន​និរោធ​សច្ចៈ មិន​ហៅថា​និរោធៈ។ មិនមែន​មគ្គៈ មិន​ហៅថា មគ្គសច្ច មិនមែន​មគ្គសច្ច មិន​ហៅថា​មគ្គៈ។"
    },
    {
      "header": "សច្ចយមកៈ",
      "href": "http://ti-kh.org/books?book=88&page=20",
      "text": "និទ្ទេសវារៈ",
      "detail": "មិនមែន​មគ្គៈ មិន​ហៅថា​សច្ចៈ មិនមែន​សច្ចៈ​ទាំងឡាយ មិន​ហៅថា​និរោធៈ។\n<br><p class=\"PCenter\">ចប់ ឧទ្ទេស​វារៈ។</p>\n<br><p class=\"BCenter\">និទ្ទេសវារៈ</p>\n<br><span class=\"IncreaseIndent\">&nbsp;</span>[៣២] ទុក្ខៈ ហៅថា ទុក្ខសច្ច​ឬ។ អើ។ ទុក្ខសច្ច ហៅថា ទុក្ខៈ​ឬ។ ទុក្ខសច្ច​ដ៏​សេស វៀរលែង​ទុក្ខ​ប្រព្រឹត្តទៅ​ក្នុង​កាយ ទុក្ខ​ប្រព្រឹត្តទៅ​ក្នុងចិត្ត ហៅថា​ទុក្ខសច្ច មិន​ហៅថា​ទុក្ខៈ ឯទុក្ខ​ប្រព្រឹត្តទៅ​ក្នុង​កាយ ទុក្ខ​ប្រព្រឹត្តទៅ​ក្នុងចិត្ត ហៅថា​ទុក្ខៈ​ផង ហៅថា​ទុក្ខសច្ច​ផង។ សមុទយៈ ហៅថា​សមុទយសច្ច​ឬ។ សមុទយៈ​ដ៏​សេស វៀរលែង​សមុទយសច្ច ហៅថា​សមុទយៈ មិន​ហៅថា សមុទយសច្ច ឯស​មុ​ទយ​សច្ច ហៅថា​សមុទយៈ​ផង ហៅថា​សមុទយសច្ច​ផង។ សមុទយសច្ច ហៅថា​សមុទយៈ​ឬ។ អើ។ និរោធៈ ហៅថា និរោធ​សច្ច​ឬ។ និរោធៈ​ដ៏​សេស វៀរលែង​និរោធ​សច្ច ហៅថា​និរោធៈ មិន​ហៅថា​និរោធ​សច្ច ឯនិរោធ​សច្ច ហៅថា​និរោធៈ​ផង ហៅថា​និរោធ​សច្ច​ផង។ និរោធ​សច្ច ហៅថា​និរោធៈ​ឬ។ អើ។ មគ្គៈ ហៅថា មគ្គសច្ច​ឬ។ មគ្គ​ដ៏​សេស វៀរលែង​មគ្គសច្ច ហៅថា​មគ្គៈ មិន​ហៅថា​មគ្គសច្ច ឯមគ្គសច្ច ហៅថា​មគ្គ​ផង ហៅថា​មគ្គសច្ច​ផង។ មគ្គសច្ច ហៅថា​មគ្គៈ​ឬ។ អើ។"
    },
    {
      "header": "សច្ចយមកៈ",
      "href": "http://ti-kh.org/books?book=88&page=20",
      "text": "បទសោធនវារៈ",
      "detail": "មិនមែន​មគ្គៈ មិន​ហៅថា​សច្ចៈ មិនមែន​សច្ចៈ​ទាំងឡាយ មិន​ហៅថា​និរោធៈ។\n<br><p class=\"PCenter\">ចប់ ឧទ្ទេស​វារៈ។</p>\n<br><p class=\"BCenter\">និទ្ទេសវារៈ</p>\n<br><span class=\"IncreaseIndent\">&nbsp;</span>[៣២] ទុក្ខៈ ហៅថា ទុក្ខសច្ច​ឬ។ អើ។ ទុក្ខសច្ច ហៅថា ទុក្ខៈ​ឬ។ ទុក្ខសច្ច​ដ៏​សេស វៀរលែង​ទុក្ខ​ប្រព្រឹត្តទៅ​ក្នុង​កាយ ទុក្ខ​ប្រព្រឹត្តទៅ​ក្នុងចិត្ត ហៅថា​ទុក្ខសច្ច មិន​ហៅថា​ទុក្ខៈ ឯទុក្ខ​ប្រព្រឹត្តទៅ​ក្នុង​កាយ ទុក្ខ​ប្រព្រឹត្តទៅ​ក្នុងចិត្ត ហៅថា​ទុក្ខៈ​ផង ហៅថា​ទុក្ខសច្ច​ផង។ សមុទយៈ ហៅថា​សមុទយសច្ច​ឬ។ សមុទយៈ​ដ៏​សេស វៀរលែង​សមុទយសច្ច ហៅថា​សមុទយៈ មិន​ហៅថា សមុទយសច្ច ឯស​មុ​ទយ​សច្ច ហៅថា​សមុទយៈ​ផង ហៅថា​សមុទយសច្ច​ផង។ សមុទយសច្ច ហៅថា​សមុទយៈ​ឬ។ អើ។ និរោធៈ ហៅថា និរោធ​សច្ច​ឬ។ និរោធៈ​ដ៏​សេស វៀរលែង​និរោធ​សច្ច ហៅថា​និរោធៈ មិន​ហៅថា​និរោធ​សច្ច ឯនិរោធ​សច្ច ហៅថា​និរោធៈ​ផង ហៅថា​និរោធ​សច្ច​ផង។ និរោធ​សច្ច ហៅថា​និរោធៈ​ឬ។ អើ។ មគ្គៈ ហៅថា មគ្គសច្ច​ឬ។ មគ្គ​ដ៏​សេស វៀរលែង​មគ្គសច្ច ហៅថា​មគ្គៈ មិន​ហៅថា​មគ្គសច្ច ឯមគ្គសច្ច ហៅថា​មគ្គ​ផង ហៅថា​មគ្គសច្ច​ផង។ មគ្គសច្ច ហៅថា​មគ្គៈ​ឬ។ អើ។"
    },
    {
      "header": "សច្ចយមកៈ",
      "href": "http://ti-kh.org/books?book=88&page=22",
      "text": "បទសោធនមូលចក្កវារៈ",
      "detail": "<span class=\"IncreaseIndent\">&nbsp;</span>[៣៤] ទុក្ខៈ ហៅថា ទុក្ខសច្ច​ឬ។ អើ។ សច្ចៈ​ទាំងឡាយ ហៅថា សមុទយសច្ច​ឬ។ សមុទយសច្ច ហៅថា​សច្ចៈ​ផង ហៅថា​សមុទយសច្ច​ផង សច្ចៈ​ទាំងឡាយ​ដ៏​សេស ហៅថា​សច្ចៈ មិន​ហៅថា​សមុទយសច្ច​ទេ។ ទុក្ខៈ ហៅថា​ទុក្ខសច្ច​ឬ។ អើ។ សច្ចៈ​ទាំងឡាយ ហៅថា​និរោធ​សច្ច។បេ។ សច្ចៈ​ទាំងឡាយ ហៅថា​មគ្គសច្ច​ឬ។ មគ្គសច្ច ហៅថា​សច្ចៈ​ផង ហៅថា មគ្គសច្ច​ផង សច្ចៈ​ទាំងឡាយ​ដ៏​សេស ហៅថា​សច្ចៈ មិន​ហៅថា​មគ្គសច្ច​ទេ។ សមុទយៈ ហៅថា សមុទយសច្ច​ឬ។ សមុទយៈ​ដ៏​សេស វៀរលែង​សមុទយសច្ច ហៅថា​សមុទយៈ មិន​ហៅថា​សមុទយសច្ច ឯស​មុ​ទយ​សច្ច ហៅថា​សមុទយៈ​ផង ហៅថា​សមុទយសច្ច​ផង។ សច្ចៈ​ទាំងឡាយ ហៅថា​ទុក្ខសច្ច។បេ។ សច្ចៈ​ទាំងឡាយ ហៅថា​និរោធ​សច្ច។បេ។ សច្ចៈ​ទាំងឡាយ ហៅថា​មគ្គសច្ច​ឬ។ មគ្គសច្ច ហៅថា​សច្ចៈ​ផង ហៅថា​មគ្គសច្ច​ផង សច្ចៈ​ទាំងឡាយ​ដ៏​សេស ហៅថា​សច្ចៈ មិន​ហៅថា​មគ្គសច្ច​ទេ។ និរោធៈ ហៅថា​និរោធ​សច្ច​ឬ។ និរោធៈ​ដ៏​សេស វៀរលែង​និរោធ​សច្ច ហៅថា​និរោធៈ មិន​ហៅថា​និរោធ​សច្ច​ទេ ឯនិរោធ​សច្ច ហៅថា​និរោធៈ​ផង ហៅថា​និរោធ​សច្ច​ផង។ សច្ចៈ​ទាំងឡាយ ហៅថា​ទុក្ខសច្ច។បេ។ សច្ចៈ​ទាំងឡាយ ហៅថា​សមុទយសច្ច។បេ។ សច្ចៈ​ទាំងឡាយ"
    },
    {
      "header": "សច្ចយមកៈ",
      "href": "http://ti-kh.org/books?book=88&page=24",
      "text": "សុទ្ធធាតុវារៈ",
      "detail": "អើ។ មិនមែន​សមុទយៈ មិន​ហៅថា​សមុទយសច្ច​ឬ។ អើ។ មិនមែន​សច្ច​ទាំងឡាយ មិន​ហៅថា​ទុក្ខសច្ច​ឬ។ អើ។ មិនមែន​សមុទយៈ មិន​ហៅថា សមុទយសច្ច​ឬ។ អើ។ មិនមែន​សច្ចៈ​ទាំងឡាយ មិន​ហៅថា​និរោធ​សច្ច។បេ។ មិនមែន​សច្ចៈ​ទាំងឡាយ មិន​ហៅថា​មគ្គសច្ច​ឬ។ អើ។ មិនមែន​និរោធ មិន​ហៅថា​និរោធ​សច្ច​ឬ។ អើ។ មិនមែន​សច្ចៈ​ទាំងឡាយ មិន​ហៅថា​ទុក្ខសច្ច​ឬ។បេ។ មិនមែន​សច្ចៈ​ទាំងឡាយ មិន​ហៅថា​សមុទយសច្ច​ឬ។បេ។ មិនមែន​សច្ចៈ​ទាំងឡាយ មិន​ហៅ​មគ្គសច្ច​ឬ។ អើ។ មិនមែន​មគ្គ មិន​ហៅថា​មគ្គសច្ច​ឬ។ អើ។ មិនមែន​សច្ចៈ​ទាំងឡាយ មិន​ហៅថា​ទុក្ខសច្ច​ឬ។ អើ។ មិនមែន​មគ្គ មិន​ហៅថា​មគ្គសច្ច​ឬ។ អើ។ មិនមែន​សច្ចៈ​ទាំងឡាយ មិន​ហៅថា​សមុទយសច្ច​ឬ។បេ។ មិនមែន​សច្ចៈ​ទាំងឡាយ មិន​ហៅ​និរោធ​សច្ច​ឬ។ អើ។\n<br><span class=\"IncreaseIndent\">&nbsp;</span>[៣៦] ទុក្ខ ហៅថា​សច្ចៈ​ឬ។ អើ។ សច្ចៈ​ទាំងឡាយ ហៅថា​ទុក្ខសច្ច​ឬ។ ទុក្ខសច្ច ហៅថា​សច្ចៈ​ផង ហៅថា​ទុក្ខសច្ច​ផង សច្ចៈ​ទាំងឡាយ​ដ៏​សេស ហៅថា​សច្ចៈ មិន​ហៅថា​ទុក្ខសច្ច​ទេ។ សមុទយៈ ហៅថា​សច្ចៈ​ឬ។ អើ។បេ។ និរោធ ហៅថា​សច្ច​ឬ។"
    },
    {
      "header": "សច្ចយមកៈ",
      "href": "http://ti-kh.org/books?book=88&page=25",
      "text": "សុទ្ធធាតុមូលចក្កវារៈ",
      "detail": "អើ។បេ។ មគ្គ ហៅថា​សច្ចៈ​ឬ។ អើ។ សច្ចៈ​ទាំងឡាយ ហៅថា​មគ្គសច្ច​ឬ។ មគ្គសច្ច ហៅថា​សច្ចៈ​ផង ហៅថា មគ្គសច្ច​ផង សច្ចៈ​ទាំងឡាយ​ដ៏​សេស ហៅថា​សច្ចៈ មិន​ហៅថា​មគ្គសច្ច​ទេ។\n<br><span class=\"IncreaseIndent\">&nbsp;</span>[៣៧] មិនមែន​ទុក្ខ មិន​ហៅថា​សច្ចៈ​ឬ។ សច្ចៈ​ទាំងឡាយ​ដ៏​សេស វៀរលែង​ទុក្ខ មិន​ហៅថា​ទុក្ខ ហៅថា​សច្ចៈ ធម្មជាត​ដ៏​សេស វៀរលែង​ទុក្ខ និង​សច្ចៈ​ចេញ មិន​ហៅថា​ទុក្ខ​ផង មិន​ហៅថា​សច្ចៈ​ផង។ មិនមែន​សច្ចៈ​ទាំងឡាយ មិន​ហៅថា​ទុក្ខសច្ច​ឬ។ អើ។ មិនមែន​សមុទយៈ មិន​ហៅថា​សច្ចៈ​ឬ។ (សច្ចៈ​ដ៏​សេស) វៀរលែង​សមុទយៈ។បេ។ មិនមែន​និរោធ មិន​ហៅថា​សច្ចៈ​ឬ។ (សច្ចៈ​ដ៏​សេស) វៀរលែង​និរោធ។បេ។ មិនមែន​មគ្គ មិន​ហៅថា​សច្ចៈ​ឬ។ សច្ចៈ​ទាំងឡាយ​ដ៏​សេស វៀរលែង​មគ្គ មិន​ហៅថា​មគ្គ ហៅថា​សច្ចៈ ធម្មជាត​ដ៏​សេស វៀរលែង​មគ្គ និង​សច្ចៈ​ចេញ មិន​ហៅថា​មគ្គ​ផង មិន​ហៅថា​សច្ចៈ​ផង។ មិនមែន​សច្ចៈ​ទាំងឡាយ មិន​ហៅថា​មគ្គសច្ច​ឬ។ អើ។\n<br><span class=\"IncreaseIndent\">&nbsp;</span>[៣៨] ទុក្ខ ហៅថា​សច្ចៈ​ឬ។ អើ។ សច្ចៈ​ទាំងឡាយ ហៅថា​សមុទយសច្ច​ឬ។ សមុទយសច្ច ហៅថា​សច្ចៈ​ផង ហៅថា​សមុទយសច្ច​ផង សច្ចៈ​ទាំងឡាយ​ដ៏​សេស ហៅថា​សច្ចៈ មិន​ហៅថា​សមុទយសច្ច​ទេ។ ទុក្ខ ហៅថា​សច្ចៈ​ឬ។ អើ។ សច្ចៈ​ទាំងឡាយ ហៅថា​និរោធ​សច្ច។បេ។ សច្ចៈ​ទាំងឡាយ ហៅថា​មគ្គសច្ច​ឬ។ មគ្គសច្ច"
    },
    {
      "header": "សច្ចយមកៈ",
      "href": "http://ti-kh.org/books?book=88&page=27",
      "text": "បវត្តិវារៈ",
      "detail": "សច្ចៈ​ទាំងឡាយ​ដ៏​សេស វៀរលែង​សមុទយៈ មិន​ហៅថា​សមុទយៈ ហៅថា​សច្ចៈ ធម្មជាត​ដ៏​សេស វៀរលែង​សមុទយៈ និង​សច្ចៈ​ចេញ មិន​ហៅថា សមុទយៈ​ផង មិន​ហៅថា​សច្ចៈ​ផង។បេ។ មិនមែន​និរោធ មិន​ហៅថា​សច្ចៈ​ឬ។ (សច្ចៈ​ទាំងឡាយ​ដ៏​សេស) វៀរលែង​និរោធ។បេ។ មិនមែន​មគ្គ មិន​ហៅថា​សច្ចៈ​ឬ។ សច្ចៈ​ទាំងឡាយ​ដ៏​សេស វៀរលែង​មគ្គ មិន​ហៅថា​មគ្គ ហៅថា​សច្ចៈ ធម្មជាត​ដ៏​សេស វៀរលែង​មគ្គ និង​សច្ចៈ​ចេញ មិន​ហៅថា​មគ្គ​ផង មិន​ហៅថា​សច្ចៈ​ផង។ មិនមែន​សច្ចៈ​ទាំងឡាយ មិន​ហៅថា​ទុក្ខសច្ច​ឬ។ អើ។ មិនមែន​មគ្គ មិន​ហៅថា​សច្ចៈ​ឬ។ សច្ចៈ​ទាំងឡាយ​ដ៏​សេស វៀរលែង​មគ្គ មិន​ហៅថា​មគ្គ ហៅថា​សច្ចៈ ធម្មជាត​ដ៏​សេស វៀរលែង​មគ្គ និង​សច្ចៈ​ចេញ មិន​ហៅថា​មគ្គ​ផង មិន​ហៅថា​សច្ចៈ​ផង។ មិនមែន​សច្ចៈ​ទាំងឡាយ មិន​ហៅថា​សមុទយសច្ច​ឬ។បេ។ មិនមែន​សច្ចៈ​ទាំងឡាយ មិន​ហៅថា​និរោធ​សច្ច​ឬ។ អើ។\n<br><p class=\"PCenter\">ចប់ បណ្ណ​ត្តិ​វារៈ។</p>\n<br><p class=\"BCenter\">បវត្តិ​វារៈ</p>\n<br><span class=\"IncreaseIndent\">&nbsp;</span>[៤០] ទុក្ខសច្ច របស់​សត្វ​ណា កើតឡើង សមុទយសច្ច របស់​សត្វ​នោះ រមែង​កើតឡើង​ឬ។ ពួក​សត្វ​ទាំងអស់ កាល​ចាប់បដិសន្ធិ"
    },
    {
      "header": "សច្ចយមកៈ",
      "href": "http://ti-kh.org/books?book=88&page=27",
      "text": "ឧប្បាទវារៈ",
      "detail": "សច្ចៈ​ទាំងឡាយ​ដ៏​សេស វៀរលែង​សមុទយៈ មិន​ហៅថា​សមុទយៈ ហៅថា​សច្ចៈ ធម្មជាត​ដ៏​សេស វៀរលែង​សមុទយៈ និង​សច្ចៈ​ចេញ មិន​ហៅថា សមុទយៈ​ផង មិន​ហៅថា​សច្ចៈ​ផង។បេ។ មិនមែន​និរោធ មិន​ហៅថា​សច្ចៈ​ឬ។ (សច្ចៈ​ទាំងឡាយ​ដ៏​សេស) វៀរលែង​និរោធ។បេ។ មិនមែន​មគ្គ មិន​ហៅថា​សច្ចៈ​ឬ។ សច្ចៈ​ទាំងឡាយ​ដ៏​សេស វៀរលែង​មគ្គ មិន​ហៅថា​មគ្គ ហៅថា​សច្ចៈ ធម្មជាត​ដ៏​សេស វៀរលែង​មគ្គ និង​សច្ចៈ​ចេញ មិន​ហៅថា​មគ្គ​ផង មិន​ហៅថា​សច្ចៈ​ផង។ មិនមែន​សច្ចៈ​ទាំងឡាយ មិន​ហៅថា​ទុក្ខសច្ច​ឬ។ អើ។ មិនមែន​មគ្គ មិន​ហៅថា​សច្ចៈ​ឬ។ សច្ចៈ​ទាំងឡាយ​ដ៏​សេស វៀរលែង​មគ្គ មិន​ហៅថា​មគ្គ ហៅថា​សច្ចៈ ធម្មជាត​ដ៏​សេស វៀរលែង​មគ្គ និង​សច្ចៈ​ចេញ មិន​ហៅថា​មគ្គ​ផង មិន​ហៅថា​សច្ចៈ​ផង។ មិនមែន​សច្ចៈ​ទាំងឡាយ មិន​ហៅថា​សមុទយសច្ច​ឬ។បេ។ មិនមែន​សច្ចៈ​ទាំងឡាយ មិន​ហៅថា​និរោធ​សច្ច​ឬ។ អើ។\n<br><p class=\"PCenter\">ចប់ បណ្ណ​ត្តិ​វារៈ។</p>\n<br><p class=\"BCenter\">បវត្តិ​វារៈ</p>\n<br><span class=\"IncreaseIndent\">&nbsp;</span>[៤០] ទុក្ខសច្ច របស់​សត្វ​ណា កើតឡើង សមុទយសច្ច របស់​សត្វ​នោះ រមែង​កើតឡើង​ឬ។ ពួក​សត្វ​ទាំងអស់ កាល​ចាប់បដិសន្ធិ"
    },
    {
      "header": "សច្ចយមកៈ",
      "href": "http://ti-kh.org/books?book=88&page=77",
      "text": "និរោធវារៈ",
      "detail": "សមុទយសច្ច របស់​ពួក​សុទ្ធាវាស​សត្វ​នោះ មិនកើត​ឡើង​ហើយ ក្នុង​កាល​ចិត្ត​ទី២ កំពុង​ប្រព្រឹត្តទៅ ក្នុង​ទីនោះ តែម​គ្គ​សច្ច របស់​សត្វ​ទាំងនោះ មិនមែន​ជា​នឹង​មិនកើត​ឡើង ក្នុង​ទីនោះ​ទេ សមុទយសច្ច របស់​អសញ្ញ​សត្វ​ទាំងនោះ មិនកើត​ឡើង​ហើយ​ផង មគ្គសច្ច នឹង​មិនកើត​ឡើង​ផង ក្នុង​ទីនោះ។ មួយ​យ៉ាង​ទៀត មគ្គសច្ច របស់​សត្វ​ណា នឹង​មិនកើត​ឡើង​ក្នុង​ទីណា សមុទយសច្ច របស់​សត្វ​នោះ មិនកើត​ឡើង​ហើយ ក្នុង​ទីនោះ​ឬ។ មគ្គសច្ច របស់​ព្រះអរហន្ត​ទាំងឡាយ ដែល​ប្រកបដោយ​មគ្គ​ដ៏​ប្រសើរ និង​របស់​ពួក​សត្វ​ដែល​ជា​បុថុជ្ជន នឹង​មិនបាន​នូវ​មគ្គ និង​របស់​ពួក​សត្វ​នោះ ដែល​កើត​ក្នុង​អបាយ នឹង​មិនកើត​ឡើង ក្នុង​ទីនោះ តែ​សមុទយសច្ច របស់​សត្វ​ទាំងនោះ មិនមែន​ជា​មិនកើត​ឡើង​ហើយ ក្នុង​ទីនោះ​ទេ មគ្គសច្ច របស់​អសញ្ញ​សត្វ​ទាំងនោះ នឹង​មិនកើត​ឡើង​ផង សមុទយសច្ច មិនកើត​ឡើង​ហើយ​ផង ក្នុង​ទីនោះ។\n<br><p class=\"PCenter\">ចប់ ឧប្បាទ​វារៈ។</p>\n<br><span class=\"IncreaseIndent\">&nbsp;</span>[១២៦] ទុក្ខសច្ច របស់​សត្វ​ណា រលត់​ទៅ សមុទយសច្ច របស់​សត្វ​នោះ រលត់​ទៅ​ឬ។ ទុក្ខសច្ច របស់​សត្វ​ទាំងអស់​នោះ កាល​ច្យុត រលត់​ទៅ ក្នុង​ភង្គ​ក្ខ​ណៈ​នៃ​ចិត្ត​ដែល​ប្រាសចាក​តណ្ហា ក្នុង​បច្ចុប្បន្ន តែ​សមុទយសច្ច របស់​សត្វ​ទាំងនោះ មិន​រលត់​ទៅ​ទេ ទុក្ខសច្ច របស់​សត្វ​ទាំងនោះ រលត់​ទៅ​ផង សមុទយសច្ច រលត់​ទៅ​ផង ក្នុង​ភង្គ​ក្ខ​ណៈ​នៃ​តណ្ហា។"
    },
    {
      "header": "សច្ចយមកៈ",
      "href": "http://ti-kh.org/books?book=88&page=118",
      "text": "ឧប្បាទនិរោធវារៈ",
      "detail": "មួយ​យ៉ាង​ទៀត មគ្គសច្ច របស់​សត្វ​ណា នឹង​មិន​រលត់​ទៅ ក្នុង​ទីណា សមុទយសច្ច របស់​សត្វ​នោះ មិន​រលត់​ហើយ ក្នុង​ទីនោះ​ឬ។ មគ្គសច្ច របស់​ព្រះអរហន្ត​ទាំងឡាយ ក្នុង​ភង្គ​ក្ខ​ណៈ​នៃ​មគ្គ​ដ៏​ប្រសើរ និង​របស់​ពួក​សត្វ ដែល​ជា​បុថុជ្ជន នឹង​មិនបាន​នូវ​មគ្គ និង​របស់​ពួក​សត្វ ដែល​កើត​ក្នុង​អបាយ​ទាំងនោះ នឹង​មិន​រលត់​ទៅ ក្នុង​ទីនោះ តែ​សមុទយសច្ច របស់​សត្វ​ទាំងនោះ មិនមែន​ជា​មិន​រលត់​ហើយ ក្នុង​ទីនោះ​ទេ មគ្គសច្ច របស់​អសញ្ញ​សត្វ​ទាំងនោះ នឹង​មិន​រលត់​ទៅ​ផង សមុទយសច្ច មិន​រលត់​ហើយ​ផង ក្នុង​ទីនោះ។\n<br><p class=\"PCenter\">ចប់ និរោធ​វារៈ។</p>\n<br><span class=\"IncreaseIndent\">&nbsp;</span>[១៩១] ទុក្ខសច្ច របស់​សត្វ​ណា កើតឡើង សមុទយសច្ច របស់​សត្វ​នោះ រលត់​ទៅ​ឬ។ មិន​រលត់​ទេ។ មួយ​យ៉ាង​ទៀត សមុទយសច្ច របស់​សត្វ​ណា រលត់​ទៅ ទុក្ខសច្ច របស់​សត្វ​នោះ កើតឡើង​ឬ។ មិនកើត​ឡើង​ទេ។ ទុក្ខសច្ច របស់​សត្វ​ណា កើតឡើង មគ្គសច្ច របស់​សត្វ​នោះ រលត់​ទៅ​ឬ។ មិន​រលត់​ទេ។ មួយ​យ៉ាង​ទៀត មគ្គសច្ច របស់​សត្វ​ណា រលត់​ទៅ ទុក្ខសច្ច របស់​សត្វ​នោះ កើតឡើង​ឬ។ មិនកើត​ឡើង​ទេ។ សមុទយសច្ច របស់​សត្វ​ណា កើតឡើង មគ្គសច្ច របស់​សត្វ​នោះ មិន​រលត់​ទៅ​ឬ។ មិន​រលត់​ទេ។ មួយ​យ៉ាង​ទៀត មគ្គសច្ច របស់​សត្វ​ណា រលត់​ទៅ សមុទយសច្ច របស់​សត្វ​នោះ កើតឡើង​ឬ។ មិនកើត​ឡើង​ទេ។"
    },
    {
      "header": "សច្ចយមកៈ",
      "href": "http://ti-kh.org/books?book=88&page=141",
      "text": "បរិញ្ញាវារៈ",
      "detail": "ដែល​ជា​បុថុជ្ជន នឹង​មិនបាន​នូវ​មគ្គ និង​របស់​អសញ្ញ​សត្វ​ទាំងនោះ នឹង​មិន​រលត់​ទៅ​ផង សមុទយសច្ច មិនកើត​ឡើង​ផង ក្នុង​ភង្គ​ក្ខ​ណៈ​នៃ​តណ្ហា និង​ក្នុង​កាលដែល​ចិត្ត​ប្រាសចាក​តណ្ហា កំពុង​ប្រព្រឹត្តទៅ ក្នុង​ទីនោះ។\n<br><span class=\"IncreaseIndent\">&nbsp;</span>[២២៣] ទុក្ខសច្ច របស់​សត្វ​ណា កើតឡើង​ហើយ សមុទយសច្ច របស់​សត្វ​នោះ នឹង​រលត់​ទៅ​ឬ។ បុច្ឆា​ជា​អតីត និង​អនាគត ជា​អនុលោម​ក្តី ជា​បច្ច​និ​យៈ​ក្តី ដែល​លោក​ចែក​ហើយ ក្នុង​និរោធ​វារៈ​យ៉ាងណា បណ្ឌិត ដែល​មិន​វង្វេង គប្បី​ចែក​ក្នុង​ឧប្បាទ​និរោធ​វារៈ យ៉ាងនោះ​ដែរ។\n<br><p class=\"PCenter\">ចប់ ឧប្បាទ​និរោធ​វារៈ។\n<br>ចប់ បវត្តិ​វារៈ។</p>\n<br><p class=\"BCenter\">បរិញ្ញា​វារៈ</p>\n<br><span class=\"IncreaseIndent\">&nbsp;</span>[២២៤] សត្វ​ណា កំណត់​ដឹង​នូវ​ទុក្ខសច្ច សត្វ​នោះ លះបង់​នូវ​សមុទយសច្ច​ឬ។ អើ។ មួយ​យ៉ាង​ទៀត សត្វ​ណា លះបង់​នូវ​សមុទយសច្ច សត្វ​នោះ កំណត់​ដឹង​នូវ​ទុក្ខសច្ច​ឬ។ អើ។ សត្វ​ណា មិនកំណត់​ដឹង​នូវ​ទុក្ខសច្ច សត្វ​នោះ មិន​លះបង់​នូវ​សមុទយសច្ច​ឬ។ អើ។ មួយ​យ៉ាង​ទៀត សត្វ​ណា មិន​លះបង់​នូវ​សមុទយសច្ច សត្វ​នោះ មិនកំណត់​ដឹង​នូវ​ទុក្ខសច្ច​ឬ។ អើ។"
    },
    {
      "header": "សង្ខារយមកៈ",
      "href": "http://ti-kh.org/books?book=88&page=145",
      "text": "បណ្ណត្តិវារៈ",
      "detail": "នឹង​មិន​លះបង់​នូវ​សមុទយសច្ច សត្វ​នោះ ឈ្មោះថា មិនកំណត់​ដឹង​ហើយ​នូវ​ទុក្ខសច្ច​ឬ។ ព្រះអរហន្ត នឹង​មិន​លះបង់​នូវ​សមុទយសច្ច តែ​មិនមែន​ជា​មិនកំណត់​ដឹង​ហើយ​នូវ​ទុក្ខសច្ច​ទេ ពួក​បុគ្គល​ប្រកបដោយ​មគ្គ​ដ៏​ប្រសើរ និង​ពួក​បុថុជ្ជន​ណា នឹង​មិនបាន​នូវ​មគ្គ ពួក​បុគ្គល​ប្រកបដោយ​មគ្គ​ដ៏​ប្រសើរ និង​ពួក​បុថុជ្ជន​នោះ នឹង​មិន​លះបង់​នូវ​សមុទយសច្ច​ផង មិនកំណត់​ដឹង​ហើយ​នូវ​ទុក្ខសច្ច​ផង។\n<br><p class=\"PCenter\">ចប់ បរិញ្ញា​វារៈ។\n<br>ចប់ សច្ច​យម​កៈ។</p>\n<br><p class=\"BCenter\">សង្ខារ​យម​កៈ\n<br>បណ្ណ​ត្តិ​វារៈ</p>\n<br><span class=\"IncreaseIndent\">&nbsp;</span>[២៣០] សង្ខារ ៣ យ៉ាង គឺ​កាយសង្ខារ ១ វចីសង្ខារ ១ ចិត្តសង្ខារ ១។ ពួក​អស្សាស​បស្សាសៈ ឈ្មោះថា កាយសង្ខារ ពួក​វិតក្ក​វិចារៈ ឈ្មោះថា វចីសង្ខារ សញ្ញា និង​វេទនា ឈ្មោះថា ចិត្តសង្ខារ ពួក​ធម៌​ទាំងអស់ ដែល​សម្បយុត្ត​ដោយចិត្ត វៀរលែងតែ​ពួក​វិតក្កៈ និង​វិចារៈ​ចេញ ឈ្មោះថា ចិត្តសង្ខារ​ដែរ។\n<br><p class=\"BCenter\">ឧទ្ទេស​វារៈ</p>\n<br><span class=\"IncreaseIndent\">&nbsp;</span>[២៣១] កាយ ហៅថា កាយសង្ខារ កាយសង្ខារ ហៅថា​កាយ។ វចី ហៅថា វចីសង្ខារ វចីសង្ខារ ហៅថា វចី។ ចិត្ត ហៅថា ចិត្តសង្ខារ ចិត្តសង្ខារ ហៅថា ចិត្ត។"
    },
    {
      "header": "សង្ខារយមកៈ",
      "href": "http://ti-kh.org/books?book=88&page=145",
      "text": "ឧទ្ទេសវារៈ",
      "detail": "នឹង​មិន​លះបង់​នូវ​សមុទយសច្ច សត្វ​នោះ ឈ្មោះថា មិនកំណត់​ដឹង​ហើយ​នូវ​ទុក្ខសច្ច​ឬ។ ព្រះអរហន្ត នឹង​មិន​លះបង់​នូវ​សមុទយសច្ច តែ​មិនមែន​ជា​មិនកំណត់​ដឹង​ហើយ​នូវ​ទុក្ខសច្ច​ទេ ពួក​បុគ្គល​ប្រកបដោយ​មគ្គ​ដ៏​ប្រសើរ និង​ពួក​បុថុជ្ជន​ណា នឹង​មិនបាន​នូវ​មគ្គ ពួក​បុគ្គល​ប្រកបដោយ​មគ្គ​ដ៏​ប្រសើរ និង​ពួក​បុថុជ្ជន​នោះ នឹង​មិន​លះបង់​នូវ​សមុទយសច្ច​ផង មិនកំណត់​ដឹង​ហើយ​នូវ​ទុក្ខសច្ច​ផង។\n<br><p class=\"PCenter\">ចប់ បរិញ្ញា​វារៈ។\n<br>ចប់ សច្ច​យម​កៈ។</p>\n<br><p class=\"BCenter\">សង្ខារ​យម​កៈ\n<br>បណ្ណ​ត្តិ​វារៈ</p>\n<br><span class=\"IncreaseIndent\">&nbsp;</span>[២៣០] សង្ខារ ៣ យ៉ាង គឺ​កាយសង្ខារ ១ វចីសង្ខារ ១ ចិត្តសង្ខារ ១។ ពួក​អស្សាស​បស្សាសៈ ឈ្មោះថា កាយសង្ខារ ពួក​វិតក្ក​វិចារៈ ឈ្មោះថា វចីសង្ខារ សញ្ញា និង​វេទនា ឈ្មោះថា ចិត្តសង្ខារ ពួក​ធម៌​ទាំងអស់ ដែល​សម្បយុត្ត​ដោយចិត្ត វៀរលែងតែ​ពួក​វិតក្កៈ និង​វិចារៈ​ចេញ ឈ្មោះថា ចិត្តសង្ខារ​ដែរ។\n<br><p class=\"BCenter\">ឧទ្ទេស​វារៈ</p>\n<br><span class=\"IncreaseIndent\">&nbsp;</span>[២៣១] កាយ ហៅថា កាយសង្ខារ កាយសង្ខារ ហៅថា​កាយ។ វចី ហៅថា វចីសង្ខារ វចីសង្ខារ ហៅថា វចី។ ចិត្ត ហៅថា ចិត្តសង្ខារ ចិត្តសង្ខារ ហៅថា ចិត្ត។"
    },
    {
      "header": "សង្ខារយមកៈ",
      "href": "http://ti-kh.org/books?book=88&page=147",
      "text": "និទ្ទេសវារៈ",
      "detail": "មិនមែន​ចិត្ត មិន​ហៅថា ចិត្តសង្ខារ មិនមែន​សង្ខារ​ទាំងឡាយ មិន​ហៅថា វចីសង្ខារ។\n<br><span class=\"IncreaseIndent\">&nbsp;</span>[២៣៥] កាយសង្ខារ ហៅថា វចីសង្ខារ វចីសង្ខារ ហៅថា កាយសង្ខារ។ កាយសង្ខារ ហៅថា ចិត្តសង្ខារ ចិត្តសង្ខារ ហៅថា កាយសង្ខារ។ វចីសង្ខារ ហៅថា ចិត្តសង្ខារ ចិត្តសង្ខារ ហៅថា វចីសង្ខារ ។\n<br><span class=\"IncreaseIndent\">&nbsp;</span>[២៣៦] មិនមែន​កាយសង្ខារ មិន​ហៅថា វចីសង្ខារ មិនមែន​វចីសង្ខារ មិន​ហៅថា កាយសង្ខារ។ មិនមែន​កាយសង្ខារ មិន​ហៅថា ចិត្តសង្ខារ មិនមែន​ចិត្តសង្ខារ មិន​ហៅថា កាយសង្ខារ។ មិនមែន​វចីសង្ខារ មិន​ហៅថា ចិត្តសង្ខារ មិនមែន​ចិត្តសង្ខារ មិន​ហៅថា វចីសង្ខារ។\n<br><p class=\"PCenter\">ចប់ ឧទ្ទេស​វារៈ។</p>\n<br><p class=\"BCenter\">និទ្ទេសវារៈ</p>\n<br><span class=\"IncreaseIndent\">&nbsp;</span>[២៣៧] កាយ ហៅថា កាយសង្ខារ​ឬ។ មិនមែនទេ។ កាយសង្ខារ ហៅថា កាយ​ឬ។ មិនមែនទេ។ វចី ហៅថា វចីសង្ខារ​ឬ។ មិនមែនទេ។ វចីសង្ខារ ហៅថា វចី​ឬ។ មិនមែនទេ។ ចិត្ត ហៅថា ចិត្តសង្ខារ​ឬ។ មិនមែនទេ។ ចិត្តសង្ខារ ហៅថា ចិត្ត​ឬ។ មិនមែនទេ។"
    },
    {
      "header": "សង្ខារយមកៈ",
      "href": "http://ti-kh.org/books?book=88&page=147",
      "text": "បទសោធនវារៈ",
      "detail": "មិនមែន​ចិត្ត មិន​ហៅថា ចិត្តសង្ខារ មិនមែន​សង្ខារ​ទាំងឡាយ មិន​ហៅថា វចីសង្ខារ។\n<br><span class=\"IncreaseIndent\">&nbsp;</span>[២៣៥] កាយសង្ខារ ហៅថា វចីសង្ខារ វចីសង្ខារ ហៅថា កាយសង្ខារ។ កាយសង្ខារ ហៅថា ចិត្តសង្ខារ ចិត្តសង្ខារ ហៅថា កាយសង្ខារ។ វចីសង្ខារ ហៅថា ចិត្តសង្ខារ ចិត្តសង្ខារ ហៅថា វចីសង្ខារ ។\n<br><span class=\"IncreaseIndent\">&nbsp;</span>[២៣៦] មិនមែន​កាយសង្ខារ មិន​ហៅថា វចីសង្ខារ មិនមែន​វចីសង្ខារ មិន​ហៅថា កាយសង្ខារ។ មិនមែន​កាយសង្ខារ មិន​ហៅថា ចិត្តសង្ខារ មិនមែន​ចិត្តសង្ខារ មិន​ហៅថា កាយសង្ខារ។ មិនមែន​វចីសង្ខារ មិន​ហៅថា ចិត្តសង្ខារ មិនមែន​ចិត្តសង្ខារ មិន​ហៅថា វចីសង្ខារ។\n<br><p class=\"PCenter\">ចប់ ឧទ្ទេស​វារៈ។</p>\n<br><p class=\"BCenter\">និទ្ទេសវារៈ</p>\n<br><span class=\"IncreaseIndent\">&nbsp;</span>[២៣៧] កាយ ហៅថា កាយសង្ខារ​ឬ។ មិនមែនទេ។ កាយសង្ខារ ហៅថា កាយ​ឬ។ មិនមែនទេ។ វចី ហៅថា វចីសង្ខារ​ឬ។ មិនមែនទេ។ វចីសង្ខារ ហៅថា វចី​ឬ។ មិនមែនទេ។ ចិត្ត ហៅថា ចិត្តសង្ខារ​ឬ។ មិនមែនទេ។ ចិត្តសង្ខារ ហៅថា ចិត្ត​ឬ។ មិនមែនទេ។"
    },
    {
      "header": "សង្ខារយមកៈ",
      "href": "http://ti-kh.org/books?book=88&page=149",
      "text": "បទសោធនមូលចក្កវារៈ",
      "detail": "ចិត្ត មិន​ហៅថា ចិត្តសង្ខារ​ទេ ហៅថា ចិត្ត ឯ​ពួក​ធម៌​ដ៏​សេស វៀរលែងតែ​ចិត្ត និង​ចិត្តសង្ខារ​ចេញ មិន​ហៅថា ចិត្ត​ផង មិន​ហៅថា ចិត្តសង្ខារ​ផង។\n<br><span class=\"IncreaseIndent\">&nbsp;</span>[២៣៩] កាយ ហៅថា កាយសង្ខារ​ឬ។ មិនមែនទេ។ សង្ខារ​ទាំងឡាយ ហៅថា វចីសង្ខារ​ឬ។ វចីសង្ខារ ហៅថា សង្ខារ​ផង ហៅថា វចីសង្ខារ​ផង ឯ​ពួក​សង្ខារ​ដ៏​សេស ហៅថា សង្ខារ​ទាំងឡាយ មិន​ហៅថា វចីសង្ខារ​ទេ។ កាយ ហៅថា កាយសង្ខារ​ឬ។ មិនមែនទេ។ សង្ខារ​ទាំងឡាយ ហៅថា ចិត្តសង្ខារ​ឬ។ ចិត្តសង្ខារ ហៅថា សង្ខារ​ផង ហៅថា ចិត្តសង្ខារ​ផង ឯ​ពួក​សង្ខារ​ដ៏​សេស ហៅថា សង្ខារ​ទាំងឡាយ មិន​ហៅថា ចិត្តសង្ខារ​ទេ។ វចី ហៅថា វចីសង្ខារ​ឬ។ មិនមែនទេ។ សង្ខារ​ទាំងឡាយ ហៅថា កាយសង្ខារ​ឬ។ កាយសង្ខារ ហៅថា សង្ខារ​ផង ហៅថា កាយសង្ខារ​ផង ឯ​ពួក​សង្ខារ​ដ៏​សេស ហៅថា សង្ខារ​ទាំងឡាយ មិន​ហៅថា កាយសង្ខារ​ទេ។ វចី ហៅថា វចីសង្ខារ​ឬ។ មិនមែនទេ។ សង្ខារ​ទាំងឡាយ ហៅថា ចិត្តសង្ខារ​ឬ។ ចិត្តសង្ខារ ហៅថា សង្ខារ​ផង ហៅថា ចិត្តសង្ខារ​ផង ឯ​ពួក​សង្ខារ​ដ៏​សេស ហៅថា សង្ខារ​ទាំងឡាយ មិន​ហៅថា ចិត្តសង្ខារ​ទេ។ ចិត្ត ហៅថា ចិត្តសង្ខារ​ឬ។ មិនមែនទេ។ សង្ខារ​ទាំងឡាយ ហៅថា កាយសង្ខារ​ឬ។ កាយសង្ខារ ហៅថា សង្ខារ​ផង ហៅថា កាយសង្ខារ​ផង"
    },
    {
      "header": "សង្ខារយមកៈ",
      "href": "http://ti-kh.org/books?book=88&page=151",
      "text": "សុទ្ធសង្ខារវារៈ",
      "detail": "វចីសង្ខារ មិន​ហៅថា វចី​ទេ ហៅថា វចីសង្ខារ ឯ​ពួក​ធម៌​ដ៏​សេស លើកលែងតែ​វចី និង​វចីសង្ខារ​ចេញ មិន​ហៅថា វចី​ផង មិន​ហៅថា វចីសង្ខារ​ផង។ មិនមែន​សង្ខារ​ទាំងឡាយ មិន​ហៅថា ចិត្តសង្ខារ​ឬ។ អើ។ មិនមែន​ចិត្ត មិន​ហៅថា ចិត្តសង្ខារ​ឬ។ ចិត្តសង្ខារ មិន​ហៅថា ចិត្ត​ទេ ហៅថា ចិត្តសង្ខារ ឯ​ពួក​ធម៌​ដ៏​សេស លើកលែងតែ​ចិត្ត និង​ចិត្តសង្ខារ​ចេញ មិន​ហៅថា ចិត្ត​ផង មិន​ហៅថា ចិត្តសង្ខារ​ផង។ មិនមែន​សង្ខារ​ទាំងឡាយ មិន​ហៅថា កាយសង្ខារ​ឬ។ អើ។ មិនមែន​ចិត្ត មិន​ហៅថា ចិត្តសង្ខារ​ឬ។ ចិត្តសង្ខារ មិន​ហៅថា ចិត្ត​ទេ ហៅថា ចិត្តសង្ខារ ឯ​ពួក​ធម៌​ដ៏​សេស លើកលែងតែ​ចិត្ត និង​ចិត្តសង្ខារ​ចេញ មិន​ហៅថា ចិត្ត​ផង មិន​ហៅថា ចិត្តសង្ខារ​ផង។ មិនមែន​សង្ខារ​ទាំងឡាយ មិន​ហៅថា វចីសង្ខារ​ឬ។ អើ។\n<br><span class=\"IncreaseIndent\">&nbsp;</span>[២៤១] កាយសង្ខារ ហៅថា វចីសង្ខារ​ឬ។ មិនមែនទេ។ វចីសង្ខារ ហៅថា កាយសង្ខារ​ឬ។ មិនមែនទេ។ កាយសង្ខារ ហៅថា ចិត្តសង្ខារ​ឬ។ មិនមែនទេ។ ចិត្តសង្ខារ ហៅថា កាយសង្ខារ​ឬ។ មិនមែនទេ។ វចីសង្ខារ ហៅថា ចិត្តសង្ខារ​ឬ។ មិនមែនទេ។ ចិត្តសង្ខារ ហៅថា វចីសង្ខារ​ឬ។ មិនមែនទេ។\n<br><span class=\"IncreaseIndent\">&nbsp;</span>[២៤២] មិនមែន​កាយសង្ខារ មិន​ហៅថា វចីសង្ខារ​ឬ។ វចីសង្ខារ មិន​ហៅថា កាយសង្ខារ​ទេ ហៅថា វចីសង្ខារ"
    },
    {
      "header": "សង្ខារយមកៈ",
      "href": "http://ti-kh.org/books?book=88&page=153",
      "text": "បវត្តិវារៈ",
      "detail": "វចីសង្ខារ មិន​ហៅថា ចិត្តសង្ខារ​ទេ ហៅថា វចីសង្ខារ ឯ​ពួក​ធម៌​ដ៏​សេស វៀរលែងតែ​ចិត្តសង្ខារ និង​វចីសង្ខារ​ចេញ មិន​ហៅថា ចិត្តសង្ខារ​ផង មិន​ហៅថា វចីសង្ខារ​ផង។\n<br><p class=\"PCenter\">ចប់ បណ្ណ​តិ្ត​វារៈ។</p>\n<br><p class=\"BCenter\">បវត្តិ​វារៈ</p>\n<br><span class=\"IncreaseIndent\">&nbsp;</span>[២៤៣] កាយសង្ខារ របស់​សត្វ​ណា កើតឡើង វចីសង្ខារ របស់​សត្វ​នោះ កើតឡើង​ឬ។ កាយសង្ខារ របស់​សត្វ​ទាំងនោះ កើតឡើង ក្នុង​ឧប្បាទ​ក្ខ​ណៈ នៃ​ពួក​អស្សាសៈ និង​បស្សាសៈ ព្រោះ​វៀរចាក​ពួក​វិតក្កៈ និង​វិចារៈ តែ​វចីសង្ខារ របស់​សត្វ​ទាំងនោះ មិនកើត​ឡើង​ទេ ពួក​កាមាវចរ​សត្វ ដែល​ចូលកាន់​បឋមជ្ឈាន កាយសង្ខារ របស់​សត្វ​ទាំងនោះ កើតឡើង​ផង វចីសង្ខារ កើតឡើង​ផង ក្នុង​ឧប្បាទ​ក្ខ​ណៈ នៃ​ពួក​អស្សាសៈ និង​បស្សាសៈ។ មួយ​យ៉ាង​ទៀត វចីសង្ខារ របស់​សត្វ​ណា កើតឡើង កាយសង្ខារ របស់​សត្វ​នោះ កើតឡើង​ឬ។ វចីសង្ខារ របស់​សត្វ​ទាំងនោះ កើតឡើង ក្នុង​ឧប្បាទ​ក្ខ​ណៈ នៃ​ពួក​វិតក្កៈ និង​វិចារៈ ព្រោះ​វៀរចាក​ពួក​អស្សាសៈ និង​បស្សាសៈ តែ​កាយសង្ខារ របស់​សត្វ​ទាំងនោះ មិនកើត​ឡើង​ទេ ពួក​សត្វ​ជា​កាមាវច​រៈ ដែល​ចូលកាន់​បឋមជ្ឈាន វចីសង្ខារ របស់​សត្វ​ទាំងនោះ កើតឡើង​ផង កាយសង្ខារ កើតឡើង​ផង ក្នុង​ឧប្បាទ​ក្ខ​ណៈ នៃ​ពួក​អស្សាសៈ និង​បស្សាសៈ។"
    },
    {
      "header": "សង្ខារយមកៈ",
      "href": "http://ti-kh.org/books?book=88&page=153",
      "text": "ឧប្បាទវារៈ",
      "detail": "វចីសង្ខារ មិន​ហៅថា ចិត្តសង្ខារ​ទេ ហៅថា វចីសង្ខារ ឯ​ពួក​ធម៌​ដ៏​សេស វៀរលែងតែ​ចិត្តសង្ខារ និង​វចីសង្ខារ​ចេញ មិន​ហៅថា ចិត្តសង្ខារ​ផង មិន​ហៅថា វចីសង្ខារ​ផង។\n<br><p class=\"PCenter\">ចប់ បណ្ណ​តិ្ត​វារៈ។</p>\n<br><p class=\"BCenter\">បវត្តិ​វារៈ</p>\n<br><span class=\"IncreaseIndent\">&nbsp;</span>[២៤៣] កាយសង្ខារ របស់​សត្វ​ណា កើតឡើង វចីសង្ខារ របស់​សត្វ​នោះ កើតឡើង​ឬ។ កាយសង្ខារ របស់​សត្វ​ទាំងនោះ កើតឡើង ក្នុង​ឧប្បាទ​ក្ខ​ណៈ នៃ​ពួក​អស្សាសៈ និង​បស្សាសៈ ព្រោះ​វៀរចាក​ពួក​វិតក្កៈ និង​វិចារៈ តែ​វចីសង្ខារ របស់​សត្វ​ទាំងនោះ មិនកើត​ឡើង​ទេ ពួក​កាមាវចរ​សត្វ ដែល​ចូលកាន់​បឋមជ្ឈាន កាយសង្ខារ របស់​សត្វ​ទាំងនោះ កើតឡើង​ផង វចីសង្ខារ កើតឡើង​ផង ក្នុង​ឧប្បាទ​ក្ខ​ណៈ នៃ​ពួក​អស្សាសៈ និង​បស្សាសៈ។ មួយ​យ៉ាង​ទៀត វចីសង្ខារ របស់​សត្វ​ណា កើតឡើង កាយសង្ខារ របស់​សត្វ​នោះ កើតឡើង​ឬ។ វចីសង្ខារ របស់​សត្វ​ទាំងនោះ កើតឡើង ក្នុង​ឧប្បាទ​ក្ខ​ណៈ នៃ​ពួក​វិតក្កៈ និង​វិចារៈ ព្រោះ​វៀរចាក​ពួក​អស្សាសៈ និង​បស្សាសៈ តែ​កាយសង្ខារ របស់​សត្វ​ទាំងនោះ មិនកើត​ឡើង​ទេ ពួក​សត្វ​ជា​កាមាវច​រៈ ដែល​ចូលកាន់​បឋមជ្ឈាន វចីសង្ខារ របស់​សត្វ​ទាំងនោះ កើតឡើង​ផង កាយសង្ខារ កើតឡើង​ផង ក្នុង​ឧប្បាទ​ក្ខ​ណៈ នៃ​ពួក​អស្សាសៈ និង​បស្សាសៈ។"
    },
    {
      "header": "សង្ខារយមកៈ",
      "href": "http://ti-kh.org/books?book=88&page=197",
      "text": "និរោធវារៈ",
      "detail": "ចិត្តសង្ខារ របស់​សត្វ​ទាំងនោះ ដែល​ប្រកបដោយ​ចិត្តជា​ទីបំផុត ក្នុង​សវិ​តក្ក​សវិ​ចារ​ភូមិ នឹង​មិនកើត​ឡើង ក្នុង​ទីនោះ តែ​វចីសង្ខារ របស់​សត្វ​ទាំងនោះ មិនមែន​ជា​មិនកើត​ឡើង​ហើយ ក្នុង​ទីនោះ​ទេ ចិត្តសង្ខារ របស់​ពួក​សត្វ​ដែល​ប្រកបដោយ​ចិត្តជា​ទីបំផុត ក្នុង​អវិតក្ក​អវិចារ​ភូមិ និង​របស់​អសញ្ញ​សត្វ​ទាំងនោះ នឹង​មិនកើត​ឡើង​ផង វចីសង្ខារ មិនកើត​ឡើង​ហើយ​ផង ក្នុង​ទីនោះ។\n<br>ចប់ ឧប្បាទ​វារៈ។\n<br><span class=\"IncreaseIndent\">&nbsp;</span>[៣២៣] កាយសង្ខារ របស់​សត្វ​ណា រលត់​ទៅ វចីសង្ខារ របស់​សត្វ​នោះ រលត់​ទៅ​ឬ។ កាយសង្ខារ របស់​សត្វ​ទាំងនោះ រលត់​ទៅ ក្នុង​ភង្គ​ក្ខ​ណៈ​នៃ​ពួក​អស្សាសៈ និង​បស្សាសៈ ព្រោះ​វៀរចាក​ពួក​វិតក្កៈ និង​វិចារៈ តែ​វចីសង្ខារ របស់​សត្វ​ទាំងនោះ មិន​រលត់​ទៅ​ទេ កាយសង្ខារ របស់​ពួក​សត្វ​ជា​កាមាវច​រៈ​ទាំងនោះ ដែល​ចូលកាន់​បឋមជ្ឈាន រលត់​ទៅ​ផង វចីសង្ខារ រលត់​ទៅ​ផង ក្នុង​ភង្គ​ក្ខ​ណៈ​នៃ​ពួក​អស្សាសៈ និង​បស្សាសៈ។ មួយ​យ៉ាង​ទៀត វចីសង្ខារ របស់​សត្វ​ណា រលត់​ទៅ កាយសង្ខារ របស់​សត្វ​នោះ រលត់​ទៅ​ឬ។ វចីសង្ខារ របស់​សត្វ​ទាំងនោះ រលត់​ទៅ ក្នុង​ភង្គ​ក្ខ​ណៈ​នៃ​ពួក​វិតក្កៈ និង​វិចារៈ ព្រោះ​វៀរចាក​ពួក​អស្សាសៈ និង​បស្សាសៈ តែ​កាយសង្ខារ"
    },
    {
      "header": "សង្ខារយមកៈ",
      "href": "http://ti-kh.org/books?book=88&page=233",
      "text": "ឧប្បាទនិរោធវារៈ",
      "detail": "វចីសង្ខារ របស់​សត្វ​ទាំងនោះ ក្នុង​អវិតក្ក​អវិចារ​ភូមិ មិន​រលត់​ហើយ ក្នុង​ទីនោះ តែ​ចិត្តសង្ខារ របស់​សត្វ​ទាំងនោះ មិនមែន​ជា​នឹង​មិន​រលត់​ទៅ ក្នុង​ទីនោះ​ទេ វចីសង្ខារ របស់​អសញ្ញ​សត្វ​ទាំងនោះ មិន​រលត់​ហើយ​ផង ចិត្តសង្ខារ នឹង​មិន​រលត់​ទៅ​ផង ក្នុង​ភង្គ​ក្ខ​ណៈ​នៃ​ចិត្តជា​ទីបំផុត ក្នុង​អវិតក្ក​អវិចារ​ភូមិ ក្នុង​ទីនោះ។ មួយ​យ៉ាង​ទៀត ចិត្តសង្ខារ របស់​សត្វ​ណា នឹង​មិន​រលត់​ទៅ ក្នុង​ទីណា វចីសង្ខារ របស់​សត្វ​នោះ មិន​រលត់​ហើយ ក្នុង​ទីនោះ​ឬ។ ចិត្តសង្ខារ របស់​សត្វ​ទាំងនោះ នឹង​មិន​រលត់​ទៅ ក្នុង​ភង្គ​ក្ខ​ណៈ នៃ​ចិត្តជា​ទីបំផុត ក្នុង​សវិ​តក្ក​សវិ​ចារ​ភូមិ ក្នុង​ទីនោះ តែ​វចីសង្ខារ របស់​សត្វ​ទាំងនោះ មិនមែន​ជា​មិន​រលត់​ហើយ ក្នុង​ទីនោះ​ទេ ចិត្តសង្ខារ របស់​អសញ្ញ​សត្វ​ទាំងនោះ នឹង​មិន​រលត់​ទៅ​ផង វចីសង្ខារ មិន​រលត់​ហើយ​ផង ក្នុង​ភង្គ​ក្ខ​ណៈ នៃ​ចិត្តជា​ទីបំផុត ក្នុង​អវិតក្ក​អវិចារ​ភូមិ ក្នុង​ទីនោះ។\n<br><p class=\"PCenter\">ចប់ និរោធ​វារៈ។</p>\n<br><span class=\"IncreaseIndent\">&nbsp;</span>[៣៨៩] កាយសង្ខារ របស់​សត្វ​ណា កើតឡើង វចីសង្ខារ របស់​សត្វ​នោះ រលត់​ទៅ​ឬ។ មិនមែនទេ។ មួយ​យ៉ាង​ទៀត វចីសង្ខារ របស់​សត្វ​ណា រលត់​ទៅ កាយសង្ខារ របស់​សត្វ​នោះ កើតឡើង​ឬ។ មិនមែនទេ។ កាយសង្ខារ របស់​សត្វ​ណា កើតឡើង ចិត្តសង្ខារ របស់​សត្វ​នោះ រលត់​ទៅ​ឬ។ មិនមែនទេ។"
    },
    {
      "header": "សង្ខារយមកៈ",
      "href": "http://ti-kh.org/books?book=88&page=256",
      "text": "បរិញ្ញាវារៈ",
      "detail": "<p class=\"BCenter\">បរិញ្ញា​វារៈ</p>\n<br><span class=\"IncreaseIndent\">&nbsp;</span>[៤២៧] សត្វ​ណា កំណត់​ដឹង​នូវ​កាយសង្ខារ សត្វ​នោះ ឈ្មោះថា កំណត់​ដឹង​នូវ​វចីសង្ខារ​ឬ។ អើ។ មួយ​យ៉ាង​ទៀត សត្វ​ណា កំណត់​ដឹង​នូវ​វចីសង្ខារ សត្វ​នោះ ឈ្មោះថា កំណត់​ដឹង​នូវ​កាយសង្ខារ​ឬ។ អើ។ បរិញ្ញា​វារៈ ក្នុង​ខន្ធ​យម​កៈ ដែល​លោក​ចែក​ហើយ យ៉ាងណា បរិញ្ញា​វារៈ ក្នុង​សង្ខារ​យម​កៈ បណ្ឌិត​គប្បី​ចែក​យ៉ាងនោះ​ដែរ។\n<br><p class=\"PCenter\">ចប់ បរិញ្ញា​វារៈ។\n<br>ចប់ សង្ខារ​យម​កៈ។ </p>"
    }
  ]
}