{
  "title": "ភាគ ៩២",
  "imageSrc": "photos/Book_92.jpg",
  "href": "http://ti-kh.org/books?book=92",
  "contents": [
    {
      "header": "អភិធម្មបិដក\nយមកៈ  ឆដ្ឋភាគ\n\nឥន្រ្ទិយយមកៈ",
      "href": "http://ti-kh.org/books?book=92&page=1",
      "text": "បណ្ណត្តិវារៈ",
      "detail": "<p class=\"BCenter\">អភិធម្មបិដក\n<br>យម​កៈ ឆដ្ឋ​ភាគ\n<br>ឥន្ទ្រិយ​យម​កៈ\n<br>បណ្ណ​ត្តិ​វារៈ</p>\n<br><span class=\"IncreaseIndent\">&nbsp;</span>[១] ឥន្ទ្រិយ ២២ គឺ ចក្ខុន្ទ្រិយ ១ សោ​តិ​ន្ទ្រិយ ១ ឃា​និ​ន្ទ្រិយ ១ ជិវ្ហិន្ទ្រិយ ១ កាយិន្ទ្រិយ ១ មនិន្ទ្រិយ ១ ឥត្ថិន្ទ្រិយ ១ បុរិ​សិន្ទ្រិយ ១ ជីវិតិន្ទ្រិយ ១ សុ​ខិន្ទ្រិយ ១ ទុ​ក្ខិន្ទ្រិយ ១ សោ​មនស្សិ​ន្ទ្រិយ ១ ទោ​មនស្សិ​ន្ទ្រិយ ១ ឧបេ​ក្ខិន្ទ្រិយ ១ សទ្ធិន្ទ្រិយ ១ វីរិយិ​ន្ទ្រិយ ១ សតិ​ន្ទ្រិយ ១ សមា​ធិន្ទ្រិយ ១ បញ្ញិ​ន្ទ្រិយ ១ អនញ្ញ​តញ្ញស្សា​មី​តិ​ន្ទ្រិយ ១ អញ្ញិ​ន្ទ្រិយ ១ អញ្ញាតា​វិន្ទ្រិយ ១។\n<br><p class=\"BCenter\">ឧទ្ទេស</p>\n<br><span class=\"IncreaseIndent\">&nbsp;</span>[២] ចក្ខុ ឈ្មោះថា​ចក្ខុន្ទ្រិយ ចក្ខុន្ទ្រិយ ក៏​ឈ្មោះថា​ចក្ខុ។ សោតៈ ឈ្មោះថា សោ​តិ​ន្ទ្រិយ សោ​តិ​ន្ទ្រិយ ក៏​ឈ្មោះថា​សោតៈ។ ឃានៈ ឈ្មោះថា​ឃា​និ​ន្ទ្រិយ ឃា​និ​ន្ទ្រិយ ក៏​ឈ្មោះថា​ឃានៈ។ ជិវ្ហា ឈ្មោះថា​ជិវ្ហិន្ទ្រិយ ជិវ្ហិន្ទ្រិយ ក៏​ឈ្មោះថា​ជិវ្ហា។ កាយ ឈ្មោះថា​កាយិន្ទ្រិយ កាយិន្ទ្រិយ ក៏​ឈ្មោះ​កាយ។ មនៈ ឈ្មោះ​ថា​មនិន្ទ្រិយ មនិន្ទ្រិយ ក៏​ឈ្មោះ​ថាម​នៈ។ ឥត្ថី ឈ្មោះ​ថា​ឥត្ថិន្ទ្រិយ ឥត្ថិន្ទ្រិយ ក៏​ឈ្មោះថា​ឥត្ថី។"
    },
    {
      "header": "អភិធម្មបិដក\nយមកៈ  ឆដ្ឋភាគ\n\nឥន្រ្ទិយយមកៈ",
      "href": "http://ti-kh.org/books?book=92&page=1",
      "text": "ឧទ្ទេស",
      "detail": "<p class=\"BCenter\">អភិធម្មបិដក\n<br>យម​កៈ ឆដ្ឋ​ភាគ\n<br>ឥន្ទ្រិយ​យម​កៈ\n<br>បណ្ណ​ត្តិ​វារៈ</p>\n<br><span class=\"IncreaseIndent\">&nbsp;</span>[១] ឥន្ទ្រិយ ២២ គឺ ចក្ខុន្ទ្រិយ ១ សោ​តិ​ន្ទ្រិយ ១ ឃា​និ​ន្ទ្រិយ ១ ជិវ្ហិន្ទ្រិយ ១ កាយិន្ទ្រិយ ១ មនិន្ទ្រិយ ១ ឥត្ថិន្ទ្រិយ ១ បុរិ​សិន្ទ្រិយ ១ ជីវិតិន្ទ្រិយ ១ សុ​ខិន្ទ្រិយ ១ ទុ​ក្ខិន្ទ្រិយ ១ សោ​មនស្សិ​ន្ទ្រិយ ១ ទោ​មនស្សិ​ន្ទ្រិយ ១ ឧបេ​ក្ខិន្ទ្រិយ ១ សទ្ធិន្ទ្រិយ ១ វីរិយិ​ន្ទ្រិយ ១ សតិ​ន្ទ្រិយ ១ សមា​ធិន្ទ្រិយ ១ បញ្ញិ​ន្ទ្រិយ ១ អនញ្ញ​តញ្ញស្សា​មី​តិ​ន្ទ្រិយ ១ អញ្ញិ​ន្ទ្រិយ ១ អញ្ញាតា​វិន្ទ្រិយ ១។\n<br><p class=\"BCenter\">ឧទ្ទេស</p>\n<br><span class=\"IncreaseIndent\">&nbsp;</span>[២] ចក្ខុ ឈ្មោះថា​ចក្ខុន្ទ្រិយ ចក្ខុន្ទ្រិយ ក៏​ឈ្មោះថា​ចក្ខុ។ សោតៈ ឈ្មោះថា សោ​តិ​ន្ទ្រិយ សោ​តិ​ន្ទ្រិយ ក៏​ឈ្មោះថា​សោតៈ។ ឃានៈ ឈ្មោះថា​ឃា​និ​ន្ទ្រិយ ឃា​និ​ន្ទ្រិយ ក៏​ឈ្មោះថា​ឃានៈ។ ជិវ្ហា ឈ្មោះថា​ជិវ្ហិន្ទ្រិយ ជិវ្ហិន្ទ្រិយ ក៏​ឈ្មោះថា​ជិវ្ហា។ កាយ ឈ្មោះថា​កាយិន្ទ្រិយ កាយិន្ទ្រិយ ក៏​ឈ្មោះ​កាយ។ មនៈ ឈ្មោះ​ថា​មនិន្ទ្រិយ មនិន្ទ្រិយ ក៏​ឈ្មោះ​ថាម​នៈ។ ឥត្ថី ឈ្មោះ​ថា​ឥត្ថិន្ទ្រិយ ឥត្ថិន្ទ្រិយ ក៏​ឈ្មោះថា​ឥត្ថី។"
    },
    {
      "header": "អភិធម្មបិដក\nយមកៈ  ឆដ្ឋភាគ\n\nឥន្រ្ទិយយមកៈ",
      "href": "http://ti-kh.org/books?book=92&page=21",
      "text": "និទ្ទេស",
      "detail": "<p class=\"BCenter\">និទ្ទេសវារៈ</p>\n<br><span class=\"IncreaseIndent\">&nbsp;</span>[១០] ចក្ខុ ឈ្មោះថា​ចក្ខុន្ទ្រិយ​ឬ។ ទិព្វចក្ខុ បញ្ញាចក្ខុ ឈ្មោះថា​ចក្ខុ មិន​ឈ្មោះថា​ចក្ខុន្ទ្រិយ​ទេ ឯចក្ខុន្ទ្រិយ ទើប​ឈ្មោះថា​ចក្ខុ​ផង ចក្ខុន្ទ្រិយ​ផង។ ចក្ខុន្ទ្រិយ ឈ្មោះថា​ចក្ខុ​ឬ។ អើ។ សោតៈ ឈ្មោះថា​សោ​តិ​ន្ទ្រិយ​ឬ។ ទិព្វ​សោតៈ តណ្ហា​សោតៈ ឈ្មោះថា​សោតៈ មិន​ឈ្មោះថា​សោ​តិ​ន្ទ្រិយ​ទេ ឯសោ​តិ​ន្ទ្រិយ ទើប​ឈ្មោះថា​សោតៈ​ផង សោ​តិ​ន្ទ្រិយ​ផង។ សោ​តិ​ន្ទ្រិយ ឈ្មោះថា​សោតៈ​ឬ។ អើ។ ឃានៈ ឈ្មោះថា​ឃា​និ​ន្ទ្រិយ​ឬ។ អើ។ ឃា​និ​ន្ទ្រិយ ឈ្មោះថា​ឃានៈ​ឬ។ អើ។ ជិវ្ហា ឈ្មោះថា​ជិវ្ហិន្ទ្រិយ​ឬ។ អើ។ ជិវ្ហិន្ទ្រិយ ឈ្មោះថា​ជិវ្ហា​ឬ។ អើ។ កាយ ឈ្មោះថា​កាយិន្ទ្រិយ​ឬ។ ពួក​ធម៌​ដ៏​សេស លើកតែ​កាយិន្ទ្រិយ​ចេញ ឈ្មោះថា​កាយ មិន​ឈ្មោះថា​កាយិន្ទ្រិយ​ទេ ឯកាយិន្ទ្រិយ ទើប​ឈ្មោះថា​កាយ​ផង កាយិន្ទ្រិយ​ផង។ កាយិន្ទ្រិយ ឈ្មោះថា​កាយ​ឬ។ អើ។ មនៈ ឈ្មោះ​ថា​មនិន្ទ្រិយ​ឬ។ អើ។ មនិន្ទ្រិយ ឈ្មោះ​ថាម​នៈ​ឬ។ អើ។\n<br><span class=\"IncreaseIndent\">&nbsp;</span>[១១] ឥត្ថី ឈ្មោះ​ថា​ឥត្ថិន្ទ្រិយ​ឬ។ មិនមែនទេ។ ឥត្ថិន្ទ្រិយ ឈ្មោះថា​ឥត្ថី​ឬ។ មិនមែនទេ។ បុរិសៈ ឈ្មោះថា​បុរិ​សិន្ទ្រិយ​ឬ។ មិនមែនទេ។ បុរិ​សិន្ទ្រិយ ឈ្មោះថា​បុរិសៈ​ឬ។ មិនមែនទេ។ ជីវិត ឈ្មោះថា​ជីវិតិន្ទ្រិយ​ឬ។ អើ។ ជីវិតិន្ទ្រិយ ឈ្មោះថា​ជីវិត​ឬ។ អើ។"
    },
    {
      "header": "អភិធម្មបិដក\nយមកៈ  ឆដ្ឋភាគ\n\nឥន្រ្ទិយយមកៈ",
      "href": "http://ti-kh.org/books?book=92&page=21",
      "text": "បទសោធនវារៈ",
      "detail": "<p class=\"BCenter\">និទ្ទេសវារៈ</p>\n<br><span class=\"IncreaseIndent\">&nbsp;</span>[១០] ចក្ខុ ឈ្មោះថា​ចក្ខុន្ទ្រិយ​ឬ។ ទិព្វចក្ខុ បញ្ញាចក្ខុ ឈ្មោះថា​ចក្ខុ មិន​ឈ្មោះថា​ចក្ខុន្ទ្រិយ​ទេ ឯចក្ខុន្ទ្រិយ ទើប​ឈ្មោះថា​ចក្ខុ​ផង ចក្ខុន្ទ្រិយ​ផង។ ចក្ខុន្ទ្រិយ ឈ្មោះថា​ចក្ខុ​ឬ។ អើ។ សោតៈ ឈ្មោះថា​សោ​តិ​ន្ទ្រិយ​ឬ។ ទិព្វ​សោតៈ តណ្ហា​សោតៈ ឈ្មោះថា​សោតៈ មិន​ឈ្មោះថា​សោ​តិ​ន្ទ្រិយ​ទេ ឯសោ​តិ​ន្ទ្រិយ ទើប​ឈ្មោះថា​សោតៈ​ផង សោ​តិ​ន្ទ្រិយ​ផង។ សោ​តិ​ន្ទ្រិយ ឈ្មោះថា​សោតៈ​ឬ។ អើ។ ឃានៈ ឈ្មោះថា​ឃា​និ​ន្ទ្រិយ​ឬ។ អើ។ ឃា​និ​ន្ទ្រិយ ឈ្មោះថា​ឃានៈ​ឬ។ អើ។ ជិវ្ហា ឈ្មោះថា​ជិវ្ហិន្ទ្រិយ​ឬ។ អើ។ ជិវ្ហិន្ទ្រិយ ឈ្មោះថា​ជិវ្ហា​ឬ។ អើ។ កាយ ឈ្មោះថា​កាយិន្ទ្រិយ​ឬ។ ពួក​ធម៌​ដ៏​សេស លើកតែ​កាយិន្ទ្រិយ​ចេញ ឈ្មោះថា​កាយ មិន​ឈ្មោះថា​កាយិន្ទ្រិយ​ទេ ឯកាយិន្ទ្រិយ ទើប​ឈ្មោះថា​កាយ​ផង កាយិន្ទ្រិយ​ផង។ កាយិន្ទ្រិយ ឈ្មោះថា​កាយ​ឬ។ អើ។ មនៈ ឈ្មោះ​ថា​មនិន្ទ្រិយ​ឬ។ អើ។ មនិន្ទ្រិយ ឈ្មោះ​ថាម​នៈ​ឬ។ អើ។\n<br><span class=\"IncreaseIndent\">&nbsp;</span>[១១] ឥត្ថី ឈ្មោះ​ថា​ឥត្ថិន្ទ្រិយ​ឬ។ មិនមែនទេ។ ឥត្ថិន្ទ្រិយ ឈ្មោះថា​ឥត្ថី​ឬ។ មិនមែនទេ។ បុរិសៈ ឈ្មោះថា​បុរិ​សិន្ទ្រិយ​ឬ។ មិនមែនទេ។ បុរិ​សិន្ទ្រិយ ឈ្មោះថា​បុរិសៈ​ឬ។ មិនមែនទេ។ ជីវិត ឈ្មោះថា​ជីវិតិន្ទ្រិយ​ឬ។ អើ។ ជីវិតិន្ទ្រិយ ឈ្មោះថា​ជីវិត​ឬ។ អើ។"
    },
    {
      "header": "អភិធម្មបិដក\nយមកៈ  ឆដ្ឋភាគ\n\nឥន្រ្ទិយយមកៈ",
      "href": "http://ti-kh.org/books?book=92&page=26",
      "text": "បទសោធនមូលចក្កវារៈ",
      "detail": "មិនមែន​បញ្ញា មិន​ឈ្មោះ​ថា​បញ្ញិ​ន្ទ្រិយ​ឬ។ អើ។ មិន​មែ​នប​ញ្ញិន្ទ្រិយ មិន​ឈ្មោះថា​បញ្ញា​ឬ។ អើ។\n<br><span class=\"IncreaseIndent\">&nbsp;</span>[១៩] មិនមែន​អនញ្ញ​តញ្ញស្សា​មី​តិ មិន​ឈ្មោះថា​អនញ្ញ​តញ្ញស្សា​មី​តិ​ន្ទ្រិយ​ឬ។ អើ។ មិនមែន​អនញ្ញ​តញ្ញស្សា​មី​តិ​ន្ទ្រិយ មិន​ឈ្មោះថា​អនញ្ញ​តញ្ញស្សា​មី​តិ​ឬ។ អើ។ មិន​មែន​អញ្ញៈ មិន​ឈ្មោះ​ថា​អញ្ញិ​ន្ទ្រិយ​ឬ។ អើ។ មិន​មែន​អញ្ញិ​ន្ទ្រិយ មិន​ឈ្មោះ​ថា​អញ្ញៈ​ឬ។ អើ។ មិន​មែន​អញ្ញាតា​វី មិន​ឈ្មោះ​ថា​អញ្ញាតា​វិន្ទ្រិយ​ឬ។ អើ។ មិន​មែន​អញ្ញាតា​វិន្ទ្រិយ មិន​ឈ្មោះ​ថា​អញ្ញាតា​វី​ឬ។ អើ។\n<br><span class=\"IncreaseIndent\">&nbsp;</span>[២០] ចក្ខុ ឈ្មោះថា​ចក្ខុន្ទ្រិយ​ឬ។ ទិព្វចក្ខុ បញ្ញាចក្ខុ ឈ្មោះថា​ចក្ខុ មិន​ឈ្មោះថា​ចក្ខុន្ទ្រិយ​ទេ ឯចក្ខុន្ទ្រិយ ទើប​ឈ្មោះថា​ចក្ខុ​ផង ចក្ខុន្ទ្រិយ​ផង។ ឥន្ទ្រិយ​ទាំងឡាយ ឈ្មោះថា​សោ​តិ​ន្ទ្រិយ​ឬ។ សោ​តិ​ន្ទ្រិយ ឈ្មោះថា​ឥន្ទ្រិយ​ផង សោ​តិ​ន្ទ្រិយ​ផង ពួក​ឥន្ទ្រិយ​ដ៏​សេស ឈ្មោះថា​ឥន្ទ្រិយ មិន​ឈ្មោះថា​សោ​តិ​ន្ទ្រិយ​ទេ។ ចក្ខុ ឈ្មោះថា​ចក្ខុន្ទ្រិយ​ឬ។ ទិព្វចក្ខុ បញ្ញាចក្ខុ ឈ្មោះថា​ចក្ខុ មិន​ឈ្មោះថា​ចក្ខុន្ទ្រិយ​ទេ ឯចក្ខុន្ទ្រិយ ទើប​ឈ្មោះថា​ចក្ខុ​ផង ចក្ខុន្ទ្រិយ​ផង។ ឥន្ទ្រិយ​ទាំងឡាយ ឈ្មោះថា​ឃា​និ​ន្ទ្រិយ​ឬ។ ឃា​និ​ន្ទ្រិយ ឈ្មោះថា​ឥន្ទ្រិយ​ផង ឃា​និ​ន្ទ្រិយ​ផង ពួក​ឥន្ទ្រិយ​ដ៏​សេស ឈ្មោះថា​ឥន្ទ្រិយ មិន​ឈ្មោះថា​ឃា​និ​ន្ទ្រិយ​ទេ។ ចក្ខុ ឈ្មោះថា​ចក្ខុន្ទ្រិយ​ឬ។ ទិព្វចក្ខុ បញ្ញាចក្ខុ ឈ្មោះថា​ចក្ខុ មិន​ឈ្មោះថា​ចក្ខុន្ទ្រិយ​ទេ ឯចក្ខុន្ទ្រិយ ទើប​ឈ្មោះថា​ចក្ខុ​ផង ចក្ខុន្ទ្រិយ​ផង។ ឥន្ទ្រិយ​ទាំងឡាយ ឈ្មោះថា​ជិវ្ហិន្ទ្រិយ​ឬ។ ជិវ្ហិន្ទ្រិយ ឈ្មោះថា​ឥន្ទ្រិយ​ផង ឈ្មោះថា​ជិវ្ហិន្ទ្រិយ​ផង ពួក​ឥន្ទ្រិយ​ដ៏​សេស ឈ្មោះថា​ឥន្ទ្រិយ មិន​ឈ្មោះថា ជិវ្ហិន្ទ្រិយ​ទេ។ ចក្ខុ ឈ្មោះថា​ចក្ខុន្ទ្រិយ​ឬ។"
    },
    {
      "header": "អភិធម្មបិដក\nយមកៈ  ឆដ្ឋភាគ\n\nឥន្រ្ទិយយមកៈ",
      "href": "http://ti-kh.org/books?book=92&page=43",
      "text": "សុទ្ធិន្រ្ទិយវារៈ",
      "detail": "<span class=\"IncreaseIndent\">&nbsp;</span>[៦១] មិន​មែន​អញ្ញាតា​វី មិន​ឈ្មោះ​ថា​អញ្ញាតា​វិន្ទ្រិយ​ឬ។ អើ។ មិនមែន​ពួក​ឥន្ទ្រិយ មិន​ឈ្មោះថា​ចក្ខុន្ទ្រិយ​ឬ។ អើ។បេ។ មិន​មែន​អញ្ញាតា​វី មិន​ឈ្មោះ​ថា​អញ្ញាតា​វិន្ទ្រិយ​ឬ។ អើ។ មិនមែន​ពួក​ឥន្ទ្រិយ មិន​ឈ្មោះ​ថា​អញ្ញិ​ន្ទ្រិយ​ឬ។ អើ។\n<br><span class=\"IncreaseIndent\">&nbsp;</span>[៦២] ចក្ខុ ឈ្មោះថា​ឥន្ទ្រិយ​ឬ។ អើ។ ពួក​ឥន្ទ្រិយ ឈ្មោះថា​ចក្ខុន្ទ្រិយ​ឬ។ ចក្ខុន្ទ្រិយ ឈ្មោះថា​ឥន្ទ្រិយ​ផង ចក្ខុន្ទ្រិយ​ផង ពួក​ឥន្ទ្រិយ​ដ៏​សេស ឈ្មោះថា​ឥន្ទ្រិយ មិន​ឈ្មោះថា​ចក្ខុន្ទ្រិយ​ទេ។ សោតៈ ឈ្មោះថា​ឥន្ទ្រិយ​ឬ។ ធម្មជាត​ណា ឈ្មោះថា​សោតៈ ឥន្ទ្រិយ ធម្មជាត​នោះ ឈ្មោះថា​សោតៈ​ផង ឥន្ទ្រិយ​ផង សោតៈ​ដ៏​សេស មិន​ឈ្មោះថា​ឥន្ទ្រិយ​ទេ។ ពួក​ឥន្ទ្រិយ ឈ្មោះថា​សោ​តិ​ន្ទ្រិយ​ឬ។ សោ​តិ​ន្ទ្រិយ ឈ្មោះថា​ឥន្ទ្រិយ​ផង សោ​តិ​ន្ទ្រិយ​ផង ពួក​ឥន្ទ្រិយ​ដ៏​សេស ឈ្មោះថា​ឥន្ទ្រិយ មិន​ឈ្មោះថា​សោ​តិ​ន្ទ្រិយ​ទេ។ ឃានៈ ឈ្មោះថា​ឥន្ទ្រិយ​ឬ។ អើ។ ពួក​ឥន្ទ្រិយ ឈ្មោះថា​ឃា​និ​ន្ទ្រិយ​ឬ។ ឃា​និ​ន្ទ្រិយ ឈ្មោះថា​ឥន្ទ្រិយ​ផង ឃា​និ​ន្ទ្រិយ​ផង ពួក​ឥន្ទ្រិយ​ដ៏​សេស ឈ្មោះថា​ឥន្ទ្រិយ មិន​ឈ្មោះថា​ឃា​និ​ន្ទ្រិយ​ទេ។ ជិវ្ហា ឈ្មោះថា​ឥន្ទ្រិយ​ឬ។ អើ។ ពួក​ឥន្ទ្រិយ ឈ្មោះថា​ជិវ្ហិន្ទ្រិយ​ឬ។ ជិវ្ហិន្ទ្រិយ ឈ្មោះថា​ឥន្ទ្រិយ​ផង ជិវ្ហិន្ទ្រិយ​ផង ពួក​ឥន្ទ្រិយ​ដ៏​សេស ឈ្មោះថា​ឥន្ទ្រិយ មិន​ឈ្មោះថា​ជិវ្ហិន្ទ្រិយ​ទេ។"
    },
    {
      "header": "អភិធម្មបិដក\nយមកៈ  ឆដ្ឋភាគ\n\nឥន្រ្ទិយយមកៈ",
      "href": "http://ti-kh.org/books?book=92&page=52",
      "text": "សុទ្ធិន្រ្ទិយមូលចក្កវារៈ",
      "detail": "មិន​មែន​អញ្ញាតា​វី មិន​ឈ្មោះថា​ឥន្ទ្រិយ​ឬ។ ពួក​ឥន្ទ្រិយ​ដ៏​សេស វៀរលែង​តែ​អញ្ញាតា​វី​ចេញ មិន​ឈ្មោះ​ថា​អញ្ញាតា​វី ឈ្មោះថា​ពួក​ឥន្ទ្រិយ ពួក​ធម៌​ដ៏​សេស វៀរលែង​តែ​អញ្ញាតា​វី និង​ពួក​ឥន្ទ្រិយ​ចេញ មិន​ឈ្មោះ​ថា​អញ្ញាតា​វី​ផង មិន​ឈ្មោះថា​ពួក​ឥន្ទ្រិយ​ផង។ មិនមែន​ពួក​ឥន្ទ្រិយ មិន​ឈ្មោះ​ថា​អញ្ញាតា​វី​ឬ។ អើ ។\n<br><span class=\"IncreaseIndent\">&nbsp;</span>[៧២] ចក្ខុ ឈ្មោះថា​ឥន្ទ្រិយ​ឬ។ អើ។ ពួក​ឥន្ទ្រិយ ឈ្មោះថា​សោ​តិ​ន្ទ្រិយ​ឬ។ សោ​តិ​ន្ទ្រិយ ឈ្មោះថា​ឥន្ទ្រិយ​ផង សោ​តិ​ន្ទ្រិយ​ផង ពួក​ឥន្ទ្រិយ​ដ៏​សេស មិន​ឈ្មោះថា​សោ​តិ​ន្ទ្រិយ​ទេ។ ចក្ខុ ឈ្មោះថា​ឥន្ទ្រិយ​ឬ។ អើ។ ពួក​ឥន្ទ្រិយ ឈ្មោះថា​ឃា​និ​ន្ទ្រិយ​ឬ។ ឃា​និ​ន្ទ្រិយ ឈ្មោះថា​ឥន្ទ្រិយ​ផង ឃា​និ​ន្ទ្រិយ​ផង ពួក​ឥន្ទ្រិយ​ដ៏​សេស ឈ្មោះថា​ឥន្ទ្រិយ មិន​ឈ្មោះថា​ឃា​និ​ន្ទ្រិយ​ទេ។ ចក្ខុ ឈ្មោះថា​ឥន្ទ្រិយ​ឬ។ អើ។ ពួក​ឥន្ទ្រិយ ឈ្មោះថា​ជិវ្ហិន្ទ្រិយ​ឬ។ ជិវ្ហិន្ទ្រិយ ឈ្មោះថា​ឥន្ទ្រិយ​ផង ជិវ្ហិន្ទ្រិយ​ផង ពួក​ឥន្ទ្រិយ​ដ៏​សេស ឈ្មោះថា​ឥន្ទ្រិយ មិន​ឈ្មោះថា​ជិវ្ហិន្ទ្រិយ​ទេ។ ចក្ខុ ឈ្មោះថា​ឥន្ទ្រិយ​ឬ។ អើ។ ពួក​ឥន្ទ្រិយ ឈ្មោះថា​កាយិន្ទ្រិយ​ឬ។ កាយិន្ទ្រិយ ឈ្មោះថា​ឥន្ទ្រិយ​ផង កាយិន្ទ្រិយ​ផង ពួក​ឥន្ទ្រិយ​ដ៏​សេស ឈ្មោះថា​ឥន្ទ្រិយ មិន​ឈ្មោះថា​កាយិន្ទ្រិយ​ទេ។ ចក្ខុ ឈ្មោះថា​ឥន្ទ្រិយ​ឬ។ អើ។ ពួក​ឥន្ទ្រិយ ឈ្មោះ​ថា​មនិន្ទ្រិយ​ឬ។ មនិន្ទ្រិយ ឈ្មោះថា​ឥន្ទ្រិយ​ផង មនិន្ទ្រិយ​ផង ពួក​ឥន្ទ្រិយ​ដ៏​សេស ឈ្មោះថា​ឥន្ទ្រិយ មិន​ឈ្មោះ​ថា​មនិន្ទ្រិយ​ទេ។"
    },
    {
      "header": "អភិធម្មបិដក\nយមកៈ  ឆដ្ឋភាគ\n\nឥន្រ្ទិយយមកៈ",
      "href": "http://ti-kh.org/books?book=92&page=72",
      "text": "បវត្តិវារៈ",
      "detail": "<p class=\"BCenter\">បវត្តិ​វារៈ</p>\n<br><span class=\"IncreaseIndent\">&nbsp;</span>[១១០] ចក្ខុន្ទ្រិយ របស់​សត្វ​ណា កើតឡើង សោ​តិ​ន្ទ្រិយ របស់​សត្វ​នោះ កើតឡើង​ឬ។ ចក្ខុន្ទ្រិយ របស់​សត្វ​អ្នកមាន​ចក្ខុ មិន​មាន​សោតៈ​ទាំងនោះ កាល​ចាប់បដិសន្ធិ កើតឡើង ឯសោ​តិ​ន្ទ្រិយ របស់​សត្វ​ទាំងនោះ មិនកើត​ឡើង​ទេ ចក្ខុន្ទ្រិយ របស់​សត្វ​អ្នកមាន​ចក្ខុ មាន​សោតៈ​ទាំងនោះ កាល​ចាប់បដិសន្ធិ កើតឡើង​ផង សោ​តិ​ន្ទ្រិយ កើតឡើង​ផង។ មួយទៀត សោ​តិ​ន្ទ្រិយ របស់​សត្វ​ណា កើតឡើង ចក្ខុន្ទ្រិយ របស់​សត្វ​នោះ កើតឡើង​ឬ។ សោ​តិ​ន្ទ្រិយ របស់​សត្វ​អ្នកមាន​សោតៈ មិន​មាន​ចក្ខុ​ទាំងនោះ កាល​ចាប់បដិសន្ធិ កើតឡើង ឯចក្ខុន្ទ្រិយ របស់​សត្វ​ទាំងនោះ មិនកើត​ឡើង​ទេ សោ​តិ​ន្ទ្រិយ របស់​សត្វ​អ្នកមាន​សោតៈ មាន​ចក្ខុ​ទាំងនោះ កាល​ចាប់បដិសន្ធិ កើតឡើង​ផង ចក្ខុន្ទ្រិយ កើតឡើង​ផង។\n<br><span class=\"IncreaseIndent\">&nbsp;</span>[១១១] ចក្ខុន្ទ្រិយ របស់​សត្វ​ណា កើតឡើង ឃា​និ​ន្ទ្រិយ របស់​សត្វ​នោះ កើតឡើង​ឬ។ ចក្ខុន្ទ្រិយ របស់​សត្វ​អ្នកមាន​ចក្ខុ មិន​មាន​ឃានៈ​ទាំងនោះ កាល​ចាប់បដិសន្ធិ កើតឡើង ឯឃា​និ​ន្ទ្រិយ របស់​សត្វ​ទាំងនោះ មិនកើត​ឡើង​ទេ ចក្ខុន្ទ្រិយ របស់​សត្វ​អ្នកមាន​ចក្ខុ មាន​ឃានៈ​ទាំងនោះ កាល​ចាប់បដិសន្ធិ កើតឡើង​ផង ឃា​និ​ន្ទ្រិយ កើតឡើង​ផង។ មួយទៀត ឃា​និ​ន្ទ្រិយ របស់​សត្វ​ណា"
    }
  ]
}